scan_date,niche,rank,url,author,likes,comments,likes_gained_since_last,velocity_per_day,velocity_confidence,days_tracked,first_seen_date,posted_date,recency_days,is_fresh,title,description,mechanic,replicable,niche_fit,angle_idea,format_cluster,spread_count,feasible,feasible_note,saturated,saturation_reason,geo_fit,geo_note,picked_for_tomorrow
2026-10-07,food,1,https://www.instagram.com/reel/DeGWnTZMphQ,@khura_fati420,450000,3900,0,225000.0,0.0,0,2026-10-07,2026-10-05,2,True,The video opens at night on a street with trees and parked cars in the background. A beard...,"The video opens at night on a street with trees and parked cars in the background. A bearded man wearing a black 'POLO' t-shirt holds a plate of what appears to be spicy street food (possibly chaat or momos). On-screen text reads 'Aapne paiso ka khana' with sick emojis. He eats with a wooden spoon, making faces of disgust and displeasure. The scene then cuts to a second man joining him; the text changes to 'Dost ke paiso ka khana' with heart-eye emojis. Both men now share the same plate, eating enthusiastically and smiling, conveying that the food tastes much better when a friend is paying. The video concludes with a transition to several seconds of AI-generated cosmic visuals featuring blue nebulae, galaxies, and planets against a starry background. The overall tone is humorous and relatable, playing on the common social experience of enjoying free food from friends.
Humor type=Situational; explanation=The humor comes from a universally recognized social situation: food tastes subjectively better when someone else pays. The video sets up expectation with the first caption 'Aapne paiso ka khana' paired with disgusted emojis while the man eats alone with a neutral-to-unimpressed expression. It then flips to 'Dost ke paiso ka khana' with heart-eye emojis as a second man holds the plate and both eat enthusiastically, exaggerating enjoyment. This bait-and-switch relies on shared cultural understanding among Indian audiences that splitting bills or treating friends changes perception of value, making it situational rather than verbal joke. The exaggerated facial reactions and simple text contrast deliver the punchline without dialogue, fitting typical Instagram Reels relatable-comedy format.
Author 【entity-Khurafati¦handle=@khura_fati420¦author_id=user-389467561791918387355】
AuthorURL https://www.instagram.com/khura_fati420
77K Followers
Language en


【74be】
URL https://www.instagram.com/reel/DeCK6uMBDFB/
Type video
Created 2026-10-03 13:30:09 UTC
1.8K Likes
53 Comments
Summary: This is a promotional street-food reel filmed in 2026 at Pandit Ji Hing Kachori, located at Rohtash Nagar Market, Babarpur Road near Shivaji Park Hanuman Mandir, Shahdara East Delhi. The video follows the preparation and service of the shop's signature hing-flavored kachori. Vendors are shown deep-frying dozens of small, puffed kachoris in large woks of bubbling oil, then scooping them into metal colanders. A server breaks open the fried kachori in a disposable foil plate, ladles generous amounts of a thick, yellow-orange potato and pea curry (described as Mathura-style), sprinkles dry spice mix and methi chutney, and tops it with more gravy. The vendor explains the item costs 25 rupees for two kachoris, served from morning around 6:30 AM until 4-5 PM. The shop is visibly popular, with a long line of male customers waiting outside. The tone is energetic and appetizing, typical of Indian food-reel content, focusing on the sizzling fry, the rich curry texture, and the bustling market atmosphere.
Entities products=hing kachori, potato pea curry; places=Pandit Ji Hing Kachori
Author 【entity-India wale heena¦handle=@india_wale_heena¦author_id=user-527707393371586334973】
AuthorURL https://www.instagram.com/india_wale_heena
110K Followers
Language en


【92cf】
URL https://www.instagram.com/reel/Dd-84qVBiIQ/
Type video
Created 2026-10-02 07:30:07 UTC
1.2K Likes
8 Comments
Summary: The video is a short-form Indian street-comedy reel filmed at a snack shop named 'Prajapati Mishthan Bhandar'. Two young men stand in front of the counter holding a kachori and a samosa, repeatedly chanting the Hindi line 'Ek kachori do samosa aur jaat ka kya bharosa' while looking at the camera. On-screen text repeats the phrase with laughing-crying emojis. The clip is edited with quick cuts to various people reacting with loud, genuine laughter — including women in a colorful market, two teenage boys, and an older man in a grey suit holding a mug. The tone is lighthearted and viral-meme driven, relying on the absurd repetition of the food phrase and the infectious laughter of bystanders for humor. The creator's caption frames it as pure entertainment. No harmful, sexual, violent, or age-restricted content is present.
Culture moment=Ek Kachori Do Samosa meme; significance=Phrase became viral in Indian social media for its absurd repetition triggering laughter reactions.; origin=Originates from street-food skits popularized on Instagram Reels in 2025-2026.
Entities products=kachori, samosa; places=Prajapati Mishthan Bhandar
Humor type=Situational; explanation=The humor derives from the sheer absurdity and repetition of the meaningless phrase 'Ek kachori do samosa aur jaat ka kya bharosa' delivered earnestly at a mundane snack stall. There is no punchline in the traditional sense; the comedy builds through expectation vs reality — viewers anticipate a reason, but get only rhythmic nonsense paired with increasingly hysterical real-world reactions. The intercutting of strangers laughing uncontrollably creates a contagion effect, making the viewer laugh at the laughter itself. This format mirrors a well-known Indian Instagram meme template from 2025-2026 where creators use everyday food items as a setup for non-sequitur chants, relying on cultural familiarity with street-snack banter and the universal relatability of infectious giggling. The lack of scripted joke structure makes it situational rather than sarcastic, and the authenticity of the reactions amplifies the comedic payoff.
Author 【entity-mr.aarav(aaru)¦handle=@rawa_rai_ke_lal_¦author_id=user-070452161085886135640】
AuthorURL https://www.instagram.com/rawa_rai_ke_lal_
30K Followers
Language en


【2acf】
URL https://www.instagram.com/reel/DeD8YgpSgtv/
Type video
Created 2026-10-04 06:02:33 UTC
10K Likes
180 Comments
Summary: A young woman with long dark hair and glasses films herself at night in an outdoor parking area with cars in the background. Wearing a white t-shirt with a red '7' graphic and blue jeans, she addresses the camera with a smile while on-screen text reads 'That one aunty in my feed now a days.' She holds up a leaf plate containing several pieces of jalebi, a traditional Indian sweet, lifts one piece to show the camera, and then takes a bite, chewing with an expressive, happy reaction. The caption in Telugu ('Ilane adagali inka nundi') and hashtags suggest a lighthearted, viral lifestyle reel. The overall tone is cheerful, casual, and humorous, centered on enjoying street food, with no risky or mature content.
Entities products=jalebi sweet
Humor type=Self-deprecating; explanation=The humor comes from the creator labeling herself as 'that one aunty in my feed,' a common South Asian social-media trope where older women are stereotyped for enthusiastically posting food videos. By adopting that persona while visibly young, she creates ironic contrast between expected youth behavior and the indulgent, unapologetic joy of eating jalebi at night. The joke is amplified by her exaggerated delight and the caption urging viewers to ask for jalebi 'like this,' turning a mundane snack into a performative identity. It resonates because many viewers recognize the archetype of relatives sharing food content online, making the self-mockery both culturally specific and universally relatable without relying on sarcasm or satire.
Author 【entity-Suma Sri🦋¦handle=@sumasri_madira¦author_id=user-828731603640897295116】
AuthorURL https://www.instagram.com/sumasri_madira
250K Followers
Language en


【958f】
URL https://www.instagram.com/reel/DeGmBFYhlhc/
Type video
Created 2026-10-05 06:47:42 UTC
3.1K Likes
27 Comments
Summary: This is a promotional food reel filmed at night at 'Kings Kunafa' on Food Street near the water tank in Vijayanagar 2nd Stage, Mysore, India. The video opens with a view of the busy street before focusing on the dessert preparation. A vendor assembles multiple varieties of tiramisu in white cups: a red velvet version with cream, chocolate drizzle, shredded coconut and crumbled cake; a classic cocoa-dusted version; a bright green pistachio version topped with chopped nuts; an Oreo-topped version; a Lotus Biscoff version with biscuit crumbs; and a vibrant red strawberry version. Another shot highlights the shop's signature 'Dubai viral Kunafa' in branded packaging. Several customers are shown tasting the desserts, including a man in a floral shirt who eats with evident enjoyment, a woman in a striped shirt holding a spoon, and a family sharing a cup. The audio features a Kannada-speaking narrator introducing the stall, mentioning seven varieties including classic, pista, mango, Oreo, Biscoff, strawberry, and red velvet, and inviting viewers to visit between 4 PM and 10 PM. On-screen text repeatedly urges viewers to 'Share this reel with your friend who's a tiramisu lover.' The overall tone is upbeat, appetizing, and community-focused, showcasing street-food culture.
Entities products=tiramisu dessert cup, kunafa; places=Kings Kunafa
Author 【entity-Prajwal Gowda ¦handle=@mr_somarii¦author_id=user-525271329109389238000】
AuthorURL https://www.instagram.com/mr_somarii
81K Followers
Language en


【50c7】
URL https://www.instagram.com/reel/DeB_eMEzmmt/
Type video
Created 2026-10-03 11:52:39 UTC
1.6K Likes
33 Comments
Summary: This is a short-form social media reel by creator Rohit Gupta (@xplore_rohit) promoting a popular street food item in Patna, Bihar. On-screen Hindi text states 'पटना के कंकड़बाग में मिल रहा है सबसे सस्ता और viral Dosa' (The cheapest and viral Dosa is available in Patna's Kankarbagh). The video shows the step-by-step preparation of a large dosa on an outdoor tawa: the cook spreads batter, adds oil, spreads a red-orange masala paste, sprinkles green potato filling, rolls it tightly, cuts the roll into small cylindrical pieces on a red board, arranges them upright on a black tray, tops them generously with grated cheese, and serves with sambar and chutney. The setting is a busy street with a white Honda WR-V visible behind the stall. The tone is upbeat and promotional, typical of Indian food-vlogging content, with lively background music.
Entities products=cheese-topped dosa roll, sambar; places=Kankarbagh
Author 【entity-Rohit Gupta ❤️¦handle=@xplore_rohit¦author_id=user-409803638303649876456】
AuthorURL https://www.instagram.com/xplore_rohit
32K Followers
Language en


【cc37】
URL https://www.instagram.com/reel/DeJzitRM3im/
Type video
Created 2026-10-06 12:43:44 UTC
2.9K Likes
32 Comments
Summary: This video is a food-focused social media reel highlighting 'Viral Pani Puri' from Vadodara, Gujarat. It opens with close-up shots of hands preparing a single pani puri — cracking open the fried shell, filling it with green spiced water and chickpeas, and adding chopped onions. On-screen text labels it 'Viral Pani Puri' and later identifies the location as 'Vadodara's Viral Pani Puri.' A brief clip features Indian cricketer Hardik Pandya saying 'Pani puri,' 'Baroda,' and 'Ellora Park,' linking the dish to his hometown. The main segment shows a vendor at 'Chalako Panipuri' stall, wearing a yellow shirt and checkered apron, assembling 'Dahi Ragda Puri' — topping puris with white yogurt, red chutney, yellow sev, chopped onions, and fresh cilantro. A customer then picks up and breaks open a finished puri to show the filling. The video concludes with an exterior shot of the stall at Ellora Shopping Centre, Subhanpura Road, Ellora Park, Vadodara, overlaid with text promoting the '365 DAYS - Day 182 - 365 Swaad' series ('Har Din Ek Naya Zaikaaa!!!') and a call to 'Like, Share & Follow.' The overall tone is enthusiastic and promotional, celebrating local street food.
Entities people=Hardik Pandya (Vision Model Only); products=pani puri, dahi ragda puri; places=Ellora Shopping Centre
Author 【entity-Namak Mirch | Food Creator¦handle=@namakmirch.rating¦author_id=user-049188514045639468687】
AuthorURL https://www.instagram.com/namakmirch.rating
11K Followers
Language en",hook,True,weak,同一盘菜两种心态：自己买单 vs 朋友请客，表情对比,streetfood-reaction-meme,1,True,,False,,non-us,Hindi on-screen text,False
2026-10-07,food,2,https://www.instagram.com/reel/DeIcTPwM_wz,@karissadumbacher,24000,59,0,24000.0,0.0,0,2026-10-07,2026-10-06,1,True,A young woman provides an 'honest review' of the most viral foods at Universal Orlando in ...,"A young woman provides an 'honest review' of the most viral foods at Universal Orlando in 2026. She starts at Lard Lad Donuts holding the $12 Big Pink Donut (bigger than her head), rating it 7/10 for its thick icing, fluffy moist texture, and sprinkles crunch. Next, at Jurassic Park's Pizza Predattoria, she tries the $18 pizza cone — garlic bread stuffed with chicken Alfredo — giving it 7.5/10, praising the buttery, fluffy dough and tender chicken while noting it needs more sauce. At Seuss Landing's Green Eggs and Ham restaurant, she skips the Who-hash and gets $18 crispy fried chicken tots smothered in cheese, ranch, and spicy buffalo sauce, rating them 8/10 and noting they are larger potato chunks. In Minion Land at Bake My Day, she highlights the $18 pulled pork sandwich on a salty pretzel bun with chimichurri, bacon jam, and mustard aioli as the best item (9/10), plus 8/10 Minion-shaped tots that are crunchy outside and fluffy inside. At Marvel World, she reviews the pizza hot dog, rating it 5/10 — juicy and cheesy with pepperoni kick but too greasy/oily. Finally, at Toothsome Chocolate Emporium, she recommends the $16 sundae over shakes, rating it 9/10 for its extra brownie base and smooth chocolate whipped cream, mentioning she used to work there. The video ends with shots of Shrek and Hogsmeade, concluding she had so much fun.
Entities people=Karissa Dumbacher (Post Caption), Chris (No Substantiation); products=Big Pink Donut, Pizza Cone, Buffalo Chicken Tots, Pulled Pork Sandwich, Minion Tots, Pizza Hot Dog, Chocolate Sundae; places=Universal Orlando Resort, Lard Lad Donuts, Predatorria, Green Eggs and Ham Cafe, Bake My Day, Toothsome Chocolate Emporium, Hogsmeade
Author 【entity-Karissa Dumbacher¦handle=@karissadumbacher¦author_id=user-937615503861005622664】
AuthorURL https://www.instagram.com/karissadumbacher
Verified
1.7M Followers
Language en",hook,True,weak,实测主题乐园网红小吃到底值不值（本地版：LA 排队名店）,viral-food-honest-review,1,True,,False,,us-likely,"Universal Orlando, US",False
2026-10-07,food,3,https://www.instagram.com/reel/Dd_tRwkTUqo,@chefreactions,110000,12000,0,22000.0,0.0,0,2026-10-07,2026-10-02,5,True,"This is a split-screen reaction video. On the left, a man with glasses, a beard, and a red...","This is a split-screen reaction video. On the left, a man with glasses, a beard, and a red baseball cap wearing a white chef's coat watches and reacts throughout. On the right, a woman with tattoos prepares a dish in a kitchen. She begins by frying flour tortillas in hot oil using a whisk to shape them into bowls, then sets them aside. She places four raw burger patties in a glass baking dish, tops each with a slice of Colby Jack cheese, covers them with sliced white onions, adds dollops of dill relish, drizzles yellow mustard and ketchup over everything, and bakes the mixture. After baking, she transfers the cooked patties with toppings to a wooden cutting board and uses a large cleaver to chop the entire mixture into small pieces. Finally, she spoons the chopped cheeseburger-onion-relish mixture into the fried tortilla bowls and presents the finished product, holding up the tray of four filled bowls.
Entities products=flour tortilla, ground beef patty, Colby Jack cheese slice, white onion slices, dill relish, yellow mustard, tomato ketchup, glass baking dish, wooden cutting board, meat cleaver
Humor type=Situational; explanation=Humor arises from the contrast between the calm cooking tutorial and the sudden strong profanity ('the fuck did you say'), which the male reactor highlights with his expression. The absurdity of loading raw burger patties with relish, mustard, ketchup and onions before baking, then chopping them up, creates a situational comedy around unconventional food preparation. The reactor's deadpan delivery adds to the comedic effect without scripted jokes.
Author 【entity-Chef Reactions¦handle=@chefreactions¦author_id=user-026902695187140846352】
AuthorURL https://www.instagram.com/chefreactions
Verified
2.4M Followers
Language en


【492e】
URL https://www.instagram.com/reel/DeBmsmkvleU/
Type video
Created 2026-10-03 08:16:26 UTC
10K Likes
8 Comments
Summary: This is a social media cooking reel titled 'Viral Fish fry recipe' posted by @spicy_cook_s. The main frame demonstrates step-by-step preparation of fried fish: raw fish steaks are placed in a green bowl, seasoned with turmeric and water, rinsed, then coated with a freshly ground paste of small onions, ginger-garlic, black pepper and fennel seeds. Red chili powder, turmeric, coriander powder, salt and a spoon of white flour are added and mixed thoroughly before the pieces are shallow-fried in hot oil in a black pan until golden-brown and crispy. The finished fish is plated on a white dish garnished with fried curry leaves and sliced onion rings. Throughout, a picture-in-picture inset in the top-left corner plays clips from a Vijay Television drama featuring actors in traditional South Indian attire, with on-screen credit 'Video credits: Vijay television'. The audio features a female narrator in Tamil describing the ingredients and method over upbeat background music. The overall tone is instructional and appetizing, aimed at sharing a trending home-cooking recipe.
Entities products=raw fish steaks, green plastic mixing bowl
Author 【entity-Spicy Cook's❤️¦handle=@spicy_cook_s¦author_id=user-055385838057403841389】
AuthorURL https://www.instagram.com/spicy_cook_s
24K Followers
Language en",hook,True,weak,厨师反应类：看离谱菜谱做 reaction（需厨师人设）,chef-reaction,1,False,reaction 位非实测主体,False,,unknown,"English, no markers",False
2026-10-07,food,4,https://www.instagram.com/reel/DeCBzw6xrME,@annubhaav_sharma,62000,560,0,15500.0,0.0,0,2026-10-07,2026-10-03,4,True,A young man in an olive-green t-shirt presents 'Part 2' of a 'Viral Cucumber - Imli Combo'...,"A young man in an olive-green t-shirt presents 'Part 2' of a 'Viral Cucumber - Imli Combo' in his kitchen. The video opens in black-and-white before switching to color. He speaks directly to the camera in Hindi, explaining he will prepare the combo without using lemon juice due to health concerns, instead using tamarind (imli) pulp. He mixes the dark tamarind paste in a blue bowl with salt and other seasonings, then transfers some to a black plate. He takes a peeled, hollowed-out cucumber, fills its cavity with the tamarind mixture using a spoon, and holds it up to the camera. He then eats the stuffed cucumber, reacting with expressive faces indicating intense sourness and spiciness, describing the taste as very strong and flavorful. Throughout, he gestures enthusiastically while talking about the recipe, giving it a high rating, and encouraging viewers to try it.
Culture moment=Viral Cucumber-Imli Combo; significance=Participates in a popular Indian social media food hack combining cucumber with tamarind chutney.; origin=Social media food trend
Entities people=Anubhav Sharma (Author Name); products=peeled cucumber, tamarind chutney mixture, glass jar
Humor type=Situational; explanation=The humor comes from the creator's exaggerated physical and verbal reaction to the intensely sour and spicy cucumber. He builds anticipation by describing the recipe calmly, then shifts to dramatic facial expressions, complaints about too much chili, and self-deprecating comments about his cooking skills. The contrast between his initial confidence and the painful sourness creates a relatable, situational comedy common in Indian food-challenge reels, where the payoff is the genuine struggle rather than a scripted joke.
Author 【entity-Anubhav Sharma¦handle=@annubhaav_sharma¦author_id=user-126056700310443077294】
AuthorURL https://www.instagram.com/annubhaav_sharma
240K Followers
Language en",template,True,strong,复刻爆款黄瓜杯+罗望子酱，做无柠檬健康版,cucumber-cup-viral,5,True,,False,,non-us,Hindi narration,False
2026-10-07,food,5,https://www.instagram.com/reel/DeBTDnclY1m,@esrat_s_deals,360000,700,30000,15000.0,0.429,3,2026-10-04,2026-10-03,4,True,This is a short-form food recipe video by creator @esrat_s_deals titled 'Viral Caramel Tea...,"This is a short-form food recipe video by creator @esrat_s_deals titled 'Viral Caramel Tea,' posted October 2, 2026. The clip shows a close-up, step-by-step preparation in a home kitchen with tiled backsplash. A hand pours loose black tea leaves from a small terracotta bowl into a large aluminum wok on a gas burner, followed by white granulated sugar. The sugar is stirred with a golden spoon until it melts and caramelizes to a dark amber color. Grated fresh ginger is then added and mixed in. Milk is poured from a larger terracotta vessel into the pan, causing steam, and the mixture is brought to a vigorous boil, bubbling and frothing while being stirred. Finally, the hot, foamy caramel-colored tea is poured in a steady stream into a matching ornate terracotta cup and saucer set against a dark surface. The video has an upbeat Hindi film song playing as background audio throughout, with no spoken narration. The tone is instructional and appetizing, focused entirely on the cooking process.",template,True,strong,实测爆款焦糖奶茶：糖熬到琥珀色的关键 30 秒拍特写,viral-drink-recipe,1,True,,False,,unknown,"English, no clear markers",False
2026-10-07,food,6,https://www.instagram.com/reel/DeJ_xkKyLnq,@siamvaiff3,12000,33,0,12000.0,0.0,0,2026-10-07,2026-10-06,1,True,"The video captures a lively outdoor street-food setting during daylight, likely late after...","The video captures a lively outdoor street-food setting during daylight, likely late afternoon, at a crowded fair or market with motorcycles parked nearby. The main subjects are a young woman with long hair in pigtails wearing a maroon top and dark jeans, and a young man with long hair tied back, wearing an orange sweatshirt, ripped light-blue jeans, sunglasses, and a necklace. Both are eating pani puri (golgappa) from small white plates served by a male vendor in a black shirt. The woman is shown eating, looking around, and smiling at the camera. The man interacts with the vendor, receives his plate, eats, laughs, and talks with others around the stall. The background includes other patrons, hanging bags of fried puris, large water containers, and colorful balloons, creating a festive, communal atmosphere. The audio features upbeat Indian folk/pop music throughout.
Entities products=pani puri street snack
Author 【entity-siamvaiff3¦handle=@siamvaiff3¦author_id=user-101699165017350318987】
AuthorURL https://www.instagram.com/siamvaiff3
89K Followers
Language en


【24af】
URL https://www.instagram.com/reel/DeCKWCUBi_S/
Type video
Created 2026-10-03 13:25:51 UTC
3.6K Likes
20 Comments
Summary: In an outdoor daytime setting on a paved road lined with trees, a man in a dark blue shirt and beige pants and a woman in a black long-sleeve top and grey wide-leg pants stand at a street food stall covered with a red cloth. A male vendor in a black polo serves them food in small metal bowls. The man takes his bowl first, then the woman receives hers. She turns slightly away from the camera, brings the food to her mouth, and eats while standing next to the man. Both appear to be enjoying the snack. Background activity includes passing motorbikes and cars. The audio features upbeat Hindi pop music throughout. The overall tone is casual and observational, depicting a common street-food experience.
Author 【entity-Lalita¦handle=@_lalita_lp¦author_id=user-576302219223105095642】
AuthorURL https://www.instagram.com/_lalita_lp
57K Followers
Language en


【836d】
URL https://www.instagram.com/reel/DeJKau7JDQw/
Type video
Created 2026-10-06 06:47:02 UTC
33K Likes
2.6K Comments
Summary: A woman in a light blue striped shirt is outdoors on an Indian street trying a local snack presented as 'COBAIN CILOK INDIA'. A male street vendor in a brown shirt serves her from a large clay pot covered with red cloth, scooping out round yellowish dumplings into a foil bowl and adding liquid seasoning and chili ('Dikasih cabe', 'Sm lada'). The woman holds the bowl, looks curious ('AKU PENASARAN BANGET'), eats one on a stick, and then reacts negatively, turning away with a displeased expression while on-screen text reads 'BASI' with emojis. The setting is a busy sidewalk with other vendors, including one selling 'Chole Kulche', pedestrians, and motorcycles in the background. The tone is casual food-vlogging, documenting a cultural taste test that ends with the creator finding the food stale.
Entities products=Indian street food snack in broth
Humor type=Situational; explanation=The humor comes from the expectation-reality gap: she is excited to try 'cilok India,' expecting a familiar tasty snack, but her immediate sour face and the caption 'BASI' signal disappointment. The contrast between enthusiastic setup and grossed-out reaction creates relatable comedy common in food-challenge videos.
Author 【entity-Fahira Almira¦handle=@fahiramira¦author_id=user-963976509292765284002】
AuthorURL https://www.instagram.com/fahiramira
Verified
1.9M Followers
Language en


【39e7】
URL https://www.instagram.com/reel/Dd6whDYp77y/
Type video
Created 2026-09-30 16:25:22 UTC
44K Likes
210 Comments
Summary: The video is a short comedic skit set at an outdoor Indian street food stall selling fried snacks like kachori. A young man in a black shirt approaches the counter and asks the female vendor to pack one kachori and one samosa. The vendor, wearing a black top with a deep neckline, responds with the line 'Ek kachori ek samosa, in mardon ka kya bharosa?' The man reacts with surprise and then begins chanting the same line. The scene widens to show two other men in the foreground—one younger in a black t-shirt and dhoti, and one older shirtless man with a dhoti and sacred thread—who join in singing and gesturing to the chant while the original man and woman watch from behind the counter. The on-screen text 'My Feed without any reason!' remains throughout, indicating the clip is presented as random viral content. The overall tone is lighthearted and performative, typical of Indian social media comedy reels.
Entities people=Maxtern (Author Name); products=fried Indian snack kachori, fried Indian snack samosa
Humor type=Situational; explanation=The humor derives from the unexpected social commentary inserted into a mundane transaction. The man expects simple service, but the woman reframes the order into a proverb-like distrust of men, which is then amplified by two bystanders joining the chant. Repetition turns a normal purchase into an absurd chorus, playing on familiar Indian colloquial skepticism toward men. The visual contrast between the serious food preparation and the melodramatic delivery heightens the comedy, making it a situational skit rather than wordplay alone.
Author 【entity-Maxtern¦handle=@maxtern¦author_id=user-901054449577332162599】
AuthorURL https://www.instagram.com/maxtern
Verified
1.5M Followers
Language en


【612b】
URL https://www.instagram.com/reel/Dd-2f6ON5UJ/
Type video
Created 2026-10-02 06:39:52 UTC
27K Likes
23 Comments
Summary: This is a fast-paced food reel by creator Nisrat Khatoon (@swad_ka_safar_143) showcasing popular Indian street and home-cooked dishes. The montage cycles through close-up shots: crispy pani puri/golgappa filled with spiced water and onions; a hand stirring rich red chicken curry in a pan; sautéed chicken liver/gizzards with green chilies; a large pot of biryani topped with meat pieces and herbs; and finally Bihari litti served with mutton curry. Throughout, the white Hindi text 'नशा?' ('Addictive?') is superimposed, framing the food as irresistibly flavorful. The video has upbeat background music and is presented as promotional food content asking for support to reach 60K followers. The tone is appetizing, celebratory, and typical of viral Indian food reels in 2026.
Entities products=pani puri, chicken curry, fried chicken liver, biryani, litti and mutton curry
Author 【entity-Nisrat khatoon¦handle=@swad_ka_safar_143¦author_id=user-949474394006482242574】
AuthorURL https://www.instagram.com/swad_ka_safar_143
63K Followers
Language en


【bc6f】
URL https://www.instagram.com/reel/DeFCyL8RXSP/
Type video
Created 2026-10-04 16:18:10 UTC
9.6K Likes
610 Comments
Summary: A man identified by on-screen text as DuB, wearing a black patterned hoodie and a black cap, sits in a modern kitchen and samples a series of meals described as 'Finesse2Tymes struggle meals.' He begins by lifting steaming noodles from a metal bowl and eating them. He then prepares a plain waffle, spreads grape jelly on it, and eats it while commenting on the taste. Next, he shows a frozen Salisbury steak TV dinner, takes a bite, and reacts. He makes another item by pouring syrup onto a slice of bread, folding it into a sandwich, and eating it. Finally, he prepares two bowls of Reese's Puffs cereal, first adding evaporated milk from a can, then mixing instant nonfat dry milk with water, tasting both and comparing them. Throughout, he talks to the camera, expressing surprise, amusement, and distaste. The TikTok watermark '@themomentplug' is visible throughout.
Culture moment=Finesse2Tymes struggle meals; significance=References a known internet meme where the rapper documents extremely cheap meals.; origin=Social media food challenge trend
Entities people=DuB; products=instant nonfat dry milk, evaporated milk, Reese's Puffs cereal, frozen waffles, grape jelly, maple syrup, white bread, American cheese slices, Salisbury steak TV dinner
Humor type=Situational; explanation=The humor derives from the contrast between the creator's expectation and the reality of eating extremely basic, unappetizing combinations presented as 'struggle meals.' Watching him lift long noodles, spread jelly on a plain waffle, pour syrup over bread with cheese, and mix cereal with powdered milk creates cringe-comedy through his genuine facial reactions and vocal commentary. The repeated 'No. No. No. No.' after tasting the dry milk emphasizes the absurdity. It fits the broader internet trend of documenting poverty-inspired cooking for entertainment, where viewers find amusement in shared relatability and shock value rather than scripted jokes.
Author 【entity-Finesse Twotymes¦handle=@1finesse2tymes¦author_id=user-172019759004811229070】
AuthorURL https://www.instagram.com/1finesse2tymes
Verified
2M Followers
Language en",hook,True,none,,streetfood-vlog,5,True,,False,,non-us,South Asian street setting,False
2026-10-07,food,7,https://www.instagram.com/reel/Dd8s5PYPaf7,@dps_platter31,11000,7,0,1833.3,0.0,0,2026-10-07,2026-10-01,6,True,A short-form cooking reel demonstrates how to make an 'omelette meets cheesy bread' sandwi...,"A short-form cooking reel demonstrates how to make an 'omelette meets cheesy bread' sandwich. Filmed from overhead in a home kitchen with tiled backsplash, a hand spreads oil on a speckled non-stick pan, then pours in beaten eggs mixed with chopped green herbs. Two slices of white bread are pressed into the cooking egg, flipped together, and cooked until golden. On one half of the large omelette, a slice of cheese is placed and topped with finely diced onion, diced tomato, red chili flakes, and fresh cilantro; a second cheese slice with cilantro goes on the other side. The omelette is folded over the fillings, pressed flat, and transferred to a white plate with gold marbling. It is cut diagonally, garnished with more cilantro and chili flakes, and finished with dollops of red ketchup/sauce from a packet labeled 'BAKED.' The final shot pulls the two halves apart to reveal melted cheese, vegetables, and layered egg inside the toasted bread. The video is set to lively Indian folk music with male vocals, and the creator's caption frames it as a simple recipe for viral reels.
Entities products=egg mixture, white bread slices, cheese slice, cooking oil
Author 【entity-DP's Platter¦handle=@dps_platter31¦author_id=user-595929875046216475856】
AuthorURL https://www.instagram.com/dps_platter31
100K Followers
Language en


【36c1】
URL https://www.instagram.com/reel/Dd6y6J8I_SW/
Type video
Created 2026-09-30 16:51:08 UTC
16K Likes
160 Comments
Summary: A man wearing a black NFL t-shirt and disposable gloves demonstrates how to make a stuffed onion dish using instant ramen. Speaking in Arabic, he begins by showing a reference photo of the finished meal, then cooks two blocks of instant noodles in a pan on a portable red burner. He adds hot water, a slice of white cheese, a spoonful of red chili paste, a dark sauce, and seasoning powder, stirring until the noodles are coated in an orange sauce. He mixes in shredded cheese, then fills several hollowed-out boiled onions with the noodle mixture and places them in a glass baking dish. For the topping sauce, he melts butter in the same pan, adds more red sauce and spices, thins it with water, and pours the steaming sauce over the stuffed onions. He presents the completed dish to the camera, explaining each step as he goes.
Culture moment=viral onion stuffed with noodles trend; significance=Participates in a popular social media food hack where onions are used as edible bowls for noodles.; origin=social media food trend
Entities people=Abdullah AG (Author Name); products=instant noodles, yellow onion, shredded mozzarella cheese, liquid cheese, tomato paste, stainless steel cooking pan, portable gas stove, glass baking dish, electric kettle, butter
Author 【entity-عبدالله | AG¦handle=@ag.only¦author_id=user-013073476613236717464】
AuthorURL https://www.instagram.com/ag.only
38K Followers
Language en",template,True,strong,5 分钟芝士蛋吐司三明治，一镜到底拍拉丝,quick-savory-recipe,2,True,,False,,unknown,"English, home kitchen",False
2026-10-07,food,8,https://www.instagram.com/reel/DeExrHJJvjg,@fahiramira,7900,160,3400,1700.0,0.286,2,2026-10-05,2026-10-04,3,True,"This 2026 social media video documents a street-food experience in India, posted by creato...","This 2026 social media video documents a street-food experience in India, posted by creator Fahira Almira (@fahiramira). The clip opens with on-screen text 'COBAIN DOSE INDIA' as a bearded male vendor in a grey '3' t-shirt prepares a giant dosa at an outdoor stall. He sprinkles water on the hot griddle, finely dices red onions and green chilies, mixes them, then pours white batter and spreads it into a very large thin circle. He tops it with the onion mixture, adds a yellow spiced potato filling, folds the dosa into a triangle, and plates it. The scene shifts indoors to the creator, a young woman with long brown hair in a pink top, seated under a wall fan. She holds the enormous dosa with two small metal bowls of chutney/sambar, with on-screen text 'BINGUNG MULAI DARI MANA MAKAN NYA' expressing confusion about where to start. She tears off a piece, tastes it, and reacts positively, saying in Indonesian that it's big, has seasoning, tastes like potato, and is delicious ('Enak kok'). The video ends with her recommending viewers try it in India.
Entities people=Fahira Almira (Author Name)
Author 【entity-Fahira Almira¦handle=@fahiramira¦author_id=user-963976509292765284002】
AuthorURL https://www.instagram.com/fahiramira
Verified
1.9M Followers
Language en",hook,True,none,,streetfood-vlog,5,True,,False,,non-us,India street stall,False
2026-10-07,food,9,https://www.instagram.com/reel/DeGZf8pz4a5,@foodiedillika,3400,7,0,1700.0,0.0,0,2026-10-07,2026-10-05,2,True,"This is a fast-paced street-food reel filmed at a cart in Krishna Nagar, East Delhi, showc...","This is a fast-paced street-food reel filmed at a cart in Krishna Nagar, East Delhi, showcasing the making of the viral 'Lacche Wali Aloo Tikki.' A vendor in a black-and-yellow shirt works over a large, round tawa set on a gas burner. He prepares components: chopped red onions, a thick brown tamarind chutney, white yogurt/dahi, and green mint chutney are poured into metal containers. He then mixes a large batch of finely shredded raw potato with a yellow spiced lentil/peas filling by hand (wearing gloves), forms loose, lacy patties, and drops them into bubbling hot oil. Multiple patties fry until golden and crispy, then are lifted out. For serving, he places a fried patty onto a folded green leaf used as a disposable plate, tops it generously with the brown chutney, green chutney, yogurt, chopped onions, and a sprinkle of orange spice powder. The video is set to an energetic Hindi song with dhol beats, giving it a lively, promotional food-vlog tone typical of Indian street-food content in 2026.
Entities products=aloo tikki, leaf plate; places=Krishna Nagar
Author 【entity-Akshat Bamba¦handle=@foodiedillika¦author_id=user-942639433656450832338】
AuthorURL https://www.instagram.com/foodiedillika
120K Followers
Language en


【e559】
URL https://www.instagram.com/reel/Dd_u_RsOWMb/
Type video
Created 2026-10-02 14:48:32 UTC
34K Likes
850 Comments
Summary: The video is a short social-media reel alternating between two scenes. At a busy nighttime street-food stall, a vendor's hands prepare a plate of fried puris topped with potato filling, chopped onions, white yogurt/sauce from a squeeze bottle, and yellow sev. The setting includes a red countertop, metal bowls, and cooking equipment. Intercut are close-up selfie shots of a woman wearing a red dotted top and earrings, standing outside at night with trees and lights behind her. She looks at the camera with an eager expression, occasionally covering her mouth and smiling, conveying impatience to eat. A persistent Hindi text overlay reads ""बस सबर नहीं 😋"" (Can't wait). The overall tone is casual, appetizing, and focused on the anticipation of eating popular Indian street food, with no narrative beyond documenting the food preparation and the creator's reaction.",template,True,weak,街头摊主跟拍（需在印度街头）,streetfood-vlog,5,False,需街头摊位资源,False,,non-us,East Delhi cart,False
2026-10-07,food,10,https://www.instagram.com/reel/DeIouYAs9lk,@marathonburger,1700,34,0,1700.0,0.0,0,2026-10-07,2026-10-06,1,True,"The video opens with an aerial view of the Los Angeles Convention Center, identified by si...","The video opens with an aerial view of the Los Angeles Convention Center, identified by signage as the venue for COMPLEXCON LOS ANGELES, CA, scheduled for OCTOBER 3 & 4, 2026. Inside, large banners and black hot-air-balloon installations display the ComplexCon branding. The scene shifts to the outdoor 'FAMILY STYLE FOOD FEST' area, where a crowd gathers around food stalls under a clear blue sky. The primary focus is the 'MARATHON Burger' stand, which advertises two items — the Marathon Burger ($25) and Smash Burger ($25), each served with fries and a drink, with 'NO MODIFICATIONS.' The video provides close-up, step-by-step footage of the kitchen operation: workers in black gloves fry potatoes, smash and grill numerous beef patties on a flat-top, melt cheese over them, and assemble burgers assembly-line style with buns spread with ketchup and mustard, topped with pickles and sauce. Finished burgers are placed in branded paper boxes and white 'MARATHON Burger' bags for customers waiting in long lines at the ORDER and PICK-UP windows. The video concludes with the Marathon Burger logo on a black screen.
Culture moment=ComplexCon; significance=ComplexCon is a major culture festival for streetwear, music, and food, making the appearance significant for brand visibility.; origin=ComplexCon Los Angeles
Entities products=smash burger meal, french fries; places=Los Angeles Convention Center
Author 【entity-Marathon Burger¦handle=@marathonburger¦author_id=user-754175686531974709496】
AuthorURL https://www.instagram.com/marathonburger
Verified
200K Followers
Language en


【5d23】
URL https://www.instagram.com/reel/DeKqTZqS23j/
Type video
Created 2026-10-06 20:40:17 UTC
43 Likes
11 Comments
Summary: A male radio host wearing headphones sits at a DJ setup in a Mega 96.3 studio, identifiable by the blue neon winged logo behind him and the station watermark. Speaking in English with Spanish phrases, he presents a guide to 'the best taqueria del sur de California.' The video intercuts his commentary with B-roll of various taco locations: tortillas cooking on a griddle in Compton; Ave 26 Tacos; El Taurino in Los Angeles, CA; Tacos Los Cholos (highlighting costilla wrapped in chile Anaheim); a busy West LA Taco Stand under a tent; Uptown Legends Taqueria in Uptown Whittier, CA rated '10000/10'; and Villa's Tacos in Los Angeles, noted as Bad Bunny's favorite. Footage shows meat being grilled, tacos being assembled with cilantro, onion, lime, and sauces, and finished plates. The tone is energetic, promotional, and food-focused, aimed at listeners seeking taco recommendations.
Culture moment=National Taco Day; significance=Leverages the annual food holiday to drive engagement around local LA taco culture.; origin=US food holiday celebrated September 29
Entities people=DJ Eddie One (Author Name); places=Mega 96.3 FM Studio, Compton, Ave 26 Tacos, El Taurino, Tacos Los Cholos, West LA Taco Stand, Uptown Legends Taqueria, Villa's Tacos
Author 【entity-Mega 96.3 FM¦handle=@mega963fm¦author_id=user-165764582629845555216】
AuthorURL https://www.instagram.com/mega963fm
Verified
210K Followers
Language en",hook,True,weak,ComplexCon 美食节探店（事件已过，可做本地市集版）,food-event-coverage,2,True,,False,,us-likely,ComplexCon Los Angeles,False
2026-10-07,food,11,https://www.instagram.com/reel/Dd83CjazAhR,@gaurav_vlog2659,8700,230,0,1450.0,0.0,0,2026-10-07,2026-10-01,6,True,This is a Hindi-language social media cooking reel by creator Gaurav Kumar (@gaurav_vlog26...,"This is a Hindi-language social media cooking reel by creator Gaurav Kumar (@gaurav_vlog2659), posted October 1, 2026. The video opens with Gaurav holding a finished plate of orange-colored fried chicken garnished with onion rings, lemon, and a green dip. A young boy approaches him holding a blue phone, saying someone messaged asking what to eat. Gaurav jokes they should make Chicken 65 (the boy initially says 64). Gaurav then demonstrates the recipe step-by-step in his kitchen: he places raw chicken pieces in a glass bowl, adds salt, ginger-garlic paste, yogurt, turmeric, red chili powder, mixes, then adds flour and a cracked egg before mixing again. He deep-fries the coated pieces in hot oil until golden, removes them to a tray, and prepares a sauce by mixing ketchup with yogurt. In a pan, he fries chopped garlic, green chilies, and curry leaves, pours in the sauce mixture, then tosses the fried chicken into it. He presents the final dish. The boy later appears against a red curtain, shows his Instagram profile on the phone, encourages viewers to follow and support so the follow button 'cracks,' and is shown happily eating the chicken. The tone is lighthearted, family-friendly, and instructional.",template,True,strong,和家人一起做 Chicken 65，记录小孩试吃反应,quick-savory-recipe,2,True,,False,,non-us,Hindi narration,False
2026-10-07,food,12,https://www.instagram.com/reel/DeBsJFSjA7q,@giorgos_tsoulis,5200,56,0,1300.0,0.0,0,2026-10-07,2026-10-03,4,True,"A man with graying hair and a beard, wearing a black t-shirt, demonstrates how to make a '...","A man with graying hair and a beard, wearing a black t-shirt, demonstrates how to make a 'viral' cottage cheese pizza in a modern kitchen with green cabinets and a plant wall. He begins by presenting the finished cheesy pizza, then shows the preparation: combining flour, cottage cheese, an egg, olive oil, and pepper in a glass bowl, mixing it into a dough-like batter, spreading it onto parchment paper on a baking tray, topping it with tomato sauce and shredded cheese, and baking it. After a 'A FEW MOMENTS LATER' transition, he presents the golden-brown baked pizza, slices it, lifts a slice to show the cheese pull, and tastes it with an appreciative reaction. The video is presented in Greek with an upbeat, instructional tone.
Culture moment=viral cottage cheese pizza trend; significance=References the social-media trend of using cottage cheese as a low-carb pizza base, positioning the recipe within popular healthy-eating content.; origin=Social media food trends
Entities people=Giorgos Tsoulis (Post Caption); products=protein pizza with cottage cheese base, cottage cheese, glass mixing bowl, wooden pizza board, kitchen knife
Author 【entity-Giorgos Tsoulis¦handle=@giorgos_tsoulis¦author_id=user-354288006905642090963】
AuthorURL https://www.instagram.com/giorgos_tsoulis
Verified
360K Followers
Language en


【b0e7】
URL https://www.instagram.com/reel/DeBrwe3zxCU/
Type video
Created 2026-10-03 09:00:09 UTC
6.4K Likes
75 Comments
Summary: This is a Hindi-language cooking reel by food creator Kabita Singh (@kabitaskitchen) demonstrating how to make 'Palak Besan ki Sabzi,' presented as a tasty lunch or dinner option. The video opens with the finished dish—a thick orange-green spinach curry topped with butter—served on a steel thali with roti, pickle, and sliced onion, carrot, and beetroot. The recipe proceeds step-by-step: white sesame seeds (2 tbsp) and raw peanuts (1/2 cup) are dry-roasted for half a minute, then coarsely ground and set aside. In another pan, gram flour/besan (2 tbsp) is dry-roasted for one minute. For the curry, oil is heated, then hing (1/2 tsp), cumin seeds (1 tsp), chopped garlic, and green chilies are fried briefly, followed by 1/2 cup chopped onion cooked for 3 minutes. Chopped spinach (500 grams) and salt to taste are added and cooked for 2 minutes until wilted, then stirred for 4-5 minutes. Turmeric powder (1/2 tsp), red chili powder (1/2 tsp), and garam masala (1/2 tsp) are added and cooked for 30 seconds. The ground peanut-sesame powder and roasted besan are mixed in, then 1 cup water is added, mixed well, and simmered covered for 8-10 minutes. Finally, amchur powder (1/2 tsp) and 1 tsp butter are stirred in. The video ends with serving shots emphasizing the texture and presentation. The tone is instructional, warm, and appetizing, with no controversial or risky content.
Entities products=spinach, raw peanuts, white sesame seeds, gram flour, butter
Author 【entity-Kabita Singh¦handle=@kabitaskitchen¦author_id=user-874389312608475642495】
AuthorURL https://www.instagram.com/kabitaskitchen
Verified
1.9M Followers
Language en",template,True,strong,实测网红茅屋奶酪披萨底：脆不脆给个准话,viral-healthy-swap-recipe,1,True,,False,,unknown,"English, Greek creator name",False
2026-10-07,food,13,https://www.instagram.com/reel/Dd9LqGOhUQO,@kei_lashay12,6900,7,0,1150.0,0.0,0,2026-10-07,2026-10-01,6,True,A creator in a yellow long-sleeve top prepares the viral 'lasagna soup' in a modern kitche...,"A creator in a yellow long-sleeve top prepares the viral 'lasagna soup' in a modern kitchen. The video opens with on-screen text 'Cook with me >>>' and displays ingredients on a white countertop: Prego Flavored with Meat pasta sauce, Great Value Heavy Whipping Cream, ricotta cheese, ground beef, lasagna noodles, minced garlic, and tomato paste, with a decorative orange jack-o'-lantern in the background suggesting a fall setting. She cooks by sautéing onions and garlic in a pink pot, adding ground beef, then stirring in the Prego sauce, heavy cream, seasonings, and broken lasagna noodles. Dollops of ricotta mixed with herbs are added on top before serving. The finished dish is plated in a white bowl topped with shredded cheese alongside a slice of garlic bread. The creator, who has long red hair, is then shown seated at a table eating the soup. The overall tone is cozy, inviting, and promotional, matching the caption that calls it a '10/10' seasonal meal and encourages viewers to try it.
Culture moment=viral lasagna soup; significance=Reflects ongoing TikTok-driven comfort food trends where classic dishes are reimagined as soups.; origin=Social media cooking trend popularized by creators sharing one-pot pasta soups.
Entities products=heavy whipping cream, pasta sauce, ricotta cheese, ground beef, lasagna noodles, tomato paste, minced garlic
Author 【entity-Lashayyy ❤️❤️¦handle=@kei_lashay12¦author_id=user-828939161887532078373】
AuthorURL https://www.instagram.com/kei_lashay12
55K Followers
Language en


【ace1】
URL https://www.instagram.com/reel/Dd9YVomNT3A/
Place 【place-Annie's Soul Delicious¦place_id=3017192515078194】
Type video
Created 2026-10-01 17:00:45 UTC
100 Likes
18 Comments
Summary: Posted October 1, 2026 by @souldeliciousla (Soul Delicious LA), this short promotional video advertises the restaurant's locations at 339 N. Fairfax Ave and 3109 W. Rosecrans Ave in Los Angeles. A woman in a green t-shirt and camouflage pants walks along a sunny sidewalk with arms extended, acting as if the wind is guiding her. On-screen red text reads 'GO WHEREVER THE WIND TAKES YOU' and 'ME:' throughout. She spins, crosses a street at a crosswalk, and enters the storefront with a metal security gate, revealing the interior with plants and decor. The caption states 'The wind will never steer you wrong! We've made it easier to find us with our new yellow design thanks to @killadoom422' and directs viewers to check the story for menu updates. The audio is a low wind rumble. The tone is lighthearted, comedic, and inviting, using a literal interpretation of the idiom to lead customers to the soul food restaurant.",template,True,strong,一锅到底千层面汤：实测值不值得做第二次,viral-soup-recipe,1,True,,False,,us-likely,"US grocery brands (Prego, Great Value)",False
2026-10-07,food,14,https://www.instagram.com/reel/Dd89ZaMBl2h,@maxx_cruzz56,31000,220,2000,1000.0,0.571,4,2026-10-03,2026-10-01,6,True,"A young man with dark curly hair and a beard, wearing a white T-shirt with blue Asian char...","A young man with dark curly hair and a beard, wearing a white T-shirt with blue Asian characters, films a fast-paced cooking reel in a room with a deep red wall. The video opens with him holding a packet of Maggi instant noodles, with on-screen text reading '2 MINS LO' and 'DELICIOUS'. He then proceeds to chop fresh ingredients on a wooden board placed over a pink patterned cloth: slicing tomatoes, julienning green bell pepper, dicing carrots, and finely chopping cilantro. He mixes spices in a metal cup, heats oil in a pan on a gas stove, fries the tomatoes until softened, adds the chopped vegetables and Maggi masala, pours in water, and cooks two blocks of noodles. He stirs in slices of processed cheese and tops the dish with cilantro. Throughout, he smiles at the camera, occasionally posing with heart emoji filters. He then eats the finished noodle bowl from a white textured bowl, expressing enjoyment. The audio features energetic Telugu folk-pop music and the creator speaking in Telugu. The caption reads 'Maggi 😋❤️🤌' with hashtags #reels #viral, posted by @maxx_cruzz56.",template,True,strong,2 分钟泡面豪华升级版：加料前后对比,instant-noodle-upgrade,1,True,,False,,unknown,"English, Maggi noodles",False
2026-10-07,food,15,https://www.instagram.com/reel/DeKjQJPJ_rG,@howtobbqright,590,37,0,590.0,0.0,0,2026-10-07,2026-10-06,1,True,A bearded man wearing a gray 'HowToBBQRight' shirt sits in front of a microphone and expla...,"A bearded man wearing a gray 'HowToBBQRight' shirt sits in front of a microphone and explains his recipe for Rotel cheese dip, which he calls the number one football food. He details his version using Velveeta and cream cheese combined with Rotel tomatoes, adjusting quantities based on whether making a large batch (big block) or standard (two-pound block). He adds two cans of diced green chilies and tomatoes, an eight-ounce softened block of Philadelphia cream cheese, and one pound of browned breakfast sausage. He instructs to cook it in a crockpot on low until melted, then season with ground cumin, black pepper, cayenne for heat, Mexican oregano, and a dash of hot sauce. After mixing, he keeps it warm on low. He notes that nearly every football party he has attended has featured this dip.
Entities people=Malcom Reed (Post Caption); products=processed cheese, diced tomatoes with green chilies, cream cheese, breakfast sausage, slow cooker, ground cumin, hot sauce
Author 【entity-Malcom Reed¦handle=@howtobbqright¦author_id=user-928266689326636187275】
AuthorURL https://www.instagram.com/howtobbqright
Verified
800K Followers
Language en


【475d】
URL https://www.instagram.com/reel/Dd6o87StxYO/
Type video
Created 2026-09-30 15:20:19 UTC
820 Likes
37 Comments
Summary: A woman wearing a light-blue hijab and striped shirt films in her home kitchen to test a viral 'chocolate cake made with black beans.' She explains she's seen the recipe repeatedly and is doubling it for her family of five. She adds rinsed black beans, sugar, melted butter, eggs, and vanilla to a blender, blends until smooth, then mixes in cocoa powder and baking powder before pouring the batter into a greased glass baking dish. While it bakes, she prepares a chocolate ganache by heating cream and stirring it into chocolate chips. After baking, she cuts a dense, brownie-like slice, tops it with ganache, and tastes it on camera. Her verdict is mixed: she acknowledges it may work for those with gluten allergies, but personally finds it doesn't taste like traditional cake, has visible bean remnants, and is disappointing compared to expectations. She concludes by advising viewers not to make it unless they have dietary restrictions.
Culture moment=black bean chocolate cake trend; significance=Part of ongoing social media health-hack baking trends promoting bean-based desserts.; origin=TikTok viral recipe culture
Entities people=Mirvat (Author Name); products=black beans canned, countertop blender, glass baking dish, semi-sweet chocolate chips, vanilla extract bottle
Author 【entity-Mirvat (aka Mimo)¦handle=@bakemydaymimo1¦author_id=user-683503794827629470494】
AuthorURL https://www.instagram.com/bakemydaymimo1
Verified
320K Followers
Language en


【b93d】
URL https://www.instagram.com/reel/DeH80f1Ervw/
Place 【place-Taqueria805¦place_id=591749992576187】
Type video
Created 2026-10-05 19:22:56 UTC
33 Likes
Summary: At night in Los Angeles, a person wearing a full red-and-blue Spider-Man costume is filmed at a street intersection. Text overlays read 'EVEN SPIDEY NEEDS ELOTE' and 'día normal en Los Ángeles 😂,' establishing a comedic tone. The costumed individual strikes a wide-legged hero pose on the crosswalk, then walks across as the traffic light changes. The scene shifts to a bustling outdoor night market with food stalls under tents. The Spider-Man character approaches a vendor, receives a green beverage in a plastic cup, and then is handed a large elote (Mexican street corn) covered in toppings. He holds the corn up, takes bites while walking through the market crowd, and continues eating as he moves past other patrons and stalls. The video, posted by @tacoroyalty with caption about mask half up and night market rules, presents a lighthearted, slice-of-life vignette celebrating street food culture, using the absurdity of a superhero doing something mundane as its central joke. No dialogue is heard; background music plays throughout.
Entities products=elote Mexican street corn, agua fresca
Humor type=Situational; explanation=The humor comes from situational incongruity: placing an instantly recognizable superhero, associated with saving cities and epic battles, into the utterly ordinary context of buying and eating Mexican street corn at a night market. The video leans on the cultural shorthand that Spider-Man is larger-than-life, then deflates that grandeur with the caption 'EVEN SPIDEY NEEDS ELOTE' and 'día normal en Los Ángeles,' suggesting this absurd sight is just routine in LA. Viewers familiar with superhero tropes expect action sequences, not a costumed figure patiently waiting for a drink and walking around chewing corn. The comedy is amplified by the deadpan presentation—no winking narration, just the visual of the tight suit moving through real crowds—which makes the mundane feel heroic and the heroic feel mundane. It taps into the broader internet trend of cosplayers inserting themselves into everyday life for relatable laughs, without relying on dialogue or slapstick.
Author 【entity-Taco Royalty 🌮👑¦handle=@tacoroyalty¦author_id=user-981626942490129866455】
AuthorURL https://www.instagram.com/tacoroyalty
110K Followers
Language en


【3f2b】
URL https://www.instagram.com/reel/Dd_5WRkpaCC/
Type video
Created 2026-10-02 16:19:05 UTC
59 Likes
3 Comments
Summary: A first-person video filmed inside a busy Chili's restaurant shows a diner trying the chain's 'viral Cheese pull' favorite. The clip opens with a hand lifting a piece of food, creating a long cheese stretch, then focuses on hands picking up a rectangular, sauce-glazed fried item from a paper-lined basket. The person pulls the item apart to reveal melted white cheese stretching between the two halves, emphasizing the texture. On-screen text reads 'Finally tried this viral Cheese pull fav at chili's' with the Chili's logo. The table also holds a bright orange cocktail, water glasses, and other dishes. The atmosphere is casual dining with background patrons and warm lighting. The creator's caption rates it '10/10 dosto' with heart emojis, indicating enthusiastic approval. The overall tone is upbeat and food-focused, set to lively instrumental music.
Culture moment=viral cheese pull food trend; significance=Highlights ongoing social media fascination with exaggerated cheese-pull visuals as a driver for restaurant visits.; origin=Originates from TikTok/Reels food content showcasing stretchy cheese dishes.
Entities products=saucy fried cheese appetizer, orange cocktail; places=Chili's
Author 【entity-Vrinda¦handle=@lifeofvrinda_¦author_id=user-773358306394891625709】
AuthorURL https://www.instagram.com/lifeofvrinda_
5.6K Followers
Language en


【86eb】
URL https://www.instagram.com/reel/DeC8c1mSFlQ/
Place 【place-Boo's Philly Cheesesteaks¦place_id=3202433756640112】
Type video
Created 2026-10-03 20:44:28 UTC
23 Likes
2 Comments
Summary: This is a short, close-up food video from Boo's Philly Cheesesteaks in Koreatown Los Angeles, posted October 3, 2026. A person wearing black gloves unwraps a foil-wrapped sandwich on paper, revealing a long hoagie roll filled with chopped chicken, sautéed green peppers, onions, mushrooms, and red peppers. The camera stays tight on the sandwich as a large quantity of bright orange melted cheese whiz is poured from a white cup directly over the entire length of the filling, coating it heavily. The video is set to an upbeat pop track with female vocals. The creator's caption reads ""It's all you ever wanted"" and includes hashtags like #cheeseislife and #chickencheesesteak, framing the dish as an indulgent, desirable item. The tone is purely promotional and appetizing, with no dialogue, people visible beyond hands, or narrative beyond showcasing the food.
Entities products=chicken cheesesteak sandwich, cheese whiz sauce; places=Boo's Philly Cheesesteaks
Author 【entity-Boo's 부가네¦handle=@boosphilly¦author_id=user-953681823130140355183】
AuthorURL https://www.instagram.com/boosphilly
Verified
48K Followers
Language en


【c911】
URL https://www.instagram.com/reel/Dd6TiCPRxl-/
Type video
Created 2026-09-30 12:20:04 UTC
120 Likes
130 Comments
Summary: A blonde woman in a navy 'KIND OF PREPPY' sweatshirt stands in a bright modern kitchen and demonstrates how to make the viral Trader Joe's Chicken Dumpling Bake. She begins by showing the ingredients on a tray: a bag of Trader Joe's Chicken Gyoza Potstickers, baby spinach, coconut milk, Soyaki sauce, Thai Red Curry Sauce, and minced garlic. She pours one can of coconut milk into a glass baking dish, then adds three tablespoons of Soyaki sauce, half a bottle of red curry sauce, and a couple teaspoons of minced garlic, stirring them together. She layers fresh spinach over the sauce, then arranges the frozen potstickers on top to fill the pan. She covers the dish with aluminum foil and states it should be baked at about 400 degrees for 35 to 40 minutes. After baking, the dish is shown bubbling with an orange-red sauce. She tastes it, describing the flavor as salty-sweet with a little kick, and calls it delicious and worth making. A teenage boy joins her to serve himself from the dish. She notes that if you have teen boys, you might want to double the batch because they will eat it quickly.
Culture moment=viral Trader Joe's dumpling bake; significance=References a popular social-media food trend centered on easy dump-and-bake meals.; origin=TikTok and Instagram recipe trend
Entities people=Angie Alles (Author Name); products=Trader Joe's Chicken Gyoza Potstickers, Trader Joe's Coconut Milk, Soyaki Sauce, Thai Red Curry Sauce, Minced Garlic, Baby Spinach, Glass Baking Dish, Aluminum Foil
Author 【entity-Angie Alles l Fat Loss Coach for Women 40+¦handle=@angiealles¦author_id=user-743299069172011794175】
AuthorURL https://www.instagram.com/angiealles
200K Followers
Language en",template,True,strong,实测美国人球赛日第一蘸酱 Rotel dip,party-dip-recipe,1,True,,False,,us-likely,US football food culture,False
2026-10-07,food,16,https://www.instagram.com/reel/Dd87cCqv7cm,@dilsefoodie,3500,18,0,583.3,0.0,0,2026-10-07,2026-10-01,6,True,This is a 2026 street-food feature by Indian food influencer Karan Dua (@dilsefoodie) show...,"This is a 2026 street-food feature by Indian food influencer Karan Dua (@dilsefoodie) showcasing 'Sardar Ji Ka Bike Se Restaurant' — identified on-screen as 'THE INDIAN ZAIKA NEAR KHALSA COLLEGE, CIVIL LINE, LUDHIANA.' The video opens with close-ups of a vendor in a pink check shirt and dark turban cooking on a large flat tawa. He mixes pre-cooked orange-colored rice (described as veg biryani made with soya chaap/gravy, soy chunks, peas, carrots) with a thick rajma curry, then plates it into foil containers, topping with grated cheese and cilantro. The vendor explains the dish is served from 11am to 11pm and that he uses only the gravy without chutney in his recipe. Later, Karan Dua, wearing a purple polo and yellow glasses, tastes the biryani at the stall and then sits indoors with another man in a red turban. They eat the biryani alongside rajma chawal, with side bowls of chopped onions and green chutney, and a glass of lassi. They discuss the flavor, noting the dish's popularity and that chutney is provided free. The tone is enthusiastic and promotional, focused entirely on the food preparation process and tasting experience. Data of event in content: 2026-10-01, Details: Post date matches the documented visit to the Ludhiana stall.",hook,True,none,,streetfood-vlog,5,True,,False,,non-us,"Ludhiana, India",False
2026-10-07,food,17,https://www.instagram.com/reel/Dd_VrP4o2Uu,@the_real_anamika21,26000,190,1000,500.0,0.286,2,2026-10-05,2026-10-02,5,True,A young woman in a white and pink floral dress watches a short video on her phone showing ...,"A young woman in a white and pink floral dress watches a short video on her phone showing someone eating a cucumber. Inspired, she prepares a similar snack in a home kitchen with pink walls. She washes a whole cucumber, peels it, cuts off the ends, and hollows out the center to create two cup-like pieces. She soaks tamarind in water, mashes it, and mixes in spices including red chili flakes. On a separate plate she combines salt and red chili powder, then dips the rims of the hollowed cucumbers into the mixture. She fills the cups with the tamarind liquid and carries them on a floral plate to an older woman in a red dress, presumably her mother. Both women taste the snack; their immediate reactions are intense sour/spicy grimaces, eye-squinting, and hand gestures indicating strong flavor, followed by laughter and claims that it is tasty. The video has a lighthearted, familial, viral-food-trend tone with continuous upbeat music.
Entities products=cucumber, kitchen knife, vegetable peeler, wooden cutting board, glass bowl, red chili powder
Humor type=Situational; explanation=The humor comes from the classic setup-payoff of preparing an extremely spicy snack and watching the mother's over-the-top reaction. The creator builds anticipation by carefully rimming the hollowed cucumber with chili powder and salt, filling it with tangy tamarind water, then presenting it innocently. The mother's initial skepticism turns into grimacing, fanning her mouth, and laughing through the pain, which contrasts with the creator's own exaggerated enjoyment. This relatable family dynamic—pranking a parent with spice—is a common trope in Indian food vlogs, and the authenticity of the reactions makes it funny rather than scripted. The video leans on situational irony: what looks like a healthy cucumber becomes a fiery challenge.
Author 【entity-Anamika Sharma¦handle=@the_real_anamika21¦author_id=user-123895326938946197904】
AuthorURL https://www.instagram.com/the_real_anamika21
1.5K Followers
Language en


【1d7e】
URL https://www.instagram.com/reel/Dd7q8nVOhKc/
Type video
Created 2026-10-01 00:58:17 UTC
71K Likes
180 Comments
Summary: The video is a two-part cooking compilation. First, a creator identified as 'ketosnackz' demonstrates a keto-style snack: he takes a pickle spear, places a raw chicken tender and a cheese stick on it, wraps the assembly in bacon, and puts it in an air fryer. The finished bite is dipped in white sauce. Second, a different man in a black t-shirt reacts to the clip, then recreates the recipe himself. He seasons and pan-cooks chicken tenders, lays out a pickle spear, adds cooked chicken and cheddar cheese, wraps everything tightly in raw bacon, and air-fries until crispy. While cooking, he mixes a dipping sauce from mayonnaise, milk, seasoning, pepper, and lemon juice. He removes the golden-brown bacon-wrapped bites, dips one in sauce and eats it with enjoyment, then adds hot sauce to another. A woman in a blue sports bra joins him, tries a bite, reacts positively, and they share the food together in a kitchen setting. The tone is casual, instructional, and appetizing.
Entities people=Eric Ochoa (Author Name); products=pickle spears, chicken tenders, cheese slices, bacon strips, air fryer, garlic salt, mayonnaise
Author 【entity-Eric Ochoa¦handle=@supereeego¦author_id=user-815563871512980921327】
AuthorURL https://www.instagram.com/supereeego
Verified
1.1M Followers
Language en


【1ec4】
URL https://www.instagram.com/reel/Dd9NycnxljU/
Type video
Created 2026-10-01 15:21:55 UTC
100K Likes
100 Comments
Summary: This is a fast-paced cooking reel by creator @thecheftal from Charlotte, NC, demonstrating how to make 'chicken tacos' for a lazy meal prep. The video opens with raw chicken thighs placed in a speckled white bowl, then seasoned generously with oil, black pepper, dried herbs, paprika, garlic powder, and other spices, which are massaged in by gloved hands. In parallel, garlic cloves, jalapeños, and onion quarters are roasted in a pan, then blended into a green salsa. The marinated chicken is seared in a pink skillet until browned and crispy. Meanwhile, fresh toppings are prepped on a wooden board: diced red onion, diced tomato, chopped cilantro, sliced limes, and an avocado which is mashed with the same vegetables, lime juice, and seasoning to create a guacamole-like mix. Tortillas are fried in the leftover chicken fat in the pan, topped with shredded Mexican cheese and pieces of the cooked chicken, then folded into crispy tacos. The finished tacos are plated and loaded with the fresh pico and avocado mixture. The overall tone is casual, instructional, and appetizing, aimed at home cooks looking for an easy recipe.",template,True,strong,黄瓜杯+酸辣酱：挖空不翻车的技巧一次讲清,cucumber-cup-viral,5,True,,False,,unknown,"English, South Asian creator, unclear market",True
2026-10-07,food,18,https://www.instagram.com/reel/Dd5HoeXSK2O,@star_dancer_007,12000,64,1000,500.0,0.429,3,2026-10-04,2026-09-30,7,True,"The video shows an outdoor evening food stall, likely at a fair or event, with red and cre...","The video shows an outdoor evening food stall, likely at a fair or event, with red and cream drapes in the background. A vendor on the left fills hollow fried balls (pani puri/golgappa) from a large plastic bag into a metal container of flavored water. A man in a dark button-down shirt and light pants stands waiting with his hand on his hip, then holds out a green disposable plate to receive the snack. He takes a bite while another customer in white traditional attire also gets served. The clip includes an overlaid Instagram profile header for 'Arjun sonkar' showing 180K followers, and animated blue emoji stickers appear over the table. The audio is upbeat Indian folk/pop music with male vocals. The overall tone is casual and observational, documenting everyday street food culture.
Entities people=Arjun sonkar (Post Caption); products=pani puri shells, metal serving pot
Author 【entity-Arjun sonkar¦handle=@star_dancer_007¦author_id=user-879998763989603310494】
AuthorURL https://www.instagram.com/star_dancer_007
190K Followers
Language en


【6fe3】
URL https://www.instagram.com/reel/Dd88lZ_zl7E/
Type video
Created 2026-10-01 12:49:53 UTC
2.5K Likes
5 Comments
Summary: A short-form social media Reel filmed at a street-food stall in Varanasi shows a male vendor making jalebi. He fills a small earthen pot with thick pale batter from a large metal basin, then skillfully squeezes the batter into a wide, blackened karahi of hot oil, creating continuous coiled spirals that fry and turn golden. He flips and removes the finished jalebis with a large mesh strainer, piling them onto a tray. Throughout, an upbeat Hindi film song plays in the background. Persistent on-screen Hindi text reads, 'इस song पर Reels बनाने पर 2 घंटे में 1million view आता है 😍' — claiming the audio guarantees one million views in two hours. The tone is appetizing and demonstrative, typical of Indian street-food content, with no dialogue, violence, or adult themes.
Entities products=jalebi sweet, clay pot
Author 【entity-CLOINDIA FOOD¦handle=@cloindiafood¦author_id=user-018396500541778736662】
AuthorURL https://www.instagram.com/cloindiafood
200K Followers
Language en


【a446】
URL https://www.instagram.com/reel/Dd_ELrcxAta/
Type video
Created 2026-10-02 08:35:26 UTC
150 Likes
6 Comments
Summary: A short-form social media reel filmed at an outdoor street food stall in India shows a young male vendor, identified in the caption as South Indian chef Nar Singh Thakur, making masala dosa. Wearing a light-colored shirt, he works at a large flat-top griddle, using a small bowl to spread white dosa batter in a wide circular spiral motion. He prepares two dosas side-by-side, then adds a yellow potato masala filling to each. The setting is a busy sidewalk with plastic chairs, a red umbrella, and other shops visible in the background, including a juice stall. Upbeat Hindi music plays throughout. The video's tone is casual and promotional, typical of viral food content, showcasing the skill and speed of street-food preparation without any dialogue, jokes, or risky content.
Entities products=masala dosa
Author 【entity-Nar Singh Thakur¦handle=@nar_singh__78¦author_id=user-248971982856141954375】
AuthorURL https://www.instagram.com/nar_singh__78
30K Followers
Language en


【fff4】
URL https://www.instagram.com/reel/Dd_l1HSIZji/
Type video
Created 2026-10-02 13:29:36 UTC
620 Likes
5 Comments
Summary: A short-form comedy reel set at an Indian street-side pani puri stall. A woman in a blue-floral shirt orders a plate of pani puri from a male vendor in a brown graphic tee. As he prepares the puris by filling them with green-colored spiced water from large earthen pots labeled 'Jal Jira,' she tastes one and repeatedly complains that the water lacks flavor, asking for 'another water.' The vendor, smiling and wearing gloves, continues to serve her from the same pot, insisting it is his 'special pani.' Their playful Hindi exchange escalates with exaggerated expressions of surprise and delight from both. The background shows a busy street with traffic, shops including a 'Nail O Bar,' and upbeat Indian pop music. After several rounds of tasting and joking, she pays him 30 rupees, thanks him, and the clip ends with the vendor laughing heartily. The tone is cheerful, relatable street-food humor.
Entities places=Nail O Bar
Humor type=Situational; explanation=The humor arises from the classic situational comedy trope of a customer demanding variety while the vendor pretends to comply but delivers the same item, creating a bait-and-switch dynamic familiar to anyone who has haggled at Indian street stalls. The repetition builds anticipation, and the payoff—declaring ordinary water 'special'—subverts expectations. Exaggerated reactions, the woman's mock threat to not pay, and the vendor's theatrical 'idea' moment amplify the comedy. The cultural specificity of pani puri, where water flavor is central, makes the premise instantly recognizable to South Asian audiences, while the universal theme of playful customer-vendor banter ensures broad appeal. The loud laughter and expressive faces signal shared enjoyment rather than genuine conflict.
Author 【entity-AARNA BHADORIYA¦handle=@aarna_bhadoriya1¦author_id=user-360366596124129634054】
AuthorURL https://www.instagram.com/aarna_bhadoriya1
Verified
230K Followers
Language en


【eb87】
URL https://www.instagram.com/reel/Dd9Ft2PzMsp/
Type video
Created 2026-10-01 14:10:16 UTC
11K Likes
220 Comments
Summary: The video documents a visit to a popular Delhi street-food spot known as 'Chacha Ke Bhature' for its chole-bhature. It opens with close-ups of the dish being prepared — dough being shaped and deep-fried into puffed bhature, served with chole, sliced onions, and lassi in clay cups. A man in a light-blue shirt is shown eating enthusiastically at a small table inside the shop, which has signage for 'CDH' and 'Lassi Shakes.' He is joined by another man wearing a teal kurta and red turban, along with several others including two young women. The group walks together down a sunny commercial street lined with shops like 'Jawed Habib' and 'Lee,' conversing in Hindi. The audio reveals they are reminiscing about their college days at Karolimal College nearby, noting that the taste of the chole-bhature remains the same after many years. The video returns to the shop where they continue eating and interacting with the staff, emphasizing nostalgia, community, and the enduring appeal of the local food.
Entities people=Parvesh Sahib Singh (Author Name); products=chole bhature, lassi; places=Kamla Nagar Market, Chacha Ke Bhature
Author 【entity-Parvesh Sahib Singh¦handle=@parveshsahibsingh¦author_id=user-245771653255106027553】
AuthorURL https://www.instagram.com/parveshsahibsingh
Verified
300K Followers
Language en


【36e3】
URL https://www.instagram.com/reel/DeViWb_BScF/
Type video
Created 2026-10-03 02:00:04 UTC
2.1K Likes
27 Comments
Summary: A short-form social media video documents the creation of a viral chocolate dessert. It opens in a supermarket refrigerated aisle where a hand selects an Almarai Dutch Chocolate Milk bottle, then moves to dairy shelves to pick up Almarai chocolate pudding cups, and later grabs Galaxy chocolate bars and packages of Sabahoo chocolate cake from a bakery shelf. The scene shifts to a kitchen counter where the items are laid out next to a wicker basket of apples and pomegranates. The creator assembles the dessert in a clear rectangular plastic container: placing a whole Sabahoo chocolate cake slice inside, pouring Almarai chocolate milk over it, sprinkling broken pieces of Cadbury Flake chocolate, adding a second cake layer, pouring more chocolate milk, then topping with the creamy Almarai chocolate pudding spread smooth with a spoon. Finally, chopped Galaxy chocolate pieces are scattered on top as garnish. The video ends with close-ups of a spoon scooping through the layered, moist chocolate mixture, emphasizing texture. The overall tone is indulgent and satisfying, typical of foodie/ASMR content, set to light instrumental music. The post is credited to @ft.najmaa and tagged with chocolate, food, and Oman-related hashtags.
Entities products=Dutch Chocolate Milk bottle, Chocolate Pudding cup, Chocolate bar, Chocolate Sponge Cake package, Flaky chocolate bar
Author 【entity-نجمة¦handle=@ft.najmaa¦author_id=user-892010724712007962848】
AuthorURL https://www.instagram.com/ft.najmaa
90 Followers
Language en


【1af4】
URL https://www.instagram.com/reel/DeJxtdluacy/
Type video
Created 2026-10-06 12:26:17 UTC
1K Likes
22 Comments
Summary: A male creator wearing a black turban, glasses, and a grey HRX t-shirt conducts a '₹500 NON-VEG HUNT CHALLENGE' at night at 'FATTY'S MOMOS' located in front of Mukherjee Park, Chaukhandi, Tilak Nagar, Delhi. He presents four items purchased within his budget: Chicken Seekh Kabab (2 pieces for ₹160), Chicken Tikka (5 pieces for ₹120), Chicken Momos (5 pieces for ₹80), and Keema Kulcha (₹160). The video shows close-ups of the food being prepared — minced chicken shaped onto skewers and grilled, tikka pieces charred, momos steamed, and keema cooked on a large griddle served with kulcha bread. He tastes each item, breaks open the kabab to show its soft interior, dips momos in red chutney, and eats the keema kulcha while giving positive reactions. On-screen graphics track the running total, which reaches ₹520, slightly over ₹500. He interacts briefly with the vendor, who wears a branded apron. The overall tone is enthusiastic and promotional, focused on value, taste, and freshness of the street food.
Entities people=Pujneet Singh (Post Caption); products=Chicken Seekh Kabab, Chicken Tikka, Chicken Momos, Keema Kulcha; places=Fatty's Momos
Author 【entity-Pujneet Singh aka Bhooka Saand¦handle=@bhookasaand¦author_id=user-882957494289028171184】
AuthorURL https://www.instagram.com/bhookasaand
Verified
190K Followers
Language en


【9f95】
URL https://www.instagram.com/reel/DeC0zwxtSFM/
Type video
Created 2026-10-03 19:38:46 UTC
2.2K Likes
280 Comments
Summary: In this October 2026 social media video, entrepreneur Bethenny Frankel reviews the viral MYKA Greek Frozen Yogurt truck, which was operating in Miami's Brickell neighborhood. The video cuts between two settings: Frankel lying indoors in a white robe speaking directly to camera, and nighttime street footage of the illuminated MYKA truck. On-screen text repeats 'You are all on lines a mile long for this...' while she narrates that she did not like the product. She states she tried it multiple times, wanted to like it, and has enjoyed similar treats before, but found fault with both the yogurt's taste and the toppings. Visuals show the truck's menu ($9.90 for a flavor with two toppings), topping bowls including chocolate crumble and berry crumble, and staff serving customers. Her caption adds 'I'm good on this... give me my sprinkles and nonpareils,' reinforcing her preference for traditional ice cream toppings over the Greek yogurt offering. The overall tone is direct, slightly exasperated, and critical of a hyped food trend.
Culture moment=viral food truck trend; significance=Illustrates how social-media hype creates long lines for niche desserts, prompting influencer backlash.; origin=TikTok-driven popularity of MYKA Greek yogurt",hook,True,none,,streetfood-vlog,5,True,,False,,non-us,South Asian fair stall,False
2026-10-07,food,19,https://www.instagram.com/reel/DeCOgwIhnvE,@imashleybreannn,8500,220,800,400.0,0.286,2,2026-10-05,2026-10-03,4,True,"This is a bright, fast-paced cooking tutorial posted October 3, 2026, by creator Ashley Br...","This is a bright, fast-paced cooking tutorial posted October 3, 2026, by creator Ashley Breann (@imashleybreannn). The video demonstrates how to recreate the viral Lobster Caesar Wrap from @broadstreetoysterco at home with a personal twist. On-screen text reads 'LET'S MAKE A LOBSTER CAESAR WRAP' throughout. The process begins with making lemon parmesan breadcrumbs by toasting panko in butter and oil, then mixing with grated parmesan, lemon zest, and chives. Next, a Calabrian chili Caesar dressing is prepared by combining store-bought Caesar dressing with chopped Calabrian peppers. Frozen wild-caught Atlantic lobster meat is sautéed in melted butter with sliced garlic, then finished with lemon juice and chives. Finely chopped romaine lettuce is tossed with the spicy Caesar dressing. Assembly occurs on a large flour tortilla layered with the dressed lettuce, breadcrumbs, warm lobster meat, and additional grated parmesan before being tightly rolled and sliced in half. The final shots show the cross-section of the wrap and dipping it into extra Calabrian chili Caesar sauce. The setting is a sunlit kitchen with white roses in the background, and the creator's hands with red nail polish are visible throughout. The tone is instructional, appetizing, and celebratory, set to an energetic dancehall/reggae track.
Culture moment=viral lobster Caesar wrap trend; significance=Reflects TikTok-era food recreation culture where restaurant dishes are copied at home.; origin=Broad Street Oyster Co",template,True,strong,在家复刻网红龙虾凯撒卷：成本 vs 店里对比,viral-wrap-recreation,2,True,,False,,unknown,"English, no clear markers",False
2026-10-07,food,20,https://www.instagram.com/reel/Dd_iyOnzN8K,@mummyinthekitchen01,1200,13,0,240.0,0.0,0,2026-10-07,2026-10-02,5,True,This is a short-form cooking reel by Indian food creator Sunita Chauhan (@mummyinthekitche...,"This is a short-form cooking reel by Indian food creator Sunita Chauhan (@mummyinthekitchen01) from Lucknow, posted October 2, 2026, demonstrating the 'Viral Cucumber Imli Chaat.' Set in a sunlit kitchen, she prepares a sweet-sour-spicy tamarind filling by soaking dried tamarind in water, mashing it, and mixing in red chili powder, salt, and other spices. She then peels a whole cucumber, cuts off the top, hollows out the center with a knife, and drains the extracted pulp and juice into a small bowl. The cucumber's rim is coated in a separate mix of red chili powder and salt. Finally, she spoons the seasoned tamarind mixture back into the hollowed cucumber, creating an edible cup, and eats it with visible enjoyment. The video has an upbeat, appetizing tone with lively Indian folk-pop music playing throughout, emphasizing the 'khatta, meetha, teekha' (sour, sweet, spicy) flavor profile.
Culture moment=viral cucumber imli chaat trend; significance=Reflects Indian street-food fusion trend popular on reels in 2026.; origin=Indian social media food creators
Entities products=cucumber, tamarind pulp, red chili powder
Author 【entity-Sunita Chauhan¦handle=@mummyinthekitchen01¦author_id=user-289251453464479203172】
AuthorURL https://www.instagram.com/mummyinthekitchen01
53K Followers
Language en


【e144】
URL https://www.instagram.com/reel/DeAZmhmEz7o/
Type video
Created 2026-10-02 23:01:59 UTC
3.5K Likes
67 Comments
Summary: In a kitchen studio branded 'THE BURGER SHOW,' a chef wearing a black apron and beanie presents his researched recipe for Big Mac special sauce. Speaking directly to camera, he states the internet is obsessed with the sauce but insists there is no ketchup in it, telling viewers who add ketchup they are wrong. After claiming to have tested the formula 100 times, he builds the sauce in a metal bowl: three parts mayonnaise, one part American yellow mustard, one part caramelized onions, one part roasted garlic puree (garlic cooked down in olive oil), one part sweet relish (explicitly not dill), sweet paprika for color (warning against smoked paprika), sugar, and a tablespoon of pickle juice. He mixes the ingredients thoroughly, tastes the result with a spoon, and reacts with satisfaction, declaring 'That's it. That's the one.' The video is instructional, fast-paced, and focused entirely on food preparation with no sexual, violent, or disturbing content.
Culture moment=copycat fast-food recipe trend; significance=Reflects ongoing social media interest in reverse-engineering iconic restaurant sauces.; origin=Popularized by food creators on TikTok and Instagram Reels.
Entities products=mayonnaise, yellow mustard, caramelized onions, roasted garlic puree, sweet relish, paprika, pickle juice, sesame seed bun
Author 【entity-First We Feast¦handle=@firstwefeast¦author_id=user-354630680221416461531】
AuthorURL https://www.instagram.com/firstwefeast
Verified
2.5M Followers
Language en


【4ca3】
URL https://www.instagram.com/reel/Dd9CdY3CKN6/
Type video
Created 2026-10-01 13:45:59 UTC
860 Likes
72 Comments
Summary: In a modern home kitchen, creator Erica Eckman (@everythingerica) demonstrates a viral 'burger without a bun' hack. Wearing a black zip-up hoodie, she dips round rice paper sheets in whisked egg (noting about 60 calories), drapes them over a small bowl to form a cup, then layers in two cooked burger patties, a slice of cheese, pickles, and sauce. She folds the egg-soaked rice paper over the filling like a pocket, places it on parchment, and air-fries it at 380 degrees for about 10 minutes until puffy and golden. After cooking, she cuts the finished item in half on a wooden board to reveal the layered interior of meat, melted cheese, and pickle, holding it up to the camera with an enthusiastic reaction. The tone is upbeat and instructional, promoting the recipe as low-calorie, high-protein, and the 'only way to eat a burger from now on.'
Culture moment=viral rice paper burger trend; significance=Reflects ongoing social media interest in low-carb, high-protein swaps for classic comfort foods.; origin=creator notes 'it's been all over the internet'",template,True,strong,印度博主的爆款黄瓜杯：在家复刻看合不合口味,cucumber-cup-viral,5,True,,False,,non-us,"Lucknow, India",False
2026-10-07,food,21,https://www.instagram.com/reel/DeG1zErx1xH,@curvysam,430,7,0,215.0,0.0,0,2026-10-07,2026-10-05,2,True,A woman with long curly red hair in a grey t-shirt presents a cooking tutorial for 'viral ...,"A woman with long curly red hair in a grey t-shirt presents a cooking tutorial for 'viral carrot buttons.' The video opens with her holding a bowl of finished orange ring-shaped dumplings topped with herbs and sauce, which she eats with chopsticks. She then shows the preparation steps: chopped carrots on a wooden board, mashing boiled carrots in a metal bowl, adding glutinous rice flour from a labeled bag, and kneading the mixture into an orange dough. She rolls small pieces into balls, presses an indentation into each with a yellow tool, and boils them in water until they float. For the sauce, she heats sesame oil with minced garlic and ginger, pours it over the cooked buttons in a serving bowl, then adds chopped spring onion, cilantro, Chinkiang vinegar, soy sauce, and chili oil. She finishes by tasting the dish and expressing enjoyment. The tone is instructional and enthusiastic, focused entirely on the recipe.
Entities products=glutinous rice flour, chinkiang vinegar, soy sauce, chopsticks
Author 【entity-CurvySam ~ Virtual Plus Size BFF¦handle=@curvysam¦author_id=user-622749829673644843392】
AuthorURL https://www.instagram.com/curvysam
Verified
60K Followers
Language en


【1c19】
URL https://www.instagram.com/reel/DeHSgMnsXq4/
Type video
Created 2026-10-05 13:14:16 UTC
3.2K Likes
64 Comments
Summary: In a modern kitchen with marble counters and pendant lights, creator @andycasadoro — identified as a chef/fitness lifestyle personality — films a cooking tutorial for Pesto Alla Trapanese while shirtless and wearing only a brown towel around his waist. Set to upbeat Latin music, he demonstrates the recipe step-by-step: struggling comically to open a pasta package, blanching cherry tomatoes in boiling water then shocking them in ice, peeling them, adding them to a blender with fresh basil leaves, almonds, garlic, olive oil, and grated cheese, then blending into a creamy orange sauce. He boils caserecce pasta, tosses it with the sauce, tops it with chopped almonds, more cheese, and basil leaves, and tastes it with exaggerated enjoyment. The overall tone is lighthearted, sensual, and promotional, using his physique as the primary visual draw alongside the food preparation, consistent with viral food-reel trends in 2026.
Entities people=Andy Casadoro (Post Caption); products=cherry tomatoes, fresh basil plant, almonds, olive oil bottle, hard cheese wedge, caserecce pasta, countertop blender, cream colored cooking pan
Humor type=Self-deprecating; explanation=The humor comes from the creator acknowledging a mundane struggle—opening a pasta package—and turning it into a flirtatious invitation, which is funny because it subverts the expected serious cooking tutorial format. By presenting himself shirtless in a towel while performing basic kitchen tasks, he creates situational comedy where the contrast between domestic activity and overt physical display generates amusement. The caption's laughing emoji signals self-awareness, and the repeated musical refrain about needing 'a little grace' ironically underscores his clumsy yet confident performance. This aligns with the popular social media trend of combining food content with thirst-trap aesthetics, where the joke is not the recipe itself but the creator's willingness to use his body as the main ingredient for views.
Author 【entity-ANDY¦handle=@andycasadoro¦author_id=user-751417402594816148113】
AuthorURL https://www.instagram.com/andycasadoro
120K Followers
Language en


【bafd】
URL https://www.instagram.com/reel/DeHBNurJPTI/
Type video
Created 2026-10-05 10:43:05 UTC
1.3K Likes
160 Comments
Summary: A male creator in a home kitchen wearing a brown shirt and light blue apron presents a viral 'Turkish kebab' pasta recipe he describes as delicious and outrageously simple. The video opens with close-ups of the finished dish—a white bowl containing fusilli pasta topped with seasoned ground beef, halved cherry tomatoes, fresh parsley, dollops of white yogurt sauce, and a drizzle of orange-colored oil. He then demonstrates the cooking process: adding one pound of ground beef to a hot pan, seasoning it with one teaspoon each of Jamaican curry powder, paprika, garlic powder, onion powder, salt, and pepper, and cooking until crispy before adding diced yellow onion and three cloves of garlic. For the sauce, he mixes two cups of Greek yogurt with minced garlic, lemon zest, and salt. To assemble, he places cooked pasta in a bowl, adds the yogurt sauce, tops with the crispy beef mixture, garnishes with tomatoes and parsley, and finishes with the oil drizzle. He tastes the dish, encourages viewers to 'make this, save it,' calls it a 'must make,' and asks them to follow for more approachable recipes.
Culture moment=viral Anna Paul Turkish pasta recipe; significance=References an internet-famous dish to leverage existing trend interest.; origin=social media food trend
Entities people=Andy Hay (Post Caption); products=ground beef, Greek yogurt, rigatoni pasta, frying pan, cherry tomatoes
Author 【entity-Andy Hay¦handle=@andyseastcoastkitchen_¦author_id=user-962073976562159555142】
AuthorURL https://www.instagram.com/andyseastcoastkitchen_
Verified
2M Followers
Language en


【a6b1】
URL https://www.instagram.com/reel/DeAScjwh4M9/
Place 【place-Beyond Meat¦place_id=1245244812974251】
Type video
Created 2026-10-02 19:58:53 UTC
1.8K Likes
23 Comments
Summary: This is a short-form cooking video demonstrating how to make plant-based 'cheeseburger bombs.' The creator, identified via caption as @theveganpigeon in partnership with Beyond Meat, prepares soft dough balls stuffed with seasoned Beyond Beef ground, dairy-free cheddar, sautéed onions, pickles, and a creamy burger sauce made from dairy-free mayo, ketchup, mustard, vinegar, and spices. The process is shown step-by-step: browning the plant-based meat with seasonings, caramelizing diced onions, mixing the sauce, rolling out canned biscuit dough, assembling each bomb with cheese, meat, sauce, onions and pickles, sealing the dough, brushing with butter, topping with sesame seeds, and baking until golden brown. The finished product is presented on a white plate with dipping sauce, then broken open to show the filling, dipped, and held up by the smiling creator in a home kitchen. On-screen text reads 'cheeseburger bombs but make it plant based.' The tone is upbeat, appetizing, and promotional for plant-based eating, emphasizing that the recipe is easy and delicious.
Entities products=plant-based ground beef, canned biscuit dough, dairy-free cheddar cheese slices
Author 【entity-Beyond Meat¦handle=@beyondmeat¦author_id=user-440955181303147804171】
AuthorURL https://www.instagram.com/beyondmeat
Verified
1.1M Followers
Language en


【77b3】
URL https://www.instagram.com/reel/DeFIQ9ihnVA/
Type video
Created 2026-10-04 17:07:20 UTC
2.2K Likes
170 Comments
Summary: This is a short-form cooking tutorial from creator Josh Gale (@thechefoutwest), posted October 4, 2026, demonstrating his 'viral rice paper spiral hack' for a ham and cheese sandwich. The video opens with the finished product—a golden, seasoned spiral—being sliced open to reveal layers of ham, melted cheese, mustard, and pickles, with a prominent cheese pull. The creator narrates his obsession with the perfect ham and cheese sandwich and explains he made it bread-free because he and Mackenzie are 'trying to cut out bread.' The process shown is methodical: whisking eggs, dipping rice paper sheets, laying them on a board, stacking ham slices, drizzling yellow mustard, adding chopped pickles and shredded mozzarella, rolling tightly, coiling into a spiral, brushing with oil and barbecue seasoning, then baking until crispy. The tone is enthusiastic, instructional, and promotional, ending with a call to follow and comment 'YUM' for the recipe. While visually benign and family-friendly, the content includes mild diet-culture messaging and clear engagement-bait tactics.
Entities products=ham slices, shredded mozzarella cheese, rice paper sheets, eggs, yellow mustard, chopped pickles, barbecue seasoning
Author 【entity-Josh Gale¦handle=@thechefoutwest¦author_id=user-071973122922111655288】
AuthorURL https://www.instagram.com/thechefoutwest
860K Followers
Language en


【29b2】
URL https://www.instagram.com/reel/DeAWhiTy5iq/
Type video
Created 2026-10-02 20:37:54 UTC
960 Likes
1.1K Comments
Summary: The video is a fast-paced recipe tutorial for savory Cheddar Shortbread crackers presented by creator Kelly Senyei (@justataste). It opens with a finished log being sliced on a wooden board, then rewinds to show the process: pouring an everything-bagel-style seed mix into a dish, combining flour and shredded cheddar in a glass bowl, adding melted butter, mixing into a dough, forming it into a log wrapped in plastic, chilling, then rolling the log in the seed mixture until coated. The coated log is sliced into rounds, arranged on parchment, and baked. The final shots show the golden crackers displayed on a large charcuterie board alongside cubed cheeses, green grapes, pistachios, and red pepper jelly. A hand tops a cracker with jelly and cheese, and the creator, wearing a blue polo, holds one up, smiles, and takes a bite. On-screen text reads ""POV: Your appetizers just got a glow up"" throughout. The tone is bright, instructional, and appetizing, aimed at easy party entertaining.
Culture moment=charcuterie board trend; significance=Reflects ongoing social media popularity of elevated, make-ahead appetizers for gatherings.; origin=food influencer culture on Instagram and TikTok",template,True,strong,胡萝卜纽扣饺子：实测糯米粉版会不会粘牙,viral-veggie-snack,1,True,,False,,unknown,"English, no clear markers",False
2026-10-07,food,22,https://www.instagram.com/reel/Dd6vBCLNd_S,@liranrozenn,8200,250,400,200.0,0.714,5,2026-10-02,2026-09-30,7,True,"A woman with long brown hair and red lipstick, wearing a white and red striped 'BOSTON' je...","A woman with long brown hair and red lipstick, wearing a white and red striped 'BOSTON' jersey, recreates a viral Caesar salad wrap she saw online from 'Vinny's Cafe' in London. The video opens with her holding the finished wrap and pouring creamy dressing over it, then cuts to footage from the cafe showing a worker assembling the massive salad-filled wrap. Back at home, she makes the dressing from scratch using mayo, mustard, garlic, and lemon juice, then tosses romaine lettuce, cooked chicken, croutons, and red onion with the dressing. She places the entire salad mixture onto a large flour tortilla, carefully folds and rolls it tightly while wearing black gloves, and cuts it in half to reveal the packed interior. She then pours more dressing over the cut wrap and eats it enthusiastically, expressing enjoyment through facial expressions and on-screen Hebrew text. The tone is energetic, instructional, and focused on the sensory experience of the food.
Entities people=Liran Rozen (Post Caption); products=Walkers Max Paprika chips, large flour tortilla, mayonnaise, olive oil, grilled chicken breast, romaine lettuce; places=Vinny's Cafe, home kitchen
Author 【entity-Liran Rozen | לירן רוזן¦handle=@liranrozenn¦author_id=user-061651571396736140755】
AuthorURL https://www.instagram.com/liranrozenn
Verified
140K Followers
Language en


【0f63】
URL https://www.instagram.com/reel/Dd-ajTNJiD5/
Type video
Created 2026-10-02 02:30:04 UTC
8.7K Likes
240 Comments
Summary: A male chef in a white coat and blue gloves presents a 'Viral Stuffed Cucumber Recipe' in a commercial kitchen. He begins by holding two peeled cucumbers, then washes them thoroughly under running water. He peels the cucumbers, cuts each into two equal pieces, and carefully hollows out the seeds to create cup-like vessels. For the filling, he blends 100 grams of paneer with 80 ml of milk, 1 tablespoon of honey, and 1/4 teaspoon of salt into a smooth paste. He then dips the rim of each hollowed cucumber first in chaat masala and then in red chili powder, fills them with the creamy paneer mixture, and garnishes the top with sev. The finished dish—four cucumber cups filled with white cream and topped with red spice—is displayed on a black plate. The chef and a colleague taste the recipe together, reacting positively. The video has an upbeat, instructional tone with Hindi music playing throughout, and is credited to Chef Rohit Chandra.
Culture moment=viral stuffed cucumber recipe trend; significance=Reflects ongoing social media interest in creative, healthy Indian street-food-inspired snacks.; origin=Popularized through Instagram Reels and YouTube Shorts cooking creators.",template,True,strong,复刻伦敦网红店凯撒卷：在家做看差在哪,viral-wrap-recreation,2,True,,False,,non-us,London cafe,False
2026-10-07,food,23,https://www.instagram.com/reel/Dd8iw7EvQXv,@jahankitchen06,4700,5,200,100.0,0.286,2,2026-10-05,2026-10-01,6,True,This is a short-form cooking reel titled 'viral spicy Cucumber' posted by @jahankitchen06 ...,"This is a short-form cooking reel titled 'viral spicy Cucumber' posted by @jahankitchen06 (Nusrat Jahan) on October 1, 2026. Set to upbeat background music, the video demonstrates how to make a popular street-style spicy cucumber snack. A hand peels a whole cucumber, then uses a spoon to scoop out the seeds from one end to create a hollow cup. In a bowl, dried tamarind is soaked and mashed into a dark liquid, then mixed with red chili powder, other spices, and lime juice. Separately, a dry spice mix of red chili powder and seasonings is prepared on a plate. The hollowed cucumber pieces are dipped rim-first into the dry spice, placed upright in small glasses, and filled with the wet spicy tamarind sauce. The finished cups are garnished with chopped cilantro and shown being eaten. The tone is bright, appetizing, and instructional, typical of viral food content.
Entities products=fresh cucumber, red chili spice powder, tamarind pulp
Author 【entity-Nusrat jahan¦handle=@jahankitchen06¦author_id=user-052933221261576736068】
AuthorURL https://www.instagram.com/jahankitchen06
40K Followers
Language en",template,True,strong,街头风辣黄瓜杯：挖空技巧+调酱比例,cucumber-cup-viral,5,True,,False,,unknown,"English, unclear market",True
2026-10-07,food,24,https://www.instagram.com/reel/Dd_FShfsBKL,@itzshauni,7000,20,100,50.0,0.286,2,2026-10-05,2026-10-02,5,True,"A young woman with long wavy brown hair with bright pink streaks, wearing a light blue hoo...","A young woman with long wavy brown hair with bright pink streaks, wearing a light blue hoodie, attempts to make an 'Oreo Lava Cake' in her kitchen after watching a viral-style AI-generated tutorial. The tutorial, featuring a 3D animated man in a purple shirt, instructs her to drop Oreos into a mug, smash them with a spoon, add a splash of milk and flour, mix, and microwave for 90 seconds. She replicates each step using a green mug that says 'PETS NOT PEOPLE,' crushing the cookies with a fork, adding milk from a glass, stirring in flour, and microwaving the mixture. After cooking, she removes the dark, dense-looking mug cake, tastes it on a fork, and reacts with visible disappointment and surprise, describing it as looking disgusting and noting it slaps rather than being gooey. The tone is lighthearted and comedic, contrasting the polished AI demo with her real-world messy result.
Entities products=Oreo chocolate sandwich cookies
Humor type=Situational; explanation=The humor arises from the classic expectation-versus-reality gap common in viral cooking videos. The polished, confident AI avatar presents a perfect 'yummy Oreo lava cake' with clean animations, while the real creator's version emerges dark, lumpy, and visually unappealing. Her exaggerated facial reactions—from hopeful to horrified to begrudgingly impressed—mirror the audience's own skepticism about 2-ingredient hacks. This self-deprecating participation in a known internet trope, where overly simple recipes rarely deliver, creates situational comedy without scripted jokes, relying on authentic disappointment and the universal experience of failed DIY food trends.
Author 【entity-Shauni 🫶¦handle=@itzshauni¦author_id=user-266669659465866125961】
AuthorURL https://www.instagram.com/itzshauni
Verified
520K Followers
Language en


【4f7e】
URL https://www.instagram.com/reel/DeE8Ai6Odmo/
Type video
Created 2026-10-04 15:21:37 UTC
3K Likes
380 Comments
Summary: A person wearing a denim apron prepares a large Creamy Chicken Cobb Salad in a white bowl with a red rim on a wooden surface. The video opens with the finished salad being drizzled with a pale green creamy dressing, then rewinds to show the build: chopped romaine lettuce is placed in the bowl and seasoned, followed by diced cooked chicken, halved soft-boiled eggs with orange yolks, crumbled crispy bacon cut with scissors, sliced avocado, halved cherry tomatoes, shredded cheese, and chopped green onions arranged in sections. A thick creamy jalapeño dressing is poured over the top from a glass jar, and two wooden spoons are used to toss everything together until coated. On-screen text reads 'Let's make a creamy Cobb.' The creator's caption promotes the recipe as a viral Sunday dinner, mentions using @celticseasalt, and links to nocrumbsleft.net for a Whole30 version. The tone is bright, instructional, and food-focused, posted by blogger Teri Turner (@nocrumbsleft) in October 2026.
Culture moment=viral recipe; significance=Reflects the ongoing social media trend of sharing visually appealing, protein-rich salads as meal replacements.; origin=Instagram/TikTok food content culture",hook,True,weak,跟着 AI 生成的教程做甜品：翻车还是成功,ai-recipe-vs-reality,1,True,,False,,unknown,"English, no clear markers",False
2026-10-07,food,25,https://www.instagram.com/reel/Dd-jvS9p2l-,@daniellashaba,6700,120,100,50.0,0.714,5,2026-10-02,2026-10-02,5,True,A young woman with long dark hair wearing a navy blue sweatshirt sits at a kitchen counter...,"A young woman with long dark hair wearing a navy blue sweatshirt sits at a kitchen counter in San Diego and responds to a comment asking 'What size bag did you get?' She holds up a large gold resealable bag of freeze-dried snacks, explaining she bought the 520-gram size but has already eaten half, noting the bag is about twice the size of her head. She pours the contents into a clear glass bowl, revealing a mix of colorful freeze-dried items including whole strawberries, green beans, mango pieces, jackfruit, mushrooms, and other fruit and vegetable shapes. Throughout the video she samples individual pieces one by one, holding them up to the camera before eating, while providing commentary on the taste — identifying flavors like strawberry, mango yogurt, jackfruit, and mushroom, and stating it is her favorite snack. The audio is dominated by loud crunching and chewing sounds as she eats. The video is presented as a casual product review/taste test, with an on-screen caption directing viewers to a TikTok shop link.
Entities people=Daniella Tomika (Post Caption); products=freeze-dried candy and fruit snack mix
Author 【entity-Daniella Tomika¦handle=@daniellashaba¦author_id=user-759565189118047220699】
AuthorURL https://www.instagram.com/daniellashaba
260K Followers
Language en


【bf88】
URL https://www.instagram.com/reel/DeE1grARs-B/
Type video
Created 2026-10-04 14:23:07 UTC
6K Likes
45 Comments
Summary: In this October 2026 TikTok-style video, creator Hallie Parrott (@hallie.parrott), identified in her bio as a Chicago-based candy reviewer, films a ""trying weird snacks from TJ Maxx"" segment in her apartment. She presents four products purchased for $3 each: San Diablo Itty Bitty Churros Piña Colada flavor, which she describes as light, airy, crispy, with pineapple-coconut flavor and rates 8.9/10; That Fudge Place Peanut Butter Fudge, which she notes is dry and crumbly with a chemical aftertaste and rates 6.5/10; DJ&A Pickle-Licious Cucumber Crisps Jalapeño flavor, which she finds zesty but not truly pickle-like and rates 5.7/10; and Nutty & Fruity Sour Watermelon Chili Gummy Strips, which she praises for heavy coating and flavor and rates 10/10. Throughout, she holds packages close to the camera, breaks open pieces to show texture, and eats on-camera while giving commentary. The tone is enthusiastic, casual, and informative, typical of social-media snack reviews, with no sexual, violent, or otherwise risky content.
Entities people=Hallie Parrott (Author Name); products=itty bitty churros piña colada, peanut butter fudge, cucumber crisps jalapeño, sour watermelon chili gummy strips
Author 【entity-Hallie Parrott 🍭¦handle=@hallie.parrott¦author_id=user-920255305608060167275】
AuthorURL https://www.instagram.com/hallie.parrott
120K Followers
Language en


【ad72】
URL https://www.instagram.com/reel/DeJyhQys89o/
Type video
Created 2026-10-06 12:31:46 UTC
20K Likes
88 Comments
Summary: The video is a short, close-up product review filmed on a speckled white countertop with a potted plant in the background. On-screen text reads 'Trying the viral Kiri bites.' A person's hands hold up two packages of Kiri Sweet Bites — one yellow package labeled 'Mango' and one pink package labeled 'Strawberry,' each noting '16kcal per bite.' The person opens both packages to reveal six individually foil-wrapped mini cheese cubes in each tray (yellow wrappers for mango, pink for strawberry). One cube is unwrapped to show a small, pale-yellow square of cheese. The video ends with both open trays held side-by-side. An upbeat instrumental music track plays throughout, becoming more prominent at the end. The overall tone is casual and focused on showcasing the snack.
Culture moment=viral Kiri bites; significance=Taps into TikTok-driven snack trends where small portioned cheese bites are marketed as desserts.; origin=Social media food trend
Entities people=Dina Hamdi (Author Name); products=Kiri Sweet Bites mango flavored, Kiri Sweet Bites strawberry flavored
Author 【entity-Dina Hamdi¦handle=@dinainthekitchen¦author_id=user-251829324835791209873】
AuthorURL https://www.instagram.com/dinainthekitchen
190K Followers
Language en


【6ec7】
URL https://www.instagram.com/reel/DeIqBjmMax6/
Type video
Created 2026-10-06 02:00:47 UTC
1.1K Likes
35 Comments
Summary: Two young men are in a bedroom/living space trying 'Viral Candied Salmon with Noah,' as indicated by on-screen text. One man, wearing a patterned LA hat and gold cross necklace, and the other, with curly hair and a Polynesian arm tattoo, display a large, glossy, bright-orange candied salmon fillet scored into sections. They break off pieces, taste it plain, then pair it with white rice from a paper plate and later with cream cheese on a small bread roll. Their reactions are positive—they describe it as 'honey,' 'pretty good,' and 'the best,' noting the sweetness and texture. The background includes wall tapestries of Kobe Bryant and a 'TURN IT DOWN' poster. The tone is casual, friendly, and focused on the food experience, with audible chewing and informal conversation throughout.
Culture moment=viral candied salmon trend; significance=Participates in a social-media food fad where sweetened smoked salmon is eaten as a snack.; origin=TikTok/Reels food community
Entities people=Noah; products=candied salmon fillet, white rice, cream cheese spread, bread roll
Humor type=Situational; explanation=The humor comes from the exaggerated physical comedy of eating a large slab of sticky salmon directly from the package, leaning over a plate of rice to bite it, and the playful banter about hygiene ('you gonna put your whole hand on it?', 'I just washed my hands'). Their facial reactions—eyes closed in pleasure, messy fingers, and repeated 'it's good' affirmations—create a relatable, low-stakes food-challenge vibe typical of viral Reels. The contrast between treating expensive-looking salmon like jerky and the earnest debate over which version is 'the real candy one' adds situational absurdity without scripted jokes.
Author 【entity-Va¦handle=@broitsva¦author_id=user-107334184159439919641】
AuthorURL https://www.instagram.com/broitsva
51K Followers
Language en


【c382】
URL https://www.instagram.com/reel/DeD1HbPy4l3/
Type video
Created 2026-10-04 04:58:54 UTC
230 Likes
6 Comments
Summary: A young man presents 'Global Snack Battle (Round 1)' in a fast-paced, upbeat taste-test video. He wears white earbuds and a black Pikachu shirt, holding up paired snacks representing different countries shown with flag graphics and 'VS' text. First is USA vs Mexico: a blue box of Pokemon cereal versus a bag of Cheetos Flamin' Hot Crunchy, which he then bites into with an exaggerated reaction. Second is Japan vs Korea: a yellow box of Glico Pocky Banana flavor versus a red bag of Nongshim Shin Ramyun featuring a K-Pop Demon Hunters character; he eats a dry, uncooked block of the ramen noodles straight from the package, adding the seasoning powder on top. Third is Vietnam vs Singapore: a blue-wrapped candy versus a box of Irvins Salted Egg Cornflakes Snack with Minions branding, which he opens and eats. The video focuses on the visual comparison of international snacks and the sensory experience of eating them, with no dialogue beyond naming the countries.
Entities products=Flamin' Hot Crunchy chips, Pokemon cereal, Banana cream biscuit sticks, Shin Ramyun instant noodles, Salted egg cornflakes snack, wrapped candy; places=United States, Mexico, Japan, South Korea, Vietnam, Singapore
Author 【entity-Hungry FAM¦handle=@hungry_fam¦author_id=user-678957813636068347591】
AuthorURL https://www.instagram.com/hungry_fam
Verified
680K Followers
Language en


【29c1】
URL https://www.instagram.com/reel/DeIM59dTq6F/
Type video
Created 2026-10-05 21:46:19 UTC
950 Likes
2 Comments
Summary: A woman films herself outdoors at night on a city street, introducing that she is 'probando snacks coreanos con mi cita coreana' (trying Korean snacks with my Korean date). She is joined by a man in a yellow shirt and glasses. They sample three snacks: first, a matcha red bean bingsu chocolate bar, which she rates 10/10 and he rates 8/10, noting it tastes quite like the real dessert. Second, shrimp-flavored chips ('papitas de camarón'), which she says doesn't taste strongly like shrimp but isn't overly sweet, giving it 7/10 while he gives it 9/10. Third, Korean-market Doritos flavored like tacos, which they both rate 8/10; she describes tasting lime, tortilla, meat, and then spiciness. The video ends with them asking viewers to suggest other Korean snacks to try in the comments. The setting is a lit urban sidewalk with trees and storefronts in the background.
Entities products=matcha red bean bingsu chocolate bar, shrimp flavored chips, Doritos taco flavored chips
Author 【entity-Mimi Land¦handle=@mimi¦author_id=user-305521269302780517021】
AuthorURL https://www.instagram.com/mimi
Verified
1.1M Followers
Language en


【94d8】
URL https://www.instagram.com/reel/DeKsHFxN9KO/
Type video
Created 2026-10-06 20:58:40 UTC
1.1K Likes
10 Comments
Summary: A woman with curly blonde hair and a grey sweatshirt presents a Universal Yums subscription box themed 'Welcome to Baltics.' She systematically tastes and reviews several regional snacks while speaking directly to camera. Items shown include Selga Treat chocolate sandwich cookies (which she compares to Oreos), O-R-N Craft Lemonade Lemon sparkling drink, oho! Lentil Snack Maple Bacon (described as tasting like Cheeto puffs), Peanut Crunch caramel and peanut bars, Long Chips Mashed Potato Snack Shish Kebab flavor (rated 10/10), Laima Serenade chocolate bar with fruit filling, oho! Kramsi Chocolate Flavor cereal, and Jellyssimo pineapple-strawberry candy. She reacts with smiles, exaggerated chewing sounds, and positive commentary throughout. The video concludes with her promoting a partnership between Universal Yums and Explore Worldwide offering a trip for two to Northern Spain, directing viewers to click the link in bio, with the winner to be announced November 2nd.
Entities products=sparkling water, Selga Treat chocolate cookie, O·R·N Craft Lemonade, oho! Lentil Snack Maple Bacon, Peanut Crunch caramel bar, Long Chips Shish Kebab, Laima Serenade chocolate bar, oho! Kramsi...
Author 【entity-Cookitgirleats¦handle=@cookitgirleats¦author_id=user-910651898707509848450】
AuthorURL https://www.instagram.com/cookitgirleats
490K Followers
Language en


【9b9a】
URL https://www.instagram.com/reel/DeKg_OKNbVe/
Type video
Created 2026-10-06 19:17:59 UTC
850 Likes
32 Comments
Summary: Two young women film themselves on a sunny New York City street trying the viral '$50 cookie' from Granny's Batch. Holding a pink branded box and shopping bag, they unbox the cookie, which comes in a gold tin inside premium packaging. They identify it as the classic Nutella chocolate chip flavor and note it must be ordered ahead for pickup. Using small spoons, they dig into the center, revealing an extremely gooey, molten interior. Throughout tasting, they react with surprise and delight, describing it as 'so rich,' 'like cookie dough just melted,' and comparing its addictiveness to 'crack.' One jokes it has 'probably like 7,000 calories.' They conclude it's 'worth the hype' and 'worth the trip,' with one saying she wishes her grandma cooked like this. The tone is enthusiastic, casual, and comedic, typical of social media food-review content.
Culture moment=viral $50 cookie trend; significance=Reflects social media-driven luxury food hype where expensive desserts become status content.; origin=Granny's Batch bakery in New York City
Entities people=Meg Radice (Post Caption), Audrey Jongens (Post Caption); products=Granny's Batch Nutella chocolate chip cookie, pink Granny's Batch shopping bag
Author 【entity-The VIP List¦handle=@theviplist¦author_id=user-315366286697587834815】
AuthorURL https://www.instagram.com/theviplist
Verified
160K Followers
Language en


【558e】
URL https://www.instagram.com/reel/DeFPon2OB4_/
Place 【place-Wolfchase Galleria¦place_id=619907596168362】
Type video
Created 2026-10-04 18:16:59 UTC
270 Likes
3 Comments
Summary: In a busy indoor mall corridor at Wolfchase Galleria in Memphis, two young women stand in front of the 'CRAZY TREATS' kiosk giving a video review. The woman on the left has long bright pink hair, wears a denim jacket, brown leggings and Crocs, and holds a small cup of pink-coated candy grapes. The woman on the right wears glasses, a graphic t-shirt, embellished jeans, and carries multiple Victoria's Secret shopping bags. An off-camera vendor asks for their honest opinion on the 'Candyland Mix.' Both respond enthusiastically, rating it '10 out of 10,' with the pink-haired woman covering her mouth and laughing after tasting. When asked if they would return, they confirm they would shop there every day or every month. The background shows typical mall traffic, storefronts including a 'kids' store, and the kiosk displays merchandise. The caption frames the clip as another fire review thanking customers for support. The overall tone is upbeat, commercial, and friendly, serving as a straightforward customer testimonial for the viral snack.
Entities products=candied grapes; places=Wolfchase Galleria
Author 【entity-Crazy Treats 🍇®️¦handle=@crazytreatsglobal¦author_id=user-117606863331223201688】
AuthorURL https://www.instagram.com/crazytreatsglobal
16K Followers
Language en


【43c2】
URL https://www.instagram.com/reel/DeKp-JTv-8A/
Type video
Created 2026-10-06 20:36:34 UTC
830 Likes
110 Comments
Summary: A male creator, on Day 174 of his 'Reviewing a Reel Every Day until I hit 1M' series, celebrates being at 999,546 followers (+141,006). He then reviews a Reel by user @abby.marie.co demonstrating a 'high protein, highly satisfying caramel apple protein dip made in five minutes' using Lifeway Kefir Farmer's Cheese, with no baking required. The clip shows the woman mixing the cheese base, adding caramel, chopped apples, chocolate chips, and granola, then tasting it. The creator praises the hook ('caramel apples are overrated'), visual appeal, and the caption strategy that prompts viewers to comment 'DIP' for the recipe, explaining that comments drive views. He concludes by teaching his own audience how to enter his review giveaway: like, share to story, comment 'Done,' and follow him.
Entities people=Brock Johnson (Author Name); products=Farmer's Cheese, caramel apple protein dip
Author 【entity-Instagram Growth Coach¦handle=@brock11johnson¦author_id=user-009979067456780495195】
AuthorURL https://www.instagram.com/brock11johnson
Verified
1M Followers
Language en


【f68e】
URL https://www.instagram.com/reel/DeFhmAnKEow/
Type video
Created 2026-10-04 20:48:20 UTC
6.6K Likes
4 Comments
Summary: A young woman sits in the driver's seat of a car during daylight and reviews a trending food item called the 'Viral Watermelon Pop' from Chilitoloco in McAllen, Texas. On-screen text identifies the product and location. She holds up a very large rectangular slice of watermelon that has been wrapped in a red fruit roll-up and heavily coated with orange-red chili seasoning. She explains it is a watermelon wrapped in fruit roll-up and chilito, then pours a thick red chamoy sauce from a small cup over the top. After taking a bite, she reacts with wide eyes and describes it as 'super crunchy,' 'sweet and spicy,' noting the fruit roll-up adds extra sweetness combined with the chili and chamoy. She rates it 'ten out of ten' and calls it 'literally the perfect summer snack.' She shows the size again, adds more chamoy, and displays the shop's address (4037 W Expressway 83 Suite 175, McAllen, TX) while encouraging viewers to try it.
Entities products=watermelon pop, chamoy sauce; places=Chilitoloco
Author 【entity-Chilitoloco¦handle=@chilitolocoo¦author_id=user-311473720223041135641】
AuthorURL https://www.instagram.com/chilitolocoo
30K Followers
Language en


【9a71】
URL https://www.instagram.com/reel/Dd9vuXCJZP9/
Type video
Created 2026-10-01 20:17:57 UTC
1.1K Likes
15 Comments
Summary: Food critic Omar (@biteswithomar) reviews Homie's Donuts in Dearborn, Michigan, calling it the most viral donut shop in the United States. The video opens in his car with a box of six elaborately decorated donuts labeled on-screen: Cookie Monster (blue), Oreo, Biscoff, Churro, Kinder, and Fruity Pebbles. Brief interior shots show the shop's display case filled with dozens of varieties including Oreo, Cinnamon Crumble, Cheesecake, and Sugar Glazed, plus Sonic the Hedgehog and X-Men arcade machines inside. Back in the car, he tastes each donut one by one, describing flavors and giving scores on screen: Fruity Pebbles 7/10, Oreo 8.2/10, Biscoff 8.5/10, Churro 5/10, Kinder 8.5/10, and Cookie Monster 9.2/10, which he calls his favorite and ""way better alternative than Tim Hortons."" His tone is enthusiastic and conversational, aimed at showcasing the novelty and variety of the Dearborn location.
Entities products=Fruity Pebbles donut, Oreo donut, Biscoff donut, Churro donut, Kinder donut, Cookie Monster donut; places=Homie's Donuts
Author 【entity-Omar¦handle=@biteswithomar¦author_id=user-359647189269997989742】
AuthorURL https://www.instagram.com/biteswithomar
2K Followers
Language en


【517f】
URL https://www.instagram.com/reel/Dd68R8RoQna/
Type video
Created 2026-09-30 18:09:23 UTC
2.7K Likes
48 Comments
Summary: A young couple is in Germany and films themselves trying 'fun German snacks' bought from a REWE supermarket. The woman, wearing a white t-shirt, holds up each product while the man in a yellow long-sleeve shirt tastes alongside her. They sample eight items sequentially: Nestle Choco Crossies (rated 9/10), Smash chocolate-covered pretzels (6/10), Fior di Neve hazelnut cookies (3/10), Nimm2 Lachgummi Apfellinge apple gummies (10/10), Leibniz Choco Kunter Bunt biscuits (6.5/10), Katjes Fred Ferkel pig-shaped gummies (10/10), Kinder Tronky chocolate bars (9/10), and Milka Lu biscuit bar (8.5/10). Throughout, they describe flavors, give scores out of ten, drink water between tastings, and react with expressions of enjoyment or disappointment. The video has a casual vlog style with on-screen text labeling each snack.
Entities products=Choco Crossies, Smash!, Fior di Neve, Lachgummi Apfellinge, Choco Kunter Bunt, Fred Ferkel, Kinder Tronky, Milka Lu
Author 【entity-leah watkins¦handle=@leahwatki¦author_id=user-700073932514845692654】
AuthorURL https://www.instagram.com/leahwatki
120K Followers
Language en


【78e1】
URL https://www.instagram.com/reel/DeI6ggxOXhC/
Type video
Created 2026-10-06 04:24:33 UTC
5.9K Likes
43 Comments
Summary: This is a first-person POV video set at a wooden desk, explaining why someone eats snacks instead of rice in America. The creator showcases four American snack products one by one. First is a Hostess Snowball (pink coconut-covered cake), shown in its wrapper then unwrapped and bitten into to reveal chocolate cake and white cream filling. Next is a green bag of Lay's Sour Cream & Onion potato chips, opened and eaten from. Third is a bag of Nutella Biscuits, with a half-eaten cookie held up to show the hazelnut filling. Finally, an orange bag of Cheetos Jalapeño Cheddar Crunchy is opened and a cheese puff is displayed. Throughout, Korean text overlays provide commentary praising each snack's taste and addictiveness. The audio consists primarily of loud, close-mic chewing and crunching sounds accompanying the eating.
Entities products=Hostess Snowball snack cake, Lay's Sour Cream & Onion potato chips, Nutella Biscuits, Cheetos Jalapeño Crunchy
Author 【entity-연¦handle=@dyaaaa1._¦author_id=user-624209386162516008235】
AuthorURL https://www.instagram.com/dyaaaa1._
180 Followers
Language en


【d43e】
URL https://www.instagram.com/reel/DeEej8DBrf4/
Type video
Created 2026-10-04 11:02:27 UTC
8.7K Likes
4 Comments
Summary: Two young women, one identified by on-screen text as Bew Varaporn, sit at a floral-covered table in a bright room with large windows overlooking greenery, conducting a food-tasting video. They present a snack collaboration called 'Bass Bew Bow' under the brand 'bonnana roll' in partnership with CJ MORE, also linked to the fashion label Flat2112 x Bew. On the table are multiple pouches labeled 'ครันเฟลกส์' (crunch flakes) in different flavors, plus individual items including a purple yam cream cheese jelly, a truffle-flavored cheese sausage sandwich, a white chocolate cream cheese cake, a banana roll with Nutella, and an almond chip mala-flavored snack. Throughout the video they taste each item, describe flavors ('very delicious,' 'strong truffle'), discuss price points (around 39-45 baht), and note the products are available at over 2,000 CJ More branches nationwide. They explain the project originated from their shared love of cooking and family meals, mentioning three months of development. Interspersed are still photos showing two small boys and later adult family members, reinforcing the 'family snack' theme. The tone is cheerful and promotional, ending with the women modeling their matching dresses outdoors against an ivy-covered wall before returning to thank viewers.
Entities people=Bew Varaporn (Tagged User); products=crunch flakes snack pouch, mango jelly cream cheese daifuku, truffle cheese sausage sandwich, white chocolate cream cheese cake, banana Nutella cake, mala almond chips
Author 【entity-𝐊𝐀𝐓𝐇𝐘 𝐑𝐀𝐒𝐒𝐀𝐑𝐈𝐍𝐄 𝐓𝐀𝐍.¦handle=@katheryn_lee¦author_id=user-860161628151403417571】
AuthorURL https://www.instagram.com/katheryn_lee
Verified
830K Followers
Language en


【cd19】
URL https://www.instagram.com/reel/Dd9f0qklH91/
Type video
Created 2026-10-01 17:57:22 UTC
14K Likes
150 Comments
Summary: In this 2026 social media reel, creator Chef Tyler prepares three different American school lunches while British commentator Louis reacts. First, Tyler makes his grandfather's wartime-era lunch: a bologna and mustard sandwich on white bread, carrot and celery sticks, and milk, rating it 6/10. Second, he recreates his mother's lunch of chocolate chip cookies and milk, rating it 1/10. Third, he assembles his own early-2000s lunch: tater tots, chicken tenders, potato chips, potato sticks, and soda, rating it 8/10. Louis provides running commentary, expressing shock at the simplicity and unhealthiness, joking about 'rabbit food' and heart disease. The video is comedic, light-hearted, and focuses on cultural comparison of school meals, with no sexual or violent content.
Entities people=Louis (Post Caption), Chef Tyler (Post Caption); products=bologna sandwich, chocolate chip cookies, milk, tater tots, chicken tenders, potato chips, soda
Humor type=Situational; explanation=Humor arises from the contrast between expectations of a nutritious school meal and the reality presented: a bologna sandwich, cookies for lunch, and a tray of fried foods with soda. The British commentator's exaggerated disgust, calling it 'rabbit food' and 'heart disease,' plays on cultural stereotypes about American diets. The repeated alignment between the two creators ('we're still aligned') creates a buddy-comedy dynamic. The joke is not punchline-driven but situational, relying on shared recognition that school lunches can be absurdly unhealthy, amplified by the deadpan presentation of each item as normal.
Author 【entity-LouisAyy¦handle=@itslouisayy¦author_id=user-164251188815063768646】
AuthorURL https://www.instagram.com/itslouisayy
1.4M Followers
Language en


【9f95】
URL https://www.instagram.com/reel/DeC0zwxtSFM/
Type video
Created 2026-10-03 19:38:46 UTC
2.2K Likes
280 Comments
Summary: In this October 2026 social media video, entrepreneur Bethenny Frankel reviews the viral MYKA Greek Frozen Yogurt truck, which was operating in Miami's Brickell neighborhood. The video cuts between two settings: Frankel lying indoors in a white robe speaking directly to camera, and nighttime street footage of the illuminated MYKA truck. On-screen text repeats 'You are all on lines a mile long for this...' while she narrates that she did not like the product. She states she tried it multiple times, wanted to like it, and has enjoyed similar treats before, but found fault with both the yogurt's taste and the toppings. Visuals show the truck's menu ($9.90 for a flavor with two toppings), topping bowls including chocolate crumble and berry crumble, and staff serving customers. Her caption adds 'I'm good on this... give me my sprinkles and nonpareils,' reinforcing her preference for traditional ice cream toppings over the Greek yogurt offering. The overall tone is direct, slightly exasperated, and critical of a hyped food trend.
Culture moment=viral food truck trend; significance=Illustrates how social-media hype creates long lines for niche desserts, prompting influencer backlash.; origin=TikTok-driven popularity of MYKA Greek yogurt",hook,True,weak,冻干零食开箱实测（评论区问答式）,snack-taste-test,2,True,,False,,us-likely,San Diego,False
2026-10-07,food,26,https://www.instagram.com/reel/Dd_z4OYRXh5,@hallie.parrott,5700,190,100,50.0,0.571,4,2026-10-03,2026-10-02,5,True,"In this 2026 social media video, creator Hallie Parrott (@hallie.parrott) films an indoor ...","In this 2026 social media video, creator Hallie Parrott (@hallie.parrott) films an indoor taste-test of snacks from Canada, sourced from @canadagrocerystore. She presents five items one by one while speaking directly to camera. First is Hawkins Cheezies, which she describes as crunchy, cheesy, salty like Cheetos on steroids, giving it 9.6/10. Next is a standard Canadian Kit Kat, which she notes has thicker, sweeter chocolate but less crispy wafer than US versions, followed by a Kit Kat Chunky, which she rates 9 out of 10 for its better wafer-to-chocolate ratio. Third is Vachon Ah Caramel!, a small cake with caramel filling, which she calls delectable and gives 8.5/10, noting the cake is slightly dry. Fourth is Ruffles All Dressed chips, which she praises as smoky, sweet, and garlicky, rating them 9.5/10 and joking they are going on a date tonight. Finally, she tries Aero Scoops Maple flavor, highlighting its bubbled texture and rich creamy maple ganache, calling it dreamy and rating it 9.2/10. Throughout, she holds up packaging, breaks items open to show interiors, eats on camera, and provides candid ratings. The tone is enthusiastic, conversational, and focused on food discovery.
Entities people=Hallie Parrott (Author Name); products=Hawkins Cheezies cheese puffs, Kit Kat chocolate bar, Kit Kat Chunky chocolate bar, Vachon Ah Caramel! snack cake, Ruffles All Dressed potato chips, Aero Scoops Maple chocolate bar
Author 【entity-Hallie Parrott 🍭¦handle=@hallie.parrott¦author_id=user-920255305608060167275】
AuthorURL https://www.instagram.com/hallie.parrott
110K Followers
Language en


【78ca】
URL https://www.instagram.com/reel/DeHTdcqTNNw/
Type video
Created 2026-10-05 13:27:25 UTC
2K Likes
110 Comments
Summary: In a bright white studio, creator Shandy Purnamasari (@shandypurnamasari) presents a viral 'cheese platter' from The Board and Platter, holding the box labeled 'DELICATE BITES PLATTER.' She explains she is reviewing it with her husband because he likes Western foods. They sit together at a wooden barrel, where she points out the contents: fruits, crackers, cheese, and honey. The couple tastes the platter, reacting positively — the husband says 'Enak banget' and describes the flavor as sweet because of the grapes. Their young daughter in a blue shirt joins them at the table and also eats the cheese. The interaction is affectionate and casual, with heart graphics added during their shared bite. The video is a straightforward food review promoting the platter as delicious, framed as a family moment.
Entities people=Shandy Purnamasari (Author Name); products=cheese platter
Author 【entity-Shandypurnamasari¦handle=@shandypurnamasari¦author_id=user-701049847471163220876】
AuthorURL https://www.instagram.com/shandypurnamasari
Verified
3.2M Followers
Language en


【581d】
URL https://www.instagram.com/reel/DeAEpO8tvws/
Type video
Created 2026-10-02 18:01:54 UTC
21K Likes
150 Comments
Summary: A woman identified as Bambam Olawunmi (@bammybestowed) sits indoors at a table and reviews a packaged dessert called ""Melony Pine Exotic Berry Parfait."" Wearing a pink sleeveless denim jumpsuit, she uses a bright green spoon to eat the creamy parfait topped with granola and nuts. Throughout the clip she displays highly expressive reactions—closing her eyes, tilting her head back, smiling, and making appreciative sounds—to convey enjoyment. She speaks directly to the camera, saying lines including ""Melony Pine is whatever they say they are. What do you say they are?"" The on-screen caption promotes the product as ""creamy crunchy with bursts of fruit flavors"" and encourages viewers to order it. The tone is upbeat, promotional, and lighthearted, typical of social media food influencer content.
Entities people=Bambam Olawunmi (Post Caption); products=Exotic Berry Parfait
Author 【entity-Bambam Olawunmi¦handle=@bammybestowed¦author_id=user-554458464886247795586】
AuthorURL https://www.instagram.com/bammybestowed
Verified
2.4M Followers
Language en


【cf22】
URL https://www.instagram.com/reel/DeD3maXOYWT/
Type video
Created 2026-10-04 05:45:56 UTC
22 Likes
2 Comments
Summary: This is a short-form social media product review video from October 2026 featuring the 'Wicked Cutz Breakfast Stick' in Ham Egg & Cheese flavor. The entire clip is a close-up of a person's hand holding the purple cylindrical packaging against a dark background with a cartoon-patterned fabric. The packaging text is clearly legible: 12g protein, 130 calories per serving, made with 100% real cheese, gluten free, no artificial ingredients, naturally hardwood smoked, made in the USA. The hand rotates the stick to show different angles before peeling back the wrapper to display the actual brown pork snack stick inside. The audio is an upbeat, energetic electronic dance track with no speech or lyrics. The tone is neutral and promotional, consistent with a snack review account showcasing a new high-protein, grab-and-go breakfast item. No jokes, innuendo, or policy-risk content is present.
Entities products=pork snack stick
Author 【entity-LEE'S SPECIALTY¦handle=@lees.specialty¦author_id=user-377905367822843973214】
AuthorURL https://www.instagram.com/lees.specialty
19K Followers
Language en


【745f】
URL https://www.instagram.com/reel/DeK0gPIxlJe/
Place 【place-Japon¦place_id=381867524092309】
Type video
Created 2026-10-06 22:09:56 UTC
680 Likes
18 Comments
Summary: A male creator films a first-person food review in Japan. He begins indoors holding a small round candy, saying he can't stop eating it, then shows a strawberry cream sandwich ('capita dura'). He goes outside to a 7-Eleven, where on-screen text reads '¿qué tal si probamos los dulces más famosos de Seven Eleven en Japón?' He shops, placing items in an orange basket: a Lotte Coolish frozen drink, Oikos High Protein yogurt, Meiji grape-flavored gummies, GABA chocolate, and a crème brûlée cup. Back indoors, he tastes each item sequentially, reacting with exaggerated expressions of delight. He opens the strawberry sandwich, eats it, then tries the Oikos yogurt, noting its texture. He samples the green grape gummy, calling it delicious, then the GABA chocolate, mentioning the three-per-day limit. Finally, he cracks and eats the crème brûlée, praising its flavor. The video ends with promotional shots of him paddleboarding at the beach and rappelling in a cave, with his handle @EDUANDRADEJ displayed. The overall tone is energetic, playful, and focused on discovering popular Japanese snacks.
Entities people=Eduardo Andrade (Post Caption); products=strawberry cream sandwich, Oikos Protein yogurt blueberry, Lotte Coolish drink pouch, Fruit Ice grape candy, GABA chocolate, crème brûlée dessert cup; places=Seven Eleven, indoor room
Author 【entity-Eduardo Andrade¦handle=@eduandradej¦author_id=user-396705591058651988490】
AuthorURL https://www.instagram.com/eduandradej
Verified
1.3M Followers
Language en


【3fcd】
URL https://www.instagram.com/reel/Dd6Zxw6CBAZ/
Type video
Created 2026-09-30 13:07:01 UTC
94 Likes
1 Comments
Summary: This is a short-form food review video from 'Wirally Food' featuring three people seated at a wooden table against a backdrop of vertical wood slats with teal lighting. A woman in a black-and-white striped shirt and glasses, a bearded man in a black shirt, and a curly-haired man with glasses take turns examining and tasting a bag of 'SHRIMP CRACKER' snacks. They read the packaging, discuss the product, and sample the crackers, displaying a range of reactions from curiosity to mild distaste. The interaction is conversational and lighthearted, with split-screen shots showing different participants. The video concludes with a close-up reaction meme and a blue end card stating 'FULL VIDEO OUT NOW,' indicating this is a teaser for a longer review.
Entities products=Shrimp Cracker snack
Humor type=Situational; explanation=The humor comes from the relatable, exaggerated physical reactions to an unpleasant taste rather than scripted jokes. Participants make faces, comment that the cracker smells like pet food, and ask to remove it, creating situational comedy typical of food-challenge formats. The contrast between expectation (a tasty shrimp snack) and reality (strong fishy odor) drives the amusement, amplified by quick cuts and color filters emphasizing disgust. This aligns with common social-media tasting trends where authenticity of reaction is the entertainment value.
Author 【entity-Wirally Food¦handle=@wirallyfood¦author_id=user-103050755776825213882】
AuthorURL https://www.instagram.com/wirallyfood
Verified
310K Followers
Language en


【e37e】
URL https://www.instagram.com/reel/Dd9fOtZTHB4/
Type video
Created 2026-10-01 17:52:52 UTC
93K Likes
260 Comments
Summary: In a studio interview setup, actress Lili Reinhart introduces actor Tom Bateman as they try Crumbl Cookies together. Seated at a table with microphones and a pink Crumbl box, they sample several oversized cookies. First is a Dubai Chocolate Brownie cookie, which Bateman describes as 'buying into a brownie and a Kinder Bueno and a millionaire shortbread' — it was a lot, so he drinks water to cleanse his palate. Next they share a Banana Pudding cookie; Reinhart notes she's 'not a banana girl' but likes it, while Bateman comments on its richness. Finally they try a S'mores cookie, with Reinhart explaining the American components — graham cracker, chocolate, and marshmallow — which Bateman says they don't have in the UK. The tone is light, conversational, and playful, with both reacting to the sweetness and size of the treats. The video was posted October 1, 2026 by user @tryquinn, whose profile promotes an audio erotica app.
Culture moment=celebrity mukbang; significance=Reflects ongoing TikTok trend of stars doing ASMR food tastings for intimacy.; origin=social media food content",hook,True,weak,加拿大零食开箱：Cheezies 打分,snack-taste-test,2,True,,False,,non-us,Canada snacks,False
2026-10-07,food,27,https://www.instagram.com/reel/DeCp3vVp_5F,@ksoewin10,16,2,0,4.0,0.0,0,2026-10-07,2026-10-03,4,True,The video is a montage documenting a visit to Smorgasburg Los Angeles in Downtown LA in 20...,"The video is a montage documenting a visit to Smorgasburg Los Angeles in Downtown LA in 2026. It opens with title cards, then shows daytime market scenes: attendees walking past vendor tents, a clothing rack, and food stalls including YATAI.LA advertising 'Best Karaage aka Japanese Fried Chicken Stick,' Champignon Eats with $12 cheese fries, and grilled corn on the cob. Close-ups feature prepared foods like spicy wontons topped with green onions and two iced matcha drinks from 'CAFE NIDOO COFFEE + BOOKS.' The setting shifts to an indoor karaoke room with colorful disco lighting, where a woman sings into a microphone and a man wearing a Pikachu headband also sings; on-screen lyrics display 'Ain't nothin' but a heartache / Tell me why / Ain't nothin' but a mistake.' The latter half captures the transition to evening and night in DTLA, showing sunset over the skyline, illuminated streets, a neon sign, a couple viewing the city lights from a high vantage point, and nighttime market tents under lit skyscrapers including one labeled 'PROPER.' A final shot shows chocolate-dipped strawberries. The tone is upbeat and observational, highlighting food, social gathering, and urban nightlife. Data of event in content: 2026, Details: Title card states DTLA 2026 and visuals depict current market activity.
Entities products=denim jacket, matcha latte, spicy wonton, grilled corn, karaage chicken stick, cheese fries, cocktail, chocolate covered strawberry; places=Smorgasburg Los Angeles
Author 【entity-Kevin | ကောင်းထက်စိုးဝင်း¦handle=@ksoewin10¦author_id=user-025272966395914700035】
AuthorURL https://www.instagram.com/ksoewin10
390 Followers
Language en",hook,True,none,,food-event-coverage,2,True,,False,,us-likely,Smorgasburg Los Angeles,False
2026-10-07,food,28,https://www.instagram.com/reel/DeASMMbEgzA,@yelp,62,2,2,1.0,0.429,3,2026-10-04,2026-10-02,5,True,This is a Yelp-produced social media video promoting 'Top 26-50 MEXICAN FOOD SPOTS IN THE ...,"This is a Yelp-produced social media video promoting 'Top 26-50 MEXICAN FOOD SPOTS IN THE US & CANADA.' Set to upbeat Latin guitar music, the video cycles through close-up shots of various Mexican dishes being prepared and served — including crispy tacos, loaded burritos, saucy enchiladas, tamales, and birria — while on-screen text lists 25 restaurants across North America. Locations shown include La Cheve in Napa, CA; Delicia in Indianapolis, IN; Carnitas Uruapan in Chicago, IL; Sonoratown in Los Angeles, CA; Bonfire Burritos in Golden, CO; Tacos y Birria La Unica in Los Angeles, CA; Californios in San Francisco, CA; Frelard Tamales in Seattle, WA; and others spanning Philadelphia, Austin, Phoenix, Reno, and more. The creator's caption frames it as part two of a list, encouraging viewers to save it for a road trip and send it to friends who pick taco spots. The tone is promotional, appetizing, and travel-oriented, with no narrative conflict or controversial content.
Entities places=La Cheve, Delicia, De Cabeza el Unico, Carnitas Uruapan, Lolis Tacos, Bread & Breakfast, Sonoratown, Matt's BBQ Tacos, El Paisa, Tortilleria San Roman, Paprika ATX, Villa's Tacos, Taco Buddha,...
Author 【entity-Yelp¦handle=@yelp¦author_id=user-190047201742238794027】
AuthorURL https://www.instagram.com/yelp
Verified
170K Followers
Language en


【181f】
URL https://www.instagram.com/reel/DeDdh3ePJNR/
Type video
Created 2026-10-04 01:33:28 UTC
580 Likes
13 Comments
Summary: In a bright modern kitchen, creator Ivanda Cherlin (@ivandacherlin) demonstrates a viral savory snack called a 'salami taco.' Wearing a black-and-white striped shirt, she assembles the bite step-by-step: placing a slice of salami in her palm, spreading cream cheese over it, adding a whole pickle spear, sprinkling 'Everything Bagel Spicy' seasoning, then folding the salami around the filling like a taco. She dips the finished piece into a bowl of red chili oil/hot honey and eats it on camera, reacting with enjoyment. An inset video early on shows the original trend clip for reference. Throughout she speaks in Indonesian, describing the taste as very good, approved, sour, salty, sweet, and spicy. The tone is casual, instructional, and enthusiastic, typical of short-form food trend content. The video was posted October 3, 2026.
Culture moment=mini pickle tacos; significance=Part of ongoing social media savory snack trend combining pickles with meat and dairy for low-carb bites.; origin=social media food creators
Entities people=Ivanda Cherlin (Author Name); products=salami slices, cream cheese, pickles gherkins, Everything Bagel Spicy seasoning, hot honey sauce
Author 【entity-Ivanda Cherlin¦handle=@ivandacherlin¦author_id=user-479763276838217150912】
AuthorURL https://www.instagram.com/ivandacherlin
Verified
270K Followers
Language en


【647c】
URL https://www.instagram.com/reel/DeFp4NCyJro/
Place 【place-Trademark Brewing¦place_id=788083062228387】
Type video
Created 2026-10-04 22:14:15 UTC
2.9K Likes
160 Comments
Summary: In a bright, open-concept brewery-restaurant with wooden ceilings, string lights, and TVs showing football, a man wearing a white cowboy hat, bandana, light-blue denim shirt, and black apron presents a large plated meal to the camera. He holds a tray lined with red-and-white checkered paper featuring a massive sliced smoked tomahawk steak (with long bone) served over noodles, garnished with microgreens, plus side dishes including macaroni and cheese and greens. Speaking directly to the camera, he explains he is showing appreciation to someone who traveled from out of state (Washington), offering his ""best stuff"" — the smoked tomahawk steak — before they leave. Another man in a Seattle Seahawks jersey films the interaction on his phone. The chef places the tray on a wooden table where another similar meal sits, and the video ends with close-ups of the cooked meat. The tone is warm, appreciative, and promotional of the food.
Author 【entity-Hella Chluy¦handle=@hella__chluy¦author_id=user-597055312603262540667】
AuthorURL https://www.instagram.com/hella__chluy
Verified
74K Followers
Language en


【7d9e】
URL https://www.instagram.com/reel/DeIQoEzhra7/
Type video
Created 2026-10-05 22:16:49 UTC
530 Likes
20 Comments
Summary: Posted October 5, 2026, this short-form video by certified clinical nutritionist Kelly LeVeque (@bewellbykelly) demonstrates a viral food hack. From a POV perspective, she drops pre-made protein pasta—lupin flour rotini tossed with veggie-laden meat sauce—directly into a half-finished tub of Good Culture cottage cheese. On-screen text reads 'POV: you didn't think the cottage cheese craze could get any weirder' and later '60g of protein 26g of fiber it's the worlds laziest lasagna.' The creator, wearing a white tank and cap, holds the tub and eats the mixture. The caption explains the weekly meal-prep routine, macro breakdowns, and includes a discount code, while joking that she is not pregnant despite the odd craving. The tone is lighthearted, practical, and promotional, set to upbeat pop music. No sexual, violent, or explicit content is present; the only potential friction is the visually unappetizing food combination, which may cause mild disgust or cringe for some viewers.
Culture moment=cottage cheese craze; significance=Reflects ongoing TikTok-era protein-maximizing food hacks where dairy is added to savory dishes.; origin=Viral social media food trend popularized in mid-2020s
Entities people=Kelly LeVeque (Post Caption); products=cottage cheese, lupin flour rotini pasta
Humor type=Self-deprecating; explanation=The humor derives from the creator acknowledging how strange the food combination looks, leaning into the 'cottage cheese craze' meme and preemptively joking about pregnancy cravings. By labeling it the 'world's laziest lasagna,' she frames laziness as virtue, inviting viewers to laugh at both the absurdity and the relatable desire for convenience over culinary tradition. The joke works because it subverts expectations of a polished nutritionist presenting elegant meals, instead showing messy, unappetizing mixing in the original container. This self-aware, slightly gross-out comedy aligns with TikTok food-hack culture where shock value drives shares, and the denial 'no, I am not pregnant' adds a second layer of relatable embarrassment about odd cravings.
Author 【entity-Kelly LeVeque, CCN¦handle=@bewellbykelly¦author_id=user-519558961648062162685】
AuthorURL https://www.instagram.com/bewellbykelly
Verified
570K Followers
Language en


【feb8】
URL https://www.instagram.com/reel/DeDuzfggj9c/
Type video
Created 2026-10-04 04:05:47 UTC
43 Likes
5 Comments
Summary: The video takes place at ComplexCon in Los Angeles, identifiable by large signage reading 'COMPLEXCON LOS ANGELES, CA' and event branding in the background. It opens with a man wearing a brown 'BIG BABY'S' t-shirt and chain necklace smiling while holding a black tote bag. On-screen text states: 'DRAM GAVE ME A SAMPLE OF 'BIG BABY'S CORNBREAD' & IT'S UNBELIEVABLY GOOD.' He hands a small packaged sample to the camera operator. The scene cuts to the second man, wearing a white tank top, camouflage hat with a duck graphic, sunglasses, and a Canon EOS camera strap. He holds the sample, speaks to the camera explaining he is about to try the cornbread gifted by 'the man himself' at ComplexCon, then unwraps and eats it. His reaction is enthusiastic — he says 'Oh my god' twice and rates it 'ten for ten' before ending the clip. The overall tone is casual, friendly, and promotional, focused on a food product tasting at a crowded indoor convention. Data of event in content: November 4, 2023, Details: Video filmed at ComplexCon Los Angeles shown on signage dated 2023.
Entities products=cornbread sample packet; places=ComplexCon
Author 【entity-Devon Jefferson¦handle=@pow_0_pow¦author_id=user-668639396467936508720】
AuthorURL https://www.instagram.com/pow_0_pow
Verified
3.2K Followers
Language en


【bc6f】
URL https://www.instagram.com/reel/DeFCyL8RXSP/
Type video
Created 2026-10-04 16:18:10 UTC
9.6K Likes
610 Comments
Summary: A man identified by on-screen text as DuB, wearing a black patterned hoodie and a black cap, sits in a modern kitchen and samples a series of meals described as 'Finesse2Tymes struggle meals.' He begins by lifting steaming noodles from a metal bowl and eating them. He then prepares a plain waffle, spreads grape jelly on it, and eats it while commenting on the taste. Next, he shows a frozen Salisbury steak TV dinner, takes a bite, and reacts. He makes another item by pouring syrup onto a slice of bread, folding it into a sandwich, and eating it. Finally, he prepares two bowls of Reese's Puffs cereal, first adding evaporated milk from a can, then mixing instant nonfat dry milk with water, tasting both and comparing them. Throughout, he talks to the camera, expressing surprise, amusement, and distaste. The TikTok watermark '@themomentplug' is visible throughout.
Culture moment=Finesse2Tymes struggle meals; significance=References a known internet meme where the rapper documents extremely cheap meals.; origin=Social media food challenge trend
Entities people=DuB; products=instant nonfat dry milk, evaporated milk, Reese's Puffs cereal, frozen waffles, grape jelly, maple syrup, white bread, American cheese slices, Salisbury steak TV dinner
Humor type=Situational; explanation=The humor derives from the contrast between the creator's expectation and the reality of eating extremely basic, unappetizing combinations presented as 'struggle meals.' Watching him lift long noodles, spread jelly on a plain waffle, pour syrup over bread with cheese, and mix cereal with powdered milk creates cringe-comedy through his genuine facial reactions and vocal commentary. The repeated 'No. No. No. No.' after tasting the dry milk emphasizes the absurdity. It fits the broader internet trend of documenting poverty-inspired cooking for entertainment, where viewers find amusement in shared relatability and shock value rather than scripted jokes.
Author 【entity-Finesse Twotymes¦handle=@1finesse2tymes¦author_id=user-172019759004811229070】
AuthorURL https://www.instagram.com/1finesse2tymes
Verified
2M Followers
Language en",hook,True,none,,restaurant-listicle,1,False,Yelp 官方榜单剪辑,False,,us-likely,US & Canada,False
2026-10-07,food,29,https://www.instagram.com/reel/DeHIVd2x5G3,@sirsolrac46,2,2,0,1.0,0.0,0,2026-10-07,2026-10-05,2,True,This video is a clip from the NBC daytime show 'Today with Hoda & Jenna' dated October 202...,"This video is a clip from the NBC daytime show 'Today with Hoda & Jenna' dated October 2026. Host Jenna Bush Hager introduces a viral dip created by home cook Alfredo Garcia, which she says was made famous by Cardi B after her TikTok making it received over 40 million views, and named by BuzzFeed as 'the tastiest thing.' The video cuts to Cardi B's original TikTok recipe from @freddsters, where ingredients are added to a Ninja blender: two blocks of cream cheese, a 14-ounce can of jalapeños, two avocados, juice of three limes, three cups of sour cream, and a bunch of cilantro. After blending, Cardi tastes the green dip with a chip and says 'Mm hmm.' Back in the studio, Hoda Kotb joins Jenna at the desk. They taste the dip with tortilla chips and Doritos, commenting that it is very creamy, pureed perfectly, very lemony, kind of spicy and hot — attributing the heat to the canned jalapeños. Hoda compares it to her world-famous queso recipe from the bottom of the Velveeta box. The tone is light, enthusiastic, and promotional, typical of morning-show food segments.
Entities people=Jenna Bush Hager (Vision Model Only), Hoda Kotb (Vision Model Only), Cardi B (Post Caption); products=countertop blender, canned jalapeños, tortilla chips, Doritos chips; places=Today Show Studio
Author 【entity-Armando Carlos Ramirez¦handle=@sirsolrac46¦author_id=user-836911424224462254582】
AuthorURL https://www.instagram.com/sirsolrac46
2.1K Followers
Language en


【808a】
URL https://www.instagram.com/reel/Dd5TLnLuwmf/
Type video
Created 2026-09-30 03:21:44 UTC
46 Likes
2 Comments
Summary: A woman films a sunny Los Angeles day vlog, introducing herself and companion David as they walk to brunch. They arrive at Sqirl (identified by signage and merchandise), order from the menu, and eat outdoors — showing orange juice, a kale salad with salmon, toast with cream and jam, and a sandwich. She tries a pink kombucha shaved ice sample inside, reacts that it tastes like onion, and says ""ew."" After leaving, they stop at Erewhon market, where she buys a mango smoothie. The vlog continues at Mohawk Man shoe store on Sunset Blvd, where she tries on footwear, including yellow sneakers and red Maison Margiela Tabi ballet flats, taking mirror selfies in her white outfit. The tone is casual, conversational, and lifestyle-focused, documenting food tasting and shopping.
Entities people=Kheila Alonzo (Author Name), David (Post Caption); products=white halter top, white wide-leg pants, red Maison Margiela Tabi ballet flat, brown leather loafer, yellow suede sneaker, Erewhon mango smoothie, pink kombucha shaved ice; places=Sqirl Los Angeles, Erewhon, Mohawk Man
Author 【entity-Kheila Alonzo¦handle=@kheilaalonzo¦author_id=user-240675860713356717949】
AuthorURL https://www.instagram.com/kheilaalonzo
35K Followers
Language en


【c1c6】
URL https://www.instagram.com/reel/DeK4LkyuT6D/
Type video
Created 2026-10-06 22:39:55 UTC
3 Likes
Summary: A woman in a black tank top films herself indoors eating from a large white bowl. She explains she saw a viral TikTok/Instagram recipe combining rotisserie chicken, peas, olive oil, Trader Joe's garlic salt seasoning blend, and shredded Parmesan cheese. She notes she made a big batch for herself and someone named Billy instead of putting it in a jar. She mixes the ingredients, takes a bite, comments that the chicken could have been shredded finer, then reacts enthusiastically, calling the dish ""totally, absolutely delicious"" and joking that she used to hate peas but now ""kinda love[s]"" them. The video is a casual, expressive food-tasting review with close-up shots of the bowl and her reactions.
Culture moment=TikTokMadeMeTryIt; significance=References the popular TikTok trend of recreating simple viral food combinations.; origin=TikTok viral food trend
Entities products=garlic salt seasoning, white ceramic bowl, metal fork
Humor type=Self-deprecating; explanation=The humor comes from her dramatic reversal about peas, a vegetable she claims she used to hate. She treats the peas as a person, asking 'where have you been all my life?' and declaring 'Now I kinda love ya,' which exaggerates a common relatable experience of discovering you like a food you previously avoided. This situational, self-mocking tone fits the casual TikTok food-review format and makes the endorsement feel authentic rather than scripted.
Author 【entity-Rebecca Burns¦handle=@honey916girl¦author_id=user-174672967625067729150】
AuthorURL https://www.instagram.com/honey916girl
11K Followers
Language en


【3b78】
URL https://www.instagram.com/reel/DeIMkxeSl5P/
Type video
Created 2026-10-05 21:46:47 UTC
Summary: A woman in a home kitchen demonstrates how to make a viral-style Chicken Caesar sandwich served on a croissant bun. She starts with raw chicken breasts on a red cutting board, seasoning them with avocado oil, Lawry's seasoned salt, Adobo, and Italian herbs. She then breads each piece through flour, beaten egg, and breadcrumbs before pan-frying them in oil until golden brown. Separately, she prepares a Caesar salad using a bagged chopped kit, adding Olive Garden Caesar dressing, shredded parmesan, croutons, and black pepper in a large bowl. She splits and butters croissant buns, toasts them, then assembles the sandwich by placing the fried chicken on the bottom bun, topping it generously with the Caesar salad and extra parmesan, and brushing the top bun with melted butter. The finished sandwich is plated with waffle fries cooked in an air fryer. The video is shot in a casual, instructional style with on-screen Like/Comment/Share graphics.
Culture moment=viral food recipe trend; significance=References a widely shared social-media sandwich format combining fried chicken and Caesar salad.; origin=TikTok/Reels food trends
Entities products=avocado oil, Lawry's seasoned salt, Olive Garden Caesar dressing, Caesar chopped salad kit, croissants, waffle fries
Author 【entity-Ashanta Flores¦handle=@shadylane21¦author_id=user-348401404762726632334】
AuthorURL https://www.instagram.com/shadylane21
2.4K Followers
Language en


【6fd6】
URL https://www.instagram.com/reel/Dd3iljJo5lB/
Type video
Created 2026-09-30 10:25:01 UTC
8 Likes
Summary: In this Times Foodie video posted September 30, 2026, two women sit at a yellow table against a black tiled wall to test a viral '2 ingredient recipe': tomato plus potato chips. On-screen text labels it 'VIRAL 2 INGREDIENT RECIPE - TOMATO+ CHIPS.' One woman slices a fresh red tomato while the other prepares plain potato chips. They demonstrate the hack by placing a tomato slice between two chips, creating a mini sandwich. After saying 'cheers,' both taste the combination simultaneously. Their reactions are mixed and expressive—the woman in the pink tie-dye top chews thoughtfully and states it tastes weird and definitely does not taste like pizza, while the woman in the light pink shirt gestures and appears to disagree slightly. The video includes a brief cutaway to a close-up of a loaded pizza for comparison, and ends with the women discussing the flavor. The tone is casual, experimental, and conversational, typical of social media food-trend content.
Culture moment=viral food combinations trend; significance=Reflects ongoing social media interest in unusual two-ingredient hacks that promise familiar flavors.; origin=Popularized on TikTok and Instagram Reels food creators
Entities products=potato chips, fresh tomato
Humor type=Situational; explanation=The humor comes from the gap between expectation and reality — the setup promises a pizza-like experience from just tomato and chips, building anticipation with exaggerated preparation ('triple'), then delivering a deadpan verdict that it definitely does not taste like pizza. The comedy is situational rather than scripted, relying on genuine reactions, the absurd simplicity of the hack, and the shared cultural knowledge that pizza requires cheese and sauce, making the two-ingredient claim inherently implausible yet fun to test.
Author 【entity-Times Foodie¦handle=@timesnowfoodie¦author_id=user-450044876980075559167】
AuthorURL https://www.instagram.com/timesnowfoodie
Verified
180K Followers
Language en

<RESPONSE_INSTRUCTIONS>
Use the information above from all the posts from the `meta_1p.content_search` tool to help ground the response. This information can be relevant to the user's prompt especially when it comes to information about current public discourse and knowledge after your learning cutoff such as: trends, memes, news, events, social context & discourse, and general info. 
When presenting these results to the user:
- Draw from multiple distinct sources. Do not over-represent a single account when the search results include content from several.

CRITICAL — Agentic multi-loop search:
This tool is built for agentic search. A single call is almost never enough to give the user a thorough answer. You MUST evaluate these results right now and decide whether to search again. If the results are thin, one-sided, off-topic, or missing an angle the user cares about, you MUST call `meta_1p.content_search` again — immediately, in the same turn — with adjusted parameters. Go through as many agentic loops as needed until you have comprehensive coverage:
- Go broader: widen `semantic_queries`, remove filters, try a different `ranking_intent`.
- Go deeper: narrow `semantic_queries` to a specific facet, add `key_celebrities` or `authors`, tighten `since`/`until`.
- Mix tools: use `browser.search` to learn factual context, then feed what you learn into a more targeted `meta_1p.content_search` call.
Do NOT present a weak or shallow answer when another loop would improve it. The `<iterative_refinement>` section in the system prompt has detailed examples of how to run these loops.
Do not mention a post's visibility tag unless the user explicitly asks about it.
</RESPONSE_INSTRUCTIONS>",news,False,weak,Cardi B 同款网红蘸酱复刻（电视片段改编）,viral-dip-recipe,1,True,,False,,us-likely,US TV (Today show),False
2026-10-07,food,30,https://www.instagram.com/reel/Dd6Jt32NfM_,@cook_queen_1130,2400,11,0,0.0,0.571,4,2026-10-03,2026-09-30,7,True,"The video is a close-up, step-by-step food preparation clip set to upbeat Indian music. A ...","The video is a close-up, step-by-step food preparation clip set to upbeat Indian music. A person’s hands are shown preparing cucumber 'shot glasses.' First, a whole cucumber is peeled, cut into sections, and hollowed out by scooping out the seeds. In a separate bowl, dried tamarind pulp is soaked in water and mashed into a thick brown liquid. Spices including red chili powder, salt, and other seasonings are added to the tamarind mixture and stirred. On a floral plate, a mix of red chili powder and white salt is spread, and the rim of each hollowed cucumber cup is dipped into it to coat the edge. Finally, the prepared tamarind sauce is spooned into the three cucumber cups, which are arranged on a marble-patterned plate. The finished product is presented as a savory snack or appetizer.
Entities products=cucumber, serrated knife, ceramic bowl, tamarind, chili powder
Author 【entity-cook queen¦handle=@cook_queen_1130¦author_id=user-061306128533223610212】
AuthorURL https://www.instagram.com/cook_queen_1130
12K Followers
Language en",template,True,strong,黄瓜 shot 杯特写版：纯手部运镜拍法,cucumber-cup-viral,5,True,,False,,non-us,Indian music,False
