scan_date,niche,rank,url,author,likes,comments,likes_gained_since_last,velocity_per_day,velocity_confidence,days_tracked,first_seen_date,posted_date,recency_days,is_fresh,title,description,mechanic,replicable,niche_fit,angle_idea,format_cluster,spread_count,feasible,feasible_note,saturated,saturation_reason,geo_fit,geo_note,picked_for_tomorrow
2026-10-06,food,1,https://www.instagram.com/reel/DeGWnTZMphQ,@khura_fati420,420000,3400,0,420000.0,0.0,0,2026-10-06,2026-10-05,1,true,The video opens at night on a street with a bearded man in a black 'POLO' t-shirt holding ...,"The video opens at night on a street with a bearded man in a black 'POLO' t-shirt holding a plate of street food (appears to be chaat). On-screen text reads 'Aapne paiso ka khana 🤢🤮'. He eats with a wooden spoon and makes faces suggesting the food tastes bad. A second man in a light patterned polo shirt then appears holding the same plate, with text changing to 'Dost ke paiso ka khana 😍😋'. Both men now eat from the plate together and react with exaggerated enjoyment, closing their eyes and smiling, implying the food tastes much better when paid for by a friend. The scene then cuts abruptly to a series of AI-generated space animations featuring blue nebulae, explosions, and planets before ending.
Entities products=spicy street food snack in bowl
Humor type=Situational; explanation=The humor derives from the exaggerated contrast between the man's pained, unimpressed reaction when eating food he paid for himself versus his blissful, satisfied enjoyment when eating the exact same food paid for by his friend. This plays on a widely recognized social truth among young adults—that shared costs reduce guilt and increase pleasure—making it situational rather than punchline-driven. The on-screen Hindi text explicitly frames the comparison, and the actor's physical performance (grimace vs. closed-eye delight) delivers the joke visually without dialogue, aligning with popular 'expectation vs reality' and 'friendship' meme formats common on Indian social media reels.
Author 【entity-Khurafati¦handle=@khura_fati420¦author_id=user-389467561791918387355】
AuthorURL https://www.instagram.com/khura_fati420
77K Followers
Language en


【74be】
URL https://www.instagram.com/reel/DeCK6uMBDFB/
Type video
Created 2026-10-03 13:30:09 UTC
1.7K Likes
49 Comments
Summary: This is a promotional street-food reel filmed in 2026 at Pandit Ji Hing Kachori, located at Rohtash Nagar Market, Babarpur Road near Shivaji Park Hanuman Mandir, Shahdara East Delhi. The video follows the preparation and service of the shop's signature hing-flavored kachori. Vendors are shown deep-frying dozens of small, puffed kachoris in large woks of bubbling oil, then scooping them into metal colanders. A server breaks open the fried kachori in a disposable foil plate, ladles generous amounts of a thick, yellow-orange potato and pea curry (described as Mathura-style), sprinkles dry spice mix and methi chutney, and tops it with more gravy. The vendor explains the item costs 25 rupees for two kachoris, served from morning around 6:30 AM until 4-5 PM. The shop is visibly popular, with a long line of male customers waiting outside. The tone is energetic and appetizing, typical of Indian food-reel content, focusing on the sizzling fry, the rich curry texture, and the bustling market atmosphere.
Entities products=hing kachori, potato pea curry; places=Pandit Ji Hing Kachori
Author 【entity-India wale heena¦handle=@india_wale_heena¦author_id=user-527707393371586334973】
AuthorURL https://www.instagram.com/india_wale_heena
110K Followers
Language en


【d500】
URL https://www.instagram.com/reel/Dd_g_0uzvSI/
Type video
Created 2026-10-02 12:48:38 UTC
2.3K Likes
26 Comments
Summary: Filmed in 2026 at a rustic roadside food stall, the video shows a young girl wearing a white headscarf and light-colored outfit sitting on the ground behind large metal trays of cooked chickpeas and fried snacks. Several adult men gather around her, one kneeling and holding a smartphone to record her reactions. In Hindi audio, they playfully urge customers to come quickly and joke about the price being 15 rupees, contrasting it with '50 lakh rupees,' prompting the girl to respond animatedly with hand gestures, smiles, and expressive speech. The setting is informal, with earthen floor, wooden structures, and cooking pots visible. The tone is lighthearted and comedic, typical of viral social media reels showcasing street vendors, with the interaction framed as entertaining banter rather than serious commerce.
Entities products=chickpea curry in metal tray, fried snacks on brass plate
Humor type=Situational; explanation=The humor arises from the situational contrast between a serious child vendor earnestly stating a modest price of 15 rupees and adults comically inflating it to '50 lakh rupees,' creating an absurd expectation gap typical of Indian street-market banter videos. The comedy is amplified by the girl's earnest delivery and expressive gestures against the backdrop of men treating her like a performer for their camera, turning everyday commerce into entertainment. This aligns with a common South Asian social media trope where vendors, especially children, become unwitting stars in viral reels, leveraging authenticity and regional dialect for relatability rather than scripted jokes.
Author 【entity-siddik_khan¦handle=@siddikkhan185¦author_id=user-427352359063390594537】
AuthorURL https://www.instagram.com/siddikkhan185
1.8K Followers
Language en


【2acf】
URL https://www.instagram.com/reel/DeD8YgpSgtv/
Type video
Created 2026-10-04 06:02:33 UTC
9.8K Likes
160 Comments
Summary: A young woman with long dark hair and glasses films herself at night in an outdoor parking area with cars in the background. Wearing a white t-shirt with a red '7' graphic and blue jeans, she addresses the camera with a smile while on-screen text reads 'That one aunty in my feed now a days.' She holds up a leaf plate containing several pieces of jalebi, a traditional Indian sweet, lifts one piece to show the camera, and then takes a bite, chewing with an expressive, happy reaction. The caption in Telugu ('Ilane adagali inka nundi') and hashtags suggest a lighthearted, viral lifestyle reel. The overall tone is cheerful, casual, and humorous, centered on enjoying street food, with no risky or mature content.
Entities products=jalebi sweet
Humor type=Self-deprecating; explanation=The humor comes from the creator labeling herself as 'that one aunty in my feed,' a common South Asian social-media trope where older women are stereotyped for enthusiastically posting food videos. By adopting that persona while visibly young, she creates ironic contrast between expected youth behavior and the indulgent, unapologetic joy of eating jalebi at night. The joke is amplified by her exaggerated delight and the caption urging viewers to ask for jalebi 'like this,' turning a mundane snack into a performative identity. It resonates because many viewers recognize the archetype of relatives sharing food content online, making the self-mockery both culturally specific and universally relatable without relying on sarcasm or satire.
Author 【entity-Suma Sri🦋¦handle=@sumasri_madira¦author_id=user-828731603640897295116】
AuthorURL https://www.instagram.com/sumasri_madira
250K Followers
Language en


【42c4】
URL https://www.instagram.com/reel/DeGsrziSZtc/
Place 【place-Sikhle India¦place_id=988520985913550】
Type video
Created 2026-10-05 07:44:05 UTC
3.1K Likes
37 Comments
Summary: The video is a split-screen social media clip posted October 5, 2026 by @sikhle_india. The bottom half shows a man in a red shirt reacting and narrating in Hindi. The top half compiles Thai street-food footage. It opens with a woman in a red top holding a live centipede to her mouth, followed by another woman eating from a cup of sauce. The main focus is Thailand's 'dancing shrimp' dish: vendors mix live tiny transparent shrimp with chili, lime, onion, herbs and dark sauce in a mortar, then serve them in plastic cups where the shrimp continue to move. Close-ups show the shrimp wriggling, escaping, and being eaten alive. Other shots show raw crab salad preparation with piles of small crabs on banana leaves. The narrator explains this is Thailand's most dangerous street food, that the shrimp jump in your mouth, cost about 40 Thai baht (~80 INR), and questions whether viewers would dare try it. The overall tone is shock-value food tourism, highlighting exotic and live-animal consumption as a daring experience.
Author 【entity-Sikhle India Official¦handle=@sikhle_india¦author_id=user-211185332646316029547】
AuthorURL https://www.instagram.com/sikhle_india
Verified
1.2M Followers
Language en


【6c53】
URL https://www.instagram.com/reel/Dd852MzBK3V/
Type video
Created 2026-10-01 12:33:21 UTC
3.2K Likes
890 Comments
Summary: This is a nighttime street-food promotional video from Lucknow by creator @foodie_brosss showcasing the 'Internet's Viral Creamy Dripping Roll' at the 'KING SOYA CHAAP' stall. The video details the preparation: chopped grilled soya chaap pieces are placed in a flatbread roll, toasted on a charcoal grill, then heavily smothered with a thick, white creamy sauce poured from a metal bowl, and finished with chopped cilantro and spices. It is served on a compartmentalized plate with green chutney and sliced onions. Two men are shown enthusiastically eating the messy, sauce-laden roll. The caption advertises it as priced at 99/- with a 9/10 rating and encourages tagging someone who loves it. The overall tone is energetic and appetizing, aimed at driving foot traffic to the popular roadside stall.
Culture moment=viral creamy dripping roll trend; significance=Reflects India's ongoing street-food virality where heavy, photogenic sauces drive social media attention.; origin=Internet food trends popularized by reels",template,true,strong,买两份同款麻辣烫，一份自己付钱一份说朋友请的，双盲试吃+夸张对比表情,duo_comparison_skit,1,false,需要两人出镜演对比，单人无法同时分饰两角,false,,non-us,印地语文案+印度街头夜市，印度式友谊梗,false
2026-10-06,food,2,https://www.instagram.com/reel/Dd9NycnxljU,@thecheftal,100000,100,0,20000.0,0.0,0,2026-10-06,2026-10-01,5,true,"This is a fast-paced cooking reel by creator @thecheftal from Charlotte, NC, demonstrating...","This is a fast-paced cooking reel by creator @thecheftal from Charlotte, NC, demonstrating how to make 'chicken tacos' for a lazy meal prep. The video opens with raw chicken thighs placed in a speckled white bowl, then seasoned generously with oil, black pepper, dried herbs, paprika, garlic powder, and other spices, which are massaged in by gloved hands. In parallel, garlic cloves, jalapeños, and onion quarters are roasted in a pan, then blended into a green salsa. The marinated chicken is seared in a pink skillet until browned and crispy. Meanwhile, fresh toppings are prepped on a wooden board: diced red onion, diced tomato, chopped cilantro, sliced limes, and an avocado which is mashed with the same vegetables, lime juice, and seasoning to create a guacamole-like mix. Tortillas are fried in the leftover chicken fat in the pan, topped with shredded Mexican cheese and pieces of the cooked chicken, then folded into crispy tacos. The finished tacos are plated and loaded with the fresh pico and avocado mixture. The overall tone is casual, instructional, and appetizing, aimed at home cooks looking for an easy recipe.",template,true,strong,复刻懒人鸡肉塔可，把香料换成孜然辣椒面做中式混血版，对比原味,quick_recipe_demo,1,true,,false,,us-likely,"Charlotte, NC，美国创作者英文内容",false
2026-10-06,food,3,https://www.instagram.com/reel/DeCBzw6xrME,@annubhaav_sharma,58000,560,0,19333.3,0.0,0,2026-10-06,2026-10-03,3,true,A young man in an olive-green t-shirt presents 'Part 2' of a 'Viral Cucumber - Imli Combo'...,"A young man in an olive-green t-shirt presents 'Part 2' of a 'Viral Cucumber - Imli Combo' in his kitchen. The video opens in black-and-white before switching to color. He speaks directly to the camera in Hindi, explaining he will prepare the combo without using lemon juice due to health concerns, instead using tamarind (imli) pulp. He mixes the dark tamarind paste in a blue bowl with salt and other seasonings, then transfers some to a black plate. He takes a peeled, hollowed-out cucumber, fills its cavity with the tamarind mixture using a spoon, and holds it up to the camera. He then eats the stuffed cucumber, reacting with expressive faces indicating intense sourness and spiciness, describing the taste as very strong and flavorful. Throughout, he gestures enthusiastically while talking about the recipe, giving it a high rating, and encouraging viewers to try it.
Culture moment=Viral Cucumber-Imli Combo; significance=Participates in a popular Indian social media food hack combining cucumber with tamarind chutney.; origin=Social media food trend
Entities people=Anubhav Sharma (Author Name); products=peeled cucumber, tamarind chutney mixture, glass jar
Humor type=Situational; explanation=The humor comes from the creator's exaggerated physical and verbal reaction to the intensely sour and spicy cucumber. He builds anticipation by describing the recipe calmly, then shifts to dramatic facial expressions, complaints about too much chili, and self-deprecating comments about his cooking skills. The contrast between his initial confidence and the painful sourness creates a relatable, situational comedy common in Indian food-challenge reels, where the payoff is the genuine struggle rather than a scripted joke.
Author 【entity-Anubhav Sharma¦handle=@annubhaav_sharma¦author_id=user-126056700310443077294】
AuthorURL https://www.instagram.com/annubhaav_sharma
240K Followers
Language en",challenge,true,strong,复刻黄瓜酿罗望子酱：美超买罗望子膏+辣椒粉，黄瓜掏空灌酱，第一口酸到变形不许剪,cucumber_imli_cup_trend,4,true,,false,,non-us,印地语讲解，印度viral挑战,false
2026-10-06,food,4,https://www.instagram.com/reel/DeIcTPwM_wz,@karissadumbacher,19000,30,0,19000.0,0.0,0,2026-10-06,2026-10-06,0,true,A young woman provides an 'honest review' of the most viral foods at Universal Orlando in ...,"A young woman provides an 'honest review' of the most viral foods at Universal Orlando in 2026. She starts at Lard Lad Donuts holding the $12 Big Pink Donut (bigger than her head), rating it 7/10 for its thick icing, fluffy moist texture, and sprinkles crunch. Next, at Jurassic Park's Pizza Predattoria, she tries the $18 pizza cone — garlic bread stuffed with chicken Alfredo — giving it 7.5/10, praising the buttery, fluffy dough and tender chicken while noting it needs more sauce. At Seuss Landing's Green Eggs and Ham restaurant, she skips the Who-hash and gets $18 crispy fried chicken tots smothered in cheese, ranch, and spicy buffalo sauce, rating them 8/10 and noting they are larger potato chunks. In Minion Land at Bake My Day, she highlights the $18 pulled pork sandwich on a salty pretzel bun with chimichurri, bacon jam, and mustard aioli as the best item (9/10), plus 8/10 Minion-shaped tots that are crunchy outside and fluffy inside. At Marvel World, she reviews the pizza hot dog, rating it 5/10 — juicy and cheesy with pepperoni kick but too greasy/oily. Finally, at Toothsome Chocolate Emporium, she recommends the $16 sundae over shakes, rating it 9/10 for its extra brownie base and smooth chocolate whipped cream, mentioning she used to work there. The video ends with shots of Shrek and Hogsmeade, concluding she had so much fun.
Entities people=Karissa Dumbacher (Post Caption), Chris (No Substantiation); products=Big Pink Donut, Pizza Cone, Buffalo Chicken Tots, Pulled Pork Sandwich, Minion Tots, Pizza Hot Dog, Chocolate Sundae; places=Universal Orlando Resort, Lard Lad Donuts, Predatorria, Green Eggs and Ham Cafe, Bake My Day, Toothsome Chocolate Emporium, Hogsmeade
Author 【entity-Karissa Dumbacher¦handle=@karissadumbacher¦author_id=user-937615503861005622664】
AuthorURL https://www.instagram.com/karissadumbacher
Verified
1.7M Followers
Language en


【d809】
URL https://www.instagram.com/reel/Dd30XVHBRtr/
Type video
Created 2026-09-29 13:00:07 UTC
4.1K Likes
67 Comments
Summary: A man in a white t-shirt conducts a side-by-side taste test of famous American versus Indian snacks, organized into five rounds. He starts with chips, holding up U.S. Lay's Classic against India's Lay's India's Magic Masala, tasting both and declaring the Indian version 'better' for its spice. Next is cookies: U.S. Oreo versus India's Parle-G Original Gluco Cookies; he eats both and says 'America's are better.' For spicy snacks, he compares U.S. Cheetos Flamin' Hot Crunchy with India's Kurkure Masala Munch, noting the Kurkure is less intense. For candy, he tries U.S. Sour Patch Kids Extreme against India's Pass Pass Pulse tangy mango candy, saying he loves the Sour Patch but the Pulse is good, giving the win to America. Finally, for chocolate, he tastes U.S. Hershey's milk chocolate versus India's Cadbury 5 Star, describing Hershey's as smooth and creamy and the 5 Star as creamier, then asks viewers to decide the overall winner. On-screen flags and icons track which country leads after each round.
Entities people=Nick DiGiovanni (Author Name); products=potato chips, sandwich cookies, glucose biscuits, corn snacks, gummy candy, hard candy, milk chocolate bar, chocolate bar
Author 【entity-Nick DiGiovanni¦handle=@nick.digiovanni¦author_id=user-550614002821313375697】
AuthorURL https://www.instagram.com/nick.digiovanni
Verified
4.7M Followers
Language en",template,true,strong,照搬'诚实打分'结构：去华人超市买7样网红零食，逐个试吃打分,viral_food_taste_test_ranking,1,true,,false,,us-likely,Universal Orlando，美国创作者,false
2026-10-06,food,5,https://www.instagram.com/reel/DeA2Agrg_Ou,@supa_cent,49000,2200,0,16333.3,0.0,0,2026-10-06,2026-10-03,3,true,The video opens with a cooking demonstration showing how to make a 'Red Beans & Rice Stuff...,"The video opens with a cooking demonstration showing how to make a 'Red Beans & Rice Stuffed Cornbread Waffle.' A pot of simmering red beans and sausage is shown, then cornbread batter is poured into a waffle maker, topped with the bean mixture, covered with more batter, and cooked. The finished waffle is plated, topped with white rice, more red beans, and a piece of fried chicken, then cut open to show the stuffed interior. On-screen text asks viewers if they would try it. The second half cuts to a woman with curly hair, wearing a beige ribbed turtleneck and gold hoops, sitting indoors. She speaks directly to camera with an exasperated expression, holding a black quilted wallet. She pulls out several cards while complaining about people inventing recipes, saying 'Bitch I would just be making any goddamn thing... I don't give a fuck what y'all make.' Her tone is critical and frustrated, using repeated strong profanity to express disapproval of the trend of creating novel food mashups like the one shown.
Entities products=black quilted wallet with gold clasp, round electric waffle maker
Humor type=Situational; explanation=The humor comes from the juxtaposition of a traditional Southern dish (red beans and rice) being forced into a sweet breakfast format (cornbread waffle), then topped with fried chicken, creating an absurd culinary Frankenstein. The second speaker amplifies this by performing exaggerated frustration, using profanity-laced rhetorical questions about people inventing things in their heads, flipping and rolling them, and then selling them, culminating in the hyperbolic demand for six pans. This taps into a common internet fatigue with increasingly bizarre food trends, where the comedy is situational rather than a punchline, relying on shared cultural recognition of over-the-top fusion foods.
Author 【entity-supa_cent¦handle=@supa_cent¦author_id=user-678953808770072229062】
AuthorURL https://www.instagram.com/supa_cent
Verified
3M Followers
Language en


【b0dd】
URL https://www.instagram.com/reel/DeBcf31h070/
Type video
Created 2026-10-03 06:49:43 UTC
4.4K Likes
21 Comments
Summary: This is a Telugu-language cooking reel titled 'Easy Chicken Pulao Recipe' by creator @tasty_chinnoduu, presented as a family culinary journey featuring a mother and son. The video opens with the woman in a light green floral saree looking at her phone, followed by the young man in a light blue polo shirt introducing the recipe. The cooking process is shown step-by-step: raw chicken pieces are marinated in a glass bowl with turmeric, red chili powder, garam masala, salt, and oil, then mixed by hand. Separately, white rice is washed in a black bowl. In a pan, oil is heated and tempered with whole spices including cumin, bay leaves, cinnamon, and cardamom, then sautéed with chopped onions, garlic, green chilies, ginger, tomatoes, cilantro, and mint. In a larger pot, more whole spices and onions are fried, the marinated chicken is added and cooked with fresh herbs and a green spice paste, then water is poured in. Once boiling, the washed rice is added and stirred into the broth. The final dish is a golden-brown chicken pulao, shown being served onto a green plate lined with a banana leaf alongside a side of white yogurt or curd and sliced onion. The young man eats it with his hand outdoors, expressing enjoyment, and the video ends with both the mother and son smiling and giving thumbs-up gestures next to a 'Follow' button graphic.
Entities products=raw chicken pieces, white rice, spice powders, finished chicken pulao
Author 【entity-Tasty chinnodu¦handle=@tasty_chinnoduu¦author_id=user-308251884631264451332】
AuthorURL https://www.instagram.com/tasty_chinnoduu
10K Followers
Language en

<RESPONSE_INSTRUCTIONS>
Use the information above from all the posts from the `meta_1p.content_search` tool to help ground the response. This information can be relevant to the user's prompt especially when it comes to information about current public discourse and knowledge after your learning cutoff such as: trends, memes, news, events, social context & discourse, and general info. 
When presenting these results to the user:
- Draw from multiple distinct sources. Do not over-represent a single account when the search results include content from several.

CRITICAL — Agentic multi-loop search:
This tool is built for agentic search. A single call is almost never enough to give the user a thorough answer. You MUST evaluate these results right now and decide whether to search again. If the results are thin, one-sided, off-topic, or missing an angle the user cares about, you MUST call `meta_1p.content_search` again — immediately, in the same turn — with adjusted parameters. Go through as many agentic loops as needed until you have comprehensive coverage:
- Go broader: widen `semantic_queries`, remove filters, try a different `ranking_intent`.
- Go deeper: narrow `semantic_queries` to a specific facet, add `key_celebrities` or `authors`, tighten `since`/`until`.
- Mix tools: use `browser.search` to learn factual context, then feed what you learn into a more targeted `meta_1p.content_search` call.
Do NOT present a weak or shallow answer when another loop would improve it. The `<iterative_refinement>` section in the system prompt has detailed examples of how to run these loops.
Do not mention a post's visibility tag unless the user explicitly asks about it.
</RESPONSE_INSTRUCTIONS>",personality,false,weak,可借'复刻奇葩食谱+开麦吐槽'的壳，但脏话人设不适合,reaction_rant_duo,1,false,演示+吐槽需两人配合，且脏话吐槽人设不适合复刻,false,,us-likely,美式南方菜+英文，美国创作者,false
2026-10-06,food,6,https://www.instagram.com/reel/DeBTDnclY1m,@esrat_s_deals,340000,640,10000,10000.0,0.286,2,2026-10-04,2026-10-03,3,true,This is a short-form food recipe video by creator @esrat_s_deals titled 'Viral Caramel Tea...,"This is a short-form food recipe video by creator @esrat_s_deals titled 'Viral Caramel Tea,' posted October 2, 2026. The clip shows a close-up, step-by-step preparation in a home kitchen with tiled backsplash. A hand pours loose black tea leaves from a small terracotta bowl into a large aluminum wok on a gas burner, followed by white granulated sugar. The sugar is stirred with a golden spoon until it melts and caramelizes to a dark amber color. Grated fresh ginger is then added and mixed in. Milk is poured from a larger terracotta vessel into the pan, causing steam, and the mixture is brought to a vigorous boil, bubbling and frothing while being stirred. Finally, the hot, foamy caramel-colored tea is poured in a steady stream into a matching ornate terracotta cup and saucer set against a dark surface. The video has an upbeat Hindi film song playing as background audio throughout, with no spoken narration. The tone is instructional and appetizing, focused entirely on the cooking process.",template,true,strong,复刻焦糖奶茶：白糖下锅炒到琥珀色再倒牛奶，重点拍转色瞬间，第一口烫嘴反应留着,viral_drink_recipe,1,true,,false,,unknown,英文无旁白+印度电影歌BGM，无明确地域标识,false
2026-10-06,food,7,https://www.instagram.com/reel/Dd894GotjFK,@nickskitchen,50000,210,0,10000.0,0.0,0,2026-10-06,2026-10-01,5,true,"In this short-form cooking video from creator @nickskitchen (Nick's Kitchen), the host dem...","In this short-form cooking video from creator @nickskitchen (Nick's Kitchen), the host demonstrates how to make a two-ingredient watermelon jello that mimics a real watermelon slice. The video opens with him holding up a finished triangular jello piece that looks identical to fresh watermelon. He then cuts a whole watermelon in half, scoops out all the red flesh, and blends it until smooth before straining the juice through a fine mesh sieve into a bowl. Separately, he blooms five packets of gelatin in 3/4 cup cold water. He heats some of the strained juice on a portable burner, whisks in the bloomed gelatin until dissolved, then combines it with the remaining juice. The mixture is poured back into the hollowed-out watermelon half, which is then placed in a refrigerator for six to eight hours to set. After chilling, he removes the solidified jello-filled rind, places it cut-side down, and slices it into wedges. The final reveal shows the jello holds its shape and has the same red color and green rind appearance as the original slice shown at the start. The tone is instructional and visually satisfying, focused on the transformation process.",template,true,strong,复刻西瓜果冻切片：果冻液倒回西瓜皮冷藏定型，重点拍倒模和切开横截面,visual_food_hack,1,true,,false,,unknown,英文烹饪内容，无明确地域标识,false
2026-10-06,food,8,https://www.instagram.com/reel/DeER4a2s3nt,@charlotteryan_____,3500,87,1300,1300.0,0.143,1,2026-10-05,2026-10-04,2,true,"In this 2026 London-based cooking video, creator Charlotte Ryan (@charlotteryan_____) pres...","In this 2026 London-based cooking video, creator Charlotte Ryan (@charlotteryan_____) presents a 'Tartar Dipped Fish Burger,' inspired by viral dipped-burger trends. She begins by making a homemade tartar sauce from finely chopped shallot, dill, parsley, tarragon, capers, cornichons, lemon juice, and low-fat mayo, letting flavors meld. For the fish, she coats cod fillets in plain flour, then dips them in a beer batter made with self-raising flour, cornflour, and beer before deep-frying until golden and crispy. She prepares chips from Maris Piper potatoes, cutting them thick, parboiling, tossing in cornflour, salt, and oil/butter, then baking for 30 minutes and finishing with malt vinegar, flaky salt, and rosemary. Assembly involves toasting a brioche bun with mayo, layering the fried fish, American cheese, more tartar sauce, lettuce, and suggesting trout caviar for cross-section appeal. The final plating spreads a generous bed of tartar sauce on a metal tray, places two assembled burgers and the chips on top, adds a dollop of caviar, and shows the sauce-soaked interior. She tastes it, calling it savory, sumptuous, and 'undeniably filthy.' The tone is enthusiastic, instructional, and indulgent.
Culture moment=viral dipped burgers trend; significance=References popular social media format of dipping entire sandwiches into sauce, positioning this as elevated version.; origin=TikTok food trend
Entities products=cod fillets, tartar sauce, beer, Maris Piper potatoes, trout caviar, brioche bun, American cheese slice
Author 【entity-Charlotte Ryan¦handle=@charlotteryan_____¦author_id=user-263513195668306178825】
AuthorURL https://www.instagram.com/charlotteryan_____
16K Followers
Language en


【b00c】
URL https://www.instagram.com/reel/DeDbzCkg2jn/
Type video
Created 2026-10-04 01:17:48 UTC
990 Likes
220 Comments
Summary: This is a short promotional video for Marathon Burger's appearance at ComplexCon in Los Angeles on October 3-4, 2026. The clip opens on the white and red food stand exterior with text overlay stating 'MARATHON BURGER PULLED UP TO COMPLEXCON' and the tagline 'So good, you'll double up.' A menu board lists the Original Burger ($12) and Double Up ($16) with drinks. Inside the tent, a worker in a black shirt and gloves tosses a large metal bowl of seasoned fries, then assembles multiple burgers on a prep table by adding ketchup, mustard, pickles, and cheese to buns. Finished orders are placed in white paper bags branded with the 'MARATHON Burger' logo and handed through a service window to customers. The tone is bright, energetic, and commercial, typical of event food coverage, with no dialogue, only background music. Data of event in content: 2026-10-03, Details: Post was published during the first day of ComplexCon 2026.",template,true,strong,复刻蘸酱汉堡概念：麦当劳麦香鱼+自制塔塔酱做平价版，整只按进酱里泡澡吃,trend_recipe_recreation,1,true,,false,,non-us,伦敦创作者，Maris Piper土豆等英式标记,false
2026-10-06,food,9,https://www.instagram.com/reel/Dd899SGhas6,@are_you_hungry007,6200,65,0,1240.0,0.0,0,2026-10-06,2026-10-01,5,true,The video is a street-food challenge reel filmed in a busy Indian market and inside a smal...,"The video is a street-food challenge reel filmed in a busy Indian market and inside a small shop. Creator Rajneesh Gyani (@are_you_hungry007) approaches a couple and offers ₹5,000 if they can eat one giant patty. The woman declines, saying her husband will do it. The challenger, a man in a dark blue polo, agrees. Inside the shop, a massive triangular fried patty topped with chutney and sev is presented on a large golden plate. A 10-minute timer is started. The man eats aggressively with his hands while the host times him, provides commentary in Hindi, and notes progress (""50% REMAINING,"" ""9 MINUTES DONE""). He finishes the entire patty with time to spare, declares ""Gee Khatam,"" and the host confirms the win, promises the ₹5,000 cash, and asks viewers to like, comment, and subscribe to ""ARE YOU HUNGRY."" The tone is energetic, promotional, and focused on spectacle eating.
Entities people=Rajneesh Gyani (Author Name); products=giant fried patty
Humor type=Situational; explanation=Humor arises from the absurd scale of the patty versus normal expectations, the host's exaggerated warnings about needing an ambulance, and the challenger's determined messy eating contrasted with the casual street setting. The cultural reference to Agra residents being bold eaters adds regional flavor, and the running joke that the host himself struggled to finish it creates self-deprecating irony. The timing pressure and visual of a grown man struggling with a single snack turns ordinary eating into spectacle comedy typical of Indian food challenge reels.
Author 【entity-RAJNEESH GYANI¦handle=@are_you_hungry007¦author_id=user-892022573893897457056】
AuthorURL https://www.instagram.com/are_you_hungry007
Verified
850K Followers
Language en


【a857】
URL https://www.instagram.com/reel/Dd8fx0JSALm/
Type video
Created 2026-10-01 08:39:10 UTC
6.7K Likes
16 Comments
Summary: This is a fast-paced food reel by creator Mahima Singh (@bhukkadmahi), filmed in Allahabad (Prayagraj), India, posted October 2026. It showcases a variety of popular Indian street and restaurant dishes through quick cuts: dough being fried into puris, assembled chaat topped with sev, pav bhaji with buns, stir-fried noodles, a fruit dessert bowl with kiwi and strawberries, gulab jamun in syrup, pani puri filling, and a full table spread including pizza and drinks. Overlaid text reads 'Pta nai kaise admi hai...' with laughing emojis. The audio is a viral Hindi clip of a young girl jokingly complaining that her husband claims to earn only for her but says he has no money when she asks. The tone is lighthearted and promotional, highlighting local food culture without any risky, explicit, or controversial content.
Culture moment=Pata nahi kaise aadmi hai meme; significance=Reflects widespread Indian social media humor about marital finances, widely reused in 2025-2026 reels.; origin=Viral Hindi audio clip circulating on Instagram Reels
Entities places=Prayagraj
Humor type=Situational; explanation=The humor derives from the relatable domestic scenario embedded in the audio: a wife requests money and the husband deflects by claiming he earns solely for her yet has nothing to give. This juxtaposition of noble claim versus practical refusal resonates culturally in India, where discussions about household spending are common. Paired with cheerful food visuals, the complaint becomes lighthearted rather than bitter. The use of a child's voice adds innocence, amplifying the irony. The on-screen text and emojis reinforce the shared exasperation, turning a mundane marital gripe into a meme format that viewers recognize instantly. It is not satire targeting institutions, but everyday situational comedy rooted in gender roles and financial expectations.
Author 【entity-Mahima singh¦handle=@bhukkadmahi¦author_id=user-899865509394480416641】
AuthorURL https://www.instagram.com/bhukkadmahi
320K Followers
Language en",challenge,true,weak,挑战壳可借：找大份量餐厅做10分钟吃完挑战+计时器，但需店家配合,food_challenge_spectacle,1,false,需要街边摊主配合摆拍+大胃王挑战者，单人搞不定,false,,non-us,印度街头，印地语+卢比,false
2026-10-06,food,10,https://www.instagram.com/reel/DeCKWCUBi_S,@_lalita_lp,3500,20,0,1166.7,0.0,0,2026-10-06,2026-10-03,3,true,"In an outdoor daytime setting on a paved road lined with trees, a man in a dark blue shirt...","In an outdoor daytime setting on a paved road lined with trees, a man in a dark blue shirt and beige pants and a woman in a black long-sleeve top and grey wide-leg pants stand at a street food stall covered with a red cloth. A male vendor in a black polo serves them food in small metal bowls. The man takes his bowl first, then the woman receives hers. She turns slightly away from the camera, brings the food to her mouth, and eats while standing next to the man. Both appear to be enjoying the snack. Background activity includes passing motorbikes and cars. The audio features upbeat Hindi pop music throughout. The overall tone is casual and observational, depicting a common street-food experience.
Author 【entity-Lalita¦handle=@_lalita_lp¦author_id=user-576302219223105095642】
AuthorURL https://www.instagram.com/_lalita_lp
57K Followers
Language en


【b2a9】
URL https://www.instagram.com/reel/Dd4MShnjFrX/
Type video
Created 2026-09-29 16:30:19 UTC
12K Likes
400 Comments
Summary: The video presents a surreal, AI-generated street food scene set in a busy South Asian market. At the center is an enormous black cauldron overflowing with steaming biryani rice, meat, and potatoes. A man wearing a dark shirt and head covering is positioned inside a hollowed-out tunnel in the middle of the rice mound, actively stirring and scooping the food with a large ladle. In the foreground, a pair of hands holds a white disposable plate as the man serves a generous portion of the steaming biryani onto it. The background shows a crowded street with pedestrians, shops, and auto-rickshaws, all rendered with the slightly distorted, hyper-realistic aesthetic characteristic of generative AI. The tone is whimsical and absurd, designed as viral AI art rather than documentary footage, as indicated by the creator's hashtags referencing AI video and animation.
Culture moment=AI-generated food illusion videos; significance=Reflects 2025-2026 viral trend of impossible street food AI reels popular on Reels and Shorts.; origin=Social media AI art community",luck,false,none,,observational_streetfood,2,true,,false,,non-us,印度街头+印地流行乐，无结构纯记录,false
2026-10-06,food,11,https://www.instagram.com/reel/Dd9ZmlaT7T-,@lakshmivishnu60,5800,57,0,1160.0,0.0,0,2026-10-06,2026-10-01,5,true,"A cooking reel by creator Jayalakshmi J Nair (@lakshmivishnu60) from Thiruvalla, India, po...","A cooking reel by creator Jayalakshmi J Nair (@lakshmivishnu60) from Thiruvalla, India, posted October 1, 2026, demonstrates how to make a simple Kerala-style shallot curry to eat with rice even when no vegetables are available. Filmed close-up in a traditional clay pot, the process begins with heating oil, then tempering mustard seeds, fenugreek, dried red chilies, and curry leaves, followed by sliced garlic and whole small shallots which are sautéed with salt until softened. Ground coriander, red chili powder, and turmeric are added and mixed into a thick paste. Tamarind pulp soaked in water is squeezed and poured in, along with additional water, and the mixture is brought to a boil. A spoonful of jaggery or sugar is added for balance, followed by fresh curry leaves, and the curry simmers until glossy and reduced. The finished dark-red, oily curry is ladled over a mound of white rice on a floral plate, and the creator mixes it by hand and lifts a bite to show the texture. The tone is warm, instructional, and homestyle, emphasizing comfort food made with pantry staples.
Entities places=Thiruvalla
Author 【entity-Jayalakshmi J Nair¦handle=@lakshmivishnu60¦author_id=user-258567432485970588804】
AuthorURL https://www.instagram.com/lakshmivishnu60
81K Followers
Language en",template,true,strong,复刻'没菜也能做的快手咖喱'：洋葱+咖喱粉+番茄酱15分钟一锅，配白米饭试吃,homestyle_curry_demo,1,true,,false,,non-us,印度Thiruvalla，喀拉拉家常菜,false
2026-10-06,food,12,https://www.instagram.com/reel/Dd89ZaMBl2h,@maxx_cruzz56,30000,210,1000,1000.0,0.429,3,2026-10-03,2026-10-01,5,true,"A young man with dark curly hair and a beard, wearing a white T-shirt with blue Asian char...","A young man with dark curly hair and a beard, wearing a white T-shirt with blue Asian characters, films a fast-paced cooking reel in a room with a deep red wall. The video opens with him holding a packet of Maggi instant noodles, with on-screen text reading '2 MINS LO' and 'DELICIOUS'. He then proceeds to chop fresh ingredients on a wooden board placed over a pink patterned cloth: slicing tomatoes, julienning green bell pepper, dicing carrots, and finely chopping cilantro. He mixes spices in a metal cup, heats oil in a pan on a gas stove, fries the tomatoes until softened, adds the chopped vegetables and Maggi masala, pours in water, and cooks two blocks of noodles. He stirs in slices of processed cheese and tops the dish with cilantro. Throughout, he smiles at the camera, occasionally posing with heart emoji filters. He then eats the finished noodle bowl from a white textured bowl, expressing enjoyment. The audio features energetic Telugu folk-pop music and the creator speaking in Telugu. The caption reads 'Maggi 😋❤️🤌' with hashtags #reels #viral, posted by @maxx_cruzz56.",template,true,strong,复刻升级版方便面：番茄青椒胡萝卜+芝士片，结尾补一句'两分钟不存在的，但好吃是真的',instant_noodle_upgrade,1,true,,false,,non-us,泰卢固语讲解，印度Maggi面,false
2026-10-06,food,13,https://www.instagram.com/reel/Dd5HoeXSK2O,@star_dancer_007,12000,62,1000,1000.0,0.286,2,2026-10-04,2026-09-30,6,true,"The video shows an outdoor evening food stall, likely at a fair or event, with red and cre...","The video shows an outdoor evening food stall, likely at a fair or event, with red and cream drapes in the background. A vendor on the left fills hollow fried balls (pani puri/golgappa) from a large plastic bag into a metal container of flavored water. A man in a dark button-down shirt and light pants stands waiting with his hand on his hip, then holds out a green disposable plate to receive the snack. He takes a bite while another customer in white traditional attire also gets served. The clip includes an overlaid Instagram profile header for 'Arjun sonkar' showing 180K followers, and animated blue emoji stickers appear over the table. The audio is upbeat Indian folk/pop music with male vocals. The overall tone is casual and observational, documenting everyday street food culture.
Entities people=Arjun sonkar (Post Caption); products=pani puri shells, metal serving pot
Author 【entity-Arjun sonkar¦handle=@star_dancer_007¦author_id=user-879998763989603310494】
AuthorURL https://www.instagram.com/star_dancer_007
190K Followers
Language en


【6fe3】
URL https://www.instagram.com/reel/Dd88lZ_zl7E/
Type video
Created 2026-10-01 12:49:53 UTC
2.5K Likes
5 Comments
Summary: A short-form social media Reel filmed at a street-food stall in Varanasi shows a male vendor making jalebi. He fills a small earthen pot with thick pale batter from a large metal basin, then skillfully squeezes the batter into a wide, blackened karahi of hot oil, creating continuous coiled spirals that fry and turn golden. He flips and removes the finished jalebis with a large mesh strainer, piling them onto a tray. Throughout, an upbeat Hindi film song plays in the background. Persistent on-screen Hindi text reads, 'इस song पर Reels बनाने पर 2 घंटे में 1million view आता है 😍' — claiming the audio guarantees one million views in two hours. The tone is appetizing and demonstrative, typical of Indian street-food content, with no dialogue, violence, or adult themes.
Entities products=jalebi sweet, clay pot
Author 【entity-CLOINDIA FOOD¦handle=@cloindiafood¦author_id=user-018396500541778736662】
AuthorURL https://www.instagram.com/cloindiafood
200K Followers
Language en


【6fab】
URL https://www.instagram.com/reel/DeACfVUBq9x/
Type video
Created 2026-10-02 17:43:54 UTC
10K Likes
300 Comments
Summary: In a decorated hotel room with blue walls and red trim, creator Valentina Torres (@__guaren) enters carrying light-green boxes labeled as viral desserts. A bald, bearded man in a black suit stands by then sits opposite her at a small table. She opens the boxes to reveal pastries meticulously shaped and colored like a red strawberry and a yellow mango. Over upbeat music and cartoonish sound effects, they take turns presenting, smelling, and tasting the desserts, reacting with surprise and delight in Spanish ('del uno al diez', 'está buenísimo'). They feed each other pieces, laugh, and rate them around 8-10 out of 10. The woman wears a sheer black top and leopard-print pants; the man remains formally dressed. The video is a promotional-style tasting with playful chemistry, ending with both smiling at the camera after enjoying the mango-flavored pastry.
Culture moment=viral fruit-shaped dessert trend; significance=Reflects ongoing social media fascination with hyper-realistic pastries and staged luxury-room tastings popularized by creators like @maligoshik.; origin=Originates from TikTok/Reels food aesthetic videos featuring realistic desserts.",luck,false,none,,observational_streetfood,2,true,,false,,non-us,印度街头pani puri摊，纯记录,false
2026-10-06,food,14,https://www.instagram.com/reel/DeExrHJJvjg,@fahiramira,5500,130,1000,1000.0,0.143,1,2026-10-05,2026-10-04,2,true,"This 2026 social media video documents a street-food experience in India, posted by creato...","This 2026 social media video documents a street-food experience in India, posted by creator Fahira Almira (@fahiramira). The clip opens with on-screen text 'COBAIN DOSE INDIA' as a bearded male vendor in a grey '3' t-shirt prepares a giant dosa at an outdoor stall. He sprinkles water on the hot griddle, finely dices red onions and green chilies, mixes them, then pours white batter and spreads it into a very large thin circle. He tops it with the onion mixture, adds a yellow spiced potato filling, folds the dosa into a triangle, and plates it. The scene shifts indoors to the creator, a young woman with long brown hair in a pink top, seated under a wall fan. She holds the enormous dosa with two small metal bowls of chutney/sambar, with on-screen text 'BINGUNG MULAI DARI MANA MAKAN NYA' expressing confusion about where to start. She tears off a piece, tastes it, and reacts positively, saying in Indonesian that it's big, has seasoning, tastes like potato, and is delicious ('Enak kok'). The video ends with her recommending viewers try it in India.
Entities people=Fahira Almira (Author Name)
Author 【entity-Fahira Almira¦handle=@fahiramira¦author_id=user-963976509292765284002】
AuthorURL https://www.instagram.com/fahiramira
Verified
1.9M Followers
Language en


【fe9c】
URL https://www.instagram.com/reel/Dd6ROCwTOCB/
Type video
Created 2026-09-30 11:57:13 UTC
4.8K Likes
140 Comments
Summary: The video takes place in a covered public area resembling a bus stand or market in India, with Hindi posters on the wall and a small shop in the background. The main action involves two men at the center of a crowd of about 10-15 onlookers. A man wearing a green-and-blue plaid shirt, dark jeans, white sneakers, and sunglasses has his arm around a younger man in a light-blue long-sleeve shirt printed with 'ULTRAPURE'. The younger man holds a clear plastic bag containing a white, lumpy food item (appearing to be sweets or fried dough) and eats pieces from it throughout. The man in plaid talks animatedly, gestures, and repeatedly feeds the younger man, who reacts with facial expressions ranging from neutral to pained to smiling. At one point, a green graphic overlay showing ""₹300"" appears. The surrounding crowd watches intently, many smiling and laughing. The interaction is loud, informal, and performed for the camera, consistent with street-style social media content. Brief cutaway clips show other unrelated people laughing. The overall tone is comedic and boisterous, centered on peer teasing.
Entities products=khurma sweets
Humor type=Situational; explanation=The humor comes from the awkwardness of forcing a young man to quickly consume a large quantity of dry, crumbly khurma in front of a jeering crowd. His facial expressions, difficulty chewing, and the host's over-the-top coaching create a classic street-challenge comedy dynamic common in Indian social media reels. The surrounding onlookers' laughter and commentary amplify the situational comedy, turning a simple food-eating task into public entertainment. There is no scripted punchline, just the relatable discomfort of being put on the spot for money.
Author 【entity-ChillPill Mahol¦handle=@chillpillmahol¦author_id=user-824650870051941281883】
AuthorURL https://www.instagram.com/chillpillmahol
12K Followers
Language en


【aafb】
URL https://www.instagram.com/reel/Dd3KUIHy8w8/
Type video
Created 2026-09-29 06:58:28 UTC
14K Likes
150 Comments
Summary: A woman with long brown hair wearing a black sleeveless dress stands outside a small stone-walled street food stall in Mumbai, holding a metal bowl of misal. On-screen text identifies it as 'Mumbai's Chaan Chavdar Misal' and 'the soulfood of Mumbai.' She describes the dish as a lovely bean sprout gravy simmered slowly with incredible textures, then loaded with crispy, crunchy farsan. After tasting, she reacts with delight — 'Oh wow. That is beautiful. That's got a good kick to it.' A male vendor hands her a squeeze bottle of lemon juice; she adds it, calling the flavor 'a little bit tangy, a little bit khatta,' and says the lemon makes all the flavors come alive with a tangy finish. Wide shots reveal the stall's exterior with a yellow-and-orange striped awning, a sign reading 'Chaan - Chavdar' in Marathi/Hindi, an auto-rickshaw and scooter parked nearby, and trees in the background. She sits on a stool outside, praising the hole-in-the-wall setting and saying this is the beauty of street food in India — loading up all the senses with sounds, the smell of the food, and tuk-tuks driving past — concluding, 'This is the life!'
Entities people=Sarah Todd (Post Caption); products=metal serving bowl, pav bread rolls, farsan topping; places=Chaan Chavdar
Author 【entity-SARAH TODD¦handle=@sarahtodd¦author_id=user-505213218650011055902】
AuthorURL https://www.instagram.com/sarahtodd
Verified
940K Followers
Language en


【ec0a】
URL https://www.instagram.com/reel/Dd6JLZiSUKL/
Type video
Created 2026-09-30 10:42:08 UTC
1.8K Likes
25 Comments
Summary: A young man with medium-length hair and a beard, wearing a distressed denim vest over a dark shirt, stands at an outdoor street-food stall cooking in a large black wok over a gas burner. He is actively frying orange-colored battered items in bubbling oil, using a long-handled spatula to stir them. Throughout the clip he sings along loudly to a high-energy Indian folk/pop track playing in the background, making expressive facial movements and hand gestures toward the camera as if performing for viewers. Behind him is a large vertical menu board with Hindi text and photos of dishes like momos and chaat. The setting appears to be a small shopfront with a shuttered window. The tone is lively, promotional, and performative, typical of social media street-food content.
Entities people=Sumit Deswal (Author Name)
Author 【entity-Singer Sumit Deswal¦handle=@singer_sumit_deswal¦author_id=user-210697397054776699749】
AuthorURL https://www.instagram.com/singer_sumit_deswal
310K Followers
Language en


【c871】
URL https://www.instagram.com/reel/DeAExfCIXjC/
Type video
Created 2026-10-02 17:59:57 UTC
16K Likes
710 Comments
Summary: This is a short-form comedy reel by creator Faheem Qureshi (@qureshi__faheem), posted October 2, 2026. The video opens with a close-up of the creator in a pink shirt speaking directly to camera indoors. On-screen Hindi text reads 'Jane do kachori samose wale mardon ke liye bol rahi,' while he delivers a punchline about the viral 'do kachori ek samosa' trend, joking that the phrase refers to men who eat those snacks and cannot be trusted. The scene cuts to an outdoor street-food setting where the same man, now in a striped polo, sits eating a plate of kachori/samosa chaat topped with sev and chutney, taking bites and looking at the camera. A second clip shows a young boy outdoors by a yellow railing, laughing loudly while holding a small cup. The overall tone is lighthearted, playful, and rooted in Indian street-food culture and internet meme humor, with no explicit content, violence, or adult themes.
Culture moment=do kachori ek samosa trend; significance=Reflects Indian social media meme culture where food preferences become shorthand for masculinity jokes.; origin=Indian short-form video platforms",template,true,weak,借'第一次吃'实测壳：去本地印度餐厅点超大dosa，全程记录从懵到真香,travel_food_tasting,1,true,,false,,non-us,印尼创作者在印度拍，印尼语+英语,false
2026-10-06,food,15,https://www.instagram.com/reel/Dd87cCqv7cm,@dilsefoodie,3400,18,0,680.0,0.0,0,2026-10-06,2026-10-01,5,true,This is a 2026 street-food feature by Indian food influencer Karan Dua (@dilsefoodie) show...,"This is a 2026 street-food feature by Indian food influencer Karan Dua (@dilsefoodie) showcasing 'Sardar Ji Ka Bike Se Restaurant' — identified on-screen as 'THE INDIAN ZAIKA NEAR KHALSA COLLEGE, CIVIL LINE, LUDHIANA.' The video opens with close-ups of a vendor in a pink check shirt and dark turban cooking on a large flat tawa. He mixes pre-cooked orange-colored rice (described as veg biryani made with soya chaap/gravy, soy chunks, peas, carrots) with a thick rajma curry, then plates it into foil containers, topping with grated cheese and cilantro. The vendor explains the dish is served from 11am to 11pm and that he uses only the gravy without chutney in his recipe. Later, Karan Dua, wearing a purple polo and yellow glasses, tastes the biryani at the stall and then sits indoors with another man in a red turban. They eat the biryani alongside rajma chawal, with side bowls of chopped onions and green chutney, and a glass of lassi. They discuss the flavor, noting the dish's popularity and that chutney is provided free. The tone is enthusiastic and promotional, focused entirely on the food preparation process and tasting experience. Data of event in content: 2026-10-01, Details: Post date matches the documented visit to the Ludhiana stall.",template,true,weak,探店壳可借：去Diamond Bar附近taco truck拍街边摊实测，照搬做菜+试吃结构,streetfood_vendor_feature,1,true,,false,,non-us,印度Ludhiana街边摊,false
2026-10-06,food,16,https://www.instagram.com/reel/Dd3oP4zNtKi,@deemahajjawi,3500,160,0,500.0,0.0,0,2026-10-06,2026-09-29,7,true,"A woman with shoulder-length brown hair, wearing a black long-sleeve shirt and a light blu...","A woman with shoulder-length brown hair, wearing a black long-sleeve shirt and a light blue apron with 'CHEF MANAL AL ALEEM' printed on it, presents a cooking tutorial in a modern kitchen with dark marble countertops. She begins by lifting the lid from a pan, then shows raw white fish fillets which she cuts into smaller portions on a cutting board while wearing black gloves. She prepares a seasoned flour mixture in a bowl, adding yellow spice (labeled as lemon pepper), red paprika, and Himalayan pink salt, then coats the fish pieces in it. She heats oil and butter in a speckled non-stick pan, sears the floured fish until golden, then adds a liquid mixture from a measuring cup, whole peppercorns, fresh pressed garlic, and chopped dill. After covering the pan to simmer, she plates the cooked fish over white rice in a black bowl, adds a side of baked broccoli and potatoes topped with melted cheese, and garnishes with grilled lemon halves and fresh herbs. The video concludes with her presenting the finished meal.
Entities people=Deema Hajjawi (Author Name); products=fish fillet, nonstick frying pan, spice jars
Author 【entity-ديما حجاوي Deema Hajjawi¦handle=@deemahajjawi¦author_id=user-779339767279489552295】
AuthorURL https://www.instagram.com/deemahajjawi
Verified
2M Followers
Language en",template,true,strong,复刻柠檬胡椒煎鱼：鱼块裹粉下锅听滋啦声，配白米饭+烤西兰花摆盘,weeknight_fish_dinner,1,true,,false,,unknown,阿拉伯名创作者英文内容，无明确地域标识,false
2026-10-06,food,17,https://www.instagram.com/reel/DeAYhv7hsKI,@leah_foodwanderer,1800,14,0,450.0,0.0,0,2026-10-06,2026-10-02,4,true,"A female creator presents a 'Viral Food Compilation' in her kitchen, tasting multiple tren...","A female creator presents a 'Viral Food Compilation' in her kitchen, tasting multiple trending TikTok recipes. She starts with a creamy coconut-red curry dumpling bake, praising its tender texture and rich flavor, then tries a cabbage boil with sausage using Erica and Morgan's recipe, noting it's simpler than expected but delicious. Next are Courtney Cook's onion dumplings topped with sweet soy sauce, chili sauce, sweet chili crisp, and French fried onions, which she enjoys despite struggling with raw onions. She reviews the Applebee's OM Cheeseburger (a bacon cheeseburger baked into biscuit dough), calling it tasty with spicy honey mustard. She then samples colorful rainbow bagels with Philadelphia whipped French onion cream cheese, finding them nostalgic but overly creamy. A Taco Bell Crunchwrap hack follows, combining a crunchwrap with a cheeseburger, which she prefers over eating them separately. She makes In-N-Out-style Animal Style fries by mixing ground beef, grilled onions, and a homemade burger sauce over crinkle fries, describing the sauce as creamy and spicy barbecue-like. Finally, she tries a pancake chicken taco with French toast sticks, finding it sweet, salty, and reminiscent of chicken and waffles. Throughout, she eats enthusiastically, describes textures and flavors, and encourages viewers to try the trends.
Culture moment=TikTok viral food trends; significance=Reflects ongoing social media cycle of recreating restaurant and home hacks for engagement.; origin=Referenced creators Erica and Morgan, Courtney Cook, and 2016 rainbow bagel trend.
Entities products=dumpling bake, cabbage boil, onion dumplings, OM cheeseburger, rainbow bagel, French fried onions, whipped cream cheese, crunchwrap, animal style fries, French toast sticks
Author 【entity-Foodwanderer¦handle=@leah_foodwanderer¦author_id=user-786209532903534605998】
AuthorURL https://www.instagram.com/leah_foodwanderer
59K Followers
Language en


【c955】
URL https://www.instagram.com/reel/Dd2et5BvcUa/
Type video
Created 2026-09-29 00:38:23 UTC
3K Likes
280 Comments
Summary: A creator hosts a fast-paced food tour titled '5 BIG BACK SANDWICHES BEST IN LA,' visiting five popular Los Angeles-area sandwich spots. He starts at Busy Bee in San Pedro (2413 S Walker Ave), showcasing a loaded pastrami sandwich with pepperoncini. Next is 2nd Healthy Eatery in Bellflower (17222 1/2 Lakewood Blvd), where he highlights a fried chicken sandwich with greens and sauce. Third is Fat Sal's in Hollywood (1154 Highland Ave), famous for its oversized sandwich stuffed with fries. Fourth is Mike's Deli on Wilshire (5249 Wilshire Ave, Los Angeles), a classic deli since 1996, where he eats a turkey club-style sandwich. Finally, he visits The Red Chickz in Culver City (10100 Venice Blvd) for a Nashville hot chicken sandwich. Throughout, he tastes each item outdoors, reacts enthusiastically, and includes brief interviews with staff. The video ends by directing viewers to the full video on his YouTube channel 'Chrys No I.' The tone is energetic, casual, and focused on indulgent comfort food.
Entities products=pastrami sandwich, jerk turkey sandwich, Fat Cooz sandwich, Zoo Special sandwich, Nashville hot chicken sandwich; places=Busy Bee Market, 2nd Healthy Eatery, Fat Sal's, Mike's Deli, The Red Chickz
Author 【entity-Chrys No I 🇭🇹🇩🇴🇭🇹🇩🇴¦handle=@chrys_no_i¦author_id=user-884794670363377389851】
AuthorURL https://www.instagram.com/chrys_no_i
47K Followers
Language en


【cbd2】
URL https://www.instagram.com/reel/Dd9ynZcy1lh/
Type video
Created 2026-10-01 20:45:58 UTC
31K Likes
780 Comments
Summary: In October 2026, creator Megan Sheley (@megansheley) films a lifestyle vlog in Venice, Los Angeles. She introduces her fascination with people doing 'cool random shit,' specifically a man who sells omelettes from the back of his vintage black Land Rover on Rose Street, branded 'Omelette Pan.' Dressed in black athletic wear, she explains she passes him daily on her run and decides to stop for breakfast before running home, joking she might get sick from running on a full stomach. She runs about a mile and a half along the beach path lined with palm trees, then returns to the vendor. The man, wearing an apron and gloves, cooks on a portable burner set up in the truck bed under an umbrella. She orders a whole-egg omelette with Havarti, spinach, avocado, and chili oil. He prepares it fresh, adds greens and bread, and serves it on a paper plate. She sits at an outdoor table, eats the meal, calls it delicious, and encourages viewers to check out 'Omelette Pan' on Rose Street in Venice. The tone is upbeat, wholesome, and community-focused, highlighting local entrepreneurship and California fitness culture.",template,true,strong,照搬'网红食谱合集'：选本周3个最火TikTok食谱一次全做了，逐个打分,viral_recipe_compilation,1,true,,false,,us-likely,美式连锁+TikTok食谱，英文内容,false
2026-10-06,food,18,https://www.instagram.com/reel/Dd4n7XByu0g,@rachaelkirkconnell,2200,38,0,314.3,0.0,0,2026-10-06,2026-09-29,7,true,A young woman with long brown hair wearing a cream-colored hooded sweatshirt sits indoors ...,"A young woman with long brown hair wearing a cream-colored hooded sweatshirt sits indoors at night and presents a yellow bag of 'Skinny Dipped Dark Chocolate Peanut Butter Wafers.' Speaking directly to the camera, she explains this is her current midnight snack fixation, noting she previously loved the brand's coconut bites. She opens the resealable bag, removes an individually wrapped wafer, unwraps it, and breaks it in half to show the layered wafer interior coated in chocolate. She tastes it, reacts positively, and describes it as light and crispy. She then introduces a glass bowl of vanilla ice cream, dips pieces of the wafer into the ice cream, and eats them together, expressing strong enjoyment and saying she wishes she had chocolate ice cream instead. She concludes by stating she will eat the entire bag, holds up the packaging again, and smiles at the camera.
Entities people=Rachael Kirkconnell (Author Name); products=Dark Chocolate Peanut Butter Wafers, vanilla ice cream
Author 【entity-Rachael Kirkconnell¦handle=@rachaelkirkconnell¦author_id=user-733929974536505300914】
AuthorURL https://www.instagram.com/rachaelkirkconnell
Verified
1.3M Followers
Language en


【e37e】
URL https://www.instagram.com/reel/Dd9fOtZTHB4/
Type video
Created 2026-10-01 17:52:52 UTC
90K Likes
260 Comments
Summary: In a studio interview setup, actress Lili Reinhart introduces actor Tom Bateman as they try Crumbl Cookies together. Seated at a table with microphones and a pink Crumbl box, they sample several oversized cookies. First is a Dubai Chocolate Brownie cookie, which Bateman describes as 'buying into a brownie and a Kinder Bueno and a millionaire shortbread' — it was a lot, so he drinks water to cleanse his palate. Next they share a Banana Pudding cookie; Reinhart notes she's 'not a banana girl' but likes it, while Bateman comments on its richness. Finally they try a S'mores cookie, with Reinhart explaining the American components — graham cracker, chocolate, and marshmallow — which Bateman says they don't have in the UK. The tone is light, conversational, and playful, with both reacting to the sweetness and size of the treats. The video was posted October 1, 2026 by user @tryquinn, whose profile promotes an audio erotica app.
Culture moment=celebrity mukbang; significance=Reflects ongoing TikTok trend of stars doing ASMR food tastings for intimacy.; origin=social media food content",template,true,strong,复刻'午夜零食实测'：买3款Trader Joe's新零食半夜开箱，边吃边打分,midnight_snack_review,1,true,,false,,us-likely,美国创作者，Skinny Dipped等美国品牌,false
2026-10-06,food,19,https://www.instagram.com/reel/Dd6vBCLNd_S,@liranrozenn,8100,250,300,300.0,0.571,4,2026-10-02,2026-09-30,6,true,"A woman with long brown hair and red lipstick, wearing a white and red striped 'BOSTON' je...","A woman with long brown hair and red lipstick, wearing a white and red striped 'BOSTON' jersey, recreates a viral Caesar salad wrap she saw online from 'Vinny's Cafe' in London. The video opens with her holding the finished wrap and pouring creamy dressing over it, then cuts to footage from the cafe showing a worker assembling the massive salad-filled wrap. Back at home, she makes the dressing from scratch using mayo, mustard, garlic, and lemon juice, then tosses romaine lettuce, cooked chicken, croutons, and red onion with the dressing. She places the entire salad mixture onto a large flour tortilla, carefully folds and rolls it tightly while wearing black gloves, and cuts it in half to reveal the packed interior. She then pours more dressing over the cut wrap and eats it enthusiastically, expressing enjoyment through facial expressions and on-screen Hebrew text. The tone is energetic, instructional, and focused on the sensory experience of the food.
Entities people=Liran Rozen (Post Caption); products=Walkers Max Paprika chips, large flour tortilla, mayonnaise, olive oil, grilled chicken breast, romaine lettuce; places=Vinny's Cafe, home kitchen
Author 【entity-Liran Rozen | לירן רוזן¦handle=@liranrozenn¦author_id=user-061651571396736140755】
AuthorURL https://www.instagram.com/liranrozenn
Verified
140K Followers
Language en


【4f7e】
URL https://www.instagram.com/reel/DeE8Ai6Odmo/
Type video
Created 2026-10-04 15:21:37 UTC
2.9K Likes
310 Comments
Summary: A person wearing a denim apron prepares a large Creamy Chicken Cobb Salad in a white bowl with a red rim on a wooden surface. The video opens with the finished salad being drizzled with a pale green creamy dressing, then rewinds to show the build: chopped romaine lettuce is placed in the bowl and seasoned, followed by diced cooked chicken, halved soft-boiled eggs with orange yolks, crumbled crispy bacon cut with scissors, sliced avocado, halved cherry tomatoes, shredded cheese, and chopped green onions arranged in sections. A thick creamy jalapeño dressing is poured over the top from a glass jar, and two wooden spoons are used to toss everything together until coated. On-screen text reads 'Let's make a creamy Cobb.' The creator's caption promotes the recipe as a viral Sunday dinner, mentions using @celticseasalt, and links to nocrumbsleft.net for a Whole30 version. The tone is bright, instructional, and food-focused, posted by blogger Teri Turner (@nocrumbsleft) in October 2026.
Culture moment=viral recipe; significance=Reflects the ongoing social media trend of sharing visually appealing, protein-rich salads as meal replacements.; origin=Instagram/TikTok food content culture",template,true,strong,复刻凯撒沙拉卷饼：整份沙拉+烤鸡全塞进大饼卷紧，重点拍对半切开的横截面,viral_wrap_recreation,1,true,,false,,non-us,以色列创作者，希伯来语字幕,false
2026-10-06,food,20,https://www.instagram.com/reel/Dd_iyOnzN8K,@mummyinthekitchen01,1200,13,0,300.0,0.0,0,2026-10-06,2026-10-02,4,true,This is a short-form cooking reel by Indian food creator Sunita Chauhan (@mummyinthekitche...,"This is a short-form cooking reel by Indian food creator Sunita Chauhan (@mummyinthekitchen01) from Lucknow, posted October 2, 2026, demonstrating the 'Viral Cucumber Imli Chaat.' Set in a sunlit kitchen, she prepares a sweet-sour-spicy tamarind filling by soaking dried tamarind in water, mashing it, and mixing in red chili powder, salt, and other spices. She then peels a whole cucumber, cuts off the top, hollows out the center with a knife, and drains the extracted pulp and juice into a small bowl. The cucumber's rim is coated in a separate mix of red chili powder and salt. Finally, she spoons the seasoned tamarind mixture back into the hollowed cucumber, creating an edible cup, and eats it with visible enjoyment. The video has an upbeat, appetizing tone with lively Indian folk-pop music playing throughout, emphasizing the 'khatta, meetha, teekha' (sour, sweet, spicy) flavor profile.
Culture moment=viral cucumber imli chaat trend; significance=Reflects Indian street-food fusion trend popular on reels in 2026.; origin=Indian social media food creators
Entities products=cucumber, tamarind pulp, red chili powder
Author 【entity-Sunita Chauhan¦handle=@mummyinthekitchen01¦author_id=user-289251453464479203172】
AuthorURL https://www.instagram.com/mummyinthekitchen01
53K Followers
Language en


【bafd】
URL https://www.instagram.com/reel/DeHBNurJPTI/
Type video
Created 2026-10-05 10:43:05 UTC
1.3K Likes
160 Comments
Summary: A male creator in a home kitchen wearing a brown shirt and light blue apron presents a viral 'Turkish kebab' pasta recipe he describes as delicious and outrageously simple. The video opens with close-ups of the finished dish—a white bowl containing fusilli pasta topped with seasoned ground beef, halved cherry tomatoes, fresh parsley, dollops of white yogurt sauce, and a drizzle of orange-colored oil. He then demonstrates the cooking process: adding one pound of ground beef to a hot pan, seasoning it with one teaspoon each of Jamaican curry powder, paprika, garlic powder, onion powder, salt, and pepper, and cooking until crispy before adding diced yellow onion and three cloves of garlic. For the sauce, he mixes two cups of Greek yogurt with minced garlic, lemon zest, and salt. To assemble, he places cooked pasta in a bowl, adds the yogurt sauce, tops with the crispy beef mixture, garnishes with tomatoes and parsley, and finishes with the oil drizzle. He tastes the dish, encourages viewers to 'make this, save it,' calls it a 'must make,' and asks them to follow for more approachable recipes.
Culture moment=viral Anna Paul Turkish pasta recipe; significance=References an internet-famous dish to leverage existing trend interest.; origin=social media food trend
Entities people=Andy Hay (Post Caption); products=ground beef, Greek yogurt, rigatoni pasta, frying pan, cherry tomatoes
Author 【entity-Andy Hay¦handle=@andyseastcoastkitchen_¦author_id=user-962073976562159555142】
AuthorURL https://www.instagram.com/andyseastcoastkitchen_
Verified
2M Followers
Language en",template,true,strong,复刻黄瓜酸辣杯：黄瓜掏空当杯子，灌辣椒粉盐柠檬汁，一口闷拍反应,cucumber_imli_cup_trend,4,true,,false,,non-us,印度Lucknow，酸甜辣口味,false
2026-10-06,food,21,https://www.instagram.com/reel/Dd30uWYoedr,@devincaherly,1900,42,0,271.4,0.0,0,2026-10-06,2026-09-29,7,true,"Two young men, identified by on-screen text as Devin and Dylan, sit at a table covered in ...","Two young men, identified by on-screen text as Devin and Dylan, sit at a table covered in colorful UK snack packages and attempt them for the first time. The setting is a casual room with blue neon lighting and a visibly damaged door in the background. Devin, in a white Ireland soccer jersey, and Dylan, in a dark England jersey, sample various items including Monster Munch crisps and Biscoff cookies. Their reactions are highly theatrical and polarized: Dylan generally enjoys the snacks, calling Biscoff 'amazing' and 'fire,' while Devin has extreme negative reactions—gagging, spitting out food, standing up, yelling, and declaring items terrible. The audio is dominated by their excited, profanity-laden commentary ('what the fuck is this?', 'fucking white chocolate'). The tone is energetic, comedic, and unscripted, typical of a reaction-style food challenge video.
Entities people=Devin Caherly (Author Name), Dylan (Post Caption); products=purple bag of crisps, Biscoff biscuits, green bag of candy
Humor type=Situational; explanation=The humor comes from the stark contrast between expectation and reality as the two friends sample unfamiliar UK snacks. Their over-the-top physical comedy—standing abruptly, throwing hands up, making faces, and shouting profanities—amplifies mundane tasting into spectacle. Repeated cycles of anticipation, tasting, shock, and recovery create a predictable but satisfying rhythm. The shared dynamic, where one reacts dramatically while the other continues eating, builds camaraderie that feels relatable to viewers who have tried odd foods. No scripted punchlines are needed; the situation itself drives laughs.
Author 【entity-Devin Caherly¦handle=@devincaherly¦author_id=user-659780843514716976632】
AuthorURL https://www.instagram.com/devincaherly
Verified
1.7M Followers
Language en


【3ffe】
URL https://www.instagram.com/reel/DeHWBWgsUw0/
Type video
Created 2026-10-05 13:45:07 UTC
8.3K Likes
54 Comments
Summary: In a 2026 social media video posted by creator Ashi Khanna (@ashi_khanna), a woman in a brown satin top sits indoors in front of a TV and decorative shelf, conducting a 'random finds' taste test from Blinkit. She introduces herself as someone who loves 'chatpate' (spicy/tangy) things and tries three items she had never tried before. First is Lay's Sizzlin Hot (purple packaging), which she describes as sweet, spicy, and flavorful, noting the color and name appeal, and gives it a 9/10, saying she would buy it again. Second is Modern Kitchens Spicy Murukku, which she calls cute, crunchy, and suitable for munching with evening chai, rating it 7/10 because it is spicy but not overly hot. Third is Korean Kimchi banana chips, a flavor she was curious about but did not enjoy, describing a strange aftertaste and giving it 6/10. The tone is upbeat, conversational, mixing English and Hindi, with on-screen text highlighting product names and scores. The video is a straightforward snack review with no sexual, violent, or otherwise risky content.
Entities products=potato chips, murukku snack, banana chips
Author 【entity-Ashi Khanna¦handle=@ashi_khanna¦author_id=user-526764475277695323685】
AuthorURL https://www.instagram.com/ashi_khanna
Verified
1.7M Followers
Language en


【b3d8】
URL https://www.instagram.com/reel/DeE5akiuIne/
Place 【place-Epcot¦place_id=1438108226665623】
Type video
Created 2026-10-04 14:56:38 UTC
1K Likes
12 Comments
Summary: Creator Bethany (@bethanyvinton), a Disney Parks food reviewer, presents her 'Snack or Skip' series from the Greece marketplace at the 2026 EPCOT International Food & Wine Festival. Opening with a bite of food, she reviews four items: Spanakopita ($5.19), which she rates 'skip' for tasting like frozen Trader Joe's; Griddled Cheese with pistachios and honey ($5.49), rated 'snack' for its sweet-salty melt; Chicken Souvlaki Gyro ($6.99), rated 'snack' for being fresh and generous, noting it was introduced in 1997; and a Wine Flight ($7.50) with dry white, rosé, and dry red, also rated 'snack.' The video is shot handheld at the outdoor booth, showing the food close-up and the festival environment. The tone is upbeat, informative, and promotional for the festival, ending with a call to follow for more content. Data of event in content: 2026-10-04, Details: Post date aligns with current festival season and references 2026 event.
Entities products=spanakopita pastry, griddled cheese with pistachios, chicken souvlaki gyro, wine flight; places=Greece
Author 【entity-Bethany | Disney Parks & Theme Park Food¦handle=@bethanyvinton¦author_id=user-651078015868980063237】
AuthorURL https://www.instagram.com/bethanyvinton
Verified
200K Followers
Language en


【44f1】
URL https://www.instagram.com/reel/Dd6QhRIhXkK/
Type video
Created 2026-09-30 11:45:03 UTC
21K Likes
120 Comments
Summary: A woman with long brown hair, wearing a white cardigan over a black top, films herself indoors while reviewing novelty candies from Fortnum & Mason. She holds up a large, glossy, translucent red candy shaped like a chili pepper, explaining she bought it after seeing a viral video of a man eating the same item. She opens the distinctive teal-and-gold polka-dot Fortnum & Mason box, removes the individually wrapped candies, and tastes them one by one. First the red chili candy, which she notes is still slightly spicy-sweet and reminds her of Indonesian 'sambal balado' flavor. Next she tries a long green candy resembling a cucumber or celery, describing its soft, chewy texture and very sweet taste. She then samples a dark green, pickle-shaped candy with a filling inside, followed by an orange-colored slice that includes candied peel with a citrus zest aroma. Throughout, she reacts with surprise and enjoyment, commenting on the packaging and flavors in Indonesian. The video is presented as a casual, personal taste-test with no controversial elements.
Entities products=red chili-shaped candied fruit, green cucumber-shaped candied fruit, Fortnum & Mason gift box
Author 【entity-Sibungbung|Jkt Food Aficionado¦handle=@sibungbung¦author_id=user-787221966064759098102】
AuthorURL https://www.instagram.com/sibungbung
Verified
5.3M Followers
Language en


【cd19】
URL https://www.instagram.com/reel/Dd9f0qklH91/
Type video
Created 2026-10-01 17:57:22 UTC
14K Likes
130 Comments
Summary: In this 2026 social media reel, creator Chef Tyler prepares three different American school lunches while British commentator Louis reacts. First, Tyler makes his grandfather's wartime-era lunch: a bologna and mustard sandwich on white bread, carrot and celery sticks, and milk, rating it 6/10. Second, he recreates his mother's lunch of chocolate chip cookies and milk, rating it 1/10. Third, he assembles his own early-2000s lunch: tater tots, chicken tenders, potato chips, potato sticks, and soda, rating it 8/10. Louis provides running commentary, expressing shock at the simplicity and unhealthiness, joking about 'rabbit food' and heart disease. The video is comedic, light-hearted, and focuses on cultural comparison of school meals, with no sexual or violent content.
Entities people=Louis (Post Caption), Chef Tyler (Post Caption); products=bologna sandwich, chocolate chip cookies, milk, tater tots, chicken tenders, potato chips, soda
Humor type=Situational; explanation=Humor arises from the contrast between expectations of a nutritious school meal and the reality presented: a bologna sandwich, cookies for lunch, and a tray of fried foods with soda. The British commentator's exaggerated disgust, calling it 'rabbit food' and 'heart disease,' plays on cultural stereotypes about American diets. The repeated alignment between the two creators ('we're still aligned') creates a buddy-comedy dynamic. The joke is not punchline-driven but situational, relying on shared recognition that school lunches can be absurdly unhealthy, amplified by the deadpan presentation of each item as normal.
Author 【entity-LouisAyy¦handle=@itslouisayy¦author_id=user-164251188815063768646】
AuthorURL https://www.instagram.com/itslouisayy
1.4M Followers
Language en",personality,false,weak,双人零食实测壳可借：找女友一起拍'第一次吃英国零食'，一人夸一人骂,duo_snack_reaction,1,false,需要双人出镜+夸张反应默契，单人拍不了,false,,us-likely,美国创作者英文内容,false
2026-10-06,food,22,https://www.instagram.com/reel/Dd9p8uDJF2G,@duniaguevara_,1300,7,0,260.0,0.0,0,2026-10-06,2026-10-01,5,true,This is a short-form cooking reel by creator Dunia Guevara (@duniaguevara_) posted October...,"This is a short-form cooking reel by creator Dunia Guevara (@duniaguevara_) posted October 1, 2026, demonstrating how to make 'healthy donuts' with simple home ingredients. The video opens with a plate of finished cinnamon-sugar coated donuts on a wooden surface, with on-screen Spanish text stating 'Es tan sencillo hacer unas donas saludables con ingredientes que seguro tienes en casa.' The creator then prepares the batter in a glass bowl: cracking two eggs, adding a scoop of peanut butter (or similar nut butter) and vanilla extract, whisking until smooth, then incorporating baking powder. The batter is spooned into a blue silicone six-cavity donut mold, baked, and removed. The final step shows dipping the warm donuts in cinnamon sugar. The setting is a bright kitchen with a green plant and a small framed Bible verse (John 3:16) visible in the background throughout. The tone is calm, instructional, and wholesome, accompanied by gentle piano music, with no dialogue, humor, or controversial content.
Entities products=baked donut, nut butter, chicken egg, vanilla extract, baking powder, silicone donut mold, cinnamon sugar
Author 【entity-Dunia Guevara¦handle=@duniaguevara_¦author_id=user-591779493185183741887】
AuthorURL https://www.instagram.com/duniaguevara_
220K Followers
Language en


【9b7f】
URL https://www.instagram.com/reel/Dd84e98SawR/
Type video
Created 2026-10-01 12:14:45 UTC
1.5K Likes
5 Comments
Summary: This is a short-form food reel by creator Shivani (@thespoonsofshivani) from Bangalore, India, posted October 1, 2026, showcasing a 'viral Spicy Ice Recipe.' The video opens with a celebratory graphic thanking viewers for 3 million views on the ice recipe. The preparation is shown step-by-step in close-up: plain ice cubes are placed in an earthenware pot, then layered with red chili powder, a brown spice blend, white salt, sliced green chilies, fresh chopped cilantro, and freshly squeezed lemon juice. A hand wearing a gold bracelet mixes everything together, coating the melting ice in the bright red spices. The final shots highlight the glistening, spice-covered ice cubes held up to the camera. The overall tone is vibrant, appetizing, and trend-driven, set to energetic traditional Indian music, presenting the dish as a crazy flavor combo of ice, lemon, green chili, and masalas.
Culture moment=viral spicy ice recipe trend; significance=Reflects growing interest in unconventional street-food-style snacks on Indian social media platforms.; origin=Indian food reels community
Entities products=ice cubes, red chili powder, brown masala spice, fresh cilantro, lemon
Author 【entity-Shivani¦handle=@thespoonsofshivani¦author_id=user-767200904286303874364】
AuthorURL https://www.instagram.com/thespoonsofshivani
2.7K Followers
Language en


【cd01】
URL https://www.instagram.com/reel/Dd8XADfRZUz/
Type video
Created 2026-10-01 07:22:13 UTC
1.6K Likes
170 Comments
Summary: A young woman identified as Simple Preeti Vlogs from Kolkata demonstrates a viral social media 'trick' in a short-form reel dated October 1, 2026. Speaking in Bengali, she claims to make jelly cheaply using milk and Colgate toothpaste. Visually, she pours white toothpaste into a bowl of milk, stirs, adds red Closeup toothpaste for color, and places the mixture in a refrigerator with an on-screen '24 Hours' graphic. After the time lapse, she shows a pink, stretchy gel-like substance, then returns to the white milk-toothpaste mix, stirring it and pouring it between bowls while smiling and expressing excitement. She gestures for likes ('60K Like') and teases 'Part -2,' asking viewers to follow. The tone is cheerful, experimental, and promotional, typical of Instagram Reels science/fun content. The core action involves combining an oral hygiene product with a food item and suggesting it is edible, which is presented as a harmless hack but carries risk of unsafe imitation by viewers.
Entities products=white toothpaste, red toothpaste, milk
Author 【entity-Simple Preeti Vlogs¦handle=@simplepreetivlogs¦author_id=user-082960805907274822265】
AuthorURL https://www.instagram.com/simplepreetivlogs
59K Followers
Language en


【c06d】
URL https://www.instagram.com/reel/DeFPWDtoGHv/
Place 【place-Amy Sheppard Food¦place_id=269567545532540】
Type video
Created 2026-10-04 18:08:00 UTC
30K Likes
540 Comments
Summary: This is a cozy, autumn-themed food video by creator Amy Sheppard (@amysheppardfood) promoting her 'Creamy Cabbage & Leek' recipe as the ultimate roast dinner side dish. The video opens with a plated meal of golden roast potatoes, crispy chicken thighs, and the creamy green vegetable side, with hands cutting into a potato and scooping up the sauce. It then shows the preparation process: slicing savoy cabbage and leeks on a wooden board, frying them in butter, adding flour, chicken stock, Dijon mustard, and single cream to create a thick, creamy mixture. The finished dish is spooned onto a white plate alongside the chicken and potatoes. The creator's voiceover describes it as creamy, mustardy, perfect with beef, chicken, or turkey, and 'literally Autumn on a plate,' noting she can't have a roast without it. The caption lists ingredients and promotes upcoming cozy autumn dinners like stews and pies, encouraging viewers to follow. The visual tone is warm and homey, with a woven pumpkin decoration and candle in the background.",template,true,strong,复刻健康甜甜圈：鸡蛋+花生酱+泡打粉搅匀进烤箱，重点拍'无面粉'噱头,healthy_baked_donut,1,true,,false,,non-us,西班牙语讲解,false
2026-10-06,food,23,https://www.instagram.com/reel/DeDJNiiBYO2,@applesauceandadhd,6800,98,200,200.0,0.286,2,2026-10-04,2026-10-03,3,true,"In a home kitchen, creator Jessica Secrest (@applesauceandadhd) and a man named Matthew op...","In a home kitchen, creator Jessica Secrest (@applesauceandadhd) and a man named Matthew open a large purple Hostess Limited Edition Halloween gift box sent by Hostess. Jessica introduces their series 'Matthew Tries,' explaining it's an excuse for a late-night snack and that Matthew will try foods he's never had. After reading a note from Hostess wishing them a frightfully delicious Halloween, they reveal three products inside the haunted-house-shaped packaging: Hostess Donettes Frightfully Frosted mini donuts, Hostess Twinkies Chocolate Creme, and Hostess ScaryCakes Chocolate Cupcakes. They taste each item together, describing flavors like orange cream filling and chocolate cake, while a dog briefly interrupts by playfully biting Matthew's arm. The tone is casual, enthusiastic, and promotional, ending with Jessica encouraging viewers to comment suggestions for future 'Matthew Tries' videos and to follow along.
Entities people=Jessica Secrest (Author Name); products=Hostess Donettes Frightfully Frosted mini donuts, Hostess Twinkies Chocolate Creme, Hostess ScaryCakes Chocolate Cupcakes
Author 【entity-Jessica Secrest¦handle=@applesauceandadhd¦author_id=user-061417314455122656547】
AuthorURL https://www.instagram.com/applesauceandadhd
Verified
1.7M Followers
Language en


【ad72】
URL https://www.instagram.com/reel/DeJyhQys89o/
Type video
Created 2026-10-06 12:31:46 UTC
400 Likes
Summary: The video is a short, close-up product review filmed on a speckled white countertop with a potted plant in the background. On-screen text reads 'Trying the viral Kiri bites.' A person's hands hold up two packages of Kiri Sweet Bites — one yellow package labeled 'Mango' and one pink package labeled 'Strawberry,' each noting '16kcal per bite.' The person opens both packages to reveal six individually foil-wrapped mini cheese cubes in each tray (yellow wrappers for mango, pink for strawberry). One cube is unwrapped to show a small, pale-yellow square of cheese. The video ends with both open trays held side-by-side. An upbeat instrumental music track plays throughout, becoming more prominent at the end. The overall tone is casual and focused on showcasing the snack.
Culture moment=viral Kiri bites; significance=Taps into TikTok-driven snack trends where small portioned cheese bites are marketed as desserts.; origin=Social media food trend
Entities people=Dina Hamdi (Author Name); products=Kiri Sweet Bites mango flavored, Kiri Sweet Bites strawberry flavored
Author 【entity-Dina Hamdi¦handle=@dinainthekitchen¦author_id=user-251829324835791209873】
AuthorURL https://www.instagram.com/dinainthekitchen
190K Followers
Language en


【56af】
URL https://www.instagram.com/reel/Dd5op3OMw1N/
Type video
Created 2026-09-30 06:07:19 UTC
40 Likes
1 Comments
Summary: A bearded man wearing a white 'Valley Sound' t-shirt sits in the driver's seat of a car and reviews five different snack cans. He starts with a purple Pringles 'Everything Bagel,' opening it, smelling it, and tasting it while describing the flavor as reminiscent of an everything bagel with sesame and poppy seeds. Next he tries green Lay's Stax Avocado, noting its bright green color and avocado-like taste, giving it an 8/10. He then moves to a pink Pringles 'Sweet & Salty Combo - Butter Caramel,' which he reacts to with surprise at the sweet caramel popcorn flavor, rating it 10/10. Following that is a blue Pringles 'Loaded Potato Skins,' which he finds less impressive, comparing it to barbecue and giving it 6/10. Finally, he tries a red Pringles 'Boss Tennessee BBQ,' describing it as smoky and spicy but not very flavorful, rating it 5/10. Throughout the video he holds up each can to the camera, reads the packaging, eats the chips, and provides expressive commentary in Hebrew with on-screen Hebrew subtitles.
Entities products=Pringles Everything Bagel, Lay's Stax Avocado, Pringles Butter Caramel, Pringles Loaded Potato Skins, Pringles Boss Tennessee BBQ, plastic water bottle
Humor type=Situational; explanation=Humor arises from the creator's exaggerated facial expressions and vocal reactions to unexpected flavors, such as comparing Everything Bagel to actual bagel dough and declaring the caramel popcorn a perfect ten. The comedy is situational rather than scripted jokes, relying on relatable disgust or delight when tasting odd combinations like mustard-avocado Lay's or sweet-salty Pringles. His over-the-top descriptions ('like you brought a bite?', 'wow smells like caramel') and self-aware ratings create a lighthearted, peer-to-peer vibe typical of social media food reviews, where the entertainment value is the authentic, unfiltered response rather than polished critique.
Author 【entity-Gal Zahavi - גל זהבי¦handle=@galzahavi¦author_id=user-068531303528315981772】
AuthorURL https://www.instagram.com/galzahavi
Verified
170K Followers
Language en


【447f】
URL https://www.instagram.com/reel/DeHdisPj_zr/
Type video
Created 2026-10-05 14:50:00 UTC
130 Likes
2 Comments
Summary: In a Purdue University basketball practice facility, members of the Purdue Boilermakers women's basketball team conduct a taste test of 'Jelena's Choco Banana Bar' from Montenegro. Player #8 introduces the snack, describing it simply as 'chocolate and banana' and 'nothing special, but it's good.' Teammates including players wearing jerseys #2, #4, #7, #10, #20, and #25 gather around a table with the red-wrapped bars. Reactions are varied and playful: several players comment on the unexpected soft, marshmallow-like texture ('like a Peep with some chocolate over the top'), compare it to a circus peanut, and debate the smell versus the taste. Some enjoy it immediately while others note an aftertaste. A coach in a black Purdue shirt also tries the bar, gives it an 'eight out of ten,' and says she can 'roll with it.' The group laughs throughout, thanking 'JB' for bringing the international snack. The tone is casual, friendly, and team-oriented, ending with the Purdue 'P' logo.
Entities products=chocolate banana bar
Humor type=Situational; explanation=Humor arises from genuine, unscripted reactions to an unfamiliar texture described as a Peep with chocolate. Players' exaggerated facial expressions, conflicting opinions about smell versus taste, and the coach's diplomatic 'eight out of ten' create light situational comedy typical of team-bonding content. No punchline or meme template is used; the comedy is observational, rooted in the shared experience of trying something odd together.
Author 【entity-Purdue Women's Basketball¦handle=@purduewbb¦author_id=user-310697674212565915367】
AuthorURL https://www.instagram.com/purduewbb
Verified
23K Followers
Language en


【7a92】
URL https://www.instagram.com/reel/DeEpTKTs2Xc/
Type video
Created 2026-10-04 12:36:10 UTC
23K Likes
250 Comments
Summary: In an outdoor park setting with trees and a wooden fence, a man wearing a white 'SHADES BY NIKO' t-shirt and black cap stands facing the camera holding a green packet of 'Shades by Niko' snacks. He opens the packet, eats from it, and speaks to the camera before turning to join four other men lined up behind him. The group stands still facing forward in a solemn pose. After a moment, the two men in the front row — one in a black leather jacket and NY cap, the other in a brown tracksuit — break into an exaggerated, synchronized dance, repeatedly bending over and shaking their hips while clutching their groin area. The central man remains standing, continuing to eat from the packet and observe. The video is set to background music with male vocals. The caption promotes the product as 'Utterly mesmerising, just like Beta Five Shades' and lists UK retail availability (Tesco, Sainsbury's, Asda, Morrisons, Waitrose, Co-op, WHSmith, Ocado, Boots), noting it is 100% vegan and Halal certified, and tags @betasquad. The overall tone is a lighthearted, comedic promotional skit.
Culture moment=Harlem Shake meme; significance=Commenters compare the synchronized awkward dance to the viral Harlem Shake trend, linking it to early 2010s internet culture.; origin=Referenced in user comment comparing video to Harlem Shake.",template,true,strong,照搬'Matthew Tries'系列：买一盒万圣节限定零食，让女友当试吃员逐个打分,limited_snack_box_series,1,false,需要两人出镜（一人主持一人试吃），单人无法完成,false,,us-likely,美国，Hostess品牌,false
2026-10-06,food,24,https://www.instagram.com/reel/Dd7EjIgAZQE,@tc_theinvestor,5200,600,200,200.0,0.143,1,2026-10-05,2026-09-30,6,true,"The video uses a split-screen format throughout. On the left, a man in a dark hoodie react...","The video uses a split-screen format throughout. On the left, a man in a dark hoodie reacts with disbelief while lying down. On the right, a rapid montage of user-generated clips illustrates complaints about extreme food pricing in Los Angeles. Examples shown include a receipt for $65 for two bagels and two orange juices, a woman holding a tiny portion of Beef Wellington she paid $140 for, a Walmart sign showing $5.8 per pound for lemons (captioned '$58 for a lemon'), a DiFara pizza menu with pies over $50, a woman guessing Erewhon prices for dragon fruit, and shots of expensive strawberries and limes. On-screen text reinforces the theme: 'Bro these prices are getting outta hand and companies are banking on the people,' 'LA prices are actually insane,' and 'LA is losing their minds with these prices.' The overall tone is humorous outrage and social commentary on inflation and perceived price gouging, presented as a viral-style reaction compilation.
Entities products=bagel, orange juice, lemon, pizza, dragon fruit, strawberries; places=Di Fara Pizza, Erewhon Market
Author 【entity-TC The Investor 📈☯️👽¦handle=@tc_theinvestor¦author_id=user-343632916691541987110】
AuthorURL https://www.instagram.com/tc_theinvestor
87K Followers
Language en


【79fc】
URL https://www.instagram.com/reel/DeHkYjFMGVx/
Type video
Created 2026-10-05 15:49:40 UTC
5.2K Likes
Summary: A woman identified as LA-based food creator Gladis Torres sits indoors by a window overlooking a parking lot, eating from a large traditional clay bowl filled with what appears to be birria or enchiladas topped with shredded cheese, pickled red onions, and cilantro. Throughout the clip she takes bites of tortilla-dipped meat and a green chili, chewing while looking at the camera. Overlaid Spanish text reads, 'El problema de nosotros los seres de luz, es que no cualquiera nos aguanta el voltaje,' a popular meme about having an intense personality others can't handle. The video is set to upbeat Latin music with a male vocalist. The overall tone is casual, confident, and food-focused, typical of lifestyle/foodie Reels content, with playful emojis in the caption suggesting lighthearted self-promotion.
Entities products=Mexican birria tacos plate
Author 【entity-Gladis Torres¦handle=@gladis._.torres¦author_id=user-147610536909012936486】
AuthorURL https://www.instagram.com/gladis._.torres
11K Followers
Language en


【415d】
URL https://www.instagram.com/reel/DeE2UxaxysA/
Type video
Created 2026-10-04 14:29:21 UTC
310 Likes
18 Comments
Summary: This is a first-person 'what I ate in LA' vlog covering approximately 36 hours. The creator begins at Bossa Nova Brazilian Cuisine, where she orders a hibiscus cocktail, creamy mushroom gnocchi with chicken, and describes it as delicious. The next morning, she gets coffee from her hotel (Hotel June) by the pool and visits Egg Truck for breakfast, showing an egg sandwich with avocado and sauce and an orange juice. The main event is the TikTok Creator Summit, marked by signage reading 'SPARK WHAT'S NEXT' and '#TikTokCreatorSummit'. She films the venue, samples grab-and-go lunch items including wraps, mini sandwiches, salad, and blueberry desserts, and interacts with other creators. She also participates in a Hilton 'FOR THE STAY' activation. In the evening, she goes to a rooftop taco spot with city views, where tacos are made fresh and eaten under red lighting. The next morning she has a chive bagel before heading to the airport and flying home above the clouds. The tone is upbeat, personal, and focused on food experiences and networking.
Entities products=hibiscus cocktail, creamy mushroom gnocchi with chicken, coffee, egg sandwich, orange juice, fruit parfait, turkey sandwich, green goddess salad, boba tea, summer roll, tacos, bagel with cream...; places=Bossa Nova Brazilian Cuisine, Egg Truck, TikTok Creator Summit, hotel pool area, rooftop taco stand
Author 【entity-Revi¦handle=@reviskitchenn¦author_id=user-810142122463313446371】
AuthorURL https://www.instagram.com/reviskitchenn
620K Followers
Language en


【016c】
URL https://www.instagram.com/reel/Dd642SqR6ML/
Type video
Created 2026-09-30 17:39:09 UTC
440 Likes
22 Comments
Summary: A woman with glasses and a colorful 'Planet Hollywood' shirt reviews the restaurant 'Chain' located inside Westfield Topanga mall in Los Angeles. She sits at a table with a tray of food including curly fries, fried chicken tenders, and a large wrap identified on-screen as 'Mei Lin's Mapo Wagyu Cruncho Perfecto.' She describes the wrap as beefy, cheesy, and crunchy, and highlights its lettuce filling. Co-founder Nicholas Kraft appears, waves to camera, and discusses sauces including ranch and bourbon whiskey sauce. The video includes map graphics showing the mall location, promotional images of the menu, and playful text overlays. The overall tone is upbeat, promotional, and comedic, focused on tasting and describing the fast-casual menu items.
Entities people=Nicholas Kraft (Post Caption); products=wrap sandwich, fried chicken tenders, curly fries, dipping sauce; places=Westfield Topanga, Chain
Humor type=Situational; explanation=Humor arises from self-deprecating admission about skipping digestion pills, exaggerated physical reaction ('ascends to heaven'), and the mock-serious claim '*lies in the name of journalism teehee' while overeating. The contrast between praising lettuce for healthiness then declaring 'I will never poop again and it's worth it' creates situational comedy rooted in relatable overindulgence. The interaction with Nicholas Kraft, including asking for secret spices and joking about sweating from eating, adds playful banter typical of food-vlog culture.
Author 【entity-carlye ✨🍓¦handle=@carlyewisel¦author_id=user-161380012740811903021】
AuthorURL https://www.instagram.com/carlyewisel
Verified
65K Followers
Language en


【53d5】
URL https://www.instagram.com/reel/DeFgyLjSc4q/
Type video
Created 2026-10-04 20:39:54 UTC
4.3K Likes
120 Comments
Summary: The video is a short, selfie-style clip filmed by Tina Knowles (@mstinaknowles) inside a restaurant called Brunch & Sip in Los Angeles, posted October 4, 2026. She speaks to the camera against a wood-paneled wall with gold accents, wearing a dark denim shirt and red lipstick, saying she just had 'the best catfish' at brunch after leaving church with friends. She waves to two companions, calling out 'Say hi Dawn' and 'Say hi Rochelle,' who appear briefly on camera smiling from a purple booth. The camera pans shakily around the dining room, showing modern decor with large circular gold light fixtures, other diners, and staff. The tone is warm, casual, and promotional, highlighting the food and atmosphere as enjoyable. No music lyrics, conflict, or risky behavior are present.
Entities people=Tina Knowles (Vision Model Only); places=Brunch & Sip
Author 【entity-Tina Knowles¦handle=@mstinaknowles¦author_id=user-026573551884047547979】
AuthorURL https://www.instagram.com/mstinaknowles
Verified
4.4M Followers
Language en


【7e92】
URL https://www.instagram.com/reel/DeAOZQsvPhd/
Type video
Created 2026-10-02 19:32:13 UTC
640 Likes
130 Comments
Summary: This is a promotional video from Grand Central Market in Los Angeles announcing a collaboration with @bangerlumpia for Filipino American History Month. The video opens with a close-up of a man putting on black inline rollerblades outside the market, with 'GRAND CENTRAL MARKET' text overlaid. He then rollerblades across the street in front of the market's iconic orange entrance structure, wearing a blue LA Dodgers cap, black t-shirt, gray pants, and a backpack. He greets another man with a handshake on the sidewalk. He sits down, removes his rollerblades, and puts on black Nike sneakers. Inside the bustling market hall, he walks toward the Banger Lumpia stall, which displays menu banners for 'LUMPIA SHANGHAI,' 'LUMPIA SMASH BURGER Cali Style,' 'LOADED FRIES,' and 'RICE BOWL CHEESE CRUST WRAP.' A photo on the wall shows him rollerblading in a skatepark. He smiles broadly at the camera in front of the stall. The caption indicates the pop-up starts October 3rd from 11am until sell out. The tone is energetic, community-focused, and celebratory of Filipino food culture.
Culture moment=Filipino American History Month; significance=Highlights Filipino cuisine within a major LA food destination during national heritage month.; origin=US observance in October
Entities products=Lumpia Shanghai, Loaded Fries, black inline rollerblades, Nike sneakers; places=Grand Central Market
Author 【entity-Grand Central Market¦handle=@grandcentralmarketla¦author_id=user-587885238643938889227】
AuthorURL https://www.instagram.com/grandcentralmarketla
Verified
400K Followers
Language en",news,false,none,,price_outrage_compilation,1,true,,false,,us-likely,LA物价吐槽，Erewhon等本地标记,false
2026-10-06,food,25,https://www.instagram.com/reel/Dd8iw7EvQXv,@jahankitchen06,4700,5,200,200.0,0.143,1,2026-10-05,2026-10-01,5,true,This is a short-form cooking reel titled 'viral spicy Cucumber' posted by @jahankitchen06 ...,"This is a short-form cooking reel titled 'viral spicy Cucumber' posted by @jahankitchen06 (Nusrat Jahan) on October 1, 2026. Set to upbeat background music, the video demonstrates how to make a popular street-style spicy cucumber snack. A hand peels a whole cucumber, then uses a spoon to scoop out the seeds from one end to create a hollow cup. In a bowl, dried tamarind is soaked and mashed into a dark liquid, then mixed with red chili powder, other spices, and lime juice. Separately, a dry spice mix of red chili powder and seasonings is prepared on a plate. The hollowed cucumber pieces are dipped rim-first into the dry spice, placed upright in small glasses, and filled with the wet spicy tamarind sauce. The finished cups are garnished with chopped cilantro and shown being eaten. The tone is bright, appetizing, and instructional, typical of viral food content.
Entities products=fresh cucumber, red chili spice powder, tamarind pulp
Author 【entity-Nusrat jahan¦handle=@jahankitchen06¦author_id=user-052933221261576736068】
AuthorURL https://www.instagram.com/jahankitchen06
40K Followers
Language en",template,true,strong,复刻香辣黄瓜杯：黄瓜段掏空立在小玻璃杯里，灌罗望子辣酱摆盘拍特写,cucumber_imli_cup_trend,4,true,,false,,unknown,英文内容，印度风味小吃但无明确地域标识,true
2026-10-06,food,26,https://www.instagram.com/reel/DeAVZRvzkUM,@deepnagar557711,510,6,0,127.5,0.0,0,2026-10-06,2026-10-02,4,true,"This is a short, upbeat social media reel filmed at night at a street food cart identified...","This is a short, upbeat social media reel filmed at night at a street food cart identified by signage as 'Gurjar Food Point' in Gurugram. The creator, Deepa Nagar, stands behind the red counter with another young woman, both smiling and performing coordinated hand gestures and light dance moves to a fast-paced Hindi song. They are positioned behind large metal food containers, with a blue water dispenser visible. The on-screen text reads 'please sare log is log me videos banao ✨🙏❤️', asking viewers to create videos about the stall. The tone is promotional, friendly, and energetic, intended to attract attention to the food business through a viral-style performance.
Entities places=Gurjar Food Point
Author 【entity-Deepa nagar¦handle=@deepnagar557711¦author_id=user-756819492252495325725】
AuthorURL https://www.instagram.com/deepnagar557711
44K Followers
Language en


【394d】
URL https://www.instagram.com/reel/DeEsZ31jm4f/
Type video
Created 2026-10-04 13:02:04 UTC
880 Likes
2 Comments
Summary: At night outside a 'TOASTERS GRILL BBQ & FAST FOOD' stall, three men are seated on mats eating from a red plate. A fourth man in a dark blazer stands over them and initiates a heated dispute with the seated man in glasses and a striped shirt. Speaking in Urdu/Hindi, the standing man claims the food (a platter costing around 2,500 rupees) was not a free 'tester' and demands payment, while the seated man insists he didn't order it. A fifth man in a red polo and cap observes. The confrontation is animated, with pointing, hand gestures, and raised voices, typical of a street-prank skit. On-screen text identifies the content as '#P4PAKAO REEL' and promotes 'WATCH FULL PRANK ON YOUTUBE CHANNEL: P4PAKAO PRANK: FOOD TEST'. The video has no nudity, violence, or profanity, but centers on public shaming for comedic effect.
Entities places=TOASTERS Grill BBQ & Fast Food
Humor type=Situational; explanation=The humor comes from the relatable fear of being charged for free samples, exaggerated by the aggressive confrontation over a small amount of food. The seated man’s confused reactions while holding a tiny piece of food contrast with the blazer-wearing man’s serious billing demeanor, creating situational irony typical of South Asian street-prank content. The repeated insistence 'tester to hai lekin kha to rahe na' highlights the absurd logic, making the social awkwardness the punchline rather than a scripted joke.
Author 【entity-P4Pakao¦handle=@p4pakao¦author_id=user-595202646815376030278】
AuthorURL https://www.instagram.com/p4pakao
Verified
290K Followers
Language en


【cf42】
URL https://www.instagram.com/reel/DeF_AfrzUKE/
Type video
Created 2026-10-05 01:04:42 UTC
70 Likes
Summary: This is a short, handheld social media reel filmed outdoors at an Indian street-food market, posted by creator @mr_rajesh_chat_wale on October 4, 2026. The central figure is a male vendor in a light-colored shirt standing behind a cart with a large black griddle full of orange-yellow fried food, likely papad or pakora as he shouts in Hindi. He serves portions onto paper plates for waiting customers, including a woman in a bright pink floral outfit and two teenage boys. The vendor engages directly with the camera, speaking and giving a thumbs-up gesture. The caption promotes 'Mr Rajesh phemas chat wale' with hashtags #instafood #trending #viralreels. The background shows other market stalls, trees, parked motorcycles, and passersby, creating a lively daytime street atmosphere. The tone is promotional and casual, intended to showcase the popular street snack and attract viewers.
Author 【entity-Mr_Rajesh_chat_wale(gullidin)¦handle=@mr_rajesh_chat_wale¦author_id=user-749409652257748355026】
AuthorURL https://www.instagram.com/mr_rajesh_chat_wale
4.2K Followers
Language en


【8f27】
URL https://www.instagram.com/reel/DeCEQTBtoX5/
Type video
Created 2026-10-03 12:39:37 UTC
3.5K Likes
72 Comments
Summary: The video opens on a dusty roadside market where three young men walk toward a small vegetable stall. An on-screen caption reads 'भाई ने दिल जीत लिया' with laughing emojis. They join a vendor in a purple shirt who is seated on a wooden platform surrounded by produce. The lead young man in a blue-and-white plaid shirt engages with the vendor, receives pieces of a yellow fruit or snack, and shares them with his friends while they eat and chat. The vendor gestures and talks with them, then stands up and walks to an adjacent food counter selling fried items. The young man follows, filming with his phone, and poses for a short video/selfie with the smiling vendor standing beside him. The clip concludes with an abrupt cut to a close-up of the character Homelander from 'The Boys' with a stunned expression, used as a reaction meme. The overall tone is casual, friendly, and humorous, capturing a spontaneous positive interaction between customers and a local seller.
Entities people=Antony Starr as Homelander (Vision Model Only)
Humor type=Situational; explanation=The humor comes from subverted expectations: viewers anticipate a typical purchase negotiation, but the vendor simply offers food for free, leading to surprised delight from the group. The exaggerated emotional text 'brother won my heart' paired with crying emojis amplifies the wholesome surprise. The final cut to Homelander's stunned expression acts as a meme punchline, signaling disbelief at such genuine kindness in everyday life, which resonates as relatable and amusing rather than scripted comedy.
Author 【entity-Rajan Chauhan¦handle=@rk_rajan_06¦author_id=user-948714911871217956249】
AuthorURL https://www.instagram.com/rk_rajan_06
210K Followers
Language en",personality,false,none,,promo_dance_stall,1,true,,false,,non-us,印度Gurugram，印地语歌+路边摊宣传,false
2026-10-06,food,27,https://www.instagram.com/reel/Dd_faHYvzET,@mixmunch25,8500,6,100,100.0,0.143,1,2026-10-05,2026-10-02,4,true,This is a short-form food preparation Reel by creator @mixmunch25 (@mixmunch25 | Mix & Mun...,"This is a short-form food preparation Reel by creator @mixmunch25 (@mixmunch25 | Mix & Munch) posted October 2, 2026, titled ""Spicy Guava Masala"". The video is a close-up, hands-only demonstration on a wooden surface. A whole green guava is shown, then a hand uses a knife to slice off the top, scoop out the inner pulp and seeds with a spoon, and create a cavity. Red chili powder is sprinkled in, followed by white salt, and several dried red chilies are inserted. A wooden stick is used to mash and mix the ingredients inside the fruit, creating a wet, spicy filling. Finally, the guava is cut in half to reveal the seasoned interior. The tone is bright, colorful, and appetizing, typical of viral street-food/mocktail content, with decorative pink flowers in the frame. No dialogue is heard; background music plays. The content is entirely culinary with no safety risks.
Entities products=green guava fruit, dried red chilies, red chili powder
Author 【entity-Mix & Munch¦handle=@mixmunch25¦author_id=user-286146900834373637101】
AuthorURL https://www.instagram.com/mixmunch25
51K Followers
Language en",template,true,strong,复刻香辣番石榴：番石榴掏空塞辣椒粉+盐，木棍捣匀，对半切开拍横截面,stuffed_fruit_spice_hack,1,true,,false,,unknown,英文无旁白手部特写，无明确地域标识,false
2026-10-06,food,28,https://www.instagram.com/reel/Dd-jvS9p2l-,@daniellashaba,6700,120,100,100.0,0.571,4,2026-10-02,2026-10-02,4,true,A young woman with long dark hair wearing a navy blue sweatshirt sits at a kitchen counter...,"A young woman with long dark hair wearing a navy blue sweatshirt sits at a kitchen counter in San Diego and responds to a comment asking 'What size bag did you get?' She holds up a large gold resealable bag of freeze-dried snacks, explaining she bought the 520-gram size but has already eaten half, noting the bag is about twice the size of her head. She pours the contents into a clear glass bowl, revealing a mix of colorful freeze-dried items including whole strawberries, green beans, mango pieces, jackfruit, mushrooms, and other fruit and vegetable shapes. Throughout the video she samples individual pieces one by one, holding them up to the camera before eating, while providing commentary on the taste — identifying flavors like strawberry, mango yogurt, jackfruit, and mushroom, and stating it is her favorite snack. The audio is dominated by loud crunching and chewing sounds as she eats. The video is presented as a casual product review/taste test, with an on-screen caption directing viewers to a TikTok shop link.
Entities people=Daniella Tomika (Post Caption); products=freeze-dried candy and fruit snack mix
Author 【entity-Daniella Tomika¦handle=@daniellashaba¦author_id=user-759565189118047220699】
AuthorURL https://www.instagram.com/daniellashaba
260K Followers
Language en


【dd1d】
URL https://www.instagram.com/reel/Dd7W8lMCsG8/
Type video
Created 2026-09-30 22:01:39 UTC
6.9K Likes
3.4K Comments
Summary: A bald man with a white beard, black glasses, and a striped apron presents his 'crab butter swim cornbread biscuit' — which he describes as a hybridized version of a crab cake, cornbread, and biscuit. He holds up a plated square topped with green onions alongside a lemon wedge and a small bottle of orange hot sauce, noting he 'stole it from my friend Gavin's restaurant, Spoon and Stable.' The video then shows the step-by-step preparation: chopping scallions and parsley, sautéing onions, mixing dry ingredients (flour, cornmeal, spices), whisking wet ingredients (milk, egg, hot sauce), combining them with the cooked onions and herbs, folding in lump crab meat, pouring the batter into a buttered metal pan, scoring it, baking until golden brown, brushing with more butter, and sprinkling salt. He finishes by lifting a piece, adding hot sauce, and tasting it on camera, calling it 'just decadent and fantastic,' 'moist and crabby in the best way possible,' and 'fall comfort food.' The tone is enthusiastic, instructional, and focused on comfort cooking.
Entities people=Andrew Zimmern (Author Name); products=metal baking pan, stainless steel mixing bowl, Clabber Girl baking powder, hot sauce bottle, chef's knife
Author 【entity-Andrew Zimmern¦handle=@chefaz¦author_id=user-270714762747954512291】
AuthorURL https://www.instagram.com/chefaz
Verified
1.3M Followers
Language en


【bf88】
URL https://www.instagram.com/reel/DeE1grARs-B/
Type video
Created 2026-10-04 14:23:07 UTC
5.2K Likes
45 Comments
Summary: In this October 2026 TikTok-style video, creator Hallie Parrott (@hallie.parrott), identified in her bio as a Chicago-based candy reviewer, films a ""trying weird snacks from TJ Maxx"" segment in her apartment. She presents four products purchased for $3 each: San Diablo Itty Bitty Churros Piña Colada flavor, which she describes as light, airy, crispy, with pineapple-coconut flavor and rates 8.9/10; That Fudge Place Peanut Butter Fudge, which she notes is dry and crumbly with a chemical aftertaste and rates 6.5/10; DJ&A Pickle-Licious Cucumber Crisps Jalapeño flavor, which she finds zesty but not truly pickle-like and rates 5.7/10; and Nutty & Fruity Sour Watermelon Chili Gummy Strips, which she praises for heavy coating and flavor and rates 10/10. Throughout, she holds packages close to the camera, breaks open pieces to show texture, and eats on-camera while giving commentary. The tone is enthusiastic, casual, and informative, typical of social-media snack reviews, with no sexual, violent, or otherwise risky content.
Entities people=Hallie Parrott (Author Name); products=itty bitty churros piña colada, peanut butter fudge, cucumber crisps jalapeño, sour watermelon chili gummy strips
Author 【entity-Hallie Parrott 🍭¦handle=@hallie.parrott¦author_id=user-920255305608060167275】
AuthorURL https://www.instagram.com/hallie.parrott
120K Followers
Language en


【883c】
URL https://www.instagram.com/reel/Dd6O2hAsbyR/
Type video
Created 2026-09-30 11:30:04 UTC
19K Likes
48 Comments
Summary: Two young women sit side-by-side in a simple indoor setting and conduct a snack review titled 'Chocobiz's Snack Review - HOKKAIDO'. The woman on the left has long black hair and wears a white zip-up jacket; the woman on the right has long light brown hair and wears a white graphic tank top. They introduce and taste two products: first, a yellow bag of 'Happy Turn Hokkaido Cheese' crackers, which they hold up, break apart, and eat while expressing enjoyment, ultimately giving it a 10/10 rating. Second, they try a pink cup of Calbee 'Jagariko Tarako Cheese' flavored potato sticks, tasting the red-orange sticks and discussing the flavor, giving individual scores of 9/10 and 6/10 (later shown as 5/10). Throughout, they interact playfully, smile, gesture to the camera, and display the packaging clearly. The video ends with them waving goodbye. The overall tone is friendly, casual, and promotional of the snacks.
Entities people=KOKO (Post Caption), JEONGSAEBI (Post Caption); products=Hokkaido cheese flavored crackers, Calbee Jaga Tarako Cheese sticks
Author 【entity-izna (이즈나)¦handle=@izna_offcl¦author_id=user-498613330776907853111】
AuthorURL https://www.instagram.com/izna_offcl
Verified
2.9M Followers
Language en


【c382】
URL https://www.instagram.com/reel/DeD1HbPy4l3/
Type video
Created 2026-10-04 04:58:54 UTC
220 Likes
5 Comments
Summary: A young man presents 'Global Snack Battle (Round 1)' in a fast-paced, upbeat taste-test video. He wears white earbuds and a black Pikachu shirt, holding up paired snacks representing different countries shown with flag graphics and 'VS' text. First is USA vs Mexico: a blue box of Pokemon cereal versus a bag of Cheetos Flamin' Hot Crunchy, which he then bites into with an exaggerated reaction. Second is Japan vs Korea: a yellow box of Glico Pocky Banana flavor versus a red bag of Nongshim Shin Ramyun featuring a K-Pop Demon Hunters character; he eats a dry, uncooked block of the ramen noodles straight from the package, adding the seasoning powder on top. Third is Vietnam vs Singapore: a blue-wrapped candy versus a box of Irvins Salted Egg Cornflakes Snack with Minions branding, which he opens and eats. The video focuses on the visual comparison of international snacks and the sensory experience of eating them, with no dialogue beyond naming the countries.
Entities products=Flamin' Hot Crunchy chips, Pokemon cereal, Banana cream biscuit sticks, Shin Ramyun instant noodles, Salted egg cornflakes snack, wrapped candy; places=United States, Mexico, Japan, South Korea, Vietnam, Singapore
Author 【entity-Hungry FAM¦handle=@hungry_fam¦author_id=user-678957813636068347591】
AuthorURL https://www.instagram.com/hungry_fam
Verified
680K Followers
Language en


【432f】
URL https://www.instagram.com/reel/DeA5bY0x66c/
Type video
Created 2026-10-03 01:43:14 UTC
780 Likes
31 Comments
Summary: A woman sits in the driver's seat of a car during daylight, wearing large black glasses, a grey t-shirt with a Tupac Shakur graphic, and colorful long nails. She holds up two Snickers bars purchased at Walgreens — a yellow-wrapped 'Banana Bread' flavor and an orange-wrapped 'Pecan' flavor — and conducts a taste test for the camera. She tries the Pecan first, describes it as sweet with a standard Snickers taste, and gives it a 7.5 out of 10. She then tries the Banana Bread bar, reacts with disappointment, saying it mostly tastes like a regular Snickers with only a faint hint of banana, and rates it 2 out of 10, calling it a 'hot mess.' Throughout she gestures expressively while speaking directly to viewers, encouraging them to try the Pecan version instead. The video is presented as a casual foodie review with hashtags for viral snack content.
Entities products=Snickers Pecan candy bar, Snickers Banana Bread candy bar
Author 【entity-classywithnoregards¦handle=@classywithnoregards¦author_id=user-789013095070015723376】
AuthorURL https://www.instagram.com/classywithnoregards
55K Followers
Language en


【f815】
URL https://www.instagram.com/reel/Dd3nAPACMA3/
Type video
Created 2026-09-29 11:04:43 UTC
1.4K Likes
6 Comments
Summary: A man conducts a 'USA vs JAPAN' food taste test, shown with on-screen text throughout. In the USA segment, he shops for four American products: Van Holten's Sour Pickle, a Fast Bites frozen cheeseburger, a MrBeast Feastables Chocolate Sea Salt bar, and a can of Jumex Guava Nectar. At home, he microwaves the cheeseburger, shows its cooked interior with melted cheese, and takes bites. He then opens and eats the entire sour pickle, making a strong sour face. He breaks and eats the chocolate bar, and pours and drinks the guava nectar from a small glass. In the Japan segment, he shops in a Japanese convenience store for three items: a packaged soft-boiled egg (onsen tamago), a Lotte Pokemon chocolate wafer, and a soft-serve vanilla ice cream cone. Outdoors, he peels and eats the egg showing the runny yolk, opens the Pokemon wafer revealing a Pikachu card inside and eats it, and finally eats the soft-serve ice cream. The tone is casual and focused on visual comparison and reaction.
Entities products=Van Holten's Sour Pickle, Fast Bites Cheeseburger, MrBeast Feastables Chocolate Bar, Jumex Guava Nectar, Japanese Soft-Boiled Egg, Lotte Pokemon Chocolate Wafer, Japanese Soft Serve Ice Cream
Author 【entity-Sonsern Lin (APPA)¦handle=@hungryoc¦author_id=user-258524402623394183794】
AuthorURL https://www.instagram.com/hungryoc
Verified
720K Followers
Language en


【558e】
URL https://www.instagram.com/reel/DeFPon2OB4_/
Place 【place-Wolfchase Galleria¦place_id=619907596168362】
Type video
Created 2026-10-04 18:16:59 UTC
270 Likes
3 Comments
Summary: In a busy indoor mall corridor at Wolfchase Galleria in Memphis, two young women stand in front of the 'CRAZY TREATS' kiosk giving a video review. The woman on the left has long bright pink hair, wears a denim jacket, brown leggings and Crocs, and holds a small cup of pink-coated candy grapes. The woman on the right wears glasses, a graphic t-shirt, embellished jeans, and carries multiple Victoria's Secret shopping bags. An off-camera vendor asks for their honest opinion on the 'Candyland Mix.' Both respond enthusiastically, rating it '10 out of 10,' with the pink-haired woman covering her mouth and laughing after tasting. When asked if they would return, they confirm they would shop there every day or every month. The background shows typical mall traffic, storefronts including a 'kids' store, and the kiosk displays merchandise. The caption frames the clip as another fire review thanking customers for support. The overall tone is upbeat, commercial, and friendly, serving as a straightforward customer testimonial for the viral snack.
Entities products=candied grapes; places=Wolfchase Galleria
Author 【entity-Crazy Treats 🍇®️¦handle=@crazytreatsglobal¦author_id=user-117606863331223201688】
AuthorURL https://www.instagram.com/crazytreatsglobal
16K Followers
Language en


【29c1】
URL https://www.instagram.com/reel/DeIM59dTq6F/
Type video
Created 2026-10-05 21:46:19 UTC
710 Likes
2 Comments
Summary: A woman films herself outdoors at night on a city street, introducing that she is 'probando snacks coreanos con mi cita coreana' (trying Korean snacks with my Korean date). She is joined by a man in a yellow shirt and glasses. They sample three snacks: first, a matcha red bean bingsu chocolate bar, which she rates 10/10 and he rates 8/10, noting it tastes quite like the real dessert. Second, shrimp-flavored chips ('papitas de camarón'), which she says doesn't taste strongly like shrimp but isn't overly sweet, giving it 7/10 while he gives it 9/10. Third, Korean-market Doritos flavored like tacos, which they both rate 8/10; she describes tasting lime, tortilla, meat, and then spiciness. The video ends with them asking viewers to suggest other Korean snacks to try in the comments. The setting is a lit urban sidewalk with trees and storefronts in the background.
Entities products=matcha red bean bingsu chocolate bar, shrimp flavored chips, Doritos taco flavored chips
Author 【entity-Mimi Land¦handle=@mimi¦author_id=user-305521269302780517021】
AuthorURL https://www.instagram.com/mimi
Verified
1.1M Followers
Language en


【ecfa】
URL https://www.instagram.com/reel/Dd3y_hBBYkw/
Type video
Created 2026-09-29 12:51:19 UTC
2.9K Likes
49 Comments
Summary: A young man in a maroon hoodie sits in his car on a rainy day to review the 'Viral Bagel in the Bronx.' He explains he saw many videos praising the bagel and decided to try it himself, buying two — one for him and one for his mom because he was confident it would be good. He opens the box to show a round, seeded bagel sliced open and filled with cream cheese and herbs. After breaking it apart and noting 'my mouth is watering,' he takes a bite, reacts with 'oh my goodness' and 'yoooooo,' and praises 'that crunch.' He rates it a perfect 10 out of 10, calling it 'so good.' He then introduces a large chocolate chip cookie from the same place (in a paper bag labeled 'Sweet'), saying commenters recommended it. He compares it favorably to Subway's cookies, noting it reminds him of when he ate three Subway sandwiches daily with cookies, which contributed to his weight gain. He gives the cookie a 7.5 out of 10. He concludes by providing the shop's address on screen: 1508 Crosby Ave, Bronx, NY, 10461, recommending viewers in New York try it.
Entities products=garlic butter bagel with cream cheese, chocolate chip cookie; places=1508 Crosby Ave
Author 【entity-K i n g M e l q u i 👑¦handle=@kingmelqui¦author_id=user-759084060410594633501】
AuthorURL https://www.instagram.com/kingmelqui
160K Followers
Language en


【6ec7】
URL https://www.instagram.com/reel/DeIqBjmMax6/
Type video
Created 2026-10-06 02:00:47 UTC
800 Likes
8 Comments
Summary: Two young men are in a bedroom/living space trying 'Viral Candied Salmon with Noah,' as indicated by on-screen text. One man, wearing a patterned LA hat and gold cross necklace, and the other, with curly hair and a Polynesian arm tattoo, display a large, glossy, bright-orange candied salmon fillet scored into sections. They break off pieces, taste it plain, then pair it with white rice from a paper plate and later with cream cheese on a small bread roll. Their reactions are positive—they describe it as 'honey,' 'pretty good,' and 'the best,' noting the sweetness and texture. The background includes wall tapestries of Kobe Bryant and a 'TURN IT DOWN' poster. The tone is casual, friendly, and focused on the food experience, with audible chewing and informal conversation throughout.
Culture moment=viral candied salmon trend; significance=Participates in a social-media food fad where sweetened smoked salmon is eaten as a snack.; origin=TikTok/Reels food community
Entities people=Noah; products=candied salmon fillet, white rice, cream cheese spread, bread roll
Humor type=Situational; explanation=The humor comes from the exaggerated physical comedy of eating a large slab of sticky salmon directly from the package, leaning over a plate of rice to bite it, and the playful banter about hygiene ('you gonna put your whole hand on it?', 'I just washed my hands'). Their facial reactions—eyes closed in pleasure, messy fingers, and repeated 'it's good' affirmations—create a relatable, low-stakes food-challenge vibe typical of viral Reels. The contrast between treating expensive-looking salmon like jerky and the earnest debate over which version is 'the real candy one' adds situational absurdity without scripted jokes.
Author 【entity-Va¦handle=@broitsva¦author_id=user-107334184159439919641】
AuthorURL https://www.instagram.com/broitsva
51K Followers
Language en


【025a】
URL https://www.instagram.com/reel/Dd4sIyESPPN/
Type video
Created 2026-09-29 21:09:40 UTC
2.2K Likes
95 Comments
Summary: This is a fast-paced social media video promoting exclusive snacks available only at Walt Disney World's Magic Kingdom. The narrator highlights three items: (1) the 'I Lava You Float' from Sunshine Tree Terrace, described as an Orange Dole Whip doused in Fanta Strawberry Soda with passion fruit flavor and popping candy; (2) the Sweet Corn Mousse from Pecos Bill Tall Tale Inn and Cafe, a yellow dessert molded to look exactly like a corn on the cob, drizzled with white sauce, which the creator notes uses molds originally purchased for a Mickey's Not So Scary Halloween Party snack; and (3) the NEW Ham and Gruyere Sandwich at Gaston's Tavern, likened to a souped-up croque monsieur with gooey cheese and ham. The video intersperses close-ups of the food with shots of Cinderella Castle and the carousel. It concludes with a call-to-action to purchase the 'DFB Guide to Walt Disney World Dining and Snacks Guide bundle' by commenting 'MKSNACKS' for a DM link, claiming the guide covers every snack sold in Magic Kingdom with reviews.
Entities products=ice cream sundae with cherry topping, I Lava You Float, Sweet Corn Mousse, Ham and Gruyere Sandwich, pink and blue soft serve ice cream cone; places=Magic Kingdom, Plaza Ice Cream Parlor, Sunshine Tree Terrace, Pecos Bill Tall Tale Inn and Cafe, Gaston's Tavern, Prince Charming Regal Carrousel
Author 【entity-Disney Food Blog¦handle=@disneyfoodblog¦author_id=user-151591070769553281266】
AuthorURL https://www.instagram.com/disneyfoodblog
Verified
1.6M Followers
Language en


【52b2】
URL https://www.instagram.com/reel/DeIRCF_xc5q/
Type video
Created 2026-10-05 22:34:58 UTC
6.6K Likes
6 Comments
Summary: Creator Kaylor Martin films a food-trend vlog in New York City's Chinatown about ""edible slime mochi"" at Sanmiwago Cafe. Walking outside, she introduces the shop as the newest trend and orders two flavors — chocolate and Oreo with double strawberry. Inside, a staff member in gloves stretches a large pale dough, fills it with pink cream and chopped strawberries, seals it, and rolls it in crushed Oreos. Back at a table, Kaylor opens the paper container, pulls the massive mochi apart to show its elastic, cheese-like stretch, and takes multiple bites while reacting with surprise and delight. She notes the filling is strawberries, chocolate cream, and Oreos throughout, jokes that at 24 it's finally appropriate to play with food, and calls the experience an ""insane run to Chinatown right now."" The tone is energetic, promotional, and focused on the novelty texture of the dessert.
Culture moment=edible slime mochi trend; significance=Reflects ongoing TikTok-driven dessert novelty culture in NYC where texture-focused sweets gain rapid popularity.; origin=Referenced as newest food trend in NYC Chinatown in caption and speech
Entities products=edible slime mochi; places=Sanmiwago Cafe
Author 【entity-kaylor¦handle=@kaylor.martin¦author_id=user-541167940278740746482】
AuthorURL https://www.instagram.com/kaylor.martin
Verified
1.1M Followers
Language en


【f68e】
URL https://www.instagram.com/reel/DeFhmAnKEow/
Type video
Created 2026-10-04 20:48:20 UTC
5.7K Likes
2 Comments
Summary: A young woman sits in the driver's seat of a car during daylight and reviews a trending food item called the 'Viral Watermelon Pop' from Chilitoloco in McAllen, Texas. On-screen text identifies the product and location. She holds up a very large rectangular slice of watermelon that has been wrapped in a red fruit roll-up and heavily coated with orange-red chili seasoning. She explains it is a watermelon wrapped in fruit roll-up and chilito, then pours a thick red chamoy sauce from a small cup over the top. After taking a bite, she reacts with wide eyes and describes it as 'super crunchy,' 'sweet and spicy,' noting the fruit roll-up adds extra sweetness combined with the chili and chamoy. She rates it 'ten out of ten' and calls it 'literally the perfect summer snack.' She shows the size again, adds more chamoy, and displays the shop's address (4037 W Expressway 83 Suite 175, McAllen, TX) while encouraging viewers to try it.
Entities products=watermelon pop, chamoy sauce; places=Chilitoloco
Author 【entity-Chilitoloco¦handle=@chilitolocoo¦author_id=user-311473720223041135641】
AuthorURL https://www.instagram.com/chilitolocoo
30K Followers
Language en


【517f】
URL https://www.instagram.com/reel/Dd68R8RoQna/
Type video
Created 2026-09-30 18:09:23 UTC
2.6K Likes
43 Comments
Summary: A young couple is in Germany and films themselves trying 'fun German snacks' bought from a REWE supermarket. The woman, wearing a white t-shirt, holds up each product while the man in a yellow long-sleeve shirt tastes alongside her. They sample eight items sequentially: Nestle Choco Crossies (rated 9/10), Smash chocolate-covered pretzels (6/10), Fior di Neve hazelnut cookies (3/10), Nimm2 Lachgummi Apfellinge apple gummies (10/10), Leibniz Choco Kunter Bunt biscuits (6.5/10), Katjes Fred Ferkel pig-shaped gummies (10/10), Kinder Tronky chocolate bars (9/10), and Milka Lu biscuit bar (8.5/10). Throughout, they describe flavors, give scores out of ten, drink water between tastings, and react with expressions of enjoyment or disappointment. The video has a casual vlog style with on-screen text labeling each snack.
Entities products=Choco Crossies, Smash!, Fior di Neve, Lachgummi Apfellinge, Choco Kunter Bunt, Fred Ferkel, Kinder Tronky, Milka Lu
Author 【entity-leah watkins¦handle=@leahwatki¦author_id=user-700073932514845692654】
AuthorURL https://www.instagram.com/leahwatki
120K Followers
Language en


【9a71】
URL https://www.instagram.com/reel/Dd9vuXCJZP9/
Type video
Created 2026-10-01 20:17:57 UTC
1K Likes
15 Comments
Summary: Food critic Omar (@biteswithomar) reviews Homie's Donuts in Dearborn, Michigan, calling it the most viral donut shop in the United States. The video opens in his car with a box of six elaborately decorated donuts labeled on-screen: Cookie Monster (blue), Oreo, Biscoff, Churro, Kinder, and Fruity Pebbles. Brief interior shots show the shop's display case filled with dozens of varieties including Oreo, Cinnamon Crumble, Cheesecake, and Sugar Glazed, plus Sonic the Hedgehog and X-Men arcade machines inside. Back in the car, he tastes each donut one by one, describing flavors and giving scores on screen: Fruity Pebbles 7/10, Oreo 8.2/10, Biscoff 8.5/10, Churro 5/10, Kinder 8.5/10, and Cookie Monster 9.2/10, which he calls his favorite and ""way better alternative than Tim Hortons."" His tone is enthusiastic and conversational, aimed at showcasing the novelty and variety of the Dearborn location.
Entities products=Fruity Pebbles donut, Oreo donut, Biscoff donut, Churro donut, Kinder donut, Cookie Monster donut; places=Homie's Donuts
Author 【entity-Omar¦handle=@biteswithomar¦author_id=user-359647189269997989742】
AuthorURL https://www.instagram.com/biteswithomar
2K Followers
Language en",template,true,strong,复刻冻干零食开箱：买一包冻干水果混合装，逐个试吃+咀嚼音特写,freeze_dried_snack_review,1,true,,false,,us-likely,San Diego，英文内容,false
2026-10-06,food,29,https://www.instagram.com/reel/Dd_z4OYRXh5,@hallie.parrott,5700,190,100,100.0,0.429,3,2026-10-03,2026-10-02,4,true,"In this 2026 social media video, creator Hallie Parrott (@hallie.parrott) films an indoor ...","In this 2026 social media video, creator Hallie Parrott (@hallie.parrott) films an indoor taste-test of snacks from Canada, sourced from @canadagrocerystore. She presents five items one by one while speaking directly to camera. First is Hawkins Cheezies, which she describes as crunchy, cheesy, salty like Cheetos on steroids, giving it 9.6/10. Next is a standard Canadian Kit Kat, which she notes has thicker, sweeter chocolate but less crispy wafer than US versions, followed by a Kit Kat Chunky, which she rates 9 out of 10 for its better wafer-to-chocolate ratio. Third is Vachon Ah Caramel!, a small cake with caramel filling, which she calls delectable and gives 8.5/10, noting the cake is slightly dry. Fourth is Ruffles All Dressed chips, which she praises as smoky, sweet, and garlicky, rating them 9.5/10 and joking they are going on a date tonight. Finally, she tries Aero Scoops Maple flavor, highlighting its bubbled texture and rich creamy maple ganache, calling it dreamy and rating it 9.2/10. Throughout, she holds up packaging, breaks items open to show interiors, eats on camera, and provides candid ratings. The tone is enthusiastic, conversational, and focused on food discovery.
Entities people=Hallie Parrott (Author Name); products=Hawkins Cheezies cheese puffs, Kit Kat chocolate bar, Kit Kat Chunky chocolate bar, Vachon Ah Caramel! snack cake, Ruffles All Dressed potato chips, Aero Scoops Maple chocolate bar
Author 【entity-Hallie Parrott 🍭¦handle=@hallie.parrott¦author_id=user-920255305608060167275】
AuthorURL https://www.instagram.com/hallie.parrott
110K Followers
Language en


【78ca】
URL https://www.instagram.com/reel/DeHTdcqTNNw/
Type video
Created 2026-10-05 13:27:25 UTC
2K Likes
110 Comments
Summary: In a bright white studio, creator Shandy Purnamasari (@shandypurnamasari) presents a viral 'cheese platter' from The Board and Platter, holding the box labeled 'DELICATE BITES PLATTER.' She explains she is reviewing it with her husband because he likes Western foods. They sit together at a wooden barrel, where she points out the contents: fruits, crackers, cheese, and honey. The couple tastes the platter, reacting positively — the husband says 'Enak banget' and describes the flavor as sweet because of the grapes. Their young daughter in a blue shirt joins them at the table and also eats the cheese. The interaction is affectionate and casual, with heart graphics added during their shared bite. The video is a straightforward food review promoting the platter as delicious, framed as a family moment.
Entities people=Shandy Purnamasari (Author Name); products=cheese platter
Author 【entity-Shandypurnamasari¦handle=@shandypurnamasari¦author_id=user-701049847471163220876】
AuthorURL https://www.instagram.com/shandypurnamasari
Verified
3.2M Followers
Language en


【760e】
URL https://www.instagram.com/reel/DeDCWM2Ncm1/
Place 【place-Comfort CLE¦place_id=301601748904146】
Type video
Created 2026-10-03 21:35:58 UTC
1.1K Likes
43 Comments
Summary: The video is a first-person food review filmed at Eat Comfort CLE. It opens on a takeout box containing fried chicken wings, a biscuit, and a small cup of sauce, which the reviewer lifts to show. The camera then shows additional items on a colorful painted table: a container of collard greens, a container of red beans and rice, a plastic cup of iced tea, and a slice of Biscoff-topped cheesecake in a clear clamshell. The reviewer eats the meal, later showing the mostly-empty box with chicken bones. Interior shots reveal a wall display titled 'Legends of Glenville' with portraits of local notable figures including Jerry Siegel (creator of Superman), members of Bone Thugs-n-Harmony, Fred Ahmed Evans, and others, plus a large mural of a man eating macaroni and cheese labeled 'COMFORT CLE.' Throughout, the speaker enthusiastically narrates the experience, naming the dishes and praising the chicken, collard greens, and especially the red beans and rice, concluding with a 'ten' rating. The tone is informal and energetic, delivered with frequent strong profanity.
Entities people=Deante Kyle (Author Name), Jerry Siegel (Vision Model Only); products=fried chicken wings, biscuit, gravy sauce, collard greens, red beans and rice, cheesecake slice, sweet tea; places=Eatcomfortcle
Author 【entity-Deante Kyle¦handle=@gritsandeggspodcast¦author_id=user-947560440152614275256】
AuthorURL https://www.instagram.com/gritsandeggspodcast
250K Followers
Language en


【581d】
URL https://www.instagram.com/reel/DeAEpO8tvws/
Type video
Created 2026-10-02 18:01:54 UTC
21K Likes
150 Comments
Summary: A woman identified as Bambam Olawunmi (@bammybestowed) sits indoors at a table and reviews a packaged dessert called ""Melony Pine Exotic Berry Parfait."" Wearing a pink sleeveless denim jumpsuit, she uses a bright green spoon to eat the creamy parfait topped with granola and nuts. Throughout the clip she displays highly expressive reactions—closing her eyes, tilting her head back, smiling, and making appreciative sounds—to convey enjoyment. She speaks directly to the camera, saying lines including ""Melony Pine is whatever they say they are. What do you say they are?"" The on-screen caption promotes the product as ""creamy crunchy with bursts of fruit flavors"" and encourages viewers to order it. The tone is upbeat, promotional, and lighthearted, typical of social media food influencer content.
Entities people=Bambam Olawunmi (Post Caption); products=Exotic Berry Parfait
Author 【entity-Bambam Olawunmi¦handle=@bammybestowed¦author_id=user-554458464886247795586】
AuthorURL https://www.instagram.com/bammybestowed
Verified
2.4M Followers
Language en


【3fcd】
URL https://www.instagram.com/reel/Dd6Zxw6CBAZ/
Type video
Created 2026-09-30 13:07:01 UTC
94 Likes
1 Comments
Summary: This is a short-form food review video from 'Wirally Food' featuring three people seated at a wooden table against a backdrop of vertical wood slats with teal lighting. A woman in a black-and-white striped shirt and glasses, a bearded man in a black shirt, and a curly-haired man with glasses take turns examining and tasting a bag of 'SHRIMP CRACKER' snacks. They read the packaging, discuss the product, and sample the crackers, displaying a range of reactions from curiosity to mild distaste. The interaction is conversational and lighthearted, with split-screen shots showing different participants. The video concludes with a close-up reaction meme and a blue end card stating 'FULL VIDEO OUT NOW,' indicating this is a teaser for a longer review.
Entities products=Shrimp Cracker snack
Humor type=Situational; explanation=The humor comes from the relatable, exaggerated physical reactions to an unpleasant taste rather than scripted jokes. Participants make faces, comment that the cracker smells like pet food, and ask to remove it, creating situational comedy typical of food-challenge formats. The contrast between expectation (a tasty shrimp snack) and reality (strong fishy odor) drives the amusement, amplified by quick cuts and color filters emphasizing disgust. This aligns with common social-media tasting trends where authenticity of reaction is the entertainment value.
Author 【entity-Wirally Food¦handle=@wirallyfood¦author_id=user-103050755776825213882】
AuthorURL https://www.instagram.com/wirallyfood
Verified
310K Followers
Language en


【36ce】
URL https://www.instagram.com/reel/DeAnKkjElPE/
Type video
Created 2026-10-02 22:59:13 UTC
130 Likes
6 Comments
Summary: Creator Chris Frezza, who identifies himself as doing fast food, snack, and energy drink reviews, receives a promotional package from Haribo USA dated October 2026. He opens an orange box labeled 'HARIBO SOMETHING BIG KINDA TINY IS OFFICIALLY HERE' to reveal two new products: Haribo Balla Bites and Haribo Balla Bites Sour. He holds up each bag, showing the colorful round gummies and the Haribo bear mascot. He reads the flavor lineup from the blue bag: Orange Blackberry Lemon, Lemon Orange Wild Berry, Strawberry Orange Wild Berry, and Apple Lemon Blackberry, noting the sour version has the same flavors with added sourness. He tastes both varieties on camera, describing them as soft, chewy, and delicious, with the sour having a small sourness kick. He states the candies are not yet available and that nutritional information is not on the prototype bags. The tone is upbeat, promotional, and focused entirely on the candy taste test.
Entities products=gummy candy, sour gummy candy
Author 【entity-Chris Frezza¦handle=@chrisfrez¦author_id=user-431845232028707683985】
AuthorURL https://www.instagram.com/chrisfrez
40K Followers
Language en",template,true,strong,照搬'某国零食实测'：去华人超市买5样加拿大/日本零食逐个打分,country_snack_taste_test,1,true,,false,,us-likely,Chicago创作者，英文内容,false
2026-10-06,food,30,https://www.instagram.com/reel/Dd4zsM4xuTt,@healthy_lifestyle0023,360,2,0,51.4,0.0,0,2026-10-06,2026-09-29,7,true,The video shows a step-by-step preparation of a folded tortilla wrap on a wooden checkered...,"The video shows a step-by-step preparation of a folded tortilla wrap on a wooden checkered cutting board. A large flour tortilla is laid flat and cut into four quadrants. Each quadrant is filled separately: one with a creamy orange sauce and seasoned shredded meat, another with lettuce and sliced tomatoes, a third with shredded white cheese, and the fourth with guacamole topped with sliced red onion. A hand with white nail art featuring small red hearts then folds the tortilla sequentially over each filling, creating a triangular pocket. The folded wrap is placed in a hot non-stick pan and toasted until golden brown on both sides. It is returned to the board, sprinkled with chopped cilantro, and then cut in half to reveal the layered interior of meat, vegetables, cheese, and guacamole. The background includes small potted plants and kitchen decor throughout.
Culture moment=viral folded wrap trend; significance=Part of popular social media food hack where tortilla is divided into four sections for easy folding.; origin=TikTok/Reels cooking community
Entities products=large flour tortilla, seasoned shredded meat, shredded cheese, guacamole, wooden checkered cutting board, non-stick frying pan
Author 【entity-Mehwish Wilson¦handle=@healthy_lifestyle0023¦author_id=user-695715330466046679015】
AuthorURL https://www.instagram.com/healthy_lifestyle0023
510K Followers
Language en


【181f】
URL https://www.instagram.com/reel/DeDdh3ePJNR/
Type video
Created 2026-10-04 01:33:28 UTC
560 Likes
13 Comments
Summary: In a bright modern kitchen, creator Ivanda Cherlin (@ivandacherlin) demonstrates a viral savory snack called a 'salami taco.' Wearing a black-and-white striped shirt, she assembles the bite step-by-step: placing a slice of salami in her palm, spreading cream cheese over it, adding a whole pickle spear, sprinkling 'Everything Bagel Spicy' seasoning, then folding the salami around the filling like a taco. She dips the finished piece into a bowl of red chili oil/hot honey and eats it on camera, reacting with enjoyment. An inset video early on shows the original trend clip for reference. Throughout she speaks in Indonesian, describing the taste as very good, approved, sour, salty, sweet, and spicy. The tone is casual, instructional, and enthusiastic, typical of short-form food trend content. The video was posted October 3, 2026.
Culture moment=mini pickle tacos; significance=Part of ongoing social media savory snack trend combining pickles with meat and dairy for low-carb bites.; origin=social media food creators
Entities people=Ivanda Cherlin (Author Name); products=salami slices, cream cheese, pickles gherkins, Everything Bagel Spicy seasoning, hot honey sauce
Author 【entity-Ivanda Cherlin¦handle=@ivandacherlin¦author_id=user-479763276838217150912】
AuthorURL https://www.instagram.com/ivandacherlin
Verified
270K Followers
Language en


【fb1b】
URL https://www.instagram.com/reel/Dd6cXR3KphY/
Type video
Created 2026-09-30 13:30:12 UTC
4 Likes
Summary: This is a static four-panel photo collage promoting a 'Tuesday Happy Hour' at Vandell Los Angeles in Los Feliz, posted September 30, 2026 by creator Anaiah Shehori and tagging @jenisicecreams. The images show: two pink cocktails on a wooden table, a bowl of french fries with dipping sauce next to a cocktail, a close-up of a cheeseburger with pickles and melted cheese on an English muffin-style bun, and a hand holding a Jeni's ice cream cone with a black waffle cone. On-screen text reads 'Tuesday Happy Hour.' The audio is an upbeat, energetic track with chanting ('Engine engine number nine... Let's go!'). The overall tone is casual, appetizing, and promotional, showcasing food and drinks from the restaurant and ice cream shop with no people featured except a hand holding the cone. Data of event in content: 2026-09-30, Details: Post date matches the depicted happy hour outing, indicating real-time sharing.
Entities products=pink cocktail, french fries, cheeseburger, ice cream cone; places=Vandell Los Angeles
Author 【entity-Anaiah Shehori¦handle=@anaiah_shehori¦author_id=user-785102196351279265247】
AuthorURL https://www.instagram.com/anaiah_shehori
13K Followers
Language en",template,true,strong,复刻四格折叠卷饼：一张饼切四格放不同馅料，折成三角下锅煎，重点拍折叠手法,folded_wrap_hack,1,true,,false,,unknown,英文内容，无明确地域标识,false
2026-10-06,food,31,https://www.instagram.com/reel/Dd4dRPrhtXj,@opentable_la,170,16,0,24.3,0.0,0,2026-10-06,2026-09-29,7,true,"This video is a food guide titled '4 Must-Try Breads IN LOS ANGELES,' presenting bread as ...","This video is a food guide titled '4 Must-Try Breads IN LOS ANGELES,' presenting bread as the main reason to visit specific restaurants. The narrator states 'The entree can wait' and highlights places where bread is central. First, at Lielle, the meal is bookended by sourdough and butter to start — shown being spread with bright yellow butter — and a sweet Swedish sticky bun to close it out, which is cut open with scissors. Second, at Bad Roman, the roasted garlic babka is featured as a must; hands tear it apart to reveal its cheesy, garlicky interior. Third, at Redbird, every table receives warm Brazilian cheese balls served with a white dip, followed by an optional order of Parker House rolls topped with seeds. Fourth, at Bavel, the pita and hummus are paired together; the blistered pita is called the ultimate dipping vehicle, and for texture contrast, the fried pita is recommended, shown broken open and dipped into hummus topped with herbs and oil. The video ends with a call to action to book on OpenTable. The tone is appetizing and promotional, focused entirely on food presentation.
Entities products=sourdough bread, Swedish sticky bun, roasted garlic babka, Brazilian cheese balls, Parker House rolls, pita bread, fried pita, hummus; places=Lielle, Bad Roman, Redbird, Bavel
Author 【entity-OpenTable Los Angeles¦handle=@opentable_la¦author_id=user-059426010276697234180】
AuthorURL https://www.instagram.com/opentable_la
Verified
9.1K Followers
Language en


【9d9c】
URL https://www.instagram.com/reel/Dd_xZIeTsG0/
Type video
Created 2026-10-02 15:10:05 UTC
55 Likes
9 Comments
Summary: This video is a promotional food tour of Redbird Restaurant in Downtown Los Angeles, presented by creator @h15den. It opens with the exterior sign for 'Redbird Restaurant' at 114 E. 2nd St, then moves inside the historic former cathedral complex of Vibiana, highlighting its blend of historic architecture, open-air courtyard, large fiddle-leaf fig trees, pink banquettes, dark wood tables, and an ornate bar area. The core of the video showcases multiple dishes from Chef Neal Fraser's Michelin Guide-recognized modern California menu: Kombu-Cured Hamachi, Ricotta & Truffle Gnocchi, Lobster Bucatini with cherry tomatoes, Heritage Pork Chop with a charred lemon, Crispy Creamer Potatoes, roasted chicken over greens, toasted bread, and a Strawberry Pavlova topped with sliced strawberries and an edible flower. An orange cocktail is also featured. The tone is polished and appetizing, emphasizing the restaurant's atmosphere, seasonal ingredients, and upscale dining experience. No dialogue is heard; the video is set to instrumental music.
Entities products=Kombu-Cured Hamachi dish, Ricotta & Truffle Gnocchi, Lobster Bucatini, Heritage Pork Chop, Strawberry Pavlova, Crispy Creamer Potatoes, orange cocktail; places=Redbird Restaurant, Vibiana
Author 【entity-H15DEN¦handle=@h15den¦author_id=user-374480099261256129202】
AuthorURL https://www.instagram.com/h15den
65K Followers
Language en


【b8ba】
URL https://www.instagram.com/reel/DeE6RzFR9MD/
Type video
Created 2026-10-04 15:03:44 UTC
28 Likes
5 Comments
Summary: This is a personal food-review montage from October 2, 2021, documenting a trip to Los Angeles. The creator films herself trying multiple spots: starting outside an In-N-Out Burger (rated 2/10, 'definitely not what I thought it would be'), then eating animal-style fries and a burger at an outdoor venue (rated 6/10, 'the burger was basic the fries were good tho'). She then tries a Mexican street taco, giving it a 1000/10 and saying she needs to connect more with her Mexican heritage. Next is Dave's Hot Chicken (rated 9/10, 'it was really GOOD'), followed by a Korean corn dog (rated 5/10, noting she may have been upset because she realized she missed her flight). Throughout she narrates with expressive reactions, mentions being 'fried' in LA, and concludes that LA is super fun but she's had better food in other cities. The tone is conversational, humorous, and candid. Data of event in content: Oct 2, 2021, Details: On-screen text repeatedly marks footage as 'On this day Oct 2, 2021' while posted later.
Entities products=In-N-Out cheeseburger, animal style fries, basic cheeseburger, chili cheese fries, steak quesadilla, street taco, Dave's Hot Chicken sandwich, macaroni and cheese, Korean corn dog; places=In-N-Out Burger, Santa Monica Pier, Dave's Hot Chicken
Humor type=Self-deprecating; explanation=The humor comes from the creator's blunt honesty and exaggerated facial reactions, especially calling In-N-Out 'nasty as fuck' and admitting she was 'fried' the whole trip. She frames missing her flight as an excuse for a mediocre corn dog rating, turning a travel mishap into comedy. The contrast between hype expectations for iconic LA spots and her low scores creates situational irony familiar to social media food reviewers. Her repeated 'my face told it all' and playful emojis reinforce a self-aware, peer-to-peer tone rather than professional criticism, making the content feel like a friend venting after a trip.
Author 【entity-Cookin in yo daddy kitchen🤪Smucks🐍¦handle=@chef_louiie_laviish¦author_id=user-746527976641035066129】
AuthorURL https://www.instagram.com/chef_louiie_laviish
1.5K Followers
Language en


【f130】
URL https://www.instagram.com/reel/Dd8gkDlMf-z/
Type video
Created 2026-10-01 08:44:57 UTC
2K Likes
98 Comments
Summary: In October 2026, food creator Raina Huang (@rainaiscrazy) films a late-night street food review in Nogales, West Covina, California, outside Nogales High School. She discovers a taco truck advertising $2 tacos and receives free rib samples from the vendor. Joined by a male companion wearing an LA cap, she orders a large variety including 2 cabeza, 2 asada, 2 pork rib, 2 al pastor, 1 birria, and 1 chicken taco, plus pupusas (2 for $7) from a nearby cooler vendor. The video shows the grill cooking meat, the couple adding habanero salsa, and tasting each item under a tent. They comment on the generous meat portions, the tenderness of the pork rib, and the heat of the habanero sauce, with Raina reacting dramatically to the spice while laughing. The tone is energetic, casual, and celebratory of affordable late-night Mexican street food.
Entities people=Raina Huang (Author Name); products=street taco, pupusa, grilled beef rib; places=Nogales High School, Tacos Los Gordos TJ
Humor type=Situational; explanation=Humor arises from the relatable struggle with extreme spice rather than scripted jokes. Raina's self-proclaimed craziness for dousing tacos in habanero, contrasted with her companion's visible discomfort and claim of 'internally screaming,' creates situational comedy rooted in authentic reaction. The back-and-forth teasing about who handles heat better, calling him basic for choosing chicken, and the exaggerated facial expressions turn a simple food review into playful performance. No formal meme template is used, but the dynamic mirrors popular mukbang challenge tropes where spice tolerance becomes entertainment.
Author 【entity-🥗🥩🌯🍟Raina Huang🍔🍗🍕🥙¦handle=@rainaiscrazy¦author_id=user-252249365360454101447】
AuthorURL https://www.instagram.com/rainaiscrazy
Verified
1.5M Followers
Language en


【8bf2】
URL https://www.instagram.com/reel/DeJ5TFvznlM/
Type video
Created 2026-10-06 13:30:06 UTC
50 Likes
Summary: A female creator documents her first trip to Los Angeles, visiting the highly recommended brunch spot Republique. The video opens with exterior shots of the brick building with its large 'RÉPUBLIQUE' sign, noting it was once Charlie Chaplin's office. Inside, the spacious interior features exposed brick, green-and-white checkered floors, wooden tables, and hanging lights. She explains the ordering system uses numbered cups (shown as cup #8). She orders an Americano, a Lobster Omelette with salad, and the signature Cast Iron Buttermilk Pancake topped with blueberries and cream. She tastes the omelette, praising the generous lobster meat and sauce, then moves to the pancake, describing it as crispy outside, light like pound cake inside, and highly recommending it. Shots show the bakery counter with pastries and a Michelin 2025 plaque outside. The video concludes with a teaser for the next location: the super cool Funko Pop flagship store, showing displays including Stranger Things, Rick and Morty, and shelves of Funko Pop vinyl figures, ending with a goodbye.
Entities people=Kris (Author Name); products=Cast Iron Buttermilk Pancake, Lobster Omelette, Americano coffee, pastries; places=République, Funko Pop flagship store
Author 【entity-徐徐 Kris¦handle=@breezy2hsu¦author_id=user-340294577733553224405】
AuthorURL https://www.instagram.com/breezy2hsu
4.7K Followers
Language en",template,true,weak,照搬'4家必吃'清单结构：做一期Diamond Bar周边4家面包/餐厅实测,restaurant_guide_listicle,2,true,,false,,us-likely,洛杉矶，OpenTable官方账号,false
2026-10-06,food,32,https://www.instagram.com/reel/DeEecYUI9CD,@cocoasmiles_byayesha,28,0,0,14.0,0.0,0,2026-10-06,2026-10-04,2,true,This is a short-form social media reel from October 2026 by creator @cocoasmiles_byayesha ...,"This is a short-form social media reel from October 2026 by creator @cocoasmiles_byayesha (Cocoa Smiles By Ayesha) promoting a 'New TRENDING DESSERT.' The video showcases several different desserts in clear takeout containers, held in a hand against a bright indoor background with plants. Visuals include a chocolate-topped dessert with small round cookies and chocolate sauce being poured, a textured brown crumbly dessert described as 'Sweet, creamy, a little too much? Maybe,' and a caramel-colored dessert with a biscuit on top rated 'Taste: 10/10, Aesthetic: 9/10, Viral factor: 100/10.' Another version topped with whipped cream and chopped pistachios is shown with on-screen prompts asking 'Would you try it?' and 'Comment YES or PASS below!' Text overlays emphasize trendiness ('Everyone's posting this dessert lately') and encourage engagement. The tone is upbeat, commercial, and visually focused on appealing food textures, typical of viral dessert marketing content.
Culture moment=trending desserts viral food reels; significance=Reflects ongoing 2026 social media culture where visually rich desserts drive engagement.; origin=Instagram Reels food content ecosystem
Entities products=layered chocolate dessert, caramel biscuit dessert, whipped cream pistachio dessert
Author 【entity-Cocoa smiles By Ayesha¦handle=@cocoasmiles_byayesha¦author_id=user-498708656746093348214】
AuthorURL https://www.instagram.com/cocoasmiles_byayesha
72 Followers
Language en

<RESPONSE_INSTRUCTIONS>
Use the information above from all the posts from the `meta_1p.content_search` tool to help ground the response. This information can be relevant to the user's prompt especially when it comes to information about current public discourse and knowledge after your learning cutoff such as: trends, memes, news, events, social context & discourse, and general info. 
When presenting these results to the user:
- Draw from multiple distinct sources. Do not over-represent a single account when the search results include content from several.

CRITICAL — Agentic multi-loop search:
This tool is built for agentic search. A single call is almost never enough to give the user a thorough answer. You MUST evaluate these results right now and decide whether to search again. If the results are thin, one-sided, off-topic, or missing an angle the user cares about, you MUST call `meta_1p.content_search` again — immediately, in the same turn — with adjusted parameters. Go through as many agentic loops as needed until you have comprehensive coverage:
- Go broader: widen `semantic_queries`, remove filters, try a different `ranking_intent`.
- Go deeper: narrow `semantic_queries` to a specific facet, add `key_celebrities` or `authors`, tighten `since`/`until`.
- Mix tools: use `browser.search` to learn factual context, then feed what you learn into a more targeted `meta_1p.content_search` call.
Do NOT present a weak or shallow answer when another loop would improve it. The `<iterative_refinement>` section in the system prompt has detailed examples of how to run these loops.
Do not mention a post's visibility tag unless the user explicitly asks about it.
</RESPONSE_INSTRUCTIONS>",template,true,weak,甜品开箱壳可借：买3款网红甜品逐个开箱，照搬Taste/Aesthetic/Viral factor三维打分,dessert_showcase_promo,1,true,,false,,unknown,英文内容，无明确地域标识,false
2026-10-06,food,33,https://www.instagram.com/reel/DeCp3vVp_5F,@ksoewin10,16,2,0,5.3,0.0,0,2026-10-06,2026-10-03,3,true,The video is a montage documenting a visit to Smorgasburg Los Angeles in Downtown LA in 20...,"The video is a montage documenting a visit to Smorgasburg Los Angeles in Downtown LA in 2026. It opens with title cards, then shows daytime market scenes: attendees walking past vendor tents, a clothing rack, and food stalls including YATAI.LA advertising 'Best Karaage aka Japanese Fried Chicken Stick,' Champignon Eats with $12 cheese fries, and grilled corn on the cob. Close-ups feature prepared foods like spicy wontons topped with green onions and two iced matcha drinks from 'CAFE NIDOO COFFEE + BOOKS.' The setting shifts to an indoor karaoke room with colorful disco lighting, where a woman sings into a microphone and a man wearing a Pikachu headband also sings; on-screen lyrics display 'Ain't nothin' but a heartache / Tell me why / Ain't nothin' but a mistake.' The latter half captures the transition to evening and night in DTLA, showing sunset over the skyline, illuminated streets, a neon sign, a couple viewing the city lights from a high vantage point, and nighttime market tents under lit skyscrapers including one labeled 'PROPER.' A final shot shows chocolate-dipped strawberries. The tone is upbeat and observational, highlighting food, social gathering, and urban nightlife. Data of event in content: 2026, Details: Title card states DTLA 2026 and visuals depict current market activity.
Entities products=denim jacket, matcha latte, spicy wonton, grilled corn, karaage chicken stick, cheese fries, cocktail, chocolate covered strawberry; places=Smorgasburg Los Angeles
Author 【entity-Kevin | ကောင်းထက်စိုးဝင်း¦handle=@ksoewin10¦author_id=user-025272966395914700035】
AuthorURL https://www.instagram.com/ksoewin10
390 Followers
Language en


【ef25】
URL https://www.instagram.com/reel/Dd3LhIpDJQj/
Type video
Created 2026-09-29 09:00:53 UTC
140 Likes
4 Comments
Summary: Australian chefs Manu Feildel and Colin Fassnidge sit at a white table for a 'blind ranking' challenge where they rate TikTok recipes from 1 (most likely to eat) to 8 (least likely to eat). Watching clips on a phone, they review eight viral foods: a baked sweet potato with cheese, a woman making butter in a bag, chicken mince flattened into jerky, 'Dubai chocolate brownie tacos,' a dumpling lasagna, boiled beef with cheese and mayo, an egg-based dish, and a tiramisu made inside a car. Throughout, they banter, express skepticism and disgust, assign rankings aloud, and place small emoji icons under numbered slots on the table. Their tone is humorous and critical, with frequent comments about the creators being 'stupid' and the foods being unappealing. The video ends with their final ranked list displayed on screen.
Culture moment=TikTok recipe trends; significance=Hosts reference viral formats like Dubai chocolate and car tiramisu, grounding the video in current social-media food culture.; origin=TikTok platform
Entities people=Manu Feildel (Post Caption), Colin Fassnidge (Post Caption)
Humor type=Situational; explanation=Humor arises from the contrast between professional chefs accustomed to judging fine dining on My Kitchen Rules and their genuine, unfiltered reactions to absurd internet food hacks. The comedy is situational: watching respected figures call a butter-filled vacuum-sealed experiment 'clever but stupid,' declare chicken mince jerky a '10 out of 8,' and recoil at cheese-mayo-boiled-beef combinations creates schadenfreude. Their deadpan delivery, mutual teasing ('what's wrong with ya?'), and escalating disbelief mirror common viewer responses to TikTok food trends, making the interaction relatable. The format itself—blind ranking without context—builds anticipation and payoff as each bizarre clip appears, turning culinary judgment into a game.
Author 【entity-WHO Magazine¦handle=@whomagazine¦author_id=user-303428200162917537688】
AuthorURL https://www.instagram.com/whomagazine
Verified
420K Followers
Language en


【1b39】
URL https://www.instagram.com/reel/Dd449f1hLl-/
Type video
Created 2026-09-29 23:00:05 UTC
25 Likes
2 Comments
Summary: A young woman, identified as creator Marie Shim (@marieinnyc_), presents a 'POV: you open my camera roll' style food montage from a trip to Southern California. The video opens with her seated at a table holding a large bowl of ramen with chopsticks, smiling at the camera, with on-screen text reading 'pov : you open my camera roll'. It transitions into a multi-panel collage showing various dishes she ate: a flaky chocolate croissant being cut open, a cup of blue ice cream drizzled with caramel, a strawberry-topped bingsu dessert, and a takeout container of fried chicken with rice. She appears again in a maroon top holding a pastry on a wooden board inside a bright cafe with red chairs. The caption states 'coming back from socal with my stomach and heart full 🥴😭' with hashtags for food and LA/San Diego eats. The tone is cheerful, personal, and celebratory of food tourism, set to a trending hip-hop audio track. No risky or explicit content is depicted.
Culture moment=POV camera roll trend; significance=Participates in popular TikTok format where creators share personal photo dumps as relatable storytelling.; origin=Originates from TikTok POV meme culture circa mid-2020s.
Entities products=ramen bowl, chocolate croissant, strawberry bingsu, blue ice cream cup, fried chicken takeout
Author 【entity-marie shim¦handle=@marieinnyc_¦author_id=user-908790292843314058989】
AuthorURL https://www.instagram.com/marieinnyc_
880 Followers
Language en


【01fe】
URL https://www.instagram.com/reel/DeFGoVMO7GY/
Type video
Created 2026-10-04 16:52:45 UTC
920 Likes
18 Comments
Summary: In a well-lit hotel room, pastry designer Dinara Kasko showcases an elaborate chocolate creation from the Wynn Las Vegas Revelry event. She presents a green chocolate knife roll embossed with 'REVELRY' and 'CHEF'S TABLE,' containing multiple hyperrealistic chocolate knives, scissors, and tools. Speaking enthusiastically, she picks up individual pieces, holds them to her mouth as if biting metal, then breaks and eats them to prove they are chocolate. She also samples a tray of colorful bonbons, showing their interiors to the camera. The video's tone is delighted and promotional, highlighting the craftsmanship of the pastry chefs. The caption confirms the location and creators, framing it as the first post in a 'Revelry series.'
Entities people=Dinara Kasko (Post Caption); products=chocolate knife set, assorted bonbons; places=Wynn Las Vegas
Humor type=Bait-and-switch; explanation=The humor relies on the classic bait-and-switch where viewers initially perceive dangerous real knives being handled near the face, triggering alarm, then the creator reveals they are chocolate and proceeds to eat them. This subversion creates comedic relief and delight. The joke is amplified by her deadpan presentation—holding the knife to her mouth, breaking it, and chewing the roll—while maintaining a cheerful tone. It taps into the popular social media trend of hyperrealistic food illusions, where everyday objects are recreated in sugar or chocolate, making the ordinary extraordinary. The caption 'Just casually eating knives' reinforces the absurdity, inviting viewers to share in the surprise.
Author 【entity-Dinara Kasko¦handle=@dinarakasko¦author_id=user-137221029400700551258】
AuthorURL https://www.instagram.com/dinarakasko
Verified
1M Followers
Language en


【cc47】
URL https://www.instagram.com/reel/Dd9fhPmE7o3/
Type video
Created 2026-10-01 17:54:36 UTC
3 Likes
Summary: This is a Korean-language social media video posted on October 1, 2026 by account @kkeartalk (@kkeartalk), presenting ""LA 지금 가장 핫한 맛집 6"" (6 hottest restaurants in LA right now). The video opens with a title card stating number 2 requires reservation. A female narrator then lists six establishments with accompanying photos: 1) 10/10 Burger at 1253 Vine St, described as a viral smash burger; 2) Kang's Kuisine, featuring a galbijjim breakfast burrito available by pre-order only; 3) Komal at Mercado La Paloma, noted as a viral spot and NYT 2026 Top 50 Mexican; 4) Sora Craft Kitchen, a 14-seat Turkish chef's table; 5) Ditroit Taqueria, called LA's best taco hidden in an alley; and 6) Baroo, a fermentation-based Korean fine dining restaurant with a 4.9 rating. The tone is informative and promotional, aimed at local food enthusiasts, with on-screen text providing names, handles, and source credits (Time Out, Tasting Table, LA Times, Eater LA).
Culture moment=LA viral restaurant trend; significance=Highlights ongoing social-media-driven food tourism in Los Angeles, citing NYT recognition.; origin=Referenced via NYT 2026 Top 50 list and SNS virality
Entities places=10/10 Burger, Kang's Kuisine, Komal, Sora Craft Kitchen, Ditroit Taqueria, Baroo, Mercado La Paloma
Author 【entity-깨알톡¦handle=@kkeartalk¦author_id=user-359227192215431423731】
AuthorURL https://www.instagram.com/kkeartalk
48 Followers
Language en


【739f】
URL https://www.instagram.com/reel/DeHNpa3EX-l/
Type video
Created 2026-10-05 12:33:07 UTC
830 Likes
5 Comments
Summary: A short-form food video from FOOD BIBLE x BAJACALIFOOD demonstrates a novelty dish called a 'cake kebab.' A large, multi-layered red velvet cake with chocolate frosting, topped with a number '4' birthday candle, is mounted vertically like a shawarma spit. A man in a black shirt and cap uses a long knife to shave thin slices of the cake directly onto a small flour tortilla held in his hand. He places the slice on a white foam plate, then drizzles a pale yellow sauce followed by a dark red sauce over the cake. On-screen text reads 'THIS CAKE KEBAB IS GENIUS,' 'FIRST, WE SLICE THE RED VELVET CAKE,' 'THEN WE ADD A DRIZZLE OF OUR FAVORITE SAUCES,' and 'THE PERFECT CAKE KEBAB!' A brief cut shows a young child with curly hair watching. The creator's caption jokes about combining dinner and dessert. The tone is lighthearted and promotional, showcasing an inventive, Instagram-friendly food hack without any risky, violent, or sexual content.
Culture moment=novelty fusion street food trends; significance=Reflects ongoing social media fascination with combining desserts into savory formats for shock value.; origin=viral TikTok/Reels food hack culture
Entities products=red velvet cake, tortilla, sauces
Humor type=Situational; explanation=The humor comes from the absurd visual incongruity of treating a sweet birthday cake like savory street meat. Viewers expect shawarma meat being shaved, but see red velvet layers instead, amplified by the deadpan instructional text ('first we slice'). This plays on the broader internet trend of 'dessert tacos' and mashups that deliberately break culinary norms for surprise and shareability. The caption's pun on 'dinner then desert' reinforces the expectation violation without sarcasm or self-deprecation, making the comedy purely situational and visual rather than verbal.
Author 【entity-FOODbible¦handle=@foodbible¦author_id=user-379873646525948708240】
AuthorURL https://www.instagram.com/foodbible
Verified
960K Followers
Language en


【03fe】
URL https://www.instagram.com/reel/Dd6X1-8voZi/
Type video
Created 2026-09-30 12:52:44 UTC
15K Likes
260 Comments
Summary: This is a fast-paced food montage video posted by @indooz_food_travel, designed as shareable social media content. Each clip displays a different dish with the recurring text overlay 'Mention your ""Num num"" partner.' The foods shown include grilled club sandwiches with fries and salad, baked macaroni and cheese with garlic bread, Indian street-food style chaat bowls topped with sev and pomegranate, loaded fries with fried chicken, steamed momos with dipping sauce, spaghetti with meatballs alongside salad and potato wedges, a rich curry served with rice and bread rolls, and multiple desserts including a chocolate brownie with vanilla ice cream and chocolate drizzle, and bowls of cookies with ice cream. The creator's caption reinforces the theme, listing many comfort foods like sandwich, pasta, burger, pancakes, waffles, pizza, tacos, and encouraging viewers to tag their eating companion. The tone is appetizing, casual, and promotional, typical of a food-travel influencer showcasing restaurant meals.",luck,false,none,,event_montage,1,true,,false,,us-likely,洛杉矶Smorgasburg市集,false
2026-10-06,food,34,https://www.instagram.com/reel/DeH9x8wyu14,@espnlosangeles,4,3,0,4.0,0.0,0,2026-10-06,2026-10-05,1,true,The video takes place inside the ESPN LA 710 AM radio studio during the Travis afternoon s...,"The video takes place inside the ESPN LA 710 AM radio studio during the Travis afternoon show. A food delivery from Wild Fork Meat and Seafood Market is brought in, and hosts including Travis Rodgers, Keyshawn Johnson, and others sample plates containing grilled chicken, sausage, steak, greens, and a cheese-topped potato. They react positively, describing the food as 'bomb' and praising the flavors. The segment promotes an upcoming 'football foodies drop' event on Saturday and Sunday, October 11th at the Wild Fork location in Costa Mesa, where host Sedano and others will appear. A woman named Marsha from Wild Fork is introduced wearing an 'I Love BBQ' shirt. The tone is casual, promotional, and celebratory, focused on food tasting ahead of football weekend, with studio branding, microphones, laptops, and a Rams banner visible throughout. Data of event in content: 2026-10-11, Details: Video promotes future event on October 11th.
Entities people=Keyshawn Johnson (Vision Model Only), Marsha (Post Caption), Travis Rodgers (Post Caption); products=grilled chicken, sausage, cheese potato; places=ESPN LA Studio, Wild Fork Meat and Seafood Market
Author 【entity-710 AM ESPN Los Angeles¦handle=@espnlosangeles¦author_id=user-214282130052460616133】
AuthorURL https://www.instagram.com/espnlosangeles
Verified
330K Followers
Language en


【4a9f】
URL https://www.instagram.com/reel/DeHn2AkAoCH/
Type video
Created 2026-10-05 16:23:07 UTC
680 Likes
5 Comments
Summary: In a brightly lit convenience store or deli with tiled floors and refrigerated cases in the background, three people stand together facing the camera. A woman in the center, wearing a mauve short-sleeve romper, sunglasses, and carrying a small crossbody bag, holds a large aluminum catering tray filled with salad. To her left, a tall man with dreadlocks, a black t-shirt, baggy jeans, and a baseball cap stands smiling. To her right, a younger man in a beige sleeveless shirt, black cargo shorts, and slides gestures energetically toward the camera while speaking loudly. The group appears to be promoting or celebrating the food, with the man on the right shouting a shout-out ('Big shout out to Chef 5'). The woman occasionally adjusts the tray and points forward. Other shoppers are visible in the background. The overall tone is upbeat, informal, and social-media friendly.
Entities products=large tray of prepared salad
Author 【entity-ATL Personal Chef 🔥 Catering Service 🔥 Private Dinners 🍽¦handle=@cookinwitway¦author_id=user-760170628994122193631】
AuthorURL https://www.instagram.com/cookinwitway
19K Followers
Language en


【8c12】
URL https://www.instagram.com/reel/DeHrIi2IQY2/
Place 【place-Evil Cooks¦place_id=7765398150201818】
Type video
Created 2026-10-05 16:50:22 UTC
64 Likes
4 Comments
Summary: The video is a stylized montage from an outdoor daytime festival, centered on a food vendor called 'EVIL COOKS.' It opens with a close-up of a person holding a glass smoking pipe, then cuts to the bustling food stall where vendors with tattoos and bandanas prepare Mexican street food. Scenes show tortillas being pressed and cooked on a flat-top grill, meat being added, and tacos and quesadillas being assembled with cilantro, onions, salsa, and green sauce. The stall's black banner features a devil logo and press clippings from the Los Angeles Times and New York Times. Background shots reveal a large stage, city buildings, white tents, and a Ferris wheel, confirming a fair or expo setting. Attendees are seen ordering and receiving food. The footage uses heavy color grading, glitch effects, and quick cuts set to upbeat instrumental music, giving it a casual, promotional vibe for the food vendor at what appears to be a cannabis-culture event.
Entities people=LILIANA; products=tacos, quesadilla, tortilla
Author 【entity-Evil_Cooks Food Co. ЭС™️¦handle=@evil_cooks¦author_id=user-513345403834553517869】
AuthorURL https://www.instagram.com/evil_cooks
Verified
110K Followers
Language en


【3b78】
URL https://www.instagram.com/reel/DeIMkxeSl5P/
Type video
Created 2026-10-05 21:46:47 UTC
Summary: A woman in a home kitchen demonstrates how to make a viral-style Chicken Caesar sandwich served on a croissant bun. She starts with raw chicken breasts on a red cutting board, seasoning them with avocado oil, Lawry's seasoned salt, Adobo, and Italian herbs. She then breads each piece through flour, beaten egg, and breadcrumbs before pan-frying them in oil until golden brown. Separately, she prepares a Caesar salad using a bagged chopped kit, adding Olive Garden Caesar dressing, shredded parmesan, croutons, and black pepper in a large bowl. She splits and butters croissant buns, toasts them, then assembles the sandwich by placing the fried chicken on the bottom bun, topping it generously with the Caesar salad and extra parmesan, and brushing the top bun with melted butter. The finished sandwich is plated with waffle fries cooked in an air fryer. The video is shot in a casual, instructional style with on-screen Like/Comment/Share graphics.
Culture moment=viral food recipe trend; significance=References a widely shared social-media sandwich format combining fried chicken and Caesar salad.; origin=TikTok/Reels food trends
Entities products=avocado oil, Lawry's seasoned salt, Olive Garden Caesar dressing, Caesar chopped salad kit, croissants, waffle fries
Author 【entity-Ashanta Flores¦handle=@shadylane21¦author_id=user-348401404762726632334】
AuthorURL https://www.instagram.com/shadylane21
2.4K Followers
Language en


【5d69】
URL https://www.instagram.com/reel/DeAQ-ibzv2T/
Type video
Created 2026-10-02 19:46:01 UTC
190 Likes
3 Comments
Summary: Posted on October 2, 2026 by creator Stefan Torres (@stefantorres), the video is a casual cooking demonstration in a modern home kitchen. A man with bleached curly hair, tattoos, and a black t-shirt prepares what he calls 'Snoop Dogg's famous fried bologna sandwich.' He begins by eating a finished half, then walks through the recipe: toasting two slices of white bread in butter, frying four round slices of bologna (with a slit cut to prevent curling) in the same pan, topping each with American cheese, then assembling the sandwich with mustard and barbecue potato chips between the toasted bread. He cuts it diagonally, shows the cross-section, and takes large bites while reacting enthusiastically. The tone is informal, humorous, and profane, with direct-to-camera commentary throughout.
Culture moment=Snoop Dogg fried bologna sandwich trend; significance=References celebrity-associated comfort food popularized by Snoop Dogg, tapping into viral cooking culture.; origin=Attributed to Snoop Dogg in spoken audio.
Entities products=white sandwich bread, bologna slices, American cheese slices, butter, mustard, barbecue potato chips, wooden cutting board, stainless steel frying pan
Humor type=Self-deprecating; explanation=The humor comes from the creator openly embracing unhealthy indulgence, framing bloating as a positive goal and mocking the low-quality bread as 'possibly not even bread.' His exaggerated enthusiasm after eating, combined with profanity-laced instructions like 'burns to shit' and the triumphant 'motherfucking D-O-double-G,' creates a self-aware, working-class foodie persona that finds comedy in deliberately bad-for-you cooking. It aligns with TikTok/Reels trends where creators celebrate nostalgic, greasy convenience foods without pretense, using irony to elevate a simple bologna sandwich into a cultural event.
Author 【entity-Stefan Torres¦handle=@stefantorres¦author_id=user-859750711062230550867】
AuthorURL https://www.instagram.com/stefantorres
470K Followers
Language en


【6fd6】
URL https://www.instagram.com/reel/Dd3iljJo5lB/
Type video
Created 2026-09-30 10:25:01 UTC
8 Likes
Summary: In this Times Foodie video posted September 30, 2026, two women sit at a yellow table against a black tiled wall to test a viral '2 ingredient recipe': tomato plus potato chips. On-screen text labels it 'VIRAL 2 INGREDIENT RECIPE - TOMATO+ CHIPS.' One woman slices a fresh red tomato while the other prepares plain potato chips. They demonstrate the hack by placing a tomato slice between two chips, creating a mini sandwich. After saying 'cheers,' both taste the combination simultaneously. Their reactions are mixed and expressive—the woman in the pink tie-dye top chews thoughtfully and states it tastes weird and definitely does not taste like pizza, while the woman in the light pink shirt gestures and appears to disagree slightly. The video includes a brief cutaway to a close-up of a loaded pizza for comparison, and ends with the women discussing the flavor. The tone is casual, experimental, and conversational, typical of social media food-trend content.
Culture moment=viral food combinations trend; significance=Reflects ongoing social media interest in unusual two-ingredient hacks that promise familiar flavors.; origin=Popularized on TikTok and Instagram Reels food creators
Entities products=potato chips, fresh tomato
Humor type=Situational; explanation=The humor comes from the gap between expectation and reality — the setup promises a pizza-like experience from just tomato and chips, building anticipation with exaggerated preparation ('triple'), then delivering a deadpan verdict that it definitely does not taste like pizza. The comedy is situational rather than scripted, relying on genuine reactions, the absurd simplicity of the hack, and the shared cultural knowledge that pizza requires cheese and sauce, making the two-ingredient claim inherently implausible yet fun to test.
Author 【entity-Times Foodie¦handle=@timesnowfoodie¦author_id=user-450044876980075559167】
AuthorURL https://www.instagram.com/timesnowfoodie
Verified
180K Followers
Language en


【eef6】
URL https://www.instagram.com/reel/DeFXTSnvuia/
Type video
Created 2026-10-04 19:25:23 UTC
40 Likes
1 Comments
Summary: This is a KTLA 5 television studio segment filmed to celebrate National Taco Day with Wahoo's Fish Taco. Four people stand behind a blue-clothed table laden with tacos, chips, salsa, and canned beverages. From left to right: a male anchor in a dark suit with a yellow tie, a female anchor in a light green dress who speaks animatedly, a young boy named Levi wearing a black Wahoo's t-shirt and cap, and an older man with long gray hair in a white Wahoo's shirt identified as the founder. The backdrop displays the Wahoo's logo and images of tacos. The anchors introduce the occasion, noting that while Tuesday is known as 'Taco Tuesday,' October 6th is also National Taco Day, and they highlight Levi as a special guest. The interaction is cheerful and conversational, focused on promoting the restaurant and the holiday, with no controversial or mature content.
Culture moment=National Taco Day; significance=Positions the restaurant appearance within a widely recognized food holiday to drive viewer interest.; origin=U.S. food holiday celebrated annually on October 4 or 6.
Entities people=Wing Lam (Post Caption), Levi (Post Caption); products=fish tacos, canned beverage
Author 【entity-KTLA 5 Weekend Morning News¦handle=@ktlaweekendam¦author_id=user-946581340087235011389】
AuthorURL https://www.instagram.com/ktlaweekendam
Verified
67K Followers
Language en",news,false,none,,studio_sponsored_tasting,1,false,电台演播室多机位+多主持人制作，个人无法复制,false,,us-likely,洛杉矶ESPN电台,false
2026-10-06,food,35,https://www.instagram.com/reel/DeASMMbEgzA,@yelp,62,2,2,2.0,0.286,2,2026-10-04,2026-10-02,4,true,This is a Yelp-produced social media video promoting 'Top 26-50 MEXICAN FOOD SPOTS IN THE ...,"This is a Yelp-produced social media video promoting 'Top 26-50 MEXICAN FOOD SPOTS IN THE US & CANADA.' Set to upbeat Latin guitar music, the video cycles through close-up shots of various Mexican dishes being prepared and served — including crispy tacos, loaded burritos, saucy enchiladas, tamales, and birria — while on-screen text lists 25 restaurants across North America. Locations shown include La Cheve in Napa, CA; Delicia in Indianapolis, IN; Carnitas Uruapan in Chicago, IL; Sonoratown in Los Angeles, CA; Bonfire Burritos in Golden, CO; Tacos y Birria La Unica in Los Angeles, CA; Californios in San Francisco, CA; Frelard Tamales in Seattle, WA; and others spanning Philadelphia, Austin, Phoenix, Reno, and more. The creator's caption frames it as part two of a list, encouraging viewers to save it for a road trip and send it to friends who pick taco spots. The tone is promotional, appetizing, and travel-oriented, with no narrative conflict or controversial content.
Entities places=La Cheve, Delicia, De Cabeza el Unico, Carnitas Uruapan, Lolis Tacos, Bread & Breakfast, Sonoratown, Matt's BBQ Tacos, El Paisa, Tortilleria San Roman, Paprika ATX, Villa's Tacos, Taco Buddha,...
Author 【entity-Yelp¦handle=@yelp¦author_id=user-190047201742238794027】
AuthorURL https://www.instagram.com/yelp
Verified
170K Followers
Language en


【c911】
URL https://www.instagram.com/reel/Dd6TiCPRxl-/
Type video
Created 2026-09-30 12:20:04 UTC
120 Likes
130 Comments
Summary: A blonde woman in a navy 'KIND OF PREPPY' sweatshirt stands in a bright modern kitchen and demonstrates how to make the viral Trader Joe's Chicken Dumpling Bake. She begins by showing the ingredients on a tray: a bag of Trader Joe's Chicken Gyoza Potstickers, baby spinach, coconut milk, Soyaki sauce, Thai Red Curry Sauce, and minced garlic. She pours one can of coconut milk into a glass baking dish, then adds three tablespoons of Soyaki sauce, half a bottle of red curry sauce, and a couple teaspoons of minced garlic, stirring them together. She layers fresh spinach over the sauce, then arranges the frozen potstickers on top to fill the pan. She covers the dish with aluminum foil and states it should be baked at about 400 degrees for 35 to 40 minutes. After baking, the dish is shown bubbling with an orange-red sauce. She tastes it, describing the flavor as salty-sweet with a little kick, and calls it delicious and worth making. A teenage boy joins her to serve himself from the dish. She notes that if you have teen boys, you might want to double the batch because they will eat it quickly.
Culture moment=viral Trader Joe's dumpling bake; significance=References a popular social-media food trend centered on easy dump-and-bake meals.; origin=TikTok and Instagram recipe trend
Entities people=Angie Alles (Author Name); products=Trader Joe's Chicken Gyoza Potstickers, Trader Joe's Coconut Milk, Soyaki Sauce, Thai Red Curry Sauce, Minced Garlic, Baby Spinach, Glass Baking Dish, Aluminum Foil
Author 【entity-Angie Alles l Fat Loss Coach for Women 40+¦handle=@angiealles¦author_id=user-743299069172011794175】
AuthorURL https://www.instagram.com/angiealles
200K Followers
Language en


【647c】
URL https://www.instagram.com/reel/DeFp4NCyJro/
Place 【place-Trademark Brewing¦place_id=788083062228387】
Type video
Created 2026-10-04 22:14:15 UTC
2.6K Likes
140 Comments
Summary: In a bright, open-concept brewery-restaurant with wooden ceilings, string lights, and TVs showing football, a man wearing a white cowboy hat, bandana, light-blue denim shirt, and black apron presents a large plated meal to the camera. He holds a tray lined with red-and-white checkered paper featuring a massive sliced smoked tomahawk steak (with long bone) served over noodles, garnished with microgreens, plus side dishes including macaroni and cheese and greens. Speaking directly to the camera, he explains he is showing appreciation to someone who traveled from out of state (Washington), offering his ""best stuff"" — the smoked tomahawk steak — before they leave. Another man in a Seattle Seahawks jersey films the interaction on his phone. The chef places the tray on a wooden table where another similar meal sits, and the video ends with close-ups of the cooked meat. The tone is warm, appreciative, and promotional of the food.
Author 【entity-Hella Chluy¦handle=@hella__chluy¦author_id=user-597055312603262540667】
AuthorURL https://www.instagram.com/hella__chluy
Verified
74K Followers
Language en


【e938】
URL https://www.instagram.com/reel/DeH8VpvSfwL/
Place 【place-El Sushi Loco Sushi & Mariscos La Puente¦place_id=755668099017785】
Type video
Created 2026-10-05 19:18:54 UTC
7 Likes
Summary: The video is a first-person POV clip of food being plated in what appears to be a restaurant kitchen. A person wearing a black glove pours a steaming orange broth containing noodles, vegetables, meat, and large crab legs from a metal pot into a black bowl using tongs. An overlay graphic shows the weather for La Puente at 98 degrees, Sunny, with an Extreme Heat Warning in effect until October 6. On-screen text reads: 'POV: All those summers eating Mom's caldo prepared you for this moment.' The final shot displays the completed bowl of caldo, topped with crab legs and vegetables, sitting on a wooden tray next to small cups of chopped red onion and cilantro. The audio is upbeat instrumental music. The tone is lighthearted and celebratory, playing on the cultural idea of eating hot soup even in very hot weather.
Culture moment=Fall Vibes / Caldo Season; significance=Leverages the cultural expectation that caldo is cold-weather comfort food to create ironic contrast with 98-degree heat.; origin=Mexican comfort food tradition adapted by the restaurant brand
Entities products=Caldo 7 Mares Ramen, metal cooking pot, kitchen tongs, wooden serving tray, garnish cups; places=La Puente
Author 【entity-El Sushi Loco¦handle=@elsushiloco¦author_id=user-822874603628177078353】
AuthorURL https://www.instagram.com/elsushiloco
49K Followers
Language en


【7d9e】
URL https://www.instagram.com/reel/DeIQoEzhra7/
Type video
Created 2026-10-05 22:16:49 UTC
530 Likes
20 Comments
Summary: Posted October 5, 2026, this short-form video by certified clinical nutritionist Kelly LeVeque (@bewellbykelly) demonstrates a viral food hack. From a POV perspective, she drops pre-made protein pasta—lupin flour rotini tossed with veggie-laden meat sauce—directly into a half-finished tub of Good Culture cottage cheese. On-screen text reads 'POV: you didn't think the cottage cheese craze could get any weirder' and later '60g of protein 26g of fiber it's the worlds laziest lasagna.' The creator, wearing a white tank and cap, holds the tub and eats the mixture. The caption explains the weekly meal-prep routine, macro breakdowns, and includes a discount code, while joking that she is not pregnant despite the odd craving. The tone is lighthearted, practical, and promotional, set to upbeat pop music. No sexual, violent, or explicit content is present; the only potential friction is the visually unappetizing food combination, which may cause mild disgust or cringe for some viewers.
Culture moment=cottage cheese craze; significance=Reflects ongoing TikTok-era protein-maximizing food hacks where dairy is added to savory dishes.; origin=Viral social media food trend popularized in mid-2020s
Entities people=Kelly LeVeque (Post Caption); products=cottage cheese, lupin flour rotini pasta
Humor type=Self-deprecating; explanation=The humor derives from the creator acknowledging how strange the food combination looks, leaning into the 'cottage cheese craze' meme and preemptively joking about pregnancy cravings. By labeling it the 'world's laziest lasagna,' she frames laziness as virtue, inviting viewers to laugh at both the absurdity and the relatable desire for convenience over culinary tradition. The joke works because it subverts expectations of a polished nutritionist presenting elegant meals, instead showing messy, unappetizing mixing in the original container. This self-aware, slightly gross-out comedy aligns with TikTok food-hack culture where shock value drives shares, and the denial 'no, I am not pregnant' adds a second layer of relatable embarrassment about odd cravings.
Author 【entity-Kelly LeVeque, CCN¦handle=@bewellbykelly¦author_id=user-519558961648062162685】
AuthorURL https://www.instagram.com/bewellbykelly
Verified
570K Followers
Language en


【771c】
URL https://www.instagram.com/reel/Dd5I6Y4Eixu/
Type video
Created 2026-09-30 01:19:49 UTC
2 Likes
2 Comments
Summary: This is a short-form food video from creator @mizz_tyomba93 ('Da Pan Lady') posted September 29, 2026, showcasing her homemade version of the viral Cheesecake Factory Cajun Salmon meal. The video opens with a title card reading 'The Viral Cheesecake Factory Cajun Salmon Meal' over a black screen, then transitions to detailed close-ups of the finished plate. The meal consists of a seared salmon fillet covered in a thick orange Cajun cream sauce and garnished with herbs, served alongside seasoned corn kernels and a loaded potato dish topped with melted cheese, bacon bits, and chopped green onions. The camera slowly pans and zooms across the plate to highlight textures. The accompanying caption explains she tried the viral recipe but added her own 'PRESSURE,' and jokes that the shrimp called for in the original dish were eaten by her while cooking. The overall tone is enthusiastic, appetizing, and typical of FoodTok content, aimed at promoting her 'Good Eatz By Da Pan Lady' brand.
Culture moment=Viral Cheesecake Factory Cajun Salmon meal trend; significance=Reflects ongoing FoodTok trend of home cooks copying restaurant dishes.; origin=Referenced directly in on-screen text and caption as 'VIRAL Cheesecake Factory Cajun Salmon meal'.
Entities people=Tyomba V Mcshan (Post Caption); products=Cajun salmon with cream sauce, seasoned corn, loaded mashed potatoes
Humor type=Self-deprecating; explanation=The humor comes from the creator admitting she ate the shrimp meant for the dish while cooking, turning a cooking mistake into a relatable confession. This self-deprecating admission frames her as indulgent and honest rather than perfect, which resonates with FoodTok audiences who appreciate authenticity over polished perfection. The joke is reinforced by laughing emojis and the phrase 'Mind y’all business,' inviting viewers to laugh with her instead of criticizing. It fits the broader trend of creators showing behind-the-scenes messiness and snacking while cooking, making the content feel personal and approachable rather than a sterile recipe demonstration.
Author 【entity-Tyomba V Mcshan¦handle=@mizz_tyomba93¦author_id=user-068711453637073058536】
AuthorURL https://www.instagram.com/mizz_tyomba93
1K Followers
Language en",template,true,weak,照搬榜单结构：做'洛杉矶Top 5墨西哥卷饼'实测榜,restaurant_guide_listicle,2,true,,false,,us-likely,美国+加拿大榜单，Yelp官方,false
2026-10-06,food,36,https://www.instagram.com/reel/DeHIVd2x5G3,@sirsolrac46,2,610,0,2.0,0.0,0,2026-10-06,2026-10-05,1,true,This video is a clip from the NBC daytime show 'Today with Hoda & Jenna' dated October 202...,"This video is a clip from the NBC daytime show 'Today with Hoda & Jenna' dated October 2026. Host Jenna Bush Hager introduces a viral dip created by home cook Alfredo Garcia, which she says was made famous by Cardi B after her TikTok making it received over 40 million views, and named by BuzzFeed as 'the tastiest thing.' The video cuts to Cardi B's original TikTok recipe from @freddsters, where ingredients are added to a Ninja blender: two blocks of cream cheese, a 14-ounce can of jalapeños, two avocados, juice of three limes, three cups of sour cream, and a bunch of cilantro. After blending, Cardi tastes the green dip with a chip and says 'Mm hmm.' Back in the studio, Hoda Kotb joins Jenna at the desk. They taste the dip with tortilla chips and Doritos, commenting that it is very creamy, pureed perfectly, very lemony, kind of spicy and hot — attributing the heat to the canned jalapeños. Hoda compares it to her world-famous queso recipe from the bottom of the Velveeta box. The tone is light, enthusiastic, and promotional, typical of morning-show food segments.
Entities people=Jenna Bush Hager (Vision Model Only), Hoda Kotb (Vision Model Only), Cardi B (Post Caption); products=countertop blender, canned jalapeños, tortilla chips, Doritos chips; places=Today Show Studio
Author 【entity-Armando Carlos Ramirez¦handle=@sirsolrac46¦author_id=user-836911424224462254582】
AuthorURL https://www.instagram.com/sirsolrac46
2.1K Followers
Language en


【bc6f】
URL https://www.instagram.com/reel/DeFCyL8RXSP/
Type video
Created 2026-10-04 16:18:10 UTC
9.1K Likes
610 Comments
Summary: A man identified by on-screen text as DuB, wearing a black patterned hoodie and a black cap, sits in a modern kitchen and samples a series of meals described as 'Finesse2Tymes struggle meals.' He begins by lifting steaming noodles from a metal bowl and eating them. He then prepares a plain waffle, spreads grape jelly on it, and eats it while commenting on the taste. Next, he shows a frozen Salisbury steak TV dinner, takes a bite, and reacts. He makes another item by pouring syrup onto a slice of bread, folding it into a sandwich, and eating it. Finally, he prepares two bowls of Reese's Puffs cereal, first adding evaporated milk from a can, then mixing instant nonfat dry milk with water, tasting both and comparing them. Throughout, he talks to the camera, expressing surprise, amusement, and distaste. The TikTok watermark '@themomentplug' is visible throughout.
Culture moment=Finesse2Tymes struggle meals; significance=References a known internet meme where the rapper documents extremely cheap meals.; origin=Social media food challenge trend
Entities people=DuB; products=instant nonfat dry milk, evaporated milk, Reese's Puffs cereal, frozen waffles, grape jelly, maple syrup, white bread, American cheese slices, Salisbury steak TV dinner
Humor type=Situational; explanation=The humor derives from the contrast between the creator's expectation and the reality of eating extremely basic, unappetizing combinations presented as 'struggle meals.' Watching him lift long noodles, spread jelly on a plain waffle, pour syrup over bread with cheese, and mix cereal with powdered milk creates cringe-comedy through his genuine facial reactions and vocal commentary. The repeated 'No. No. No. No.' after tasting the dry milk emphasizes the absurdity. It fits the broader internet trend of documenting poverty-inspired cooking for entertainment, where viewers find amusement in shared relatability and shock value rather than scripted jokes.
Author 【entity-Finesse Twotymes¦handle=@1finesse2tymes¦author_id=user-172019759004811229070】
AuthorURL https://www.instagram.com/1finesse2tymes
Verified
2M Followers
Language en",template,true,strong,复刻Cardi B网红蘸酱：奶油芝士+牛油果+腌辣椒全扔搅拌机，配薯片试吃,viral_celebrity_dip,1,true,,false,,us-likely,Today Show+Cardi B，美国,false
2026-10-06,food,37,https://www.instagram.com/reel/Dd3qECvAQmn,@kwoklyn1,33,2,1,1.0,0.429,3,2026-10-03,2026-09-29,7,true,"A man with a spiked hairstyle and graying goatee, wearing a black shirt, sits in a cafe wi...","A man with a spiked hairstyle and graying goatee, wearing a black shirt, sits in a cafe with a blue wall behind him. He holds a large white mug of coffee, sips it while looking at the camera, and reacts with approval. The video then cuts to close-ups of his meal: a plate with toasted bread, a grilled tomato half, a portobello mushroom, a ramekin of baked beans, cubes of yellow smoked tofu drizzled with red sauce, wilted spinach, pink beetroot hummus, guacamole, and a fried patty. A second dish shows loaded fries topped with melted cheese, crumbled bacon, sliced spring onions, and a creamy sauce. A third dish is French toast stacked high and covered with strips of crispy bacon. The man returns on camera holding a forkful of the loaded fries, describes them as having cheese, bacon, and spring onion, and eats them with an appreciative expression. Audio includes his commentary identifying the components of the vegan-style breakfast and the 'dirty fries'.
Entities people=Kwoklyn Wan (Author Name); products=white ceramic coffee mug, Flora Original fat spread packet, loaded fries, French toast with bacon
Author 【entity-Kwoklyn Wan¦handle=@kwoklyn1¦author_id=user-540492518268763481939】
AuthorURL https://www.instagram.com/kwoklyn1
Verified
18K Followers
Language en


【c99e】
URL https://www.instagram.com/reel/DeJ0qY8Mlt5/
Type video
Created 2026-10-06 12:53:59 UTC
Summary: A young man with curly hair wearing a black 'CALI' t-shirt demonstrates how to make a viral 'Cheesy Buldak Crunchwrap' inspired by TikTok videos he saw on his explore page. He starts by cooking Samyang Carbonara Buldak Spicy Ramen in a pan, adding the powder seasoning, hot sauce, milk/cream, and shredded mozzarella until it becomes a creamy orange mixture. He lays a large flour tortilla on a wooden board, places a slice of cheddar cheese down, then piles the cooked noodles in the center. He tops it with more mozzarella, chopped green onions, crushed Doritos chips, crushed purple-bag Takis Waves Fuego, and squeezes Delicio cheese sauce over everything. He folds the tortilla into a square crunchwrap, grills it on a ridged pan until charred and crispy, then cuts it in half to reveal the steaming, cheesy, red-filled interior. He takes large bites, reacts to the spiciness, and dips the wrap in white sauce and extra cheese sauce while showing the cross-section to the camera. The video is shot against a blue-lit background with energetic Arabic narration throughout.
Culture moment=Buldak Spicy Ramen / Crunchwrap trend; significance=Participates in widespread TikTok food hack combining Korean instant noodles with Mexican-style wrap.; origin=Korean Samyang Buldak noodles popularized via social media challenges
Entities people=Hasan Jad (Post Caption); products=Samyang Buldak Carbonara Spicy Ramen, Takis Waves Fuego chips, Delicio Cheese Sauce, large flour tortilla, grill pan
Author 【entity-Hasan Jad 🔥✌🏽¦handle=@huncho1sa¦author_id=user-336532880799936890818】
AuthorURL https://www.instagram.com/huncho1sa
290K Followers
Language en


【fd5c】
URL https://www.instagram.com/reel/Dd72BB4tvgD/
Type video
Created 2026-10-01 02:33:05 UTC
43 Likes
2 Comments
Summary: The video is a close-up, handheld shot of a dinner plate featuring a partially eaten Caesar salad, two grilled shrimp, and a side of french fries, with a shrimp cocktail bowl and another plate of fries visible in the background on a dark wood table. A person's hand enters the frame, picks up several french fries, and places them onto a large romaine lettuce leaf coated in creamy Caesar dressing. The hand then folds the leaf around the fries like a taco or canoe and lifts it toward the camera to display the creation. Throughout, a male speaker narrates in an enthusiastic, conversational tone, referencing the 'girl dinner' trend and asking rhetorically, 'If you're not eating your girl dinner Caesar salad with the lettuce leaf as a little canoe for the French fries, what are you doing?' He concludes by calling it 'girl dinner maxing' and exclaiming that it 'looks fucking insane.' The setting appears to be an indoor restaurant or hotel room with warm lighting. The overall tone is casual, humorous, and focused on food experimentation.
Culture moment=girl dinner; significance=References the viral social media trend of assembling small, snack-like meals.; origin=TikTok/social media food culture
Entities products=Caesar salad, french fries, grilled shrimp, shrimp cocktail
Humor type=Situational; explanation=The humor comes from the absurd yet practical repurposing of a healthy salad leaf into a starchy vehicle for fries, framed as maximizing the 'girl dinner' aesthetic. The speaker's rhetorical questioning and self-aware declaration that it looks 'fucking insane' heightens the comedic effect by acknowledging the visual incongruity while endorsing it. It plays on the cultural understanding of 'girl dinner' as an intentionally messy, low-effort meal, turning a simple side dish into the main event through a literal edible wrapper.
Author 【entity-Joey Camasta¦handle=@joeycamasta¦author_id=user-319363387192016894459】
AuthorURL https://www.instagram.com/joeycamasta
Verified
320K Followers
Language en",template,true,weak,咖啡馆早餐实测壳可借：去本地brunch店拍一期,cafe_breakfast_review,1,true,,false,,non-us,Flora黄油等英系标记，创作者为英国素食厨师,false
2026-10-06,food,38,https://www.instagram.com/reel/Dd6Jt32NfM_,@cook_queen_1130,2400,11,0,0.0,0.429,3,2026-10-03,2026-09-30,6,true,This is a short-form cooking reel by creator @cook_queen_1130 demonstrating a 'viral cucum...,"This is a short-form cooking reel by creator @cook_queen_1130 demonstrating a 'viral cucumber shots' recipe. The video opens with three finished green cucumber cylinders standing upright on a white-and-gold marbled plate, their rims coated in red spice and filled with a brown sauce. The process then shows hands peeling a whole cucumber, slicing it into thick rounds, and scooping out the seedy interior into a bowl. In a separate bowl, dried tamarind is soaked in water and mashed by hand into a pulp, then mixed with powdered spices including red chili and a yellow spice. A plate is prepared with a mix of red chili powder and salt for rimming. Each hollowed cucumber cup is dipped rim-first into the spice mix, then filled with the tamarind mixture using a spoon. The final shots return to the plated presentation, with one cup lifted to show the texture. The tone is bright, fast-paced, and instructional, set to upbeat Indian music, emphasizing quick, tasty, and healthy home cooking.
Culture moment=viral cucumber shots recipe trend; significance=Reflects ongoing social media food-hack culture where vegetables are repurposed as serving vessels.; origin=Instagram Reels food trends
Entities products=fresh cucumber, dried tamarind, red chili powder
Author 【entity-cook queen¦handle=@cook_queen_1130¦author_id=user-061306128533223610212】
AuthorURL https://www.instagram.com/cook_queen_1130
12K Followers
Language en


【1afc】
URL https://www.instagram.com/reel/DeHkJj1TCSm/
Type video
Created 2026-10-05 15:48:47 UTC
3.7K Likes
7 Comments
Summary: This is a split-screen social media reel posted by creator @kanal_kannan_ms7 from Dindigul, India, dated October 5, 2026. The top half demonstrates a cooking hack: a round piece of dough sprinkled with black seeds is placed on an inverted perforated metal colander set over a lit gas stove burner. As heat is applied, the dough inflates into a large, balloon-like puffed bread, resembling a giant puri or kulcha. Hands in blue gloves adjust it at the end. The bottom half features a man in a white shirt speaking animatedly in Tamil throughout, using hand gestures to emphasize his points. The Tamil caption translates to 'Have you ever seen chapati baked like this?' with hashtags #trend #viralreels #foryou #village, indicating it's presented as a novel village-style cooking trick. The overall tone is curious, promotional, and lighthearted, focused on showcasing an unusual method of making bread.
Entities places=Dindigul
Author 【entity-🇰‌""🇦‌""🇳‌""🇦‌""🇱‌ 🇰‌""🇦‌""🇳‌""🇳‌""🇦‌""🇳‌¦handle=@kanal_kannan_ms7¦author_id=user-777038682871933570715】
AuthorURL https://www.instagram.com/kanal_kannan_ms7
1.2M Followers
Language en


【6f7f】
URL https://www.instagram.com/reel/Dd-aRbZtUTG/
Type video
Created 2026-10-02 02:32:31 UTC
2.7K Likes
18 Comments
Summary: A 2026 social media reel by creator Karina Gomez (@karina_a.gomez1), identified on-screen as a 19-year-old teen mom and wife to a 21-year-old blue-collar husband, documents an 'easy and fast dinner idea' for her 3-year-old twin daughters. The video opens in a home kitchen where Karina, wearing a grey ribbed tank top and jeans, opens a tube of raw ground beef into a skillet while her husband briefly embraces her from behind. She browns the meat, seasons it with multiple spices from shakers, then adds chopped tomatoes and cilantro followed by canned tomato sauce, stirring continuously. In a separate pan, she melts butter, places a large flour tortilla, sprinkles shredded mozzarella cheese, tops it with the cooked meat mixture, folds the tortilla into quarters, and toasts it until golden brown. The finished folded quesadillas are plated. The scene shifts to the living room where the twins sit on a couch watching TV, then to the dining table where Karina serves the food to her daughters and husband. The family eats together; one daughter is noted via on-screen text for smelling her food before eating. The tone is casual, domestic, and family-focused, emphasizing everyday parenting and cooking.
Entities people=Karina Gomez (Post Caption); products=ground beef tube, flour tortillas, shredded mozzarella cheese, nonstick skillet, wooden spatula
Author 【entity-Karina Gomez¦handle=@karina_a.gomez1¦author_id=user-468238074742654909897】
AuthorURL https://www.instagram.com/karina_a.gomez1
22K Followers
Language en


【bfb6】
URL https://www.instagram.com/reel/Dd4hmcHyZsa/
Place 【place-RebeO¦place_id=510117117848645】
Type video
Created 2026-09-29 19:38:15 UTC
2.7K Likes
49 Comments
Summary: A woman in a modern kitchen presents her personal specialty: chiles rellenos de tamal. Speaking directly to camera in Spanish, she explains she was invited by her parents and grandmother to cook what she considers her signature dish. She starts with roasted poblano peppers, places them on a traditional clay plate, and stuffs them with pieces of tamal de elote (corn tamale), noting her mother prefers this over meat filling. She adds cheese, mentions substituting cream cheese for panela, and prepares a creamy green sauce by blending roasted chile verde with chicken, milk, and evaporated milk. After tasting and approving the sauce, she pours it over the stuffed chiles, bakes them briefly, then tops with more cheese to gratinate in the air fryer. The video ends with a close-up of the finished dish—melted cheese over chiles in green sauce—served on a colorful table setting. The tone is warm, enthusiastic, and familial, focused entirely on sharing an easy Mexican recipe.
Author 【entity-RebeO¦handle=@soyrebeo¦author_id=user-018719083512665782252】
AuthorURL https://www.instagram.com/soyrebeo
Verified
920K Followers
Language en


【9fdd】
URL https://www.instagram.com/reel/Dd6OEwOObnf/
Type video
Created 2026-09-30 11:24:50 UTC
9K Likes
1.6K Comments
Summary: A woman in a home kitchen demonstrates how to make a 'Veg High Protein Kebab.' She starts by showing rehydrated soy chunks (soya granules), then mixes them in a bowl with finely chopped red onion, red and yellow bell peppers, grated carrot, fresh cilantro, crumbled paneer or tofu, spices including red chili powder, shredded cheese, and other seasonings. She combines everything by hand, shapes the mixture into elongated kebab logs, and pan-fries them until golden brown and crispy. For assembly, she spreads a yogurt-based herb sauce on a flatbread (malabar paratha/roti), places a cooked kebab on top, adds green chutney, sliced raw onions, and a drizzle of ketchup. She folds it like a taco, takes a bite, and expresses enjoyment with an 'OK' hand gesture. On-screen text labels the dish 'Veg High Protein Kebab' and prompts viewers to 'Comment 'Kebab' for recipe.' The tone is instructional, upbeat, and focused on healthy eating.
Entities people=Prachi Agarkar (Author Name); products=soy granules, vegetarian kebab, flatbread paratha, green chutney, raita, nonstick griddle pan
Author 【entity-Prachi Agarkar¦handle=@lets_eat_with_prachi¦author_id=user-282026796652055606726】
AuthorURL https://www.instagram.com/lets_eat_with_prachi
Verified
680K Followers
Language en


【415e】
URL https://www.instagram.com/reel/Dd_gWgoCmba/
Type video
Created 2026-10-02 12:40:36 UTC
7.8K Likes
6 Comments
Summary: This is an AI-animated cooking reel titled 'Viral cucumber shots,' set to upbeat South Asian music. A male character in a dark kitchen prepares a tamarind-based filling: he pours dried tamarind pods into a bowl, adds hot water, mashes them into a thick brown pulp, then seasons it with red chili powder, salt, ground spice, cumin seeds, and fresh lemon juice. Separately, he peels a whole cucumber, cuts it into sections, hollows out the centers, and scoops the seeds and flesh into the tamarind mixture. He rims the hollowed cucumber cups with a reddish chili-salt coating, fills them with the seasoned tamarind sauce, and arranges several on a black plate. He then picks one up, takes a bite/drink, and gives a satisfied thumbs-up. The tone is clean, satisfying, and trend-focused food ASMR, with no dialogue, only music.
Entities products=tamarind pods, cucumber, chili powder
Author 【entity-hungry_bite¦handle=@hungry_bite1¦author_id=user-183977090943867218983】
AuthorURL https://www.instagram.com/hungry_bite1
1K Followers
Language en


【72f5】
URL https://www.instagram.com/reel/DeBMAgTTU4J/
Type video
Created 2026-10-03 04:23:10 UTC
11K Likes
120 Comments
Summary: This is a recipe video by creator Martin Praja (@martinpraja) demonstrating how to make 'Potato Ring,' a savory fried snack. The video opens with shots of the finished golden-brown, donut-shaped potato rings on a plate with red dipping sauce, followed by the creator breaking one open to show the soft interior and dipping it in sauce while exclaiming 'Yummy! Yummy!' The tutorial then shows the preparation steps: mashing steamed potatoes, adding diced smoked beef, grated carrot, cornstarch, salt, MSG Sasa, and pepper, mixing thoroughly, then incorporating all-purpose flour. The mixture is formed into 30-gram donut shapes, coated in a wet batter made from Sasa all-purpose flour, then rolled in breadcrumbs. The rings are deep-fried until golden brown and crispy. The video concludes with more beauty shots of the finished product and a call to follow @MARTINPRAJA for more recipes. The tone is upbeat, instructional, and promotional, aimed at home cooks looking for a kid-friendly frozen-food option.
Entities people=Martin Praja (Post Caption); products=potato ring snack, smoked beef, Sasa all-purpose flour, breadcrumbs, ketchup sauce
Author 【entity-Martin Natadipraja¦handle=@martinpraja¦author_id=user-154079536229816699371】
AuthorURL https://www.instagram.com/martinpraja
Verified
2.2M Followers
Language en


【8fce】
URL https://www.instagram.com/reel/DeBfrLMiO_6/
Type video
Created 2026-10-03 07:13:55 UTC
9K Likes
120 Comments
Summary: This is a recipe reel by professional chef and food creator Nehal Karkera demonstrating how to make 'Dhuaan Dahi Mutton,' an Indian mutton curry. The video opens with raw mutton pieces labeled 'Mutton?' and then shows the finished dish titled on screen. The chef prepares a custom spice powder by dry-roasting coriander, black pepper, cumin, and other whole spices, then grinding them. He also preps sliced onions, green chilies, and a green paste of onion, garlic, and chili. Cooking starts with ghee in a pressure cooker, followed by whole spices, then the mutton which is 'bhunoed' (sautéed) repeatedly. The ground spice mix is added, then water, salt, and the cooker is sealed for 4-5 whistles. After cooking, whisked yogurt (dahi) and fresh mint are stirred in, the curry simmers to separate oil from gravy, and a traditional 'dhuaan' (smoke) tempering is done using hot coal and ghee covered for three minutes. The dish is finished with garam masala, chopped cilantro, ginger juliennes, and served in a bowl with roti. The chef eats it with his hands, pulls apart tender meat, and encourages viewers to tag others and repost. The tone is instructional, appetizing, and casual, emphasizing rich flavor and messy, hands-on eating.
Entities people=Nehal Karkera (Author Name)
Author 【entity-Nehal karkera¦handle=@chef_nehalkarkera¦author_id=user-310011982399158841808】
AuthorURL https://www.instagram.com/chef_nehalkarkera
Verified
1.3M Followers
Language en",template,true,strong,复刻黄瓜shots：黄瓜切厚段掏空，边缘蘸辣椒盐，灌罗望子酱摆盘,cucumber_imli_cup_trend,4,true,,false,,unknown,英文+印度音乐，无明确地域标识,true
