scan_date,niche,rank,url,author,likes,comments,likes_gained_since_last,velocity_per_day,velocity_confidence,days_tracked,first_seen_date,posted_date,recency_days,is_fresh,title,description,mechanic,replicable,niche_fit,angle_idea,format_cluster,spread_count,feasible,feasible_note,saturated,saturation_reason,geo_fit,geo_note,picked_for_tomorrow
2026-10-05,food,1,https://www.instagram.com/reel/DeD4wegO7BQ,@shubhjyotrecipe,150000,490,0,150000.0,0.0,0,2026-10-05,2026-10-04,1,true,This is a short-form food video showcasing a 'Jhanjhanit Mutton Thali' (spicy mutton platt...,"This is a short-form food video showcasing a 'Jhanjhanit Mutton Thali' (spicy mutton platter). The clip opens on a large hammered-metal thali placed on a woven mat, where a hand ladles rich brown mutton curry with bone-in pieces onto the plate, then adds sliced onion and a lime wedge. A large, puffed flatbread (likely bhakri or jowar roti) is placed over half the thali. The creator squeezes lime over the curry, tears off a piece of bread, dips it into the gravy, and picks up a meaty bone to display the texture. In the background, a copper bowl of mutton biryani and small condiment bowls are visible throughout. The video ends with a woman in a red top and pink floral scarf smiling while holding the finished thali toward the camera. The tone is appetizing and celebratory, set to upbeat traditional Indian music, typical of recipe-reel content from the account @shubhjyotrecipe.",template,true,strong,复刻 Jhanjhanit mutton thali：用压力锅做家常版羊肉咖喱+烤饼，全程露脸试吃打分,recipe-walkthrough,7,true,,true,watchlist 近7天 ≥11 账号做同款,non-us,印度传统音乐+羊肉咖喱 thali 印度创作者语境,false
2026-10-05,food,2,https://www.instagram.com/reel/DeBTDnclY1m,@esrat_s_deals,330000,580,40000,40000.0,0.143,1,2026-10-04,2026-10-03,2,true,This is a short-form food recipe video by creator @esrat_s_deals titled 'Viral Caramel Tea...,"This is a short-form food recipe video by creator @esrat_s_deals titled 'Viral Caramel Tea,' posted October 2, 2026. The clip shows a close-up, step-by-step preparation in a home kitchen with tiled backsplash. A hand pours loose black tea leaves from a small terracotta bowl into a large aluminum wok on a gas burner, followed by white granulated sugar. The sugar is stirred with a golden spoon until it melts and caramelizes to a dark amber color. Grated fresh ginger is then added and mixed in. Milk is poured from a larger terracotta vessel into the pan, causing steam, and the mixture is brought to a vigorous boil, bubbling and frothing while being stirred. Finally, the hot, foamy caramel-colored tea is poured in a steady stream into a matching ornate terracotta cup and saucer set against a dark surface. The video has an upbeat Hindi film song playing as background audio throughout, with no spoken narration. The tone is instructional and appetizing, focused entirely on the cooking process.",template,true,strong,实测 viral caramel tea：复刻焦糖化红茶全过程，英文讲解记录翻车或成功,recipe-walkthrough,7,true,,true,watchlist 近7天 ≥11 账号做同款,unknown,印地语背景音乐+陶器炊具，无明确美国标记,false
2026-10-05,food,3,https://www.instagram.com/reel/DeElkgUzfkL,@bhumisatishpednekkar,40000,540,0,40000.0,0.0,0,2026-10-05,2026-10-04,1,true,A female vlogger with a yellow tilak on her forehead and wearing a white t-shirt and rudra...,"A female vlogger with a yellow tilak on her forehead and wearing a white t-shirt and rudraksha beads introduces 'another episode of Bhooki Bhoomi' from inside a car, then travels to Pushkar. Aerial shots show the town and its lake. She walks through a market and visits Ram Ji's famous malpua stall, where she tastes the sweet fried dessert and exclaims 'Oh my God,' calling it outstanding and saying visiting Pushkar without eating malpua is a loss. Next, she tries 'lafa,' a stuffed flatbread wrap, describing it as very rich and noting she hasn't eaten anything like it in years. She then eats a kachori, again calling it outstanding. Finally, she samples fresh jamun (black plum), which she calls her mother's favorite fruit, and concludes by praising Indian food as the best. The video uses on-screen text, animated food stickers, and energetic commentary throughout.
Entities people=Bhumi Satish Pednekkar (Author Name); products=malpua sweet, lafa wrap, kachori, jamun fruit, wireless microphone; places=Pushkar, Pushkar market food stall
Humor type=Situational; explanation=The humor comes from the creator's exaggerated, childlike delight while eating simple street foods. She repeats 'oh my god' three times after the first bite of malpua, widens her eyes, and declares skipping it would be 'your loss,' turning a routine tasting into high drama. The contrast between the sacred setting implied by her forehead tilak and her uninhibited food joy creates situational comedy. Animated cartoon versions of the malpua, lafa, and kachori appear beside her as she eats, adding a playful visual gag that amplifies her reactions without dialogue. Her self-aware comment about not having eaten anything like the lafa in years, delivered with full mouth and genuine surprise, feels relatable and funny because it breaks the polished influencer mold. The overall tone is lighthearted rather than scripted joke-telling, relying on authentic reaction humor common in food vlogs.
Author 【entity-Bhumi Satish Pednekkar¦handle=@bhumisatishpednekkar¦author_id=user-326812563371882172031】
AuthorURL https://www.instagram.com/bhumisatishpednekkar
Verified
11M Followers
Language en


【36ae】
URL https://www.instagram.com/reel/DeDkQVWJcaO/
Type video
Created 2026-10-04 02:32:24 UTC
9.1K Likes
72 Comments
Summary: A young woman, identified by the author handle @fahiramira, films herself trying ""khasta kachori"" street food in a crowded Indian market street. The video opens with her holding a bowl of the fried bread soaked in yellow curry, with on-screen text in Indonesian inviting viewers to try it. Close-ups show a vendor breaking open the puffy kachori, ladling thick dal-like curry into foil plates, and topping it with chopped onions. The woman tastes the dish repeatedly, making expressive faces while chewing audibly. Bystanders, including children and shopkeepers, watch and wave at the camera. Later, she feeds a bite to a male companion filming selfie-style. The setting is a bustling outdoor bazaar with hanging flower garlands, clothing stalls, and signage like ""MANAKTALA BROS."" The tone is casual travel-food vlogging, documenting an authentic street-food experience.
Entities products=khasta kachori, dal curry; places=MANAKTALA BROS
Author 【entity-Fahira Almira¦handle=@fahiramira¦author_id=user-963976509292765284002】
AuthorURL https://www.instagram.com/fahiramira
Verified
1.9M Followers
Language en


【a857】
URL https://www.instagram.com/reel/Dd8fx0JSALm/
Type video
Created 2026-10-01 08:39:10 UTC
6.4K Likes
16 Comments
Summary: This is a fast-paced food reel by creator Mahima Singh (@bhukkadmahi), filmed in Allahabad (Prayagraj), India, posted October 2026. It showcases a variety of popular Indian street and restaurant dishes through quick cuts: dough being fried into puris, assembled chaat topped with sev, pav bhaji with buns, stir-fried noodles, a fruit dessert bowl with kiwi and strawberries, gulab jamun in syrup, pani puri filling, and a full table spread including pizza and drinks. Overlaid text reads 'Pta nai kaise admi hai...' with laughing emojis. The audio is a viral Hindi clip of a young girl jokingly complaining that her husband claims to earn only for her but says he has no money when she asks. The tone is lighthearted and promotional, highlighting local food culture without any risky, explicit, or controversial content.
Culture moment=Pata nahi kaise aadmi hai meme; significance=Reflects widespread Indian social media humor about marital finances, widely reused in 2025-2026 reels.; origin=Viral Hindi audio clip circulating on Instagram Reels
Entities places=Prayagraj
Humor type=Situational; explanation=The humor derives from the relatable domestic scenario embedded in the audio: a wife requests money and the husband deflects by claiming he earns solely for her yet has nothing to give. This juxtaposition of noble claim versus practical refusal resonates culturally in India, where discussions about household spending are common. Paired with cheerful food visuals, the complaint becomes lighthearted rather than bitter. The use of a child's voice adds innocence, amplifying the irony. The on-screen text and emojis reinforce the shared exasperation, turning a mundane marital gripe into a meme format that viewers recognize instantly. It is not satire targeting institutions, but everyday situational comedy rooted in gender roles and financial expectations.
Author 【entity-Mahima singh¦handle=@bhukkadmahi¦author_id=user-899865509394480416641】
AuthorURL https://www.instagram.com/bhukkadmahi
320K Followers
Language en


【9f95】
URL https://www.instagram.com/reel/DeC0zwxtSFM/
Type video
Created 2026-10-03 19:38:46 UTC
1.8K Likes
240 Comments
Summary: In this October 2026 social media video, entrepreneur Bethenny Frankel reviews the viral MYKA Greek Frozen Yogurt truck, which was operating in Miami's Brickell neighborhood. The video cuts between two settings: Frankel lying indoors in a white robe speaking directly to camera, and nighttime street footage of the illuminated MYKA truck. On-screen text repeats 'You are all on lines a mile long for this...' while she narrates that she did not like the product. She states she tried it multiple times, wanted to like it, and has enjoyed similar treats before, but found fault with both the yogurt's taste and the toppings. Visuals show the truck's menu ($9.90 for a flavor with two toppings), topping bowls including chocolate crumble and berry crumble, and staff serving customers. Her caption adds 'I'm good on this... give me my sprinkles and nonpareils,' reinforcing her preference for traditional ice cream toppings over the Greek yogurt offering. The overall tone is direct, slightly exasperated, and critical of a hyped food trend.
Culture moment=viral food truck trend; significance=Illustrates how social-media hype creates long lines for niche desserts, prompting influencer backlash.; origin=TikTok-driven popularity of MYKA Greek yogurt",personality,false,weak,,taste-test-pov,11,false,Q3 布景道具简单吗失败：多地美食街扫街拍摄，非居家厨房可完成,true,watchlist 近7天 ≥13 账号做同款,non-us,印度街头小吃扫街、印度创作者、印地语语境,false
2026-10-05,food,4,https://www.instagram.com/reel/Dd8Gq6uR9ms,@uniquely_tempting_,130000,97,0,32500.0,0.0,0,2026-10-05,2026-10-01,4,true,The video presents a step-by-step cooking tutorial titled 'The Easiest Chicken Fry Ever.' ...,"The video presents a step-by-step cooking tutorial titled 'The Easiest Chicken Fry Ever.' It begins with oil being poured into a stainless steel pressure cooker on an induction cooktop. Raw bone-in chicken pieces are added, followed by salt and multiple powdered spices including red chili powder and a brown spice blend. The ingredients are stirred together as steam rises, then a liquid (appearing to be water or tomato-based sauce) is added and mixed in. The pot is covered with a lid to cook. After cooking, the lid is removed to reveal tender chicken in a rich reddish-brown gravy, which is garnished with chopped fresh cilantro. The final scene shows the chicken served over a mound of white rice on a plate, with a hand picking up a piece to display the texture. The audio features upbeat South Indian-style music with male vocals throughout, but no spoken narration. The overall tone is instructional and appetizing, focused solely on food preparation.
Entities products=cooking oil, raw chicken pieces, stainless steel pot, metal spoon, ginger-garlic paste, ground spices, fresh cilantro, white rice, ceramic plate
Author 【entity-Meghana¦handle=@uniquely_tempting_¦author_id=user-222159808035668451884】
AuthorURL https://www.instagram.com/uniquely_tempting_
7.9K Followers
Language en


【cd01】
URL https://www.instagram.com/reel/Dd8XADfRZUz/
Type video
Created 2026-10-01 07:22:13 UTC
1.6K Likes
170 Comments
Summary: A young woman identified as Simple Preeti Vlogs from Kolkata demonstrates a viral social media 'trick' in a short-form reel dated October 1, 2026. Speaking in Bengali, she claims to make jelly cheaply using milk and Colgate toothpaste. Visually, she pours white toothpaste into a bowl of milk, stirs, adds red Closeup toothpaste for color, and places the mixture in a refrigerator with an on-screen '24 Hours' graphic. After the time lapse, she shows a pink, stretchy gel-like substance, then returns to the white milk-toothpaste mix, stirring it and pouring it between bowls while smiling and expressing excitement. She gestures for likes ('60K Like') and teases 'Part -2,' asking viewers to follow. The tone is cheerful, experimental, and promotional, typical of Instagram Reels science/fun content. The core action involves combining an oral hygiene product with a food item and suggesting it is edible, which is presented as a harmless hack but carries risk of unsafe imitation by viewers.
Entities products=white toothpaste, red toothpaste, milk
Author 【entity-Simple Preeti Vlogs¦handle=@simplepreetivlogs¦author_id=user-082960805907274822265】
AuthorURL https://www.instagram.com/simplepreetivlogs
59K Followers
Language en


【a629】
URL https://www.instagram.com/reel/Dd_-J5Aiazx/
Type video
Created 2026-10-02 17:03:50 UTC
7.3K Likes
1.4K Comments
Summary: In this October 2026 TikTok-style video, fitness creator Hadrian (@firsttakehadrian) presents 'Hype or Hoax – Episode 241,' testing a viral 'Rice Paper Big Mac Spiral.' Filmed in a home kitchen, he demonstrates making the dish by dipping rice paper sheets in egg wash, layering cooked ground beef, diced pickles, onions, and shredded mozzarella, rolling into a cylinder, coiling into a spiral, topping with sesame seeds, and baking at 400°F for 15 minutes. He frames it as a high-protein (claimed ~100g), macro-friendly alternative to McDonald's, crediting @thechefoutwest. Throughout, he shares personal anecdote—his mom loves Big Macs, he prefers McChicken—and repeatedly promotes his coaching business and asks viewers to follow, like, and comment 'viral' for his top 10 recipes. After baking, he tastes the spiral, reacts with extreme enthusiasm ('absolutely elite,' '9.3 out of 10,' 'almost getting emotional'), places it in a McDonald's Big Mac box for comparison, and declares it superior to the real thing. The video ends with him continuing to eat and encouraging others to try the recipe.",template,true,strong,复刻「最简单鸡肉咖喱」：压力锅一锅版，全英文讲解+米饭拌开吃播镜头,recipe-walkthrough,7,true,,true,watchlist 近7天 ≥11 账号做同款,non-us,南印度风格音乐+印度香料烹饪语境,false
2026-10-05,food,5,https://www.instagram.com/reel/Dd8uC3YNL-5,@shazstoriez,130000,3500,0,32500.0,0.0,0,2026-10-05,2026-10-01,4,true,"A short-form food review video posted October 1, 2026 by creator @shazstoriez (@shafaz_sha...","A short-form food review video posted October 1, 2026 by creator @shazstoriez (@shafaz_shaz) showcases a 'Belgium Chocolate Pistachio Chocostick' available at Pravasi Souq Stores in Kerala. The clip opens with close-up shots of hands tearing open small green foil packets on a dark couch, revealing a round chocolate-coated snack covered in chopped pistachios. The creator breaks one open to display a bright green, stretchy pistachio cream interior. He then appears on camera wearing a maroon button-down shirt in front of a wooden door, tastes the piece, chews thoughtfully, and reacts with approval while speaking in Malayalam. The tone is casual and promotional, typical of a Kerala food blogger highlighting a trending viral chocolate snack for pistachio lovers.",personality,false,strong,做 viral 巧克力零食开箱：买一款开心果巧克力试吃打分，撕开拉丝特写,taste-test-pov,11,true,,true,watchlist 近7天 ≥13 账号做同款,non-us,马拉雅拉姆语讲解+喀拉拉本土零食,false
2026-10-05,food,6,https://www.instagram.com/reel/Dd9Y3Iiytlf,@iamtarunrathore,120000,590,0,30000.0,0.0,0,2026-10-05,2026-10-01,4,true,"This is a Hindi-language comedy reel posted October 1, 2026, by creator @iamtarunrathore, ...","This is a Hindi-language comedy reel posted October 1, 2026, by creator @iamtarunrathore, set in Delhi/Mumbai nightlife. Titled on-screen 'After Effects of Protest on Girlfriend', it follows a young couple through several night-time locations. The woman, wearing a brown 'MADE ME HOT' t-shirt, repeatedly breaks into loud protest-style demands for small purchases — 'Ek Kachodi Do Samosa', tea, a blue shirt, four toffees — while the man, in a beige t-shirt, reacts with exasperation, playing along. Scenes cut from a street food stall with snacks under a yellow net, to an outdoor cafe where she is on her phone and he feigns headache, to a clothing store where he holds up a blue shirt, to a candy counter in front of Coca-Cola fridges. Their interactions are theatrical, with shouting, finger-pointing, and mock resistance, culminating in him playfully picking her up. The tone is lighthearted and relatable relationship humor, using the cultural trope of Indian street protests as a punchline for everyday couple dynamics.
Culture moment=Indian protest slogan meme trend; significance=Reflects how online creators repurpose political chants for relationship humor, signaling mainstreaming of activism language.; origin=Originates from widespread street protests in India where 'Inquilab Zindabad' style slogans are common.",template,true,none,,,0,false,Q1 单人能拍吗失败：需要情侣双人+夜间多地点拍摄,false,,non-us,印地语对白+印度情侣梗文化语境,false
2026-10-05,food,7,https://www.instagram.com/reel/Dd_VrP4o2Uu,@the_real_anamika21,25000,180,0,8333.3,0.0,0,2026-10-05,2026-10-02,3,true,This is a Hindi-language Indian food-vlog/reel by creator Anamika Sharma (@the_real_anamik...,"This is a Hindi-language Indian food-vlog/reel by creator Anamika Sharma (@the_real_anamika21), posted October 2, 2026. The video follows the 'viral spicy cucumber' trend. Anamika first watches a clip on her phone of someone eating a cucumber suggestively, then prepares her own version in a home kitchen with pink walls. She washes a cucumber, peels it, cuts it in half, hollows out the center, soaks tamarind in water, mixes it with chili flakes and spices, coats the rim with chili-salt powder, and fills the cucumber cups with the tangy-spicy liquid. She presents the finished snack to an older woman (likely her mother, wearing a red kurta), who tastes it and reacts with dramatic facial expressions of heat and surprise before smiling. Anamika then tastes it herself and has a similar exaggerated spicy reaction. The tone is lighthearted, familial, and comedic, centered on food preparation and reaction, with underlying sexual innuendo tied to the cucumber meme.
Culture moment=viral cucumber trend; significance=Part of 2025-2026 social media wave where creators stuff cucumbers with spicy mixtures, often referencing the vegetable's phallic meme status.; origin=TikTok and Instagram Reels food challenge culture
Entities people=Anamika Sharma (Author Name); products=green cucumber
Humor type=Situational; explanation=The humor comes from the classic mother-daughter prank setup combined with the universally relatable pain of unexpected extreme spiciness. The creator builds anticipation by presenting the innocent-looking cucumber cup, then the mother's theatrical suffering—eyes squeezed shut, hand fanning, questioning if she will be killed—creates schadenfreude comedy. This is amplified by the cultural familiarity of Indian families teasing each other with chili, and the meta-layer of the viral cucumber meme itself, where audiences expect both the food hack and the innuendo. The contrast between the calm preparation and the explosive reaction delivers a satisfying bait-and-switch that is typical of successful Reels humor.
Author 【entity-Anamika Sharma¦handle=@the_real_anamika21¦author_id=user-123895326938946197904】
AuthorURL https://www.instagram.com/the_real_anamika21
1.5K Followers
Language en


【c2ac】
URL https://www.instagram.com/reel/DeEYivEvV3w/
Type video
Created 2026-10-04 10:13:50 UTC
20K Likes
280 Comments
Summary: This is a Kannada-language food reel by creator Akash Bashyam (@akash_bashyam), posted from Bangalore, India, showcasing how to make Mutton Biryani. The video opens with the host, a man with a gray beard wearing a black leather jacket over a white t-shirt, speaking energetically to camera against a black backdrop with a YouTube Silver Play Button visible above him. The tutorial then proceeds step-by-step: slicing red onions, tomatoes, and lemon; washing chopped cilantro and green chilies; rinsing basmati rice; marinating raw mutton shanks with yogurt, spices, herbs, and sliced onions; frying onions until crisp; boiling rice with whole spices like star anise and bay leaf; building the biryani gravy with oil, fried onions, and red chili powder before adding the marinated meat; layering cooked rice over the meat with more herbs and fried onions; sealing the pot with a heavy stone weight to steam; and finally plating the biryani garnished with cilantro, tomato slices, and onion rings alongside raita. The video concludes with the host sharing the plate with a younger man in glasses and a headband, both tasting the biryani enthusiastically and reacting positively. The overall tone is enthusiastic, instructional, and celebratory, typical of viral Indian food content.",challenge,true,strong,复刻 viral 辣黄瓜杯：罗望子酸辣汁+辣度反应，英文版记录翻车,snack-hack,7,true,,true,watchlist 近7天 ≥8 账号做同款,non-us,印地语+印度家庭语境+罗望子风味体系,false
2026-10-05,food,8,https://www.instagram.com/reel/DeExrHJJvjg,@fahiramira,4500,100,0,4500.0,0.0,0,2026-10-05,2026-10-04,1,true,"This 2026 social media video documents a street-food experience in India, posted by creato...","This 2026 social media video documents a street-food experience in India, posted by creator Fahira Almira (@fahiramira). The clip opens with on-screen text 'COBAIN DOSE INDIA' as a bearded male vendor in a grey '3' t-shirt prepares a giant dosa at an outdoor stall. He sprinkles water on the hot griddle, finely dices red onions and green chilies, mixes them, then pours white batter and spreads it into a very large thin circle. He tops it with the onion mixture, adds a yellow spiced potato filling, folds the dosa into a triangle, and plates it. The scene shifts indoors to the creator, a young woman with long brown hair in a pink top, seated under a wall fan. She holds the enormous dosa with two small metal bowls of chutney/sambar, with on-screen text 'BINGUNG MULAI DARI MANA MAKAN NYA' expressing confusion about where to start. She tears off a piece, tastes it, and reacts positively, saying in Indonesian that it's big, has seasoning, tastes like potato, and is delicious ('Enak kok'). The video ends with her recommending viewers try it in India.
Entities people=Fahira Almira (Author Name)
Author 【entity-Fahira Almira¦handle=@fahiramira¦author_id=user-963976509292765284002】
AuthorURL https://www.instagram.com/fahiramira
Verified
1.9M Followers
Language en


【c871】
URL https://www.instagram.com/reel/DeAExfCIXjC/
Type video
Created 2026-10-02 17:59:57 UTC
15K Likes
670 Comments
Summary: This is a short-form comedy reel by creator Faheem Qureshi (@qureshi__faheem), posted October 2, 2026. The video opens with a close-up of the creator in a pink shirt speaking directly to camera indoors. On-screen Hindi text reads 'Jane do kachori samose wale mardon ke liye bol rahi,' while he delivers a punchline about the viral 'do kachori ek samosa' trend, joking that the phrase refers to men who eat those snacks and cannot be trusted. The scene cuts to an outdoor street-food setting where the same man, now in a striped polo, sits eating a plate of kachori/samosa chaat topped with sev and chutney, taking bites and looking at the camera. A second clip shows a young boy outdoors by a yellow railing, laughing loudly while holding a small cup. The overall tone is lighthearted, playful, and rooted in Indian street-food culture and internet meme humor, with no explicit content, violence, or adult themes.
Culture moment=do kachori ek samosa trend; significance=Reflects Indian social media meme culture where food preferences become shorthand for masculinity jokes.; origin=Indian short-form video platforms",personality,false,weak,,taste-test-pov,11,true,,true,watchlist 近7天 ≥13 账号做同款,non-us,印尼语字幕+印尼创作者在印度街头试吃,false
2026-10-05,food,9,https://www.instagram.com/reel/Dd_ECMPTZim,@shivikirasoi,12000,22,0,4000.0,0.0,0,2026-10-05,2026-10-02,3,true,This is a short-form cooking reel by creator @shivikirasoi (@Shivi Ki Rasoi) posted from I...,"This is a short-form cooking reel by creator @shivikirasoi (@Shivi Ki Rasoi) posted from India on October 2, 2026, titled 'वायरल मसाला पराठा' (Viral Masala Paratha). The video demonstrates a layered stuffed paratha recipe. A rolled-out dough circle is topped with oil, red chili powder, other spices, salt, and chopped cilantro, which is spread evenly. The dough is cut, folded into a cone, coiled, and re-rolled flat. Toppings of sev (crispy chickpea noodles), chopped onions, sliced red chilies, and more cilantro are pressed onto the surface, then it is rolled again. The paratha is cooked on a hot tawa, flipped until golden brown and crisp, and presented on paper. The tone is bright and instructional, set to lively Indian folk music, emphasizing a spicy, homemade desi breakfast snack.
Entities products=masala paratha, sev
Author 【entity-Shivi Ki Rasoi¦handle=@shivikirasoi¦author_id=user-428541369743546326137】
AuthorURL https://www.instagram.com/shivikirasoi
64K Followers
Language en


【4d4d】
URL https://www.instagram.com/reel/DeFQ87JNwvo/
Type video
Created 2026-10-04 18:24:09 UTC
43K Likes
1.1K Comments
Summary: A male creator (@hamodyhb) films himself attempting the viral 'onion stuffed with Indomie' trend, captioned in Arabic 'I tried making the onion Indomie trend'. Speaking in Iraqi Arabic, he gathers groceries including onions, instant noodles, tomato paste, butter, and cheese. He boils and seasons the noodles, hollows out peeled onions, stuffs them with the noodles, arranges them in a foil tray, covers them with a spicy tomato-butter sauce, and bakes them until the tops are charred. After baking, he presents the finished dish, eats it with evident enjoyment, slurping noodles and commenting on the taste ('very tasty', 'highly recommend'). The tone is energetic, informal, and comedic, typical of short-form cooking challenge videos, with no sexual, violent, or hazardous content.
Culture moment=onion stuffed Indomie trend; significance=Reflects ongoing social media food-hack culture where creators combine unlikely ingredients for shock value.; origin=Referenced by creator as a TikTok trend",template,true,strong,复刻 viral masala paratha：层压折叠过程特写+切开展示千层,recipe-walkthrough,7,true,,true,watchlist 近7天 ≥11 账号做同款,non-us,印地语食谱名+印度民间音乐,false
2026-10-05,food,10,https://www.instagram.com/reel/DeCOgwIhnvE,@imashleybreannn,7700,200,0,3850.0,0.0,0,2026-10-05,2026-10-03,2,true,"This is a bright, fast-paced cooking tutorial posted October 3, 2026, by creator Ashley Br...","This is a bright, fast-paced cooking tutorial posted October 3, 2026, by creator Ashley Breann (@imashleybreannn). The video demonstrates how to recreate the viral Lobster Caesar Wrap from @broadstreetoysterco at home with a personal twist. On-screen text reads 'LET'S MAKE A LOBSTER CAESAR WRAP' throughout. The process begins with making lemon parmesan breadcrumbs by toasting panko in butter and oil, then mixing with grated parmesan, lemon zest, and chives. Next, a Calabrian chili Caesar dressing is prepared by combining store-bought Caesar dressing with chopped Calabrian peppers. Frozen wild-caught Atlantic lobster meat is sautéed in melted butter with sliced garlic, then finished with lemon juice and chives. Finely chopped romaine lettuce is tossed with the spicy Caesar dressing. Assembly occurs on a large flour tortilla layered with the dressed lettuce, breadcrumbs, warm lobster meat, and additional grated parmesan before being tightly rolled and sliced in half. The final shots show the cross-section of the wrap and dipping it into extra Calabrian chili Caesar sauce. The setting is a sunlit kitchen with white roses in the background, and the creator's hands with red nail polish are visible throughout. The tone is instructional, appetizing, and celebratory, set to an energetic dancehall/reggae track.
Culture moment=viral lobster Caesar wrap trend; significance=Reflects TikTok-era food recreation culture where restaurant dishes are copied at home.; origin=Broad Street Oyster Co",template,true,strong,复刻 viral 龙虾凯撒卷：用蟹棒/虾仁平替龙虾肉，对比成本打分,copycat-recipe,3,true,,false,,us-likely,美式食谱文化、Broad Street Oyster Co、英语,true
2026-10-05,food,11,https://www.instagram.com/reel/Dd3xUNUohWq,@satyam_vlogs.44,23000,180,0,3833.3,0.0,0,2026-10-05,2026-09-29,6,true,The video features a young male street food vendor at an outdoor cart under a corrugated m...,"The video features a young male street food vendor at an outdoor cart under a corrugated metal roof, cooking a reddish-orange chaat mixture on a large flat tawa. He wears a maroon shirt and red scarf, and speaks energetically in Hindi while holding a spatula and an onion, gesturing to promote his food. On-screen text reads ""😂 चाट वाला 😂"" throughout. The audio consists of his rapid-fire sales pitch claiming his chaat costs 20 rupees, is extremely tasty, and will make customers famous. The video is edited with brief cutaway reaction clips — including a man in a suit pointing, a man drinking from a cup, a smiling boy, a screaming child, and a clip from Kaun Banega Crorepati — typical of Indian social media comedy reels. The overall tone is humorous and promotional, depicting everyday street food culture.
Entities people=Amitabh Bachchan (Vision Model Only)
Humor type=Situational; explanation=The humor arises from the absurd escalation of a normal chaat seller into a hyperbolic pitchman who claims his product is so good that eating his wife's version makes men abandon their families. This plays on familiar Indian street-vendor tropes—loud hawking, price shouting, and regional pride—while inserting unrelated viral reaction clips (the suited man pointing, the screaming child, Amitabh Bachchan's KBC celebration) as punchline amplifiers. The juxtaposition of mundane cooking with grandiose promises creates situational irony, and the repeated 'chāt wala' text with laughing emojis frames it as self-aware comedy rather than genuine advertising. Cultural familiarity with Pawan Singh references adds local resonance for Hindi-speaking audiences.
Author 【entity-Desi Satyam 🤟🏻¦handle=@satyam_vlogs.44¦author_id=user-366079078475976964509】
AuthorURL https://www.instagram.com/satyam_vlogs.44
160K Followers
Language en


【39e7】
URL https://www.instagram.com/reel/Dd6whDYp77y/
Type video
Created 2026-09-30 16:25:22 UTC
42K Likes
200 Comments
Summary: The video is a short comedic skit filmed at an outdoor Indian street food stall selling fried snacks. On-screen text reads 'My Feed without any reason!' and the creator caption is 'Ek Kachodi do Samosa!'. A young man in a black shirt orders one kachori and one samosa. The female vendor, wearing a black low-cut top, repeats the order and delivers the meme punchline questioning men's trustworthiness. In the background, two men—one younger in a dhoti and one older shirtless man with a dhoti and tilak—react by dancing and gesturing playfully while the main pair look on. The tone is lighthearted and satirical, typical of viral Indian social media content commenting on gender dynamics, with no violence, profanity, or explicit material beyond mild suggestive clothing.
Culture moment=Ek kachori ek samosa in mardon ka kya bharosa meme; significance=Reflects ongoing Indian social media trend of using food rhymes to express distrust toward men.; origin=Viral Hindi reel audio popularized in 2025-2026",personality,false,none,,,0,false,Q1 单人能拍吗失败：需要街边摊+路人+印地语叫卖场景,false,,non-us,印地语叫卖+20 卢比定价+印度街边摊,false
2026-10-05,food,12,https://www.instagram.com/reel/Dd3p_h4gpw_,@yogitaa_ghadage,20000,22,0,3333.3,0.0,0,2026-10-05,2026-09-29,6,true,The video shows a step-by-step preparation of a stuffed cucumber snack on a wooden board s...,"The video shows a step-by-step preparation of a stuffed cucumber snack on a wooden board surrounded by artificial green leaves. A hand peels a whole cucumber with a purple peeler, then cuts it into two sections and uses a small tool to scoop out the inner seeds and pulp, creating hollow tubes. Separately, dried tamarind pieces are placed in a white bowl, water is poured over them, and they are mashed to extract the pulp, forming a dark brown liquid. Spices, lime juice, and the reserved cucumber seeds are added to the tamarind mixture and stirred. Red chili powder is spread on a plate, and the open end of each hollowed cucumber piece is dipped into it to coat the rim. Finally, the tamarind sauce is spooned into the hollowed cucumbers, which are presented as finished stuffed snacks.
Entities products=fresh cucumber, purple vegetable peeler, round wooden cutting board, white fluted bowl, dried tamarind, red chili powder, lime wedge
Author 【entity-Yogitaa Ghadage¦handle=@yogitaa_ghadage¦author_id=user-335723224250682254367】
AuthorURL https://www.instagram.com/yogitaa_ghadage
32K Followers
Language en",template,true,strong,复刻 stuffed cucumber snack：挖空黄瓜填罗望子辣酱，英文记录口感,snack-hack,7,true,,true,watchlist 近7天 ≥8 账号做同款,non-us,罗望子+辣椒盐印度街头风味语境,false
2026-10-05,food,13,https://www.instagram.com/reel/Dd4PYKFSjWL,@letsgrow.mom,18000,140,0,3000.0,0.0,0,2026-10-05,2026-09-29,6,true,This is a short-form cooking reel by creator Valerie (@letsgrow.mom) demonstrating her 'Mi...,"This is a short-form cooking reel by creator Valerie (@letsgrow.mom) demonstrating her 'Million Dollar Tortellini Bake.' Filmed in a bright modern kitchen with white herringbone tile, the video shows the step-by-step process: browning one pound of ground beef in a large oven-safe skillet, pouring in Rao's Homemade Marinara sauce, then adding uncooked Rana Five Cheese Tortellini. She incorporates cubed cream cheese, Daisy sour cream, and grated Parmesan, stirring until creamy, then tops the mixture generously with shredded Tillamook Whole Milk Mozzarella. The covered skillet is placed in a 375°F oven, then broiled briefly until golden and bubbly. The final shots highlight the finished dish — rich red sauce, melted cheese with a dramatic cheese pull — being scooped into a white bowl and eaten with a fork. The audio narration emphasizes it as an easy, comforting, one-pan weeknight meal requiring minimal prep and cleanup, ideal for busy families. The tone is warm, practical, and mom-focused, with on-screen hashtags like #easydinners and #kidfriendlyfood.",template,true,strong,实测 million dollar tortellini bake：一锅烤意面，英文讲成本+拉丝特写,recipe-walkthrough,7,true,,true,watchlist 近7天 ≥11 账号做同款,us-likely,Rao's/Daisy/Tillamook 美国品牌、妈妈博主英语,false
2026-10-05,food,14,https://www.instagram.com/reel/Dd_faHYvzET,@mixmunch25,8400,6,0,2800.0,0.0,0,2026-10-05,2026-10-02,3,true,This is a short-form food preparation Reel by creator @mixmunch25 (@mixmunch25 | Mix & Mun...,"This is a short-form food preparation Reel by creator @mixmunch25 (@mixmunch25 | Mix & Munch) posted October 2, 2026, titled ""Spicy Guava Masala"". The video is a close-up, hands-only demonstration on a wooden surface. A whole green guava is shown, then a hand uses a knife to slice off the top, scoop out the inner pulp and seeds with a spoon, and create a cavity. Red chili powder is sprinkled in, followed by white salt, and several dried red chilies are inserted. A wooden stick is used to mash and mix the ingredients inside the fruit, creating a wet, spicy filling. Finally, the guava is cut in half to reveal the seasoned interior. The tone is bright, colorful, and appetizing, typical of viral street-food/mocktail content, with decorative pink flowers in the frame. No dialogue is heard; background music plays. The content is entirely culinary with no safety risks.
Entities products=green guava fruit, dried red chilies, red chili powder
Author 【entity-Mix & Munch¦handle=@mixmunch25¦author_id=user-286146900834373637101】
AuthorURL https://www.instagram.com/mixmunch25
51K Followers
Language en",template,true,strong,复刻 spicy guava masala：番石榴挖空填辣椒盐，英文版辣度打分,snack-hack,7,true,,true,watchlist 近7天 ≥8 账号做同款,non-us,印度街头辣椒盐水果风味语境,false
2026-10-05,food,15,https://www.instagram.com/reel/Dd_FShfsBKL,@itzshauni,6900,16,0,2300.0,0.0,0,2026-10-05,2026-10-02,3,true,"A young woman with long wavy brown hair with bright pink streaks, wearing a light blue hoo...","A young woman with long wavy brown hair with bright pink streaks, wearing a light blue hoodie, attempts to make an 'Oreo Lava Cake' in her kitchen after watching a viral-style AI-generated tutorial. The tutorial, featuring a 3D animated man in a purple shirt, instructs her to drop Oreos into a mug, smash them with a spoon, add a splash of milk and flour, mix, and microwave for 90 seconds. She replicates each step using a green mug that says 'PETS NOT PEOPLE,' crushing the cookies with a fork, adding milk from a glass, stirring in flour, and microwaving the mixture. After cooking, she removes the dark, dense-looking mug cake, tastes it on a fork, and reacts with visible disappointment and surprise, describing it as looking disgusting and noting it slaps rather than being gooey. The tone is lighthearted and comedic, contrasting the polished AI demo with her real-world messy result.
Entities products=Oreo chocolate sandwich cookies
Humor type=Situational; explanation=The humor arises from the classic expectation-versus-reality gap common in viral cooking videos. The polished, confident AI avatar presents a perfect 'yummy Oreo lava cake' with clean animations, while the real creator's version emerges dark, lumpy, and visually unappealing. Her exaggerated facial reactions—from hopeful to horrified to begrudgingly impressed—mirror the audience's own skepticism about 2-ingredient hacks. This self-deprecating participation in a known internet trope, where overly simple recipes rarely deliver, creates situational comedy without scripted jokes, relying on authentic disappointment and the universal experience of failed DIY food trends.
Author 【entity-Shauni 🫶¦handle=@itzshauni¦author_id=user-266669659465866125961】
AuthorURL https://www.instagram.com/itzshauni
Verified
520K Followers
Language en


【72f5】
URL https://www.instagram.com/reel/DeBMAgTTU4J/
Type video
Created 2026-10-03 04:23:10 UTC
10K Likes
110 Comments
Summary: This is a recipe video by creator Martin Praja (@martinpraja) demonstrating how to make 'Potato Ring,' a savory fried snack. The video opens with shots of the finished golden-brown, donut-shaped potato rings on a plate with red dipping sauce, followed by the creator breaking one open to show the soft interior and dipping it in sauce while exclaiming 'Yummy! Yummy!' The tutorial then shows the preparation steps: mashing steamed potatoes, adding diced smoked beef, grated carrot, cornstarch, salt, MSG Sasa, and pepper, mixing thoroughly, then incorporating all-purpose flour. The mixture is formed into 30-gram donut shapes, coated in a wet batter made from Sasa all-purpose flour, then rolled in breadcrumbs. The rings are deep-fried until golden brown and crispy. The video concludes with more beauty shots of the finished product and a call to follow @MARTINPRAJA for more recipes. The tone is upbeat, instructional, and promotional, aimed at home cooks looking for a kid-friendly frozen-food option.
Entities people=Martin Praja (Post Caption); products=potato ring snack, smoked beef, Sasa all-purpose flour, breadcrumbs, ketchup sauce
Author 【entity-Martin Natadipraja¦handle=@martinpraja¦author_id=user-154079536229816699371】
AuthorURL https://www.instagram.com/martinpraja
Verified
2.2M Followers
Language en


【49f8】
URL https://www.instagram.com/reel/Dd1Spbxxpka/
Type video
Created 2026-09-28 13:30:31 UTC
710 Likes
360 Comments
Summary: A woman in a modern kitchen presents a recipe for 'viral dirty cabbage' with an Asian-inspired twist. The video opens with close-ups of the finished dish in a pan, topped with crumbled nori and sesame seeds, labeled 'DIRTY CABBAGE.' She then demonstrates the cooking process: sautéing chopped scallions and garlic, adding a whole head of roughly chopped cabbage in batches with water to steam it down, seasoning with ponzu/tamari (shown as Flying Goose brand), scrambling two eggs directly into the pan, and finishing with more scallions, sesame oil, a spoonful of 'Crunchy Chili Onion' chili crisp, crushed seaweed snacks, and toasted white sesame seeds. She plates the dish alongside arugula and cucumber, holds up the pan smiling, and takes a bite with chopsticks. The audio narration explains the steps and describes the result as comforting, high-fiber, high-protein, and an easy, healthy dinner.
Culture moment=viral dirty cabbage trend; significance=References popular social media weeknight dinner hack.; origin=social media food trend
Entities products=stainless steel frying pan, soy sauce, crunchy chili onion, white sesame seeds, nori seaweed, pink chopsticks
Author 【entity-Nicole Berrie¦handle=@bonberi¦author_id=user-668115780024907171464】
AuthorURL https://www.instagram.com/bonberi
Verified
110K Followers
Language en


【eb64】
URL https://www.instagram.com/reel/Dd3vU64M2I3/
Type video
Created 2026-09-29 12:21:18 UTC
2.9K Likes
81 Comments
Summary: This is a short-form cooking tutorial demonstrating how to make 'Viral Spicy Cucumber,' presented as a snack or drink served in hollowed-out cucumber cups. The video opens with the finished product: three pale green cucumber cylinders standing on a white plate, their rims coated in red chili powder and filled with a dark brown liquid. The preparation begins by soaking tamarind pulp in water, then mashing it by hand to create a thick tamarind paste. A fresh cucumber is peeled, cut into sections, and its interior pulp is scooped out with a tool. This scraped cucumber pulp is added to the tamarind liquid, followed by seasonings including chili powder, salt, black pepper, and cumin powder, which are mixed together. Separately, a spice mixture of chili powder and salt is prepared on a plate. The hollowed cucumber pieces are dipped rim-first into this dry spice to coat the edges. Finally, the tamarind-cucumber mixture is ladled into the spiced cucumber cups. The video concludes with close-up shots of the completed spicy cucumber shots, held up to show the texture, set against a bright, sunlit background with decorative plants. The overall tone is instructional and visually appealing, typical of viral food content.
Entities products=cucumber, tamarind, red chili powder, white ceramic bowl, wooden cutting board, golden spoon, metal ladle, mortar and pestle
Author 【entity-Renuka Salunke¦handle=@homecheff_renu¦author_id=user-250274170218368853790】
AuthorURL https://www.instagram.com/homecheff_renu
390K Followers
Language en


【00eb】
URL https://www.instagram.com/reel/DeELpx3TBm5/
Type video
Created 2026-10-04 08:16:17 UTC
3.3K Likes
30 Comments
Summary: A couple demonstrates how to make Filipino street food kwek kwek 'straight from the source' in a modern home kitchen. The video opens with finished fried snacks being dipped in a vinegar-onion sauce. The process then rewinds to preparation: a woman in a navy chef jacket fills a metal bowl with tap water, adds salt, then mixes in flour, baking powder, and red and yellow food coloring to create an orange batter. A man in a blue t-shirt holds a spatula and narrates in Tagalog, explaining their family business and the steps. Quail eggs are coated in dry flour first, then dipped into the thick orange batter, and deep-fried in hot oil until golden. Both plain fried eggs and battered orange balls are shown draining on a rack. The pair and two other women then taste the kwek kwek with the spicy vinegar dip, reacting positively. The overall tone is casual, educational, and cheerful, presented as a family food vlog.
Entities people=Kath Navarra (Post Caption); products=kwek kwek, quail eggs, all-purpose flour
Author 【entity-Kath and Gene¦handle=@kathandgene_¦author_id=user-027218353635790388202】
AuthorURL https://www.instagram.com/kathandgene_
Verified
250K Followers
Language en


【aca8】
URL https://www.instagram.com/reel/Dd47uvrvkDT/
Type video
Created 2026-09-29 23:25:30 UTC
320K Likes
770 Comments
Summary: A woman demonstrates a '1-INGREDIENT Chocolate Mousse' recipe. The video opens with close-ups of a finished, airy brown mousse in a grey bowl, with text stating 'NO DAIRY | NO CREAM | NO COCONUT'. The creator, identified by voiceover as Bethany, explains she makes five-ingredient-or-less recipes for IBS. She shows adding water ('JUST WATER') and chocolate chips to a blender, blending until smooth and frothy, then pouring the liquid mixture into a bowl. After refrigeration overnight, the mixture sets into a mousse-like texture, which she scoops with a spoon to show its light, creamy consistency. The tone is instructional and promotional for her recipe content.
Entities people=Bethany (Post Caption); products=chocolate chips, countertop blender, serving bowl
Author 【entity-Bethany¦handle=@lilsipper¦author_id=user-495368028791995555648】
AuthorURL https://www.instagram.com/lilsipper
Verified
2M Followers
Language en",personality,false,strong,实测 viral Oreo lava cake：AI 教程 vs 现实翻车对比，保留失败镜头,snack-hack,7,true,,true,watchlist 近7天 ≥8 账号做同款,unknown,英语创作者，无明确国家/城市标记,false
2026-10-05,food,16,https://www.instagram.com/reel/DeER4a2s3nt,@charlotteryan_____,2200,56,0,2200.0,0.0,0,2026-10-05,2026-10-04,1,true,"In this 2026 London-based cooking video, creator Charlotte Ryan (@charlotteryan_____) pres...","In this 2026 London-based cooking video, creator Charlotte Ryan (@charlotteryan_____) presents a 'Tartar Dipped Fish Burger,' inspired by viral dipped-burger trends. She begins by making a homemade tartar sauce from finely chopped shallot, dill, parsley, tarragon, capers, cornichons, lemon juice, and low-fat mayo, letting flavors meld. For the fish, she coats cod fillets in plain flour, then dips them in a beer batter made with self-raising flour, cornflour, and beer before deep-frying until golden and crispy. She prepares chips from Maris Piper potatoes, cutting them thick, parboiling, tossing in cornflour, salt, and oil/butter, then baking for 30 minutes and finishing with malt vinegar, flaky salt, and rosemary. Assembly involves toasting a brioche bun with mayo, layering the fried fish, American cheese, more tartar sauce, lettuce, and suggesting trout caviar for cross-section appeal. The final plating spreads a generous bed of tartar sauce on a metal tray, places two assembled burgers and the chips on top, adds a dollop of caviar, and shows the sauce-soaked interior. She tastes it, calling it savory, sumptuous, and 'undeniably filthy.' The tone is enthusiastic, instructional, and indulgent.
Culture moment=viral dipped burgers trend; significance=References popular social media format of dipping entire sandwiches into sauce, positioning this as elevated version.; origin=TikTok food trend
Entities products=cod fillets, tartar sauce, beer, Maris Piper potatoes, trout caviar, brioche bun, American cheese slice
Author 【entity-Charlotte Ryan¦handle=@charlotteryan_____¦author_id=user-263513195668306178825】
AuthorURL https://www.instagram.com/charlotteryan_____
16K Followers
Language en


【1ee8】
URL https://www.instagram.com/reel/Dd7d8B_k3GL/
Type video
Created 2026-09-30 23:02:44 UTC
590K Likes
2.3K Comments
Summary: A woman identified as Rebecca Chobat of @dtdinners (Dollar Tree Dinners) presents an updated homemade Crunchwrap Supreme recipe, noting she is a former Taco Bell employee and that her original viral video was over a year old. Filmed September 30, 2026, the tutorial walks through every component: she cooks 1 lb lean ground beef in a pan with water and taco seasoning, breaking it up finely until the liquid reduces to a soft texture. She prepares nacho cheese by heating a mix of Fritos Mild Cheddar and Jalapeño Cheddar canned cheese. She compares large tortillas, preferring the 12-inch Guerrero Sonora Style (noting Old El Paso Grande as an alternative), warms it briefly in a pan, then assembles on a countertop: seasoned beef, melted cheese, a Guerrero tostada shell, sour cream, shredded iceberg lettuce, and diced Roma tomato. She folds the edges into a hexagon, sears folded-side down for 10-15 seconds, flips to toast, then cuts the finished Crunchwrap in half to reveal the layered interior. The tone is instructional and casual, aimed at recreating the fast-food item at home.
Culture moment=copycat fast-food recipes; significance=Reflects ongoing TikTok trend of recreating chain restaurant items at home for cost and customization.; origin=Social media food creators popularizing DIY versions of Taco Bell menu items.",template,true,strong,复刻 viral tartar dipped fish burger：啤酒面糊炸鱼+自制塔塔酱，整只蘸酱展示,copycat-recipe,3,true,,false,,non-us,伦敦创作者、Maris Piper/malt vinegar 英式标记,false
2026-10-05,food,17,https://www.instagram.com/reel/DeDJNiiBYO2,@applesauceandadhd,6600,82,1400,1400.0,0.143,1,2026-10-04,2026-10-03,2,true,"In a home kitchen, creator Jessica Secrest (@applesauceandadhd) and a man named Matthew op...","In a home kitchen, creator Jessica Secrest (@applesauceandadhd) and a man named Matthew open a large purple Hostess Limited Edition Halloween gift box sent by Hostess. Jessica introduces their series 'Matthew Tries,' explaining it's an excuse for a late-night snack and that Matthew will try foods he's never had. After reading a note from Hostess wishing them a frightfully delicious Halloween, they reveal three products inside the haunted-house-shaped packaging: Hostess Donettes Frightfully Frosted mini donuts, Hostess Twinkies Chocolate Creme, and Hostess ScaryCakes Chocolate Cupcakes. They taste each item together, describing flavors like orange cream filling and chocolate cake, while a dog briefly interrupts by playfully biting Matthew's arm. The tone is casual, enthusiastic, and promotional, ending with Jessica encouraging viewers to comment suggestions for future 'Matthew Tries' videos and to follow along.
Entities people=Jessica Secrest (Author Name); products=Hostess Donettes Frightfully Frosted mini donuts, Hostess Twinkies Chocolate Creme, Hostess ScaryCakes Chocolate Cupcakes
Author 【entity-Jessica Secrest¦handle=@applesauceandadhd¦author_id=user-061417314455122656547】
AuthorURL https://www.instagram.com/applesauceandadhd
Verified
1.7M Followers
Language en


【a7e9】
URL https://www.instagram.com/reel/Dd7C-2DJy71/
Type video
Created 2026-09-30 19:08:15 UTC
260 Likes
13 Comments
Summary: In an outdoor parking lot setting, a woman with long dark hair and two young girls stand at the open trunk of a car to review 'Pops virales' from the brand PRONOIA. The woman holds up a paper bag labeled with the brand and begins tasting various freeze-dried candy pieces — including shapes resembling a banana, strawberry, blueberry, and cheese wedge — showing them to the camera before eating them. She reacts with exaggerated expressions of surprise and enjoyment, often making funny faces. The younger girl in a white shirt and the older girl in a gray 'NASHVILLE' shirt watch eagerly, reach for pieces, and also taste the candy, reacting with smiles and animated gestures. On-screen text reads 'Pops virales' and 'Pronola'. The interaction is playful and familial, ending with the woman speaking to the camera while holding a small microphone, with subtitles asking '¿Puedes comprar más?' ('Can you buy more?').
Culture moment=viral food tasting trend; significance=Participates in popular social media format of trying trending snacks with family reactions.; origin=TikTok/Reels viral snack culture
Entities products=viral freeze-dried candy pops, branded paper bag, branded paper cup
Author 【entity-MOMMY AND GIRLS | NAYELIS¦handle=@mommy.andgirls¦author_id=user-186411670245922538496】
AuthorURL https://www.instagram.com/mommy.andgirls
55K Followers
Language en


【122a】
URL https://www.instagram.com/reel/Dd9sW_dSJC6/
Type video
Created 2026-10-01 19:47:03 UTC
1.6K Likes
75 Comments
Summary: This is a short-form cooking tutorial from creator @form (FORM - Your journey to your best self) posted October 1, 2026, demonstrating how to make 'Viral S'mores Stuffed Dates' as a healthier sweet treat. The video shows a pair of hands with light-blue manicured nails working on a parchment-lined tray. Pitted dates are flattened under parchment with a cup, then topped with a spoonful of white marshmallow cream, a small square graham cracker (noted as Simple Mills Honey Cinnamon Thins), and finally covered with melted semi-sweet/dark chocolate mixed with olive oil. The treats are finished with a sprinkle of crushed cracker and flaky sea salt before being chilled. On-screen text reads 'Viral S'mores Stuffed Dates your new 3pm sweet treat' and later 'comment RECIPE for more!' The accompanying caption explains dates provide natural sweetness, fiber, and potassium, positioning the snack as a campfire-free alternative that can be made ahead and stored in the fridge. The tone is bright, instructional, and wellness-oriented, with upbeat background music.
Culture moment=viral s'mores stuffed dates trend; significance=Reflects 2020s health-conscious dessert hacks replacing traditional s'mores with whole-food ingredients.; origin=TikTok/Instagram food hack culture
Entities products=pitted dates, marshmallow cream, Simple Mills Honey Cinnamon Thins, semi-sweet dark chocolate chips, olive oil, flaky sea salt
Author 【entity-FORM¦handle=@form¦author_id=user-203991181703881895482】
AuthorURL https://www.instagram.com/form
Verified
410K Followers
Language en


【67fe】
URL https://www.instagram.com/reel/DeBtB_Zkz6h/
Type video
Created 2026-10-03 09:09:43 UTC
190 Likes
2 Comments
Summary: This is 'Day 16' of a series titled 'Eating at the Convenience Store in America' by creator Sonsern Lin (@hungryoc). The video follows him shopping at an American convenience store where he selects three items: a 'Fast Bites' frozen Cheeseburger, a Vero 'Takis Fuego' lollipop with chili powder to dip, and a PRIME 'Ice Pop' hydration drink. Back at home, he microwaves the cheeseburger, shows its cooked state, breaks it open to reveal the patty and cheese, and takes several bites while reacting to the taste. He then opens the purple-packaged Takis lollipop, pours the orange-red chili powder into a small decorative glass, repeatedly dips the cylindrical lollipop into the powder, and eats it, showing a strong spicy reaction. Finally, he pours some of the red-white-blue PRIME drink into the same glass and drinks it, ending with a thumbs-up. The tone is casual, first-person food review focused on novelty convenience-store products.
Entities products=frozen cheeseburger, chili lollipop, hydration drink
Author 【entity-Sonsern Lin (APPA)¦handle=@hungryoc¦author_id=user-258524402623394183794】
AuthorURL https://www.instagram.com/hungryoc
Verified
720K Followers
Language en


【6d01】
URL https://www.instagram.com/reel/DeBuvxzB7el/
Type video
Created 2026-10-03 09:25:45 UTC
1.9K Likes
5 Comments
Summary: A woman and a young boy sit together at a black marble table in front of a large wooden relief carving of a Thai village scene. The woman holds up a large jar labeled 'KALE' containing dried green kale chips, while the boy holds a colorful box of 'Strawberry Roll' candy from the brand Snackies.th. On-screen Thai text reads 'ผักเคล อบกรอบ' (crispy baked kale). They open the kale jar, the woman tastes a piece and encourages the boy to try it, he reacts with excitement saying 'อยากกินผักอ่ะ' (I want to eat vegetables). They both chew loudly and smile. Next, they open the strawberry roll box, pull out long red fruit leather strips, stretch them, and eat them together, with the boy exclaiming 'อร่อยมากกก' (very delicious). Later they dip the candy into small cups of chili-salt seasoning. The interaction is affectionate and playful throughout, with the woman guiding the child. The video ends with them holding both products up to the camera, smiling. The overall tone is cheerful, family-friendly product promotion.
Entities products=kale chips, strawberry fruit roll candy
Humor type=Situational; explanation=The humor arises from the genuine, unscripted reactions of a young child encountering unfamiliar healthy food. His initial eagerness to eat vegetables contrasts with the surprised realization that kale tastes like seaweed, creating a relatable parenting moment. The physical comedy of struggling to open tiny candy wrappers, followed by triumphant celebration, amplifies the charm. The woman's exaggerated encouragement and shared enjoyment turns a simple product demo into an endearing family vignette, leveraging the universal appeal of children's candid responses to food.
Author 【entity-Mi Pyo - มิ้เปลว¦handle=@pyopyo2211¦author_id=user-853741330915552356302】
AuthorURL https://www.instagram.com/pyopyo2211
160K Followers
Language en


【e163】
URL https://www.instagram.com/reel/DeDkYwpsev5/
Type video
Created 2026-10-04 02:34:46 UTC
52 Likes
4 Comments
Summary: A man sits in his car on a rainy day to review a new snack, Reese's Peanut Butter Oreos. He introduces the product, explaining he is a big fan of both Oreos and peanut butter and had to buy them when he saw them in the store. He opens the blue and red package, shows the rows of cookies inside, and holds up a single Oreo to display the peanut butter-colored filling. He tastes it dry, reacts positively with 'Oh yeah' and 'Mhm,' then decides to try it with milk, stating 'You know I gotta try it with some milk.' He dips the cookie into a glass of milk, eats it, and declares it 'way better with milk,' asking for another. After tasting a second milk-dipped cookie, he gives his final verdict while holding the package to the camera: 'So if you happen to go in the grocery store and see these, grab them. Ten out of 10.' The tone is enthusiastic, casual, and promotional, typical of a viral food-find reel.
Entities products=Reese's Peanut Butter Oreo cookies, glass of milk
Author 【entity-𝗚𝗿𝗮𝘁𝗲𝗳𝘂𝗹337 | Food Reviews¦handle=@grateful337eats¦author_id=user-279455720086963870349】
AuthorURL https://www.instagram.com/grateful337eats
4.7K Followers
Language en


【20f9】
URL https://www.instagram.com/reel/Dd5ItSQRZXr/
Type video
Created 2026-09-30 01:21:39 UTC
820 Likes
25 Comments
Summary: Creator Abby Pollock films a 'Costco healthy snacks edition' vlog from Canada, noting she's not American but enjoys seeing what others buy at Costco. Starting in her car then walking through a sunny parking lot with a baby in a front carrier, she enters the store and reviews products aisle by aisle. She marks items she skips — Oikos Pro yogurt drinks, Mid-Day Squares PB&J bars, Clean Naturally turkey sausage, PB&Me powdered peanut butter, Felicia oat-cauliflower pasta, Mighty Protein sticks, and Chomps — often comparing them to similar US brands like Chobani, Smash, Banza, and Chomplings. She approves and puts in her cart Zespri SunGold kiwis, Simple Mills almond flour crackers, Khlood protein popcorn, Kirkland organic chia seeds, and That's It mini fruit bars. The tone is upbeat and informative, aimed at moms looking for healthier options. At the end, back at the car trunk, she summarizes that most American Kirkland/Costco brand items are available in Canada, though some regional differences exist, while her partner holds the baby nearby.
Entities people=Abby Pollock (Post Caption); products=Oikos Pro yogurt drink, Zespri SunGold kiwi, Clean Naturally turkey breakfast sausages, PB&Me powdered peanut butter, Simple Mills almond flour crackers, Khlood protein popcorn, Felicia oat and...; places=Costco
Author 【entity-Abby Pollock¦handle=@abby¦author_id=user-435817235134479272724】
AuthorURL https://www.instagram.com/abby
Verified
760K Followers
Language en


【f2c4】
URL https://www.instagram.com/reel/DeDnOpcvliP/
Type video
Created 2026-10-04 02:58:08 UTC
31 Likes
2 Comments
Summary: In a home kitchen in Las Vegas, Nevada, a woman wearing a white ribbed tank top presents a takeout container from her business, Nene's Munchies LLC, labeled as 'VIRAL Hot Cheetos Jambalaya Balls.' Posted October 3, 2026, the video is framed as a 'CUSTOMER REACTION.' She opens the clear plastic lid to reveal three large, round, bright-red coated balls sitting on red-and-white checkered paper. She picks one up, then uses a large plastic syringe filled with yellow cheese sauce to inject it into the ball. After breaking the ball open to show the cheesy, rice-like interior, she takes several bites while chewing audibly, reacting verbally with approval — stating 'These are delicious' and 'Season really good.' The tone is casual, promotional, and focused on showcasing the texture and taste of the spicy snack.
Entities products=Hot Cheetos Jambalaya Ball, cheese sauce syringe
Author 【entity-NENE'S MUNCHIES LLC¦handle=@nenesmunchies¦author_id=user-178426453896173808507】
AuthorURL https://www.instagram.com/nenesmunchies
110K Followers
Language en


【637f】
URL https://www.instagram.com/reel/DeGQ9UzOG2r/
Type video
Created 2026-10-05 03:42:03 UTC
390 Likes
Summary: A young woman with long brown hair wearing a black 'VENOM' t-shirt films a selfie-style indoor snack review. She introduces and tastes several products from the brand Minnie's (@minnies_co). First is 'Krob Khem' (crispy salty cracker), which she eats repeatedly while emphasizing its crunchiness and that it's made without oil. She then presents three other jars: 'Biscuit Stick' (chicken-skin-like snack), 'Sweet Potato Crisps' (purple), and 'Dried Banana'. She tastes each, reacting with enjoyment and describing them as crispy, tasty, and healthy options for those wanting snacks without guilt. Throughout she holds the clear jars to the camera, showing labels in Thai and English, and speaks enthusiastically about the texture and flavor. The tone is casual, promotional, and focused on healthy snacking, with the creator positioned as someone interested in gut health.
Entities products=crispy salty cracker snack, biscuit stick snack, sweet potato crisps, dried banana snack
Author 【entity-CherreenHvk¦handle=@cherreen.hvk¦author_id=user-105944556153878521188】
AuthorURL https://www.instagram.com/cherreen.hvk
Verified
700K Followers
Language en


【033b】
URL https://www.instagram.com/reel/Dd3pZzTzMe-/
Type video
Created 2026-09-29 11:29:49 UTC
230 Likes
17 Comments
Summary: A female creator hosts the 'Blinkit Bangers' series, reviewing internet-trending finds available on the quick-commerce platform Blinkit. In this 2026 video, she reviews the new Bingo Churros with Choco Dip. She holds up two purple packages labeled 'Bingo! Churros with Choco Dip,' describing them as Mexican-inspired, cinnamon-coated crunchy churro sticks that come with a chocolate dip. She opens the tray, dips a stick, and eats it on camera, reacting with enjoyment to the satisfying crunch, cinnamon sweetness, and the extra interest added by the choco dip. She calls the snack 'dangerously snackable,' says she could finish it in one go, and concludes it deserves a spot on Blinkit Bangers, encouraging viewers to get it now at just Rs 100. The video includes on-screen text 'blinkit BANGERS,' upbeat background music, and a caption promoting the viral snack as a sweet, crunchy combo.
Entities products=churros with chocolate dip
Author 【entity-प्रिyanka छेtri | Food, Lifestyle & Travel¦handle=@impriyanka_a¦author_id=user-399607873564742010883】
AuthorURL https://www.instagram.com/impriyanka_a
16K Followers
Language en


【bc1c】
URL https://www.instagram.com/reel/Dd67dkFlwCK/
Type video
Created 2026-09-30 18:01:02 UTC
56 Likes
7 Comments
Summary: A woman films a casual snack-review vlog from inside her car, with on-screen text reading 'new favorite snacks unlocked' with eyes emoji. She drives to a Walmart, shown by the storefront exterior, and selects a box of Welch's Probiotic Yogofruits Fruit Bites in Creamy Yogurt, Strawberry flavor, from the shelf (price tag visible at $6.48). Back in the car, she holds up the box, pointing out features like 'No Artificial Dyes or Flavors,' '2 Billion Probiotic Cultures,' and 'Good Source of Fiber.' She opens an individual pouch, pours the small white-and-red coated fruit bites into her palm, eats one, chews with an approving expression, and gives a thumbs-up. The video has an upbeat, personal-recommendation tone typical of social media food finds.
Entities products=Welch's Probiotic Yogofruits Strawberry snack box, Welch's Yogofruits Strawberry single-serve pouch; places=Walmart
Author 【entity-Welch's Fruit Snacks¦handle=@welchsfruitsnck¦author_id=user-832948711816830088114】
AuthorURL https://www.instagram.com/welchsfruitsnck
Verified
130K Followers
Language en


【56af】
URL https://www.instagram.com/reel/Dd5op3OMw1N/
Type video
Created 2026-09-30 06:07:19 UTC
40 Likes
1 Comments
Summary: A bearded man wearing a white 'Valley Sound' t-shirt sits in the driver's seat of a car and reviews five different snack cans. He starts with a purple Pringles 'Everything Bagel,' opening it, smelling it, and tasting it while describing the flavor as reminiscent of an everything bagel with sesame and poppy seeds. Next he tries green Lay's Stax Avocado, noting its bright green color and avocado-like taste, giving it an 8/10. He then moves to a pink Pringles 'Sweet & Salty Combo - Butter Caramel,' which he reacts to with surprise at the sweet caramel popcorn flavor, rating it 10/10. Following that is a blue Pringles 'Loaded Potato Skins,' which he finds less impressive, comparing it to barbecue and giving it 6/10. Finally, he tries a red Pringles 'Boss Tennessee BBQ,' describing it as smoky and spicy but not very flavorful, rating it 5/10. Throughout the video he holds up each can to the camera, reads the packaging, eats the chips, and provides expressive commentary in Hebrew with on-screen Hebrew subtitles.
Entities products=Pringles Everything Bagel, Lay's Stax Avocado, Pringles Butter Caramel, Pringles Loaded Potato Skins, Pringles Boss Tennessee BBQ, plastic water bottle
Humor type=Situational; explanation=Humor arises from the creator's exaggerated facial expressions and vocal reactions to unexpected flavors, such as comparing Everything Bagel to actual bagel dough and declaring the caramel popcorn a perfect ten. The comedy is situational rather than scripted jokes, relying on relatable disgust or delight when tasting odd combinations like mustard-avocado Lay's or sweet-salty Pringles. His over-the-top descriptions ('like you brought a bite?', 'wow smells like caramel') and self-aware ratings create a lighthearted, peer-to-peer vibe typical of social media food reviews, where the entertainment value is the authentic, unfiltered response rather than polished critique.
Author 【entity-Gal Zahavi - גל זהבי¦handle=@galzahavi¦author_id=user-068531303528315981772】
AuthorURL https://www.instagram.com/galzahavi
Verified
170K Followers
Language en


【b89a】
URL https://www.instagram.com/reel/DeAEyjBIrPM/
Type video
Created 2026-10-02 17:59:14 UTC
250 Likes
520 Comments
Summary: This is a 14-second social media advertisement for SkinnyDipped snacks, posted October 2, 2026. Set against a solid orange background with upbeat instrumental music, the video demonstrates the product construction in reverse order: starting with the finished chocolate-coated bar labeled 'LAYERS OF YES', then deconstructing to show a plain wafer, followed by a thick stream of caramel/peanut butter filling being poured onto it, and finally dark chocolate being poured over the top to coat it completely. The brand markets itself as 'Female Founded · Lower Sugar · Guilt Free' and available at Target and Amazon. While the visuals are family-friendly food content, the creator's caption adds a layer of mild sexual innuendo with the phrase 'Snack With No Strings Attached 💦' and 'Wildly Satisfying,' using common internet slang to make the ad edgier. The overall tone is playful, appetizing, and intentionally suggestive marketing aimed at adults.",personality,false,strong,做万圣节限定零食试吃：Hostess 三款逐个打分+盲测最甜款,taste-test-pov,11,true,,true,watchlist 近7天 ≥13 账号做同款,us-likely,Hostess 美国品牌、万圣节限定、英语,false
2026-10-05,food,18,https://www.instagram.com/reel/Dd8iw7EvQXv,@jahankitchen06,4500,5,0,1125.0,0.0,0,2026-10-05,2026-10-01,4,true,This is a short-form cooking reel titled 'viral spicy Cucumber' posted by @jahankitchen06 ...,"This is a short-form cooking reel titled 'viral spicy Cucumber' posted by @jahankitchen06 (Nusrat Jahan) on October 1, 2026. Set to upbeat background music, the video demonstrates how to make a popular street-style spicy cucumber snack. A hand peels a whole cucumber, then uses a spoon to scoop out the seeds from one end to create a hollow cup. In a bowl, dried tamarind is soaked and mashed into a dark liquid, then mixed with red chili powder, other spices, and lime juice. Separately, a dry spice mix of red chili powder and seasonings is prepared on a plate. The hollowed cucumber pieces are dipped rim-first into the dry spice, placed upright in small glasses, and filled with the wet spicy tamarind sauce. The finished cups are garnished with chopped cilantro and shown being eaten. The tone is bright, appetizing, and instructional, typical of viral food content.
Entities products=fresh cucumber, red chili spice powder, tamarind pulp
Author 【entity-Nusrat jahan¦handle=@jahankitchen06¦author_id=user-052933221261576736068】
AuthorURL https://www.instagram.com/jahankitchen06
40K Followers
Language en


【492e】
URL https://www.instagram.com/reel/DeBmsmkvleU/
Type video
Created 2026-10-03 08:16:26 UTC
10K Likes
8 Comments
Summary: This is a social media cooking reel titled 'Viral Fish fry recipe' posted by @spicy_cook_s. The main frame demonstrates step-by-step preparation of fried fish: raw fish steaks are placed in a green bowl, seasoned with turmeric and water, rinsed, then coated with a freshly ground paste of small onions, ginger-garlic, black pepper and fennel seeds. Red chili powder, turmeric, coriander powder, salt and a spoon of white flour are added and mixed thoroughly before the pieces are shallow-fried in hot oil in a black pan until golden-brown and crispy. The finished fish is plated on a white dish garnished with fried curry leaves and sliced onion rings. Throughout, a picture-in-picture inset in the top-left corner plays clips from a Vijay Television drama featuring actors in traditional South Indian attire, with on-screen credit 'Video credits: Vijay television'. The audio features a female narrator in Tamil describing the ingredients and method over upbeat background music. The overall tone is instructional and appetizing, aimed at sharing a trending home-cooking recipe.
Entities products=raw fish steaks, green plastic mixing bowl
Author 【entity-Spicy Cook's❤️¦handle=@spicy_cook_s¦author_id=user-055385838057403841389】
AuthorURL https://www.instagram.com/spicy_cook_s
24K Followers
Language en


【37cc】
URL https://www.instagram.com/reel/DeCUDHYg2lO/
Type video
Created 2026-10-03 14:52:29 UTC
11K Likes
1.2K Comments
Summary: A woman in a modern white kitchen launches 'Crocktober Day One' on October 1st, standing behind a white slow cooker. Her husband briefly joins her, playfully correcting her when she says 'Crocktober,' and they confirm it's October 1st. A toddler in an orange shirt is held up and asked if he understands 'Crocktober.' She then demonstrates a crockpot pierogi bake recipe. She adds cooked ground sausage from a pan into the slow cooker, followed by Worcestershire sauce (noting viewers previously corrected her pronunciation), onion powder, garlic powder, a packet of brown gravy mix, several tablespoons of butter, and broth. She mixes these ingredients, then adds frozen pierogies, explaining it will cook on high for two hours. After cooking, she stirs the dish, which now contains softened pierogies and sausage, and tops it with freshly grated cheddar cheese. She serves a portion into a red bowl, adds a dollop of Daisy sour cream, and tastes it, expressing that it smells amazing and tastes good. The video maintains an upbeat, domestic, instructional tone throughout.
Culture moment=Crocktober; significance=Seasonal social media trend of posting daily slow-cooker meals in October.; origin=Creator-driven fall cooking challenge
Entities people=Angela Lanter (Author Name), Matt Lanter (Author Name); products=electric slow cooker, ground sausage, Worcestershire sauce, frozen pierogis, shredded cheddar cheese, sour cream
Author 【entity-Angela Lanter | Beauty • Home • Mom Life¦handle=@angelalanter¦author_id=user-078252329749227197290】
AuthorURL https://www.instagram.com/angelalanter
Verified
410K Followers
Language en",challenge,true,strong,做黄瓜杯辣度挑战：罗望子酱版，让朋友盲测辣度反应,snack-hack,7,true,,true,watchlist 近7天 ≥8 账号做同款,non-us,印度音乐+罗望子风味语境,false
2026-10-05,food,19,https://www.instagram.com/reel/Dd89ZaMBl2h,@maxx_cruzz56,29000,200,1000,1000.0,0.286,2,2026-10-03,2026-10-01,4,true,"A young man with dark curly hair and a beard, wearing a white T-shirt with blue Asian char...","A young man with dark curly hair and a beard, wearing a white T-shirt with blue Asian characters, films a fast-paced cooking reel in a room with a deep red wall. The video opens with him holding a packet of Maggi instant noodles, with on-screen text reading '2 MINS LO' and 'DELICIOUS'. He then proceeds to chop fresh ingredients on a wooden board placed over a pink patterned cloth: slicing tomatoes, julienning green bell pepper, dicing carrots, and finely chopping cilantro. He mixes spices in a metal cup, heats oil in a pan on a gas stove, fries the tomatoes until softened, adds the chopped vegetables and Maggi masala, pours in water, and cooks two blocks of noodles. He stirs in slices of processed cheese and tops the dish with cilantro. Throughout, he smiles at the camera, occasionally posing with heart emoji filters. He then eats the finished noodle bowl from a white textured bowl, expressing enjoyment. The audio features energetic Telugu folk-pop music and the creator speaking in Telugu. The caption reads 'Maggi 😋❤️🤌' with hashtags #reels #viral, posted by @maxx_cruzz56.",template,true,strong,做美版泡面升级：日清+奶酪片+蔬菜，全英文讲解复刻,recipe-walkthrough,7,true,,true,watchlist 近7天 ≥11 账号做同款,non-us,泰卢固语对白+Maggi 印度语境,false
2026-10-05,food,20,https://www.instagram.com/reel/Dd7EjIgAZQE,@tc_theinvestor,5000,590,0,1000.0,0.0,0,2026-10-05,2026-09-30,5,true,"The video uses a split-screen format throughout. On the left, a man in a dark hoodie react...","The video uses a split-screen format throughout. On the left, a man in a dark hoodie reacts with disbelief while lying down. On the right, a rapid montage of user-generated clips illustrates complaints about extreme food pricing in Los Angeles. Examples shown include a receipt for $65 for two bagels and two orange juices, a woman holding a tiny portion of Beef Wellington she paid $140 for, a Walmart sign showing $5.8 per pound for lemons (captioned '$58 for a lemon'), a DiFara pizza menu with pies over $50, a woman guessing Erewhon prices for dragon fruit, and shots of expensive strawberries and limes. On-screen text reinforces the theme: 'Bro these prices are getting outta hand and companies are banking on the people,' 'LA prices are actually insane,' and 'LA is losing their minds with these prices.' The overall tone is humorous outrage and social commentary on inflation and perceived price gouging, presented as a viral-style reaction compilation.
Entities products=bagel, orange juice, lemon, pizza, dragon fruit, strawberries; places=Di Fara Pizza, Erewhon Market
Author 【entity-TC The Investor 📈☯️👽¦handle=@tc_theinvestor¦author_id=user-343632916691541987110】
AuthorURL https://www.instagram.com/tc_theinvestor
87K Followers
Language en


【4cf0】
URL https://www.instagram.com/reel/Dd-Dn7SK3_G/
Type video
Created 2026-10-01 23:10:44 UTC
390 Likes
25 Comments
Summary: Creator Festus Ezeli (@festusfeasts) documents trying the viral Villa's Tacos in downtown Los Angeles. The video opens with him in a car saying they're hungry and heading to 'Villa's Tacos,' then arriving at the indoor market location marked by a bright neon sign. A staff member explains the business started when the owner sold tacos in front of his grandmother's house and blew up during COVID, becoming famous for the 'queso taco.' Festus orders at least four, sits down, and repeatedly declares it 'one of the best tacos I've ever had.' He highlights the crispy grilled cheese shell, well-seasoned meat, and tender carne asada that 'breaks apart.' His companion Jess is also shown eating. The tone is enthusiastic and promotional, ending with the Villa's Tacos staff waving at the camera.
Culture moment=viral food review trend; significance=Reflects ongoing social media focus on discovering hyper-local, Instagram-famous eateries in LA.; origin=Originates from TikTok and Instagram foodie culture highlighting small businesses.
Entities people=Festus Ezeli (Vision Model Only); products=queso taco, carne asada taco; places=Villa's Tacos, Grand Central Market
Author 【entity-Festus Ezeli Food|| Restaurants|| Storytelling¦handle=@festusfeasts¦author_id=user-160293804931488321000】
AuthorURL https://www.instagram.com/festusfeasts
110K Followers
Language en


【415d】
URL https://www.instagram.com/reel/DeE2UxaxysA/
Type video
Created 2026-10-04 14:29:21 UTC
180 Likes
10 Comments
Summary: This is a first-person 'what I ate in LA' vlog covering approximately 36 hours. The creator begins at Bossa Nova Brazilian Cuisine, where she orders a hibiscus cocktail, creamy mushroom gnocchi with chicken, and describes it as delicious. The next morning, she gets coffee from her hotel (Hotel June) by the pool and visits Egg Truck for breakfast, showing an egg sandwich with avocado and sauce and an orange juice. The main event is the TikTok Creator Summit, marked by signage reading 'SPARK WHAT'S NEXT' and '#TikTokCreatorSummit'. She films the venue, samples grab-and-go lunch items including wraps, mini sandwiches, salad, and blueberry desserts, and interacts with other creators. She also participates in a Hilton 'FOR THE STAY' activation. In the evening, she goes to a rooftop taco spot with city views, where tacos are made fresh and eaten under red lighting. The next morning she has a chive bagel before heading to the airport and flying home above the clouds. The tone is upbeat, personal, and focused on food experiences and networking.
Entities products=hibiscus cocktail, creamy mushroom gnocchi with chicken, coffee, egg sandwich, orange juice, fruit parfait, turkey sandwich, green goddess salad, boba tea, summer roll, tacos, bagel with cream...; places=Bossa Nova Brazilian Cuisine, Egg Truck, TikTok Creator Summit, hotel pool area, rooftop taco stand
Author 【entity-Revi¦handle=@reviskitchenn¦author_id=user-810142122463313446371】
AuthorURL https://www.instagram.com/reviskitchenn
620K Followers
Language en


【656e】
URL https://www.instagram.com/reel/DeDTTxLN9DF/
Place 【place-Arts District of Los Angeles¦place_id=2476439299209369】
Type video
Created 2026-10-04 00:04:29 UTC
520 Likes
20 Comments
Summary: This is a promotional food video by creator Camly Nguyen (@camly.me) covering the limited-time collaboration between Los Angeles restaurants Loqui and Woon Kitchen. Filmed at Loqui's Arts District location, the video opens with a chef in a blue apron and 'JVC Jazz' cap stir-frying meat in a smoking wok over an open flame, described as a 'SideWok party.' On-screen text explains the concept: Loqui's carne asada marinated in Woon's stir-fry sauce and wok seasoning, wrapped in Loqui's tortillas. The video shows diners eating outdoors at colorful stools, then cuts to close-ups of the finished collab taco—described as 'insanely tender' and worth every 'drippy, droppy, messy bite'—as well as nachos topped with guacamole and Woon Chili Crisp, which the creator says she wants to 'steal this idea, stat.' Other menu items shown include Woon classics like baos and chewy noodles. The atmosphere includes live mariachi music inside the restaurant, and the video ends with a fruit cup from a 'SIDEWOK' branded cart. Text overlays state the taco was available October 3rd through the 6th, 2026, and the creator notes she's still thinking about the wok. Data of event in content: 2026-10-03/2026-10-06, Details: Post published on first day of the event window, documenting current experience.
Entities people=Camly Nguyen (Post Caption); products=collaboration taco, guacamole with chili crisp, bao bun, chewy noodles; places=Loqui
Author 【entity-Camly Nguyen¦handle=@camly.me¦author_id=user-581289089518774335161】
AuthorURL https://www.instagram.com/camly.me
61K Followers
Language en


【f51e】
URL https://www.instagram.com/reel/Dd9K3pXsJsE/
Place 【place-Cali tardka¦place_id=903584123935017】
Type video
Created 2026-10-01 14:54:14 UTC
1.3K Likes
23 Comments
Summary: A woman promotes her business, Cali Tardka Punjabi Cuisine in Riverside, California, claiming 'THE BEST INDIAN FOOD IN THE WEST COAST.' Standing outside a home with a red banner, she jokes 'No I do not gang bang, only I bang with my chicken tikka butter chicken masala burrito cooked straight from my block baby,' holding two foil-wrapped burritos. The video then cuts to a kitchen where gloved hands roll out dough, add chopped herbs, cook a large garlic-herb naan on a griddle, brush it with sauce, layer white rice, then top one with red chicken tikka masala and another with yellow butter chicken, drizzle dark sauce, fold the naan over the filling, and wrap it tightly in foil. The tone is energetic, street-style marketing blending food preparation with hip-hop-influenced slang.
Entities products=chicken tikka masala burrito, butter chicken burrito
Humor type=Other; explanation=The humor comes from deliberate bait-and-switch using gang culture terminology. The creator sets up an expectation of discussing gang violence with 'gang bang' and 'block baby,' then immediately pivots to food, replacing violence with 'bang with my chicken.' This subversion plays on the contrast between aggressive street slang and wholesome cooking, making the mundane act of selling burritos sound like gang affiliation. The joke works because viewers recognize the sexual and violent connotations of 'gang bang' and appreciate the harmless repurposing for culinary pride, amplified by the deadpan delivery and matching hip-hop audio backdrop.
Author 【entity-Cali Tardka¦handle=@calitardka¦author_id=user-761912649101516056317】
AuthorURL https://www.instagram.com/calitardka
Verified
110K Followers
Language en",personality,false,none,,,0,true,,false,,us-likely,LA 物价吐槽、Erewhon/DiFara、英语,false
2026-10-05,food,21,https://www.instagram.com/reel/Dd2jdGOBtrY,@bboydla,5100,530,0,850.0,0.0,0,2026-10-05,2026-09-29,6,true,"A man in a modern kitchen, wearing a backward black cap, white tank top and cream cardigan...","A man in a modern kitchen, wearing a backward black cap, white tank top and cream cardigan, presents a review of Bagel Bites pizza snacks while holding a glass of red wine. He introduces the segment as evaluating 'the most valuable real estate in America — the space inside our freezer,' framing the product through nostalgic childhood memories of microwaving them after school. He displays the red Bagel Bites box, then shows a wooden board with nine cooked mini pizzas. He tastes one, describing the flavor as reminiscent of childhood, noting the cheese migrating to one side and the pepperoni, and declares that while he would not serve them at a dinner party, they might appear late at night after guests make 'questionable choices.' He explains his personal rating system — luxury listing, accepting backup offers, price reduction, immediate eviction — and concludes that for him Bagel Bites are an 'officially a frozen asset' because they survived the 90s and his microwave, driven by nostalgia. He invites viewers to comment their favorite frozen snack so he can rate it as asset or liability, ends with 'Cheers, I love you much,' and takes another sip of wine.
Entities people=Bobby Boyd (Author Name); products=Bagel Bites pizza snacks, red wine, cooked mini pizza bagels
Humor type=Situational; explanation=The humor comes from exaggerated nostalgic framing of a cheap frozen snack as serious real estate, describing burning mouths like peeling wallpaper, serving it at a dinner party versus 2 AM, and creating a mock property-rating system for food. It plays on shared millennial experience of unsupervised after-school eating, making the mundane act of microwaving Bagel Bites feel epic and absurd, which creates situational comedy rooted in collective memory rather than punchlines.
Author 【entity-Bobby Boyd¦handle=@bboydla¦author_id=user-764181701803066531527】
AuthorURL https://www.instagram.com/bboydla
Verified
230K Followers
Language en


【432f】
URL https://www.instagram.com/reel/DeA5bY0x66c/
Type video
Created 2026-10-03 01:43:14 UTC
750 Likes
31 Comments
Summary: A woman sits in the driver's seat of a car during daylight, wearing large black glasses, a grey t-shirt with a Tupac Shakur graphic, and colorful long nails. She holds up two Snickers bars purchased at Walgreens — a yellow-wrapped 'Banana Bread' flavor and an orange-wrapped 'Pecan' flavor — and conducts a taste test for the camera. She tries the Pecan first, describes it as sweet with a standard Snickers taste, and gives it a 7.5 out of 10. She then tries the Banana Bread bar, reacts with disappointment, saying it mostly tastes like a regular Snickers with only a faint hint of banana, and rates it 2 out of 10, calling it a 'hot mess.' Throughout she gestures expressively while speaking directly to viewers, encouraging them to try the Pecan version instead. The video is presented as a casual foodie review with hashtags for viral snack content.
Entities products=Snickers Pecan candy bar, Snickers Banana Bread candy bar
Author 【entity-classywithnoregards¦handle=@classywithnoregards¦author_id=user-789013095070015723376】
AuthorURL https://www.instagram.com/classywithnoregards
55K Followers
Language en


【c382】
URL https://www.instagram.com/reel/DeD1HbPy4l3/
Type video
Created 2026-10-04 04:58:54 UTC
200 Likes
5 Comments
Summary: A young man presents 'Global Snack Battle (Round 1)' in a fast-paced, upbeat taste-test video. He wears white earbuds and a black Pikachu shirt, holding up paired snacks representing different countries shown with flag graphics and 'VS' text. First is USA vs Mexico: a blue box of Pokemon cereal versus a bag of Cheetos Flamin' Hot Crunchy, which he then bites into with an exaggerated reaction. Second is Japan vs Korea: a yellow box of Glico Pocky Banana flavor versus a red bag of Nongshim Shin Ramyun featuring a K-Pop Demon Hunters character; he eats a dry, uncooked block of the ramen noodles straight from the package, adding the seasoning powder on top. Third is Vietnam vs Singapore: a blue-wrapped candy versus a box of Irvins Salted Egg Cornflakes Snack with Minions branding, which he opens and eats. The video focuses on the visual comparison of international snacks and the sensory experience of eating them, with no dialogue beyond naming the countries.
Entities products=Flamin' Hot Crunchy chips, Pokemon cereal, Banana cream biscuit sticks, Shin Ramyun instant noodles, Salted egg cornflakes snack, wrapped candy; places=United States, Mexico, Japan, South Korea, Vietnam, Singapore
Author 【entity-Hungry FAM¦handle=@hungry_fam¦author_id=user-678957813636068347591】
AuthorURL https://www.instagram.com/hungry_fam
Verified
680K Followers
Language en


【730e】
URL https://www.instagram.com/reel/Dd1p6mkMMdl/
Type video
Created 2026-09-28 16:55:45 UTC
3.2K Likes
360 Comments
Summary: Lara Trump, wearing a bright pink leather jacket and matching outfit, walks on a New York City sidewalk outside a building marked '114' while speaking to camera for her show 'MY VIEW WITH LARA TRUMP.' She explains she has been craving seed crackers all day, describing them as delicious and not too salty, and decides to look for them at a nearby store. Inside what appears to be a CVS pharmacy/convenience store, she browses the chip aisle, picks up a dark green bag of 'Unique' chips and examines the nutrition label, then comments that she can't find the seed crackers anywhere. She also notes that beef jerky is locked up behind security. Moving to the candy section, she holds up a bag of Reese's Pumpkin-shaped peanut butter cups, declaring it 'tis the season' and stating that the Halloween and Easter Reese's shapes are the best because of the chocolate-to-peanut-butter ratio. At checkout, she remarks on New York's requirement to use paper bags instead of plastic, saying 'God forbid,' before leaving the store with her purchases in a paper bag. The video ends with the show's title card.
Entities people=Lara Trump (Vision Model Only); products=Reese's Pumpkins candy, Coca-Cola bottle, sourdough pretzel snack bag; places=CVS
Humor type=Situational; explanation=The humor comes from everyday relatability exaggerated by Lara Trump's dramatic delivery. She frames a simple craving for seed crackers as an all-day quest, dismisses an entire chip aisle as 'garbage,' and treats the inability to find a specific snack and the locked-up beef jerky as a civic injustice unique to New York. The comedic payoff is her deadpan 'pro tip' ranking Reese's shapes by holiday, presenting a trivial candy preference as expert advice. The contrast between her polished appearance and the mundane store setting, plus her mock-outrage over paper bags ('God forbid'), creates situational irony that resonates with viewers familiar with urban shopping frustrations. It is not scripted satire but observational comedy rooted in personal annoyance.
Author 【entity-My View with Lara Trump¦handle=@myviewfnc¦author_id=user-841727034511626546158】
AuthorURL https://www.instagram.com/myviewfnc
Verified
220K Followers
Language en


【517f】
URL https://www.instagram.com/reel/Dd68R8RoQna/
Type video
Created 2026-09-30 18:09:23 UTC
2.5K Likes
43 Comments
Summary: A young couple is in Germany and films themselves trying 'fun German snacks' bought from a REWE supermarket. The woman, wearing a white t-shirt, holds up each product while the man in a yellow long-sleeve shirt tastes alongside her. They sample eight items sequentially: Nestle Choco Crossies (rated 9/10), Smash chocolate-covered pretzels (6/10), Fior di Neve hazelnut cookies (3/10), Nimm2 Lachgummi Apfellinge apple gummies (10/10), Leibniz Choco Kunter Bunt biscuits (6.5/10), Katjes Fred Ferkel pig-shaped gummies (10/10), Kinder Tronky chocolate bars (9/10), and Milka Lu biscuit bar (8.5/10). Throughout, they describe flavors, give scores out of ten, drink water between tastings, and react with expressions of enjoyment or disappointment. The video has a casual vlog style with on-screen text labeling each snack.
Entities products=Choco Crossies, Smash!, Fior di Neve, Lachgummi Apfellinge, Choco Kunter Bunt, Fred Ferkel, Kinder Tronky, Milka Lu
Author 【entity-leah watkins¦handle=@leahwatki¦author_id=user-700073932514845692654】
AuthorURL https://www.instagram.com/leahwatki
120K Followers
Language en


【9a71】
URL https://www.instagram.com/reel/Dd9vuXCJZP9/
Type video
Created 2026-10-01 20:17:57 UTC
1K Likes
15 Comments
Summary: Food critic Omar (@biteswithomar) reviews Homie's Donuts in Dearborn, Michigan, calling it the most viral donut shop in the United States. The video opens in his car with a box of six elaborately decorated donuts labeled on-screen: Cookie Monster (blue), Oreo, Biscoff, Churro, Kinder, and Fruity Pebbles. Brief interior shots show the shop's display case filled with dozens of varieties including Oreo, Cinnamon Crumble, Cheesecake, and Sugar Glazed, plus Sonic the Hedgehog and X-Men arcade machines inside. Back in the car, he tastes each donut one by one, describing flavors and giving scores on screen: Fruity Pebbles 7/10, Oreo 8.2/10, Biscoff 8.5/10, Churro 5/10, Kinder 8.5/10, and Cookie Monster 9.2/10, which he calls his favorite and ""way better alternative than Tim Hortons."" His tone is enthusiastic and conversational, aimed at showcasing the novelty and variety of the Dearborn location.
Entities products=Fruity Pebbles donut, Oreo donut, Biscoff donut, Churro donut, Kinder donut, Cookie Monster donut; places=Homie's Donuts
Author 【entity-Omar¦handle=@biteswithomar¦author_id=user-359647189269997989742】
AuthorURL https://www.instagram.com/biteswithomar
2K Followers
Language en


【f14d】
URL https://www.instagram.com/reel/Dd-LtkgBHOK/
Type video
Created 2026-10-02 00:22:14 UTC
1.8K Likes
130 Comments
Summary: María Paula Berrio Díaz, identified by her 'COLOMBIA' sash and credited as Srta Colombia Grand International 2026, films a casual snack-review video in what appears to be a hotel lobby in Thailand. Seated in a yellow chair at a white table covered with Thai products, she explains this is her turn to try snacks after day 11 of competition, noting she chose the strangest items found at a convenience store because allergies require everything to be gluten-free. She systematically tastes each item while speaking to camera: a small dark candy given by staff member Yima which she identifies as gelatin and enjoys but doesn't finish; a spicy powder snack that makes her react to the heat; a colorful popping candy she compares to Sparkies that fizzes in the mouth; Lay's Light chips which taste like mayonnaise chips to her; a bottle of banana milk which she praises as very good, not overly sweet, and rates 10 out of 10; a green grape-flavored gummy; a purple grape soda she describes as overwhelmingly sweet; and Snack Jack edamame-flavored chips which she dislikes, comparing them to dehydrated edamame. Throughout she gestures expressively, smiles, and provides real-time reactions. She concludes by declaring the banana milk her favorite, says the rest will be finished by someone named Melissa, blows a kiss, and thanks viewers.
Entities people=María Paula Berrio Díaz (Author Name); products=Lay's Light potato chips, Snack Jack seaweed snack, Banana milk drink, Purple grape soda, Green grape gummy candy, Popping candy, Spicy powder snack
Author 【entity-María Paula Berrio Díaz¦handle=@mariapaulaberriod¦author_id=user-322415687591309023441】
AuthorURL https://www.instagram.com/mariapaulaberriod
21K Followers
Language en


【ceb4】
URL https://www.instagram.com/reel/DeCnZJ_PMqk/
Type video
Created 2026-10-03 17:40:25 UTC
3.2K Likes
55 Comments
Summary: A male creator, identified as @snackolator, films from inside his car to review Nothing Bundt Cakes' new German Chocolate Bundt Cake, which he says drops on Monday, October 5th. He holds up the packaged mini bundt and then presents the cake on a wooden board, showing its dark chocolate cake base topped with chocolate frosting, chocolate drizzle, toasted coconut, and pecans. He cuts into it to reveal a gooey filling of coconut and pecan frosting. Throughout the video he describes the components — chocolate chocolate chip cake stuffed with toasted coconut and butter-roasted pecan frosting, plus ganache — calls the texture rich, creamy, and decadent, and says it converted him as a German chocolate fan. He rates it 9.5 out of 10, noting it would be a problem in a larger size, and urges viewers who like German chocolate to try it during its limited two-week availability while supplies last. The tone is upbeat, promotional, and focused entirely on taste and appearance. Data of event in content: 2026-10-05, Details: Video announces product dropping on Monday October 5th.
Entities products=German Chocolate Bundt Cake
Author 【entity-Snackolator¦handle=@snackolator¦author_id=user-794175204223708063261】
AuthorURL https://www.instagram.com/snackolator
Verified
870K Followers
Language en


【b7d9】
URL https://www.instagram.com/reel/DeCCuueMjXg/
Type video
Created 2026-10-03 12:20:32 UTC
610 Likes
7 Comments
Summary: A Polish social media creator (@thepolishdad) films a casual indoor taste-test titled 'Testujemy Amerykańskie przekąski część 2' (Testing American snacks part 2), marked with a US flag and laughing emojis. Seated at a wooden table with a woman in a white shirt, the bald man in a black t-shirt and chain tries three American products: purple-packaged Takis Blue Heat Spider-Man chips, a box of Mike and Ike Mega Mix candy, and a green bottle of Mountain Dew. His reactions are highly theatrical — he grimaces, coughs, and declares flavors 'obrzydliwe' (disgusting) and 'ostre' (spicy), then drinks water to cool down before trying again. The woman participates lightly, presenting the candy. The tone is comedic and lighthearted, focused on exaggerated sensory reactions rather than any controversial content. The video is clean, family-friendly aside from mild comedic disgust, and intended as entertainment about cultural food differences.
Entities products=Takis Blue Heat chips, Mike and Ike Mega Mix candy, Mountain Dew soda
Humor type=Situational; explanation=The humor comes from the classic food-challenge trope where a participant overreacts to spiciness. The man's escalating physical comedy — squinting, coughing, clutching his throat, begging for water, and later revealing a bright blue tongue — creates situational absurdity that is relatable to anyone who has tried extremely hot snacks. The contrast between his initial bravado and immediate regret, repeated twice, builds a predictable but satisfying punchline structure common in viral snack-review videos. The woman's amused commentary reinforces the comedy without adding cruelty, keeping the tone light and family-friendly. No meme template is directly referenced, but the format aligns with popular 'trying foreign snacks' content prevalent on TikTok.
Author 【entity-The Polish Dad🇵🇱¦handle=@thepolishdad¦author_id=user-729277688773995335443】
AuthorURL https://www.instagram.com/thepolishdad
170K Followers
Language en


【cd19】
URL https://www.instagram.com/reel/Dd9f0qklH91/
Type video
Created 2026-10-01 17:57:22 UTC
13K Likes
130 Comments
Summary: In this 2026 social media reel, creator Chef Tyler prepares three different American school lunches while British commentator Louis reacts. First, Tyler makes his grandfather's wartime-era lunch: a bologna and mustard sandwich on white bread, carrot and celery sticks, and milk, rating it 6/10. Second, he recreates his mother's lunch of chocolate chip cookies and milk, rating it 1/10. Third, he assembles his own early-2000s lunch: tater tots, chicken tenders, potato chips, potato sticks, and soda, rating it 8/10. Louis provides running commentary, expressing shock at the simplicity and unhealthiness, joking about 'rabbit food' and heart disease. The video is comedic, light-hearted, and focuses on cultural comparison of school meals, with no sexual or violent content.
Entities people=Louis (Post Caption), Chef Tyler (Post Caption); products=bologna sandwich, chocolate chip cookies, milk, tater tots, chicken tenders, potato chips, soda
Humor type=Situational; explanation=Humor arises from the contrast between expectations of a nutritious school meal and the reality presented: a bologna sandwich, cookies for lunch, and a tray of fried foods with soda. The British commentator's exaggerated disgust, calling it 'rabbit food' and 'heart disease,' plays on cultural stereotypes about American diets. The repeated alignment between the two creators ('we're still aligned') creates a buddy-comedy dynamic. The joke is not punchline-driven but situational, relying on shared recognition that school lunches can be absurdly unhealthy, amplified by the deadpan presentation of each item as normal.
Author 【entity-LouisAyy¦handle=@itslouisayy¦author_id=user-164251188815063768646】
AuthorURL https://www.instagram.com/itslouisayy
1.4M Followers
Language en",personality,false,strong,做冷冻零食「资产评级」系列：Bagel Bites 怀旧开箱打分，自创评级梗,taste-test-pov,11,true,,true,watchlist 近7天 ≥13 账号做同款,us-likely,Bagel Bites 美国品牌、美式 90s 怀旧、英语,false
2026-10-05,food,22,https://www.instagram.com/reel/Dd5skEXspyI,@explore_w_afrin,3700,550,0,740.0,0.0,0,2026-10-05,2026-09-30,5,true,The video is a promotional food clip showcasing 'Qatar's VIRAL pop icecream now in Surat.'...,"The video is a promotional food clip showcasing 'Qatar's VIRAL pop icecream now in Surat.' A hand holds a paper bowl filled with colorful, fruit-shaped frozen treats resembling a red pomegranate, yellow mango, green-yellow lemon, red raspberries, purple grapes, and small yellow pineapples. The camera pans over clear freezer trays displaying each shape in bulk. A vendor uses tongs to assemble a bowl with banana, lemon, mango, raspberry, grape, and pomegranate pieces. A woman in a white top with black embroidery is shown tasting the items outdoors in front of a shop with 'Havmor Ice Cream' signage, chewing and reacting positively. The setting is a busy street in Surat with buildings, parked cars, and scooters visible. Throughout, upbeat Hindi pop music plays with no spoken dialogue. On-screen text repeatedly states the product's origin and urges viewers to 'Comment for location.'
Culture moment=viral fruit-shaped ice cream trend; significance=References the Dubai/Qatar viral dessert phenomenon expanding to Indian street food scene.; origin=Dubai/Qatar social media food trend
Entities products=fruit-shaped ice cream pops
Author 【entity-Explorewafrin¦handle=@explore_w_afrin¦author_id=user-106360822338583335419】
AuthorURL https://www.instagram.com/explore_w_afrin
1.2K Followers
Language en

<RESPONSE_INSTRUCTIONS>
Use the information above from all the posts from the `meta_1p.content_search` tool to help ground the response. This information can be relevant to the user's prompt especially when it comes to information about current public discourse and knowledge after your learning cutoff such as: trends, memes, news, events, social context & discourse, and general info. 
When presenting these results to the user:
- Draw from multiple distinct sources. Do not over-represent a single account when the search results include content from several.

CRITICAL — Agentic multi-loop search:
This tool is built for agentic search. A single call is almost never enough to give the user a thorough answer. You MUST evaluate these results right now and decide whether to search again. If the results are thin, one-sided, off-topic, or missing an angle the user cares about, you MUST call `meta_1p.content_search` again — immediately, in the same turn — with adjusted parameters. Go through as many agentic loops as needed until you have comprehensive coverage:
- Go broader: widen `semantic_queries`, remove filters, try a different `ranking_intent`.
- Go deeper: narrow `semantic_queries` to a specific facet, add `key_celebrities` or `authors`, tighten `since`/`until`.
- Mix tools: use `browser.search` to learn factual context, then feed what you learn into a more targeted `meta_1p.content_search` call.
Do NOT present a weak or shallow answer when another loop would improve it. The `<iterative_refinement>` section in the system prompt has detailed examples of how to run these loops.
Do not mention a post's visibility tag unless the user explicitly asks about it.
</RESPONSE_INSTRUCTIONS>",luck,false,none,,,0,false,Q1 单人能拍吗失败：印度 Surat 街头冰淇淋店宣传内容,false,,non-us,印度 Surat、Havmor、印地语流行音乐,false
2026-10-05,food,23,https://www.instagram.com/reel/Dd5_eznOzvL,@poonamsahu8899,2300,41,0,460.0,0.0,0,2026-10-05,2026-09-30,5,true,The video opens on a dusty Indian roadside with a red scooter parked by a utility pole cov...,"The video opens on a dusty Indian roadside with a red scooter parked by a utility pole covered in Hindi advertisements. The camera pans to a woman wearing a vibrant fuchsia pink sari with silver trim and a matching head covering, adorned with necklaces, bangles, and a nose ring. Standing in front of a small shop, she is handed a pani puri (golgappa) from a large plastic bag of fried balls. She holds a small leaf bowl of flavored water, fills the puri, and eats it in an exaggerated, performative manner directly to the camera. Throughout the clip, she makes wide-eyed, expressive faces while chewing with her mouth open, creating a comedic, messy-eating effect. Upbeat Hindi folk music plays in the background. The creator's caption ""सरहज हमसे"" and hashtags indicate it is intended as a trending comedy/reel for Instagram, posted September 30, 2026 by @poonamsahu8899. The overall tone is lighthearted, rural-street-food entertainment focused on a relatable, over-the-top food reaction.
Culture moment=pani puri eating challenge trend; significance=Reflects widespread Indian social media trend of filming exaggerated street-food reactions for virality.; origin=Indian short-form video culture
Humor type=Situational; explanation=The humor derives from situational exaggeration rather than wordplay. The creator sets up a mundane act—eating a common Indian street snack—and amplifies it into comedy through physical performance: wide-open mouth, intense chewing, bulging cheeks, and dramatic eye movements directed at the camera. This taps into the familiar cultural experience of eating spicy, water-filled pani puri, where messiness is expected, but here it is performed for effect. The contrast between the woman's elegant traditional attire and the deliberately crude eating style creates visual incongruity that audiences find amusing. The upbeat folk music reinforces the lighthearted mood, signaling that the mess is intentional entertainment, not accidental. Such 'food reaction' videos are a staple of Indian Reels, where relatability and overacting drive shares.
Author 【entity-🧿Poonam sahu🧿¦handle=@poonamsahu8899¦author_id=user-906788165393148702825】
AuthorURL https://www.instagram.com/poonamsahu8899
160K Followers
Language en


【6c53】
URL https://www.instagram.com/reel/Dd852MzBK3V/
Type video
Created 2026-10-01 12:33:21 UTC
3.1K Likes
880 Comments
Summary: This is a nighttime street-food promotional video from Lucknow by creator @foodie_brosss showcasing the 'Internet's Viral Creamy Dripping Roll' at the 'KING SOYA CHAAP' stall. The video details the preparation: chopped grilled soya chaap pieces are placed in a flatbread roll, toasted on a charcoal grill, then heavily smothered with a thick, white creamy sauce poured from a metal bowl, and finished with chopped cilantro and spices. It is served on a compartmentalized plate with green chutney and sliced onions. Two men are shown enthusiastically eating the messy, sauce-laden roll. The caption advertises it as priced at 99/- with a 9/10 rating and encourages tagging someone who loves it. The overall tone is energetic and appetizing, aimed at driving foot traffic to the popular roadside stall.
Culture moment=viral creamy dripping roll trend; significance=Reflects India's ongoing street-food virality where heavy, photogenic sauces drive social media attention.; origin=Internet food trends popularized by reels",luck,false,none,,,0,false,Q1 单人能拍吗失败：印度乡间街边 pani puri 摊吃播,false,,non-us,印地语民歌、印度乡间街边摊,false
2026-10-05,food,24,https://www.instagram.com/reel/Dd_z4OYRXh5,@hallie.parrott,5600,180,400,400.0,0.286,2,2026-10-03,2026-10-02,3,true,"In this 2026 social media video, creator Hallie Parrott (@hallie.parrott) films an indoor ...","In this 2026 social media video, creator Hallie Parrott (@hallie.parrott) films an indoor taste-test of snacks from Canada, sourced from @canadagrocerystore. She presents five items one by one while speaking directly to camera. First is Hawkins Cheezies, which she describes as crunchy, cheesy, salty like Cheetos on steroids, giving it 9.6/10. Next is a standard Canadian Kit Kat, which she notes has thicker, sweeter chocolate but less crispy wafer than US versions, followed by a Kit Kat Chunky, which she rates 9 out of 10 for its better wafer-to-chocolate ratio. Third is Vachon Ah Caramel!, a small cake with caramel filling, which she calls delectable and gives 8.5/10, noting the cake is slightly dry. Fourth is Ruffles All Dressed chips, which she praises as smoky, sweet, and garlicky, rating them 9.5/10 and joking they are going on a date tonight. Finally, she tries Aero Scoops Maple flavor, highlighting its bubbled texture and rich creamy maple ganache, calling it dreamy and rating it 9.2/10. Throughout, she holds up packaging, breaks items open to show interiors, eats on camera, and provides candid ratings. The tone is enthusiastic, conversational, and focused on food discovery.
Entities people=Hallie Parrott (Author Name); products=Hawkins Cheezies cheese puffs, Kit Kat chocolate bar, Kit Kat Chunky chocolate bar, Vachon Ah Caramel! snack cake, Ruffles All Dressed potato chips, Aero Scoops Maple chocolate bar
Author 【entity-Hallie Parrott 🍭¦handle=@hallie.parrott¦author_id=user-920255305608060167275】
AuthorURL https://www.instagram.com/hallie.parrott
110K Followers
Language en


【b3d8】
URL https://www.instagram.com/reel/DeE5akiuIne/
Place 【place-Epcot¦place_id=1438108226665623】
Type video
Created 2026-10-04 14:56:38 UTC
850 Likes
8 Comments
Summary: Creator Bethany (@bethanyvinton), a Disney Parks food reviewer, presents her 'Snack or Skip' series from the Greece marketplace at the 2026 EPCOT International Food & Wine Festival. Opening with a bite of food, she reviews four items: Spanakopita ($5.19), which she rates 'skip' for tasting like frozen Trader Joe's; Griddled Cheese with pistachios and honey ($5.49), rated 'snack' for its sweet-salty melt; Chicken Souvlaki Gyro ($6.99), rated 'snack' for being fresh and generous, noting it was introduced in 1997; and a Wine Flight ($7.50) with dry white, rosé, and dry red, also rated 'snack.' The video is shot handheld at the outdoor booth, showing the food close-up and the festival environment. The tone is upbeat, informative, and promotional for the festival, ending with a call to follow for more content. Data of event in content: 2026-10-04, Details: Post date aligns with current festival season and references 2026 event.
Entities products=spanakopita pastry, griddled cheese with pistachios, chicken souvlaki gyro, wine flight; places=Greece
Author 【entity-Bethany | Disney Parks & Theme Park Food¦handle=@bethanyvinton¦author_id=user-651078015868980063237】
AuthorURL https://www.instagram.com/bethanyvinton
Verified
200K Followers
Language en",personality,false,strong,做「加拿大零食 vs 美国版」试吃：加版 Kit Kat 对比美版盲测打分,taste-test-pov,11,true,,true,watchlist 近7天 ≥13 账号做同款,us-likely,芝加哥糖果测评博主、英语,false
2026-10-05,food,25,https://www.instagram.com/reel/Dd2KJjtxGQC,@limelchert,2300,31,0,328.6,0.0,0,2026-10-05,2026-09-28,7,true,A woman sits in a cozy living room with a fireplace in the background and reviews two bags...,"A woman sits in a cozy living room with a fireplace in the background and reviews two bags of 'Quino Wow' Organic Quinoa Popcorn she bought in the United States — one Churro (yellow bag) and one Matcha (green bag). She explains they were expensive and that she shouldn't talk about prices, then opens the Churro bag, noting she likes the smell and calling the taste 'beautiful.' While eating, she reads the back label aloud, pointing out 135 calories per serving, 40% less fat, 45% less sugar, and 4 grams of protein, reacting with surprise at the low calorie count. She describes the flavor as sweet and satisfying, saying she's 'in love' and will finish the bag quickly. She then tries the Matcha flavor, calls it 'different' and good, and says she'd eat a bunch. Next, she introduces 'Simply Gum' in Grapefruit flavor, commenting on its small box packaging and the fact that the flavor lasts only about two seconds. She notes the gum is pricey but expresses affection for the brand. Throughout, her tone is enthusiastic, hungry, and conversational, with a brief moment of mild frustration opening the bag and one censored expletive.
Entities people=Lilian Melchert (Author Name); products=Quino Wow! Churro Organic Quinoa Popcorn, Quino Wow! Matcha Organic Quinoa Popcorn, Simply Gum Cleaner Grapefruit
Humor type=Self-deprecating; explanation=The humor comes from the creator's exaggerated, self-aware reaction to spending money on expensive 'fancy' popcorn and her dramatic disappointment with the tiny portion size and fleeting flavor. She jokes about being 'in love' then immediately sad it will end in two seconds, calls herself a 'psycho' for wanting to try every piece, and compares the gum to dog food, creating a relatable contrast between aspirational healthy-snack marketing and real-world taste expectations. Her playful frustration with opening the bag and her over-the-top delight at 135 calories adds situational comedy typical of authentic UGC food reviews, where the creator positions herself as both indulgent consumer and health-conscious peer.
Author 【entity-Lilian Melchert¦handle=@limelchert¦author_id=user-860876778650358284990】
AuthorURL https://www.instagram.com/limelchert
Verified
1.4M Followers
Language en


【f815】
URL https://www.instagram.com/reel/Dd3nAPACMA3/
Type video
Created 2026-09-29 11:04:43 UTC
1.4K Likes
6 Comments
Summary: A man conducts a 'USA vs JAPAN' food taste test, shown with on-screen text throughout. In the USA segment, he shops for four American products: Van Holten's Sour Pickle, a Fast Bites frozen cheeseburger, a MrBeast Feastables Chocolate Sea Salt bar, and a can of Jumex Guava Nectar. At home, he microwaves the cheeseburger, shows its cooked interior with melted cheese, and takes bites. He then opens and eats the entire sour pickle, making a strong sour face. He breaks and eats the chocolate bar, and pours and drinks the guava nectar from a small glass. In the Japan segment, he shops in a Japanese convenience store for three items: a packaged soft-boiled egg (onsen tamago), a Lotte Pokemon chocolate wafer, and a soft-serve vanilla ice cream cone. Outdoors, he peels and eats the egg showing the runny yolk, opens the Pokemon wafer revealing a Pikachu card inside and eats it, and finally eats the soft-serve ice cream. The tone is casual and focused on visual comparison and reaction.
Entities products=Van Holten's Sour Pickle, Fast Bites Cheeseburger, MrBeast Feastables Chocolate Bar, Jumex Guava Nectar, Japanese Soft-Boiled Egg, Lotte Pokemon Chocolate Wafer, Japanese Soft Serve Ice Cream
Author 【entity-Sonsern Lin (APPA)¦handle=@hungryoc¦author_id=user-258524402623394183794】
AuthorURL https://www.instagram.com/hungryoc
Verified
720K Followers
Language en",personality,false,strong,做健康零食开箱：藜麦爆米花两口味+口香糖，打健康分和好吃分,taste-test-pov,11,true,,true,watchlist 近7天 ≥13 账号做同款,us-likely,美国购买、英语讲解,false
2026-10-05,food,26,https://www.instagram.com/reel/Dd-jvS9p2l-,@daniellashaba,6600,89,300,300.0,0.429,3,2026-10-02,2026-10-02,3,true,A young woman with long dark hair wearing a navy blue sweatshirt sits at a kitchen counter...,"A young woman with long dark hair wearing a navy blue sweatshirt sits at a kitchen counter in San Diego and responds to a comment asking 'What size bag did you get?' She holds up a large gold resealable bag of freeze-dried snacks, explaining she bought the 520-gram size but has already eaten half, noting the bag is about twice the size of her head. She pours the contents into a clear glass bowl, revealing a mix of colorful freeze-dried items including whole strawberries, green beans, mango pieces, jackfruit, mushrooms, and other fruit and vegetable shapes. Throughout the video she samples individual pieces one by one, holding them up to the camera before eating, while providing commentary on the taste — identifying flavors like strawberry, mango yogurt, jackfruit, and mushroom, and stating it is her favorite snack. The audio is dominated by loud crunching and chewing sounds as she eats. The video is presented as a casual product review/taste test, with an on-screen caption directing viewers to a TikTok shop link.
Entities people=Daniella Tomika (Post Caption); products=freeze-dried candy and fruit snack mix
Author 【entity-Daniella Tomika¦handle=@daniellashaba¦author_id=user-759565189118047220699】
AuthorURL https://www.instagram.com/daniellashaba
260K Followers
Language en


【bf88】
URL https://www.instagram.com/reel/DeE1grARs-B/
Type video
Created 2026-10-04 14:23:07 UTC
4.7K Likes
10 Comments
Summary: In this October 2026 TikTok-style video, creator Hallie Parrott (@hallie.parrott), identified in her bio as a Chicago-based candy reviewer, films a ""trying weird snacks from TJ Maxx"" segment in her apartment. She presents four products purchased for $3 each: San Diablo Itty Bitty Churros Piña Colada flavor, which she describes as light, airy, crispy, with pineapple-coconut flavor and rates 8.9/10; That Fudge Place Peanut Butter Fudge, which she notes is dry and crumbly with a chemical aftertaste and rates 6.5/10; DJ&A Pickle-Licious Cucumber Crisps Jalapeño flavor, which she finds zesty but not truly pickle-like and rates 5.7/10; and Nutty & Fruity Sour Watermelon Chili Gummy Strips, which she praises for heavy coating and flavor and rates 10/10. Throughout, she holds packages close to the camera, breaks open pieces to show texture, and eats on-camera while giving commentary. The tone is enthusiastic, casual, and informative, typical of social-media snack reviews, with no sexual, violent, or otherwise risky content.
Entities people=Hallie Parrott (Author Name); products=itty bitty churros piña colada, peanut butter fudge, cucumber crisps jalapeño, sour watermelon chili gummy strips
Author 【entity-Hallie Parrott 🍭¦handle=@hallie.parrott¦author_id=user-920255305608060167275】
AuthorURL https://www.instagram.com/hallie.parrott
120K Followers
Language en",personality,false,strong,网购 freeze-dried 零食大礼包试吃：逐个 ASMR 咀嚼音+打分,taste-test-pov,11,true,,true,watchlist 近7天 ≥13 账号做同款,us-likely,圣地亚哥厨房、TikTok 商店链接、英语,false
2026-10-05,food,27,https://www.instagram.com/reel/Dd1oMUsA1oi,@touchdalight,5100,230,200,200.0,0.429,3,2026-10-02,2026-09-28,7,true,A young man in a light blue and white striped t-shirt sits in the driver's seat of a car a...,"A young man in a light blue and white striped t-shirt sits in the driver's seat of a car and presents a haul of snacks he bought from Trader Joe's, with on-screen text reading 'trying viral snacks from trader joes.' He systematically opens and tastes each item, showing the packaging to the camera and describing his reaction. He tries: Fresh Mozzarella & Prosciutto Pinwheels (rates 7.5/10), Strawberry & Vanilla Yogurt Pretzels (calls them incredible, rates 10/10), Cookies & Cream Pretzel Slims (rates 9/10), Coffee Lovers Espresso Beans chocolate-covered espresso beans (rates 10/10), Pumpkin Spice Bark (describes as mental, rates 10/10), Sweet & Salty Snack Mix Autumn Harvest (rates 10/10), Root Beer Float Pieces (compares to bark from a tree, rates 7.5/10), and finally Root Beer Float pieces again and Root Beer Float? He also briefly shows a yellow bag of what appears to be another pretzel product. Throughout, he eats the snacks, chews on camera, and gives verbal reviews, expressing strong enthusiasm for most items. The video is shot in daylight inside the vehicle with no music or other people visible.
Culture moment=viral Trader Joe's snacks; significance=References ongoing social media trend of testing popular Trader Joe's items.; origin=TikTok/Instagram food trend culture
Entities people=carmie sellitto (Author Name); products=fresh mozzarella and prosciutto pinwheels, strawberry and vanilla yogurt pretzels, cookies and cream pretzel slims, coffee lovers espresso beans, pumpkin spice bark, sweet and salty snack mix autumn...
Author 【entity-carmie sellitto¦handle=@touchdalight¦author_id=user-171759119184435295327】
AuthorURL https://www.instagram.com/touchdalight
Verified
780K Followers
Language en",personality,false,strong,做 Trader Joe's 季节新品试吃：秋季限定零食逐个打分,taste-test-pov,11,true,,true,watchlist 近7天 ≥13 账号做同款,us-likely,Trader Joe's、车内试吃、英语,false
2026-10-05,food,28,https://www.instagram.com/reel/DeC55vCSix5,@hella__chluy,370,21,0,185.0,0.0,0,2026-10-05,2026-10-03,2,true,This is a first-person vlog from creator @hella__chluy at the Cambodian Food Fest 2026 hel...,"This is a first-person vlog from creator @hella__chluy at the Cambodian Food Fest 2026 held at Ten Mile Brewing. The video focuses on the 'Donut Princess LA' booth (@maylytao), run by a woman identified as the 'Donut Princess' wearing a brown crochet dress and small tiara. She stands behind a bright pink table displaying dozens of elaborately decorated donuts with labels like 'Princess Donut,' 'Matcha Green Tea,' 'Blue Cookie,' and 'Cap'n Crunch.' A letter board lists prices: Single $4, Half Dozen $22, Dozen $44. The creator, wearing a Seattle Mariners shirt, interviews her playfully, asking about Cambodian donuts coming to California, the origin of pink boxes, and whether they invented the cronut (she credits Thailand). The tone is upbeat and promotional, with the vendor smiling, making peace signs, and interacting with customers. Other people appear briefly, including a customer selecting donuts and another man posing for a photo with the vendor. The setting is outdoors under a canopy on a clear day, capturing the festive, community-market atmosphere of the event.
Culture moment=Cambodian Heritage Night with Seattle Mariners; significance=Highlights growing visibility of Cambodian-American food culture in Southern California.; origin=Referenced by creator in caption and audio.
Entities people=Mayly Tao (Post Caption); products=artisanal donut; places=Ten Mile Brewing
Author 【entity-Hella Chluy¦handle=@hella__chluy¦author_id=user-597055312603262540667】
AuthorURL https://www.instagram.com/hella__chluy
Verified
74K Followers
Language en


【dd99】
URL https://www.instagram.com/reel/DeEzFr4BDrH/
Type video
Created 2026-10-04 14:02:11 UTC
10 Likes
Summary: On a sunny day outdoors, a vendor from 'Flaming Fire Fish' — identified in the caption as a Black-owned family business selling fresh-made Swai fish and shrimp plates in LA County — stands at his tent holding a white takeout container. He interacts with a customer wearing a gray 'CARSON' t-shirt, camouflage shorts, and a red-and-black cap. The vendor asks for an honest rating out of ten. The customer responds candidly, noting the fish is 'kind of soft' but still good, comparing it favorably to previous items ('with the last two? Fire'), and ultimately awards it a 9.8 out of 10, calling it 'claiming fire.' The exchange is friendly and promotional, ending with a fist bump and smiles. The tone is upbeat, community-focused, and intended as authentic customer feedback.
Entities products=fried fish plate
Humor type=Situational; explanation=The humor comes from the classic street-vendor authenticity test: asking for brutal honesty and receiving an almost perfect score after a tiny critique about texture being soft. The customer's deadpan delivery, followed by the emphatic 'Fire' and 'that's no lie,' creates a relatable small-business moment where the owner visibly lights up at the validation. Playing off the shop name 'Flaming Fire Fish,' the customer repeats 'claiming fire,' turning a literal brand into slang praise, which feels earned rather than scripted. The lighthearted negotiation over the exact number (9.8 instead of 10) adds a playful specificity that audiences recognize from real food-review culture, making the exchange feel genuine and warmly funny without sarcasm.
Author 【entity-Flaming Fire Fish¦handle=@flamingfirefish¦author_id=user-238762947790957906190】
AuthorURL https://www.instagram.com/flamingfirefish
11K Followers
Language en


【c64b】
URL https://www.instagram.com/reel/Dd18313SFvm/
Type video
Created 2026-09-28 19:50:29 UTC
65 Likes
20 Comments
Summary: The video is a first-person vlog by creator Chef Manouschka Guerrier (@single_serving) documenting 'Sarap Sundaze' at Cafe Aficionado in Los Angeles/Northridge, a Filipino community pop-up event. Opening outdoors, she smiles in front of a Northridge mural, then shows vendor tents including SaySay's Cookies ('IT'S WORTH IT!') and Sarap Sourdough selling cookies and baked goods. Inside the cafe, patrons sit at tables, a DJ plays old-school hip-hop and R&B, and singer Elmer Abapo performs. The creator highlights a layered 'BISCOFF MATCHA' drink topped with cookie crumbs, and watches organizer Abby Mcua68 cook picadillo (ground meat with peas, carrots, potatoes) in a pan, later served over rice. Throughout, she films herself eating, reacting positively, and promoting e.l.f. Cosmetics Halo Goddess Glow Body Balm. On-screen text reads 'WITH DOPE BEATS TOO?!', 'VIBES ON VIBES ON VIIIIIBES!', and 'FOLLOW FOR MORE I GOT YOU!'. The tone is energetic, celebratory, and community-focused, showcasing Filipino food, vendors, and music in 2026.
Entities people=Manouschka Guerrier (Post Caption), Abby Mcua68 (Tagged User), Elmer Abapo (Post Caption); products=Halo Goddess Glow Body Balm, Biscoff Matcha drink, Picadillo; places=Cafe Aficionado, Northridge
Author 【entity-Chef Manouschka Guerrier 🇭🇹 Food | Travel | Lifestyle¦handle=@single_serving¦author_id=user-539950013469686355371】
AuthorURL https://www.instagram.com/single_serving
Verified
33K Followers
Language en",personality,false,weak,,taste-test-pov,11,false,Q1 单人能拍吗失败：需要美食节活动现场拍摄,true,watchlist 近7天 ≥13 账号做同款,us-likely,LA Cambodian Food Fest、Ten Mile Brewing、英语,false
2026-10-05,food,29,https://www.instagram.com/reel/Dd-zBdRtjGP,@elserenosocialclub,460,13,0,153.3,0.0,0,2026-10-05,2026-10-02,3,true,"This is a promotional food-review video posted October 1, 2026, by @elserenosocialclub hig...","This is a promotional food-review video posted October 1, 2026, by @elserenosocialclub highlighting the opening of 'Birria Pa La Cruda' in El Sereno, Los Angeles. A bearded man wearing a black cap sits at a table and tastes food from the restaurant, which is identified on-screen with the text 'Birria Pa La Cruda is open in El Sereno.' He holds up a white bowl containing grilled chicken over wild rice topped with guacamole, pickled onions, and carrots, and also has a plate with what appears to be a mole-covered dish with greens. On-screen text provides the address: 5373 Alhambra Ave, Los Angeles, CA 90032, along with hours Wednesday–Friday 10 AM–4 PM and Saturday–Sunday 9 AM–4 PM. The video cuts to the kitchen where a cook in an apron mixes ingredients in a metal bowl, and another worker with a yellow bandana is visible near a large stone molcajete. The background audio is a traditional Mexican song with male vocals. The overall tone is positive and informative, serving as a local business recommendation. Data of event in content: 2026-10-01, Details: Post was made on the second day the restaurant was open, reporting current visit.
Entities places=Birria Pa La Cruda
Author 【entity-elserenosocialclub¦handle=@elserenosocialclub¦author_id=user-785571257690029105518】
AuthorURL https://www.instagram.com/elserenosocialclub
32K Followers
Language en",news,false,none,,,0,false,Q1 单人能拍吗失败：餐厅开业宣传，需店内拍摄,false,,us-likely,El Sereno LA、餐厅地址 5373 Alhambra Ave,false
2026-10-05,food,30,https://www.instagram.com/reel/Dd95MRRy00l,@tacoslosdesvelados,500,5,0,125.0,0.0,0,2026-10-05,2026-10-01,4,true,"This is a short-form food video from Tacos Los Desvelados in Santa Monica, posted October ...","This is a short-form food video from Tacos Los Desvelados in Santa Monica, posted October 1, 2026, showcasing their queso fundido. The clip opens on a cast-iron skillet filled with bubbling orange melted cheese. A gloved hand adds chunks of seared ribeye steak from a griddle, followed by chopped cilantro and sliced green jalapeños. Metal tongs mix the toppings into the cheese. The cook then folds a large flour tortilla and scoops up a generous portion, producing dramatic, stretchy cheese pulls. The video ends with a close-up of a person taking a big bite, cheese dripping from their mouth. The tone is indulgent and appetizing, emphasizing richness and heat, with the caption framing the dish as an over-the-top creation meant to be shared.
Entities products=queso fundido with ribeye; places=Tacos Los Desvelados
Author 【entity-DESVELADOS¦handle=@tacoslosdesvelados¦author_id=user-130666849796165785040】
AuthorURL https://www.instagram.com/tacoslosdesvelados
Verified
650K Followers
Language en


【6b52】
URL https://www.instagram.com/reel/Dd12vIMz7YQ/
Type video
Created 2026-09-28 18:45:49 UTC
1.8K Likes
45 Comments
Summary: In this 'First Bite' episode from Eater LA, audience editor Kat Thompson and correspondent Matthew Kang visit Skywalker Grill, the rooftop restaurant inside the newly opened Lucas Museum of Narrative Art in Los Angeles. They describe it as possibly the prettiest museum in LA, highlighting its stunning contemporary interior with wood-paneled tree-like columns, floor-to-ceiling windows, and perfect downtown views from the outdoor patio. They sample several dishes: a chopped salad with avocado, a Chinese chicken salad with wontons and mandarin orange, crispy fried calamari served with chipotle aioli, the signature Wagyu burger made with beef from George Lucas's Skywalker Ranch, a chunky Bolognese pasta, and George Lucas's favorite dish — a mushroom and chicken crepe inspired by the 1970s-90s Magic Pan chain. Both hosts praise the food as delightful, healthy, well-constructed, and flavorful, noting the crepe is creamy and savory and the burger has a good beef-to-bun ratio. While they acknowledge people may talk about value, they conclude the main highlight is the beautiful atmosphere and view, making it a great place to have lunch inside the Lucas Museum.
Culture moment=Star Wars Tauntaun reference; significance=Leverages Star Wars lore tied to George Lucas to market the burger.; origin=Referenced in caption and dialogue about Skywalker Ranch beef.
Entities people=Kat Thompson (Post Caption), Matthew Kang (Post Caption); products=chopped salad, Chinese chicken salad, fried calamari, Wagyu burger, Bolognese pasta, mushroom and chicken crepe; places=Skywalker Grill, Lucas Museum of Narrative Art
Author 【entity-Eater LA¦handle=@eater_la¦author_id=user-059829717496392816733】
AuthorURL https://www.instagram.com/eater_la
Verified
620K Followers
Language en


【cd48】
URL https://www.instagram.com/reel/DeFHrgqKrb1/
Place 【place-Los Angeles Convention Center¦place_id=518278903435111】
Type video
Created 2026-10-04 17:01:44 UTC
3.7K Likes
13 Comments
Summary: A food creator (@hungry4munchies) films at Family Style Fest during ComplexCon at the Los Angeles Convention Center on October 4, 2026. Wearing a green hat and white tank top, he starts by showing multiple boxes of Japanese sandwiches and fruit sandos, then walks through the crowded outdoor festival. He begins with tacos from Tacos Royale, identified as Sonoran-style from Mexico, featuring classic steak and beef crackling; he praises the soft tortilla and crispy texture. Next he visits Jamaican Modder's Kitchen for a jerk chicken pizza topped with oxtail, jalapeños, and barbecue sauce, noting it's a fusion and comparing it to Alfredo chicken pizza. He then samples several Japanese sandwiches, including a fruit salad sandwich described as soft, creamy, and fruity, and a spicy truffle chicken sandwich. For dessert he goes to Creaminal, trying a mango sticky rice sundae, a jasmine lychee strawberry crunch, and a Lover Boy flavor, commenting on the warm rice, real ingredients, and strong flavors. Throughout he eats on camera, gives positive reviews, and encourages viewers to attend. The tone is energetic, appreciative, and focused entirely on food tasting. Data of event in content: 2026-10-03/2026-10-04, Details: Post published during the event weekend and references live attendance.
Entities products=steak taco, jerk chicken pizza, Japanese sandwich, mango sticky rice sundae; places=Los Angeles Convention Center, Crypto.com Arena
Author 【entity-Flyboy Foodie¦handle=@hungry4munchies¦author_id=user-638842687179551432174】
AuthorURL https://www.instagram.com/hungry4munchies
820K Followers
Language en


【c426】
URL https://www.instagram.com/reel/Dd61_ZeBdXm/
Type video
Created 2026-09-30 17:17:22 UTC
15K Likes
200 Comments
Summary: This video is a food review showcasing 'Blasian' cuisine — a fusion of Black and Asian flavors — at a restaurant in Los Angeles. On-screen text identifies it as the first and only Jamaican-Chinese restaurant in LA, owned by a Blasian mother and daughter duo. The narrator explains the historical roots dating back to the 1800s when Chinese indentured servants were brought to Jamaica by Britain, leading to intertwined cultures. The video displays multiple dishes: steaming lo mein noodles served in a classic takeout box topped with slow-braised oxtail; curry fried rice made with Jamaican curry and chicken; jerk chicken egg rolls filled with cabbage and meat; jerk chicken wings glazed in sauce and served with fried plantain slices; a whole fried snapper topped with peppers and onions; cheesy mac and cheese with oxtail gravy poured over it; and fried festival bread described as tasting like a churro or funnel cake. A woman is shown eating the food with chopsticks and a fork, expressing enjoyment. The setting is a dimly lit restaurant with red decor, candles, and cocktails. The overall tone is enthusiastic and educational, highlighting the cultural heritage behind the fusion menu.
Entities products=oxtail lo mein noodles in takeout box, curry fried rice, egg rolls with jerk chicken or oxtail, jerk chicken wings, whole fried snapper, fried plantains, oxtail mac and cheese, fried bread; places=ABL
Author 【entity-Jen Zhang | LA Food & Fun 🌴¦handle=@jenz_losangeles¦author_id=user-169787409463199830404】
AuthorURL https://www.instagram.com/jenz_losangeles
190K Followers
Language en


【8bd7】
URL https://www.instagram.com/reel/Dd4NuwaMN78/
Type video
Created 2026-09-29 16:46:39 UTC
370 Likes
30 Comments
Summary: This is a first-person 'day of LA eats' vlog by creator Callie Thorpe, filmed in Los Angeles in 2026. Opening with palm-lined streets, she states LA has the best food and begins with a breakfast burrito, which she calls phenomenal, followed by an apple cinnamon monkey bread sweet treat. She then visits Surfas Culinary District, describing it as her 'Sephora' for kitchen goods, showing aisles of condiments, sauces, butter, kitchen supplies, and a small cafe with sandwiches. Because it was hot, she stops at a street fruit stall for fresh fruit with tajin and chamoy. In the evening, she goes to Korean BBQ, her first port of call in LA, showing marbled beef and sweet potato grilling. She ends the night with Korean shaved ice (bingsu), highlighting a lemon curd flavor and an Oreo chocolate version, praising the milky-shaved texture as 10 out of 10. The video closes with a sunset drive through LA traffic, inviting local viewers to share their best eats.
Entities products=breakfast burrito, apple cinnamon monkey bread, Korean BBQ beef, Korean shaved ice bingsu, fresh fruit with tajin; places=Surfas Culinary District
Author 【entity-Callie | Travel - Food + Wellbeing¦handle=@calliethorpe¦author_id=user-984121240329503303815】
AuthorURL https://www.instagram.com/calliethorpe
Verified
270K Followers
Language en


【51d5】
URL https://www.instagram.com/reel/Dd3ZejcTykl/
Type video
Created 2026-09-29 09:08:43 UTC
30K Likes
100 Comments
Summary: This is a first-person 'what I ate in a day (LA edition)' vlog following a young woman with glasses and a camouflage 'LA' tank top. The day begins with blueberries and coffee, followed by half of her mother's chocolate croissant purchased at a cafe. She then goes 'squishy hunting' in a store, buying small fruit-shaped stress toys. For lunch, she eats at Haidilao hotpot with her mother, shown making sauce, cooking meat and vegetables in the divided broth, and eating noodles. She tests the squishies at the table. Later she gets a Heytea drink outside, then buys beverages before heading to the airport, where she steals one of her mother's chicken nuggets and picks up a protein milk snack. On the plane (business class), she reviews the menu and is served dinner: caprese salad, seabass with sauce, and a cheese platter for dessert. After sleeping, she has a late-night snack of lugaw (rice porridge) and grabs a green apple. The tone is casual, personal, and food-focused, with on-screen text labeling each meal and activity.
Entities products=bubble tea, iced coffee, chocolate croissant, squishy toy, sports drink, protein milk; places=Haidilao
Author 【entity-Mona ♡¦handle=@_monaalawi¦author_id=user-909595004432005991627】
AuthorURL https://www.instagram.com/_monaalawi
Verified
3.8M Followers
Language en


【af57】
URL https://www.instagram.com/reel/Dd7SnwHS64K/
Type video
Created 2026-09-30 21:24:25 UTC
130 Likes
6 Comments
Summary: This is a promotional social media video for Teddy's Red Tacos, posted September 30, 2026. It opens on the storefront at 1292 South La Brea Ave, Los Angeles, with signage reading 'Teddy's RED TACOS TAQUERIA' and an on-screen text overlay stating 'Our Hollywood location is now a Taqueria!?'. The caption confirms the menu expansion beyond birria to include Chicken, Asada, and Al Pastor. The second half shows multiple plates of tacos on a black table — topped with meat, avocado, cilantro, onion, radish slices, and lime wedges — alongside a small cup of consomé, a glass bottle of Coca-Cola, a plastic cup of horchata, and a can of Manzanita Sol apple soda. The video is set to upbeat traditional Mexican music with a male vocalist singing 'amor, amor.' The overall tone is bright, commercial, and appetizing, aimed at advertising the restaurant's new taqueria offerings.
Entities products=birria tacos, chicken tacos, asada tacos, al pastor tacos, Coca-Cola bottle, Manzanita Sol apple soda; places=Teddy's Red Tacos Taqueria
Author 【entity-Teddys Red Tacos¦handle=@teddysredtacos¦author_id=user-318840152508397403766】
AuthorURL https://www.instagram.com/teddysredtacos
Verified
210K Followers
Language en",personality,false,none,,,0,false,Q1 单人能拍吗失败：餐厅自家厨房宣传内容,false,,us-likely,Santa Monica 餐厅、英语,false
2026-10-05,food,31,https://www.instagram.com/reel/Dd6vBCLNd_S,@liranrozenn,7800,250,100,100.0,0.429,3,2026-10-02,2026-09-30,5,true,"The video is a Hebrew-language food tutorial by creator Liran Rozen (@liranrozenn), posted...","The video is a Hebrew-language food tutorial by creator Liran Rozen (@liranrozenn), posted September 30, 2026. It recreates the viral Caesar salad wrap popularized by Vinny's Cafe in London. The video opens with clips from the cafe showing staff assembling the wrap with lettuce, chicken, and chips. Rozen then makes a kosher, parve version at home, preparing a Caesar-style dressing based on Coral Hota's recipe but omitting egg, anchovy, and parmesan — using mayonnaise, lemon juice, honey, crushed garlic, Dijon mustard, salt, pepper, and olive oil. She mixes romaine lettuce, grilled chicken breast, croutons (or potato chips), and red onion with the dressing, places the mixture on a large 25cm tortilla, rolls it tightly while wearing black gloves, and cuts it in half. She presents the finished wrap, pours extra dressing over it, and eats it enthusiastically, expressing delight. The tone is energetic, playful, and instructional, aimed at home cooks wanting to replicate the trendy street-food item.
Culture moment=Viral Caesar salad wrap trend; significance=Reflects 2020s social-media food hack culture where restaurant items are recreated at home for kosher audiences.; origin=Originated at Vinny's Cafe in London/New York as shown in video.",template,true,strong,复刻 viral Caesar salad wrap：自制凯撒酱+烤鸡+薯片卷饼，英文版,copycat-recipe,3,true,,false,,non-us,希伯来语教学、以色列创作者,false
2026-10-05,food,32,https://www.instagram.com/reel/Dd6Jt32NfM_,@cook_queen_1130,2400,11,100,100.0,0.286,2,2026-10-03,2026-09-30,5,true,This is a short-form cooking reel by creator @cook_queen_1130 demonstrating a 'viral cucum...,"This is a short-form cooking reel by creator @cook_queen_1130 demonstrating a 'viral cucumber shots' recipe. The video opens with three finished green cucumber cylinders standing upright on a white-and-gold marbled plate, their rims coated in red spice and filled with a brown sauce. The process then shows hands peeling a whole cucumber, slicing it into thick rounds, and scooping out the seedy interior into a bowl. In a separate bowl, dried tamarind is soaked in water and mashed by hand into a pulp, then mixed with powdered spices including red chili and a yellow spice. A plate is prepared with a mix of red chili powder and salt for rimming. Each hollowed cucumber cup is dipped rim-first into the spice mix, then filled with the tamarind mixture using a spoon. The final shots return to the plated presentation, with one cup lifted to show the texture. The tone is bright, fast-paced, and instructional, set to upbeat Indian music, emphasizing quick, tasty, and healthy home cooking.
Culture moment=viral cucumber shots recipe trend; significance=Reflects ongoing social media food-hack culture where vegetables are repurposed as serving vessels.; origin=Instagram Reels food trends
Entities products=fresh cucumber, dried tamarind, red chili powder
Author 【entity-cook queen¦handle=@cook_queen_1130¦author_id=user-061306128533223610212】
AuthorURL https://www.instagram.com/cook_queen_1130
12K Followers
Language en


【715a】
URL https://www.instagram.com/reel/Dd-wLL4z51M/
Type video
Created 2026-10-02 05:40:44 UTC
3.2K Likes
2 Comments
Summary: This is a short-form food reel by creator @sristhisfood (@sristhisfood diary) posted October 1, 2026, demonstrating how to make 'Korean style chips, Kurkure bhel.' The video opens with the finished dish—a colorful mix of crushed chips, vegetables, and sauce—presented on a white plate over a wooden slab. The creator then prepares the base in a clear glass bowl: sliced red onion, shredded cabbage, chopped green chilies, salt, Kashmiri red chili powder, Maggi masala, soy sauce, tomato ketchup, white sesame seeds, fresh cilantro, and hot oil poured over the herbs. After mixing, three types of packaged Indian snacks are added—Bingo Tedhe Medhe, Bingo Mad Angles, and Lay's potato chips—which are crushed into the mixture. The final step is squeezing fresh lemon juice over the top before serving. The background features small decorative plants and figurines on a white countertop. An upbeat Hindi film song plays throughout. The overall tone is bright, appetizing, and instructional, aimed at viral food-reel audiences.
Entities products=Bingo Tedhe Medhe chips, Bingo Mad Angles chips, Lay's potato chips, Maggi Masala seasoning
Author 【entity-sristhi's food diary¦handle=@sristhisfood¦author_id=user-396895438182795396271】
AuthorURL https://www.instagram.com/sristhisfood
2.5K Followers
Language en",template,true,strong,cucumber shots 对比：罗望子酸辣汁版 vs 泰式甜辣酱版，盲测打分,snack-hack,7,true,,true,watchlist 近7天 ≥8 账号做同款,non-us,印度音乐、罗望子 chaat 风味体系,false
2026-10-05,food,33,https://www.instagram.com/reel/Dd7i_XYPu1w,@turnerpartyoffive,230,89,0,46.0,0.0,0,2026-10-05,2026-09-30,5,true,"A woman films herself at The Cheesecake Factory trying the viral Cajun Salmon meal, which ...","A woman films herself at The Cheesecake Factory trying the viral Cajun Salmon meal, which comes with mashed potatoes and buttered corn. On-screen text explains she went specifically for the viral dish and notes her husband also ordered it. As she eats, her husband repeatedly reaches over with his fork to take bites from her plate, even after she moves it away. She narrates that he kept putting his fork in her plate, calls it delicious, and recommends the meal for families. The husband is later shown with his own plate of shrimp and rice, confirming he had his own order but still wanted hers. He tries her salmon again, and they both smile. The video ends with them together giving the meal an 8/10 rating. The tone is warm, humorous, and relatable couple content posted by creator Pernilla Turner.
Culture moment=viral food reel; significance=References ongoing TikTok/Reels trend of reviewing Cheesecake Factory's Cajun salmon.; origin=Social media food trend
Entities products=Cajun salmon meal; places=The Cheesecake Factory
Humor type=Situational; explanation=The humor arises from a universally recognizable domestic situation: one partner claiming their own meal but persistently eating off the other's plate. The creator builds tension by showing she moves the plate away, yet the husband returns for a second and third bite, which she narrates with mock outrage ('boy get your fork out of my plate'). The visual gag of labeling his hand 'HIS FORK' reinforces the repetition. It is not sarcasm or satire, but situational observational comedy rooted in marriage dynamics, amplified by the contrast between his untouched shrimp dish and his desire for her salmon. The payoff is mutual laughter and the 8/10 rating, making the joke feel affectionate rather than confrontational.
Author 【entity-Pernilla Turner Motherhood & Lifestyle¦handle=@turnerpartyoffive¦author_id=user-324778629519901302225】
AuthorURL https://www.instagram.com/turnerpartyoffive
41K Followers
Language en


【9ae8】
URL https://www.instagram.com/reel/DeCzGVaohFN/
Type video
Created 2026-10-03 19:22:49 UTC
12K Likes
210 Comments
Summary: This is a compilation reaction video posted October 3, 2026, centered on bizarre viral food trends. First, a young woman in a car demonstrates 'Butter Dipped In DR Pepper,' holding a McCafe cup of soda and a stick of butter, dipping it and eating it while saying 'so good.' Next, a red-haired man in a blue shirt reacts with sarcastic horror, joking that he'd rather shoot his arteries than eat it, suggesting adding oil and cholesterol supplements to ensure no survival, and quipping about 'an appointment with Dr Pepper himself.' He criticizes the trend as an American obsession where food 'doesn't have to taste good, you gotta make sure it's really bad for you.' The video then cuts to a third man pouring chocolate sauce onto a large slice of chocolate cake and eating it messily. The reactor returns, says 'stop, what am I watching,' teases a new idea for the cake, and admits he doesn't enjoy watching people eat in their cars. The tone is comedic, satirical, and intentionally gross-out.
Culture moment=butter dipped in Dr Pepper viral food trend; significance=Reflects ongoing social media fascination with extreme, unhealthy food combinations designed for shock value.; origin=Originates from TikTok-style mukbang challenges popularized in mid-2020s.",personality,false,weak,,taste-test-pov,11,false,Q1 单人能拍吗失败：需要夫妻双人出镜,true,watchlist 近7天 ≥13 账号做同款,us-likely,Cheesecake Factory、英语,false
2026-10-05,food,34,https://www.instagram.com/reel/Dd9N92To8QR,@saharuuuuuuuu,62,9,0,15.5,0.0,0,2026-10-05,2026-10-01,4,true,"In a bright indoor setting in Dubai, a male and female creator sit at a dark wood table wi...","In a bright indoor setting in Dubai, a male and female creator sit at a dark wood table with three patterned bowls labeled 'MUST TRY SNACK COMBOS!' The man demonstrates the viral trend: pouring Doritos Dinamita, Doritos Sweet Chili, and Cheetos Cheese into separate bowls, then drizzling melted Cadbury chocolate over each, followed by lime zest and sea salt. On-screen text guides the steps. Both then taste each combination while discussing flavor. Text overlays show their ratings: Doritos Dinamita 8/10, Doritos Sweet Chili 10/10, and Cheetos Cheese 7/10. The woman reacts enthusiastically, especially to the sweet chili version, and encourages viewers to try the recipes and comment their favorite. The tone is casual, upbeat, and promotional, presented by lifestyle creator @saharuuuuuuuu. No explicit content, violence, or hazardous behavior is depicted; the focus remains on the unusual sweet-savory snack experiment.
Culture moment=viral Cadbury Doritos Cheetos snack trend; significance=Reflects ongoing social media fascination with sweet-savory mashups popularized on TikTok and Instagram Reels.; origin=Social media food hack community
Entities products=Doritos Dinamita chips, Doritos Sweet Chili chips, Cheetos Cheese puffs, Cadbury Dairy Milk Silk chocolate
Author 【entity-سحر نسیم اعوان ✨¦handle=@saharuuuuuuuu¦author_id=user-551753930426180283378】
AuthorURL https://www.instagram.com/saharuuuuuuuu
100K Followers
Language en


【5e1d】
URL https://www.instagram.com/reel/Dd8xkJLquH4/
Type video
Created 2026-10-01 11:19:15 UTC
48K Likes
65 Comments
Summary: Creator Catherine Zhang (@catherine.desserts), identified as a winner of Netflix's 'Zumbo's Just Desserts,' films a POV tour at what signage calls the 28th China Ice Cream Expo held alongside the 2025 Shanghai Cooperation Organization Summit. Wearing an exhibitor lanyard, she samples multiple unusual ice creams inside a busy convention hall. She tries a 'Mango tongue bar' (rated 9/10 fun and refreshing), a matcha coconut gelato served in a coconut shell (10/10 cute nutty flavor is good), a yellow 'Super banana' milk-flavored ice cream, a 'Pan-fried dumpling mochi' (7/10 tastes like vanilla mochi), a 'Crispy pistachio mochi' coated in chocolate (9/10 good texture), and an 'Egg tart ice cream' which she and a male companion say regular egg tarts are better. She then tastes small 'Jasmine sorbet balls' — rating jasmine 9/10 sooo refreshing, green apple 10/10, and peach 10/10 all sooo good. The video ends with her encouraging viewers to follow for part 2. The overall tone is upbeat, curious, and promotional, focused on novel flavors and textures at a trade show.
Entities people=Catherine Zhang (Author Name); products=mango tongue bar ice cream, matcha coconut gelato, super banana ice cream, pan-fried dumpling mochi, crispy pistachio mochi, egg tart ice cream, jasmine sorbet balls; places=China Ice Cream Expo
Author 【entity-Catherine Zhang¦handle=@catherine.desserts¦author_id=user-266047763353046771923】
AuthorURL https://www.instagram.com/catherine.desserts
Verified
970K Followers
Language en


【e29c】
URL https://www.instagram.com/reel/Dd4Y8lhxcp4/
Type video
Created 2026-09-29 18:21:35 UTC
9.3K Likes
97 Comments
Summary: A cooking tutorial video demonstrates making an In-N-Out-inspired bunless burger, presented with on-screen text 'when the In-N-Out craving hits'. A woman prepares thick-cut onion rings, fries them in oil until caramelized, then forms thin smash-burger patties from ground beef, seasons them, and cooks them in a cast-iron skillet. She adds American cheese to melt, then assembles the burger by stacking two cheesy patties with a fried onion slice on top, creating a 'Flying Dutchman' style. Separately, she mixes a sauce resembling In-N-Out spread using mayonnaise, ketchup, mustard, relish, vinegar, and spices. The finished burgers are shown on a tray with the sauce for dipping. Throughout, a man in a white cap appears in a picture-in-picture overlay, reacting with exaggerated surprise, curiosity, and hunger, commenting on the lack of a traditional bun and the appeal of the dish. The tone is lighthearted, appetizing, and focused on food hack creativity.
Culture moment=In-N-Out protein-style burger trend; significance=Taps into low-carb and copycat fast-food culture popular on social media.; origin=In-N-Out Burger chain menu
Entities people=Richard Sales (Author Name); products=cast iron skillet, ground beef, white onion, American cheese slices, burger sauce
Humor type=Situational; explanation=The humor comes from the expectation-reality gap: the viewer expects a classic In-N-Out burger with a bun, but the video reveals only large grilled onion rings serving as the bread. The reactor's exaggerated confusion—'Where's the bloody bun?'—and his gradual acceptance ('I'm not even angry at that') creates relatable comedy for anyone familiar with fast-food cravings and diet hacks. It plays on the absurdity of replacing bread with onion while still calling it an In-N-Out craving, making the situation funny without scripted jokes.
Author 【entity-Richard Sales¦handle=@richardsalesofficial¦author_id=user-879091215204824942979】
AuthorURL https://www.instagram.com/richardsalesofficial
Verified
4.4M Followers
Language en

<RESPONSE_INSTRUCTIONS>
Use the information above from all the posts from the `meta_1p.content_search` tool to help ground the response. This information can be relevant to the user's prompt especially when it comes to information about current public discourse and knowledge after your learning cutoff such as: trends, memes, news, events, social context & discourse, and general info. 
When presenting these results to the user:
- Draw from multiple distinct sources. Do not over-represent a single account when the search results include content from several.

CRITICAL — Agentic multi-loop search:
This tool is built for agentic search. A single call is almost never enough to give the user a thorough answer. You MUST evaluate these results right now and decide whether to search again. If the results are thin, one-sided, off-topic, or missing an angle the user cares about, you MUST call `meta_1p.content_search` again — immediately, in the same turn — with adjusted parameters. Go through as many agentic loops as needed until you have comprehensive coverage:
- Go broader: widen `semantic_queries`, remove filters, try a different `ranking_intent`.
- Go deeper: narrow `semantic_queries` to a specific facet, add `key_celebrities` or `authors`, tighten `since`/`until`.
- Mix tools: use `browser.search` to learn factual context, then feed what you learn into a more targeted `meta_1p.content_search` call.
Do NOT present a weak or shallow answer when another loop would improve it. The `<iterative_refinement>` section in the system prompt has detailed examples of how to run these loops.
Do not mention a post's visibility tag unless the user explicitly asks about it.
</RESPONSE_INSTRUCTIONS>",challenge,true,strong,实测 viral 巧克力+薯片混搭：3 种组合盲测打分，记录翻车反应,snack-hack,7,true,,true,watchlist 近7天 ≥8 账号做同款,non-us,迪拜创作者、Cadbury 英联邦品牌语境,false
2026-10-05,food,35,https://www.instagram.com/reel/DeASMMbEgzA,@yelp,60,2,5,5.0,0.143,1,2026-10-04,2026-10-02,3,true,This is a Yelp-produced social media video promoting 'Top 26-50 MEXICAN FOOD SPOTS IN THE ...,"This is a Yelp-produced social media video promoting 'Top 26-50 MEXICAN FOOD SPOTS IN THE US & CANADA.' Set to upbeat Latin guitar music, the video cycles through close-up shots of various Mexican dishes being prepared and served — including crispy tacos, loaded burritos, saucy enchiladas, tamales, and birria — while on-screen text lists 25 restaurants across North America. Locations shown include La Cheve in Napa, CA; Delicia in Indianapolis, IN; Carnitas Uruapan in Chicago, IL; Sonoratown in Los Angeles, CA; Bonfire Burritos in Golden, CO; Tacos y Birria La Unica in Los Angeles, CA; Californios in San Francisco, CA; Frelard Tamales in Seattle, WA; and others spanning Philadelphia, Austin, Phoenix, Reno, and more. The creator's caption frames it as part two of a list, encouraging viewers to save it for a road trip and send it to friends who pick taco spots. The tone is promotional, appetizing, and travel-oriented, with no narrative conflict or controversial content.
Entities places=La Cheve, Delicia, De Cabeza el Unico, Carnitas Uruapan, Lolis Tacos, Bread & Breakfast, Sonoratown, Matt's BBQ Tacos, El Paisa, Tortilleria San Roman, Paprika ATX, Villa's Tacos, Taco Buddha,...
Author 【entity-Yelp¦handle=@yelp¦author_id=user-190047201742238794027】
AuthorURL https://www.instagram.com/yelp
Verified
170K Followers
Language en


【6fd6】
URL https://www.instagram.com/reel/Dd3iljJo5lB/
Type video
Created 2026-09-30 10:25:01 UTC
8 Likes
Summary: In this Times Foodie video posted September 30, 2026, two women sit at a yellow table against a black tiled wall to test a viral '2 ingredient recipe': tomato plus potato chips. On-screen text labels it 'VIRAL 2 INGREDIENT RECIPE - TOMATO+ CHIPS.' One woman slices a fresh red tomato while the other prepares plain potato chips. They demonstrate the hack by placing a tomato slice between two chips, creating a mini sandwich. After saying 'cheers,' both taste the combination simultaneously. Their reactions are mixed and expressive—the woman in the pink tie-dye top chews thoughtfully and states it tastes weird and definitely does not taste like pizza, while the woman in the light pink shirt gestures and appears to disagree slightly. The video includes a brief cutaway to a close-up of a loaded pizza for comparison, and ends with the women discussing the flavor. The tone is casual, experimental, and conversational, typical of social media food-trend content.
Culture moment=viral food combinations trend; significance=Reflects ongoing social media interest in unusual two-ingredient hacks that promise familiar flavors.; origin=Popularized on TikTok and Instagram Reels food creators
Entities products=potato chips, fresh tomato
Humor type=Situational; explanation=The humor comes from the gap between expectation and reality — the setup promises a pizza-like experience from just tomato and chips, building anticipation with exaggerated preparation ('triple'), then delivering a deadpan verdict that it definitely does not taste like pizza. The comedy is situational rather than scripted, relying on genuine reactions, the absurd simplicity of the hack, and the shared cultural knowledge that pizza requires cheese and sauce, making the two-ingredient claim inherently implausible yet fun to test.
Author 【entity-Times Foodie¦handle=@timesnowfoodie¦author_id=user-450044876980075559167】
AuthorURL https://www.instagram.com/timesnowfoodie
Verified
180K Followers
Language en


【951f】
URL https://www.instagram.com/reel/Dd4qS3au8_x/
Type video
Created 2026-09-29 20:54:17 UTC
5.4K Likes
51 Comments
Summary: A young woman with long brown hair, wearing a black ribbed top, sits in the driver's seat of a car with the sunroof open on a sunny day. Identified by on-screen text as Sofia Crnilovic (@sofiacrnilovic), she addresses the camera to share a viral TikTok food hack. She pulls out a Starbucks bagel from a branded paper sleeve, shows a small container of cream cheese, and spreads it on the bagel. She then adds a packet of sriracha sauce, mixes it in, and takes several bites. While chewing, she expresses enjoyment, describing the combination as ""delicious"" and encouraging viewers to try it. The tone is conversational, friendly, and informal, typical of social media food content. The video ends with her finishing the bite and saying goodbye.
Culture moment=viral TikTok food hack; significance=References the ongoing social media trend of repurposing fast-food items into homemade combinations.; origin=TikTok",template,true,none,,,0,false,Q1 单人能拍吗失败：横跨北美 25 家餐厅的榜单合集,false,,us-likely,Yelp 美国榜单、美国/加拿大墨西哥餐厅,false
2026-10-05,food,36,https://www.instagram.com/reel/Dd5E3LmJ-Ck,@meghanitup,13,6,0,2.6,0.0,0,2026-10-05,2026-09-30,5,true,A woman with curly hair wearing a striped button-down shirt demonstrates how to make the v...,"A woman with curly hair wearing a striped button-down shirt demonstrates how to make the viral Fly By Jing Chili Crisp Peanut Butter Noodles in her kitchen. She introduces the red noodle package, then boils the noodles in a white pot on a gas stove. While the noodles cook, she prepares the sauce in a bowl by combining the included soy sauce packet, chili crisp oil (which she struggles to open with scissors), a large spoonful of peanut butter, and about two tablespoons of water, mixing it into a thick brown sauce which she tastes and notes is spicy. She transfers the cooked noodles directly from the pot to the sauce bowl to retain starch, mixes them, then tops the dish with sliced radish, sliced cucumber, kimchi, halved hard-boiled egg, and the included dried chives seasoning packet. She presents the finished bowl, eats it with chopsticks, and reacts positively, calling it a 'perfect freaking bite.' The tone is casual, instructional, and enthusiastic throughout.
Culture moment=viral peanut butter chili crisp noodles; significance=References a popular TikTok food hack combining peanut butter with chili crisp noodles.; origin=TikTok food trend
Entities people=Meghan Birnbaum (Post Caption); products=chili crisp instant noodles, peanut butter, soy sauce packet, dried chives seasoning packet, ceramic serving bowl, hard-boiled egg
Humor type=Situational; explanation=The humor comes from the creator's relatable struggle opening the messy chili crisp packet, exclaiming 'How do you get this shit out?' and worrying about sauce everywhere, which creates a self-deprecating, everyday kitchen mishap moment that viewers find amusing because it contrasts with the polished recipe expectation. Her exaggerated reaction and candid language make the tutorial feel authentic rather than scripted.
Author 【entity-Meghan Birnbaum | Meghan It Up¦handle=@meghanitup¦author_id=user-547956548339113012805】
AuthorURL https://www.instagram.com/meghanitup
66K Followers
Language en


【70ea】
URL https://www.instagram.com/reel/DeE5-v4ksUL/
Place 【place-Fry Day Loaded Fries¦place_id=1136514530779540】
Type video
Created 2026-10-04 15:03:07 UTC
150 Likes
6 Comments
Summary: In bright daylight at an outdoor event, a young man wearing a white tank top, gray cargo shorts, a white-and-red baseball cap, and a red cloth draped over his head and neck holds a styrofoam takeout container of food. He eats with a plastic fork while standing beside a colorful food truck with 'PICK UP' lettering above the service window. He approaches the window and speaks to a worker inside, who is wearing a black sleeveless shirt and gloves. The man gestures with his fork and appears to comment on the food, saying 'who made this?' and 'keep doing what y'all doing.' After the brief exchange, he turns and walks away from the truck. Inside the truck, another worker is visible wearing a dark shirt with 'EVERYDAY'S FRIDAY' printed on the back. The background shows a paved area, trees, and other people walking in the distance.
Entities products=loaded fries; places=FryDay Food Truck
Humor type=Situational; explanation=The humor comes from the unexpected intensity of the praise. Instead of a quiet thank you, the customer turns into an over-the-top hype man, shouting encouragement through the pickup window while holding his food. The contrast between a routine food-truck transaction and this performative, almost celebratory endorsement creates situational comedy. Viewers recognize the relatable experience of loving a meal, amplified here to absurd levels, which makes the moment feel both genuine and funny without scripted jokes.
Author 【entity-FryDay Food Truck Los Angeles¦handle=@fryday.eats¦author_id=user-489553530540508089400】
AuthorURL https://www.instagram.com/fryday.eats
7.1K Followers
Language en


【bc6f】
URL https://www.instagram.com/reel/DeFCyL8RXSP/
Type video
Created 2026-10-04 16:18:10 UTC
8K Likes
540 Comments
Summary: A man identified on-screen as DuB, wearing a black patterned hoodie and a black baseball cap, sits in a modern kitchen and samples a series of meals attributed to rapper Finesse2Tymes, described as 'struggle meals.' He begins by eating steaming instant noodles from a metal bowl, lifting them high before eating. He then moves to a plate with two waffles, spreading grape jelly on one and eating it while commenting that he prefers it. Next, he shows a frozen Salisbury steak TV dinner, calling it a 'calorie nightmare.' He then prepares toast, pouring a large amount of syrup onto a slice and eating it as a sandwich. Finally, he makes cereal using Reese's Puffs, first pouring in evaporated milk from a can, tasting it, then adding water mixed with nonfat dry milk powder, noting it doesn't smell like milk. Throughout, he talks to the camera with humorous, expressive reactions, describing the foods as surprising and not bad despite their low-budget nature. The TikTok watermark @themomentplug is visible throughout.
Culture moment=Finesse2Tymes struggle meals; significance=References a viral internet trend where the rapper documented extremely cheap food combinations.; origin=Finesse2Tymes social media content
Entities people=DuB (Post Caption), Finesse2Tymes (Post Caption); products=Instant Nonfat Dry Milk, Reese's Puffs cereal, canned meat, frozen waffles, syrup bottle, TV dinner tray
Humor type=Situational; explanation=The comedy arises from situational contrast: DuB, dressed in designer clothes and jewelry, earnestly tastes foods culturally coded as extreme poverty meals. His sincere setup ('super scared'), followed by genuine surprise at tolerable taste ('it's good') and then visceral rejection of the cereal-milk combo, creates relatable cringe humor. The repeated phrase 'struggle meals' frames the act as both absurd and authentic, playing on audience familiarity with Finesse2Tymes' backstory. The humor is amplified by his expressive facial reactions and the visual of pouring syrup onto bread with cheese, which violates normal food expectations.
Author 【entity-Finesse Twotymes¦handle=@1finesse2tymes¦author_id=user-172019759004811229070】
AuthorURL https://www.instagram.com/1finesse2tymes
Verified
2M Followers
Language en",template,true,strong,实测 viral 花生酱辣油拌面：Fly By Jing 版，记录开酱包翻车瞬间,recipe-walkthrough,7,true,,true,watchlist 近7天 ≥11 账号做同款,us-likely,Fly By Jing 美国品牌、英语讲解,false
2026-10-05,food,37,https://www.instagram.com/reel/Dd5HoeXSK2O,@star_dancer_007,11000,62,0,0.0,0.143,1,2026-10-04,2026-09-30,5,true,"The video shows an outdoor evening food stall, likely at a fair or event, with red and cre...","The video shows an outdoor evening food stall, likely at a fair or event, with red and cream drapes in the background. A vendor on the left fills hollow fried balls (pani puri/golgappa) from a large plastic bag into a metal container of flavored water. A man in a dark button-down shirt and light pants stands waiting with his hand on his hip, then holds out a green disposable plate to receive the snack. He takes a bite while another customer in white traditional attire also gets served. The clip includes an overlaid Instagram profile header for 'Arjun sonkar' showing 180K followers, and animated blue emoji stickers appear over the table. The audio is upbeat Indian folk/pop music with male vocals. The overall tone is casual and observational, documenting everyday street food culture.
Entities people=Arjun sonkar (Post Caption); products=pani puri shells, metal serving pot
Author 【entity-Arjun sonkar¦handle=@star_dancer_007¦author_id=user-879998763989603310494】
AuthorURL https://www.instagram.com/star_dancer_007
190K Followers
Language en


【e5ce】
URL https://www.instagram.com/reel/Dd3Op5ko6qf/
Type video
Created 2026-09-29 07:33:23 UTC
210 Likes
20 Comments
Summary: The video captures a street food stall in India where a bearded man in a stained white 'MONDAY' t-shirt is preparing food, holding an onion in one hand and a knife in the other. While working, he sings passionately and looks upward, performing for the camera. Two other young men stand behind the counter observing him. The setting is a simple roadside cart with a metal surface and cooking equipment visible. The creator's caption includes the Hindi lyric 'तेरे चेहरे पे ओजादू है' and hashtags indicating it was posted for Instagram Reels virality on September 29, 2026. The author identifies as Kishan Gupta from India. The overall tone is casual, performative, and lively, typical of viral street-food content showcasing personality alongside cooking.
Author 【entity-Kishan Gupta¦handle=@official_kishan__0¦author_id=user-054105720849746614974】
AuthorURL https://www.instagram.com/official_kishan__0
3.7K Followers
Language en


【f3d1】
URL https://www.instagram.com/reel/Dd2_vu5zF6V/
Type video
Created 2026-09-29 05:22:11 UTC
480 Likes
24 Comments
Summary: The video is set in an outdoor street-food market in India, paved with interlocking bricks and lined with metal food carts under colorful umbrellas and tarps. Signs in Hindi advertise items like momos, finger chips, chowmein, manchurian, and golgappa. A woman wearing a grey patterned saree over a red blouse, with her head covered by the pallu, stands in the foreground and performs for the camera, lip-syncing to an upbeat Hindi/Bhojpuri song while making expressive hand gestures near her chest and smiling. On-screen text reads ""अपनी लहर की चाउपाटी"" (Apni Lahar Ki Chaupati). In the background, vendors work at their stalls, customers sit and stand around, motorcycles are parked, and a blue auto-rickshaw passes by. The overall tone is lively, casual, and promotional of local street food culture.
Author 【entity-Raman Devi¦handle=@official_raman_singh07¦author_id=user-647086742119188307284】
AuthorURL https://www.instagram.com/official_raman_singh07
13K Followers
Language en


【50c7】
URL https://www.instagram.com/reel/DeB_eMEzmmt/
Type video
Created 2026-10-03 11:52:39 UTC
1.5K Likes
30 Comments
Summary: This is a short-form social media reel by creator Rohit Gupta (@xplore_rohit) promoting a popular street food item in Patna, Bihar. On-screen Hindi text states 'पटना के कंकड़बाग में मिल रहा है सबसे सस्ता और viral Dosa' (The cheapest and viral Dosa is available in Patna's Kankarbagh). The video shows the step-by-step preparation of a large dosa on an outdoor tawa: the cook spreads batter, adds oil, spreads a red-orange masala paste, sprinkles green potato filling, rolls it tightly, cuts the roll into small cylindrical pieces on a red board, arranges them upright on a black tray, tops them generously with grated cheese, and serves with sambar and chutney. The setting is a busy street with a white Honda WR-V visible behind the stall. The tone is upbeat and promotional, typical of Indian food-vlogging content, with lively background music.
Entities products=cheese-topped dosa roll, sambar; places=Kankarbagh
Author 【entity-Rohit Gupta ❤️¦handle=@xplore_rohit¦author_id=user-409803638303649876456】
AuthorURL https://www.instagram.com/xplore_rohit
32K Followers
Language en",luck,false,none,,,0,false,Q1 单人能拍吗失败：印度街边摊观察拍摄，非自家厨房可复刻,false,,non-us,印度民间音乐、印度街边摊场景,false
2026-10-05,food,38,https://www.instagram.com/reel/Dd35Dp7AwY9,@eatndpose,430,13,0,0.0,0.571,4,2026-10-01,2026-09-29,6,true,"This is a short-form food reel posted September 29, 2026 by creators @eatndpose (Vaishali ...","This is a short-form food reel posted September 29, 2026 by creators @eatndpose (Vaishali and Tushar), showcasing the preparation of Aloo Chaat at a Delhi street stall. The video opens with a close-up of the finished dish in a foil bowl, topped with chopped cilantro and julienned ginger. It then cuts to the vendor in a yellow shirt frying cubed potatoes on a large flat tawa, transferring them to a steel mixing bowl, and sequentially adding dry spice powders, squeezing fresh lemon, pouring green chutney, and tossing everything together. The chaat is then served into the foil plate and garnished again before being held up for the camera. On-screen text reads 'Send to Aalo Chaat Paglu' encouraging viewers to share with a friend obsessed with the snack. The audio is an upbeat traditional Indian folk song with a male vocalist repeating 'dhadkan.' The overall tone is appetizing, casual, and promotional, typical of street-food travel content, with no risky or inappropriate elements.
Culture moment=Indian street food reels trend; significance=Highlights ongoing popularity of hyper-local Delhi chaat content on Instagram Reels in 2026.; origin=Originates from Delhi street food culture shared by travel-food creators.",template,true,none,,,0,false,Q1 单人能拍吗失败：德里街边摊 Aloo Chaat 制作纪录,false,,non-us,德里街边摊、印度传统音乐,false
2026-10-05,food,39,https://www.instagram.com/reel/Dd3qECvAQmn,@kwoklyn1,32,2,0,0.0,0.286,2,2026-10-03,2026-09-29,6,true,"A man with a spiked hairstyle and graying goatee, wearing a black shirt, sits in a cafe wi...","A man with a spiked hairstyle and graying goatee, wearing a black shirt, sits in a cafe with a blue wall behind him. He holds a large white mug of coffee, sips it while looking at the camera, and reacts with approval. The video then cuts to close-ups of his meal: a plate with toasted bread, a grilled tomato half, a portobello mushroom, a ramekin of baked beans, cubes of yellow smoked tofu drizzled with red sauce, wilted spinach, pink beetroot hummus, guacamole, and a fried patty. A second dish shows loaded fries topped with melted cheese, crumbled bacon, sliced spring onions, and a creamy sauce. A third dish is French toast stacked high and covered with strips of crispy bacon. The man returns on camera holding a forkful of the loaded fries, describes them as having cheese, bacon, and spring onion, and eats them with an appreciative expression. Audio includes his commentary identifying the components of the vegan-style breakfast and the 'dirty fries'.
Entities people=Kwoklyn Wan (Author Name); products=white ceramic coffee mug, Flora Original fat spread packet, loaded fries, French toast with bacon
Author 【entity-Kwoklyn Wan¦handle=@kwoklyn1¦author_id=user-540492518268763481939】
AuthorURL https://www.instagram.com/kwoklyn1
Verified
18K Followers
Language en


【fd5c】
URL https://www.instagram.com/reel/Dd72BB4tvgD/
Type video
Created 2026-10-01 02:33:05 UTC
43 Likes
2 Comments
Summary: The video is a close-up, handheld shot of a dinner plate featuring a partially eaten Caesar salad, two grilled shrimp, and a side of french fries, with a shrimp cocktail bowl and another plate of fries visible in the background on a dark wood table. A person's hand enters the frame, picks up several french fries, and places them onto a large romaine lettuce leaf coated in creamy Caesar dressing. The hand then folds the leaf around the fries like a taco or canoe and lifts it toward the camera to display the creation. Throughout, a male speaker narrates in an enthusiastic, conversational tone, referencing the 'girl dinner' trend and asking rhetorically, 'If you're not eating your girl dinner Caesar salad with the lettuce leaf as a little canoe for the French fries, what are you doing?' He concludes by calling it 'girl dinner maxing' and exclaiming that it 'looks fucking insane.' The setting appears to be an indoor restaurant or hotel room with warm lighting. The overall tone is casual, humorous, and focused on food experimentation.
Culture moment=girl dinner; significance=References the viral social media trend of assembling small, snack-like meals.; origin=TikTok/social media food culture
Entities products=Caesar salad, french fries, grilled shrimp, shrimp cocktail
Humor type=Situational; explanation=The humor comes from the absurd yet practical repurposing of a healthy salad leaf into a starchy vehicle for fries, framed as maximizing the 'girl dinner' aesthetic. The speaker's rhetorical questioning and self-aware declaration that it looks 'fucking insane' heightens the comedic effect by acknowledging the visual incongruity while endorsing it. It plays on the cultural understanding of 'girl dinner' as an intentionally messy, low-effort meal, turning a simple side dish into the main event through a literal edible wrapper.
Author 【entity-Joey Camasta¦handle=@joeycamasta¦author_id=user-319363387192016894459】
AuthorURL https://www.instagram.com/joeycamasta
Verified
320K Followers
Language en

<RESPONSE_INSTRUCTIONS>
Use the information above from all the posts from the `meta_1p.content_search` tool to help ground the response. This information can be relevant to the user's prompt especially when it comes to information about current public discourse and knowledge after your learning cutoff such as: trends, memes, news, events, social context & discourse, and general info. 
When presenting these results to the user:
- Draw from multiple distinct sources. Do not over-represent a single account when the search results include content from several.

CRITICAL — Agentic multi-loop search:
This tool is built for agentic search. A single call is almost never enough to give the user a thorough answer. You MUST evaluate these results right now and decide whether to search again. If the results are thin, one-sided, off-topic, or missing an angle the user cares about, you MUST call `meta_1p.content_search` again — immediately, in the same turn — with adjusted parameters. Go through as many agentic loops as needed until you have comprehensive coverage:
- Go broader: widen `semantic_queries`, remove filters, try a different `ranking_intent`.
- Go deeper: narrow `semantic_queries` to a specific facet, add `key_celebrities` or `authors`, tighten `since`/`until`.
- Mix tools: use `browser.search` to learn factual context, then feed what you learn into a more targeted `meta_1p.content_search` call.
Do NOT present a weak or shallow answer when another loop would improve it. The `<iterative_refinement>` section in the system prompt has detailed examples of how to run these loops.
Do not mention a post's visibility tag unless the user explicitly asks about it.
</RESPONSE_INSTRUCTIONS>",personality,false,none,,,0,false,Q1 单人能拍吗失败：餐厅堂食早餐测评,false,,unknown,Flora 涂抹酱为英联邦常见品牌，地点未明确,false
