scan_date,niche,rank,url,author,likes,comments,likes_gained_since_last,velocity_per_day,velocity_confidence,days_tracked,first_seen_date,posted_date,recency_days,is_fresh,title,description,mechanic,replicable,niche_fit,angle_idea,format_cluster,spread_count,feasible,feasible_note,saturated,saturation_reason,geo_fit,geo_note,picked_for_tomorrow
2026-10-10,food,1,https://www.instagram.com/reel/DeJ8IQ5zRqa,@burhansheikh4,200000,1100,,50000.0,0.0,0,,2026-10-06,4,True,"In an outdoor public area near a gate with trees, a man in a white t-shirt and jeans hosts a street challenge, holding a plastic bag of small green chilies. He ","In an outdoor public area near a gate with trees, a man in a white t-shirt and jeans hosts a street challenge, holding a plastic bag of small green chilies. He offers a man in a light-blue kurta and white skullcap 1,000 rupees to eat the chilies without crying for three minutes. The participant accepts, eats the chilies one by one while being timed on a phone, and quickly shows intense pain - eyes watering, face contorting, and eventually crying. The host and surrounding crowd laugh, cheer, and film the reaction. After about three minutes, the timer stops, the participant is declared the winner despite crying, and the host hands him cash. Interspersed are brief cutaway clips of another man with sunglasses and a marigold garland speaking into a microphone. The tone is loud, comedic, and confrontational, typical of Indian street-content videos.",challenge,True,weak,,street-challenge,1,True,,False,,non-us,印度街头、卢比赌注、印地语对白,False
2026-10-10,food,2,https://www.instagram.com/reel/DeJC6JXtXln,@viraj_ghelani,150000,1600,,37500.0,0.0,0,,2026-10-06,4,True,"At an outdoor food court at night in Ahmedabad, two men sit at a granite table. On-screen text reads 'Ahmedabadis and Pineapple Sandwich.' One man, wearing a bl","At an outdoor food court at night in Ahmedabad, two men sit at a granite table. On-screen text reads 'Ahmedabadis and Pineapple Sandwich.' One man, wearing a black t-shirt with yellow Gujarati script, is initially on his phone when the second man brings him a plate with a pineapple sandwich — a white bread item topped with shredded cheese. They converse briefly in Hindi/Gujarati ('Ye le Viraj, kha ke dekh... Pineapple sandwich'). The first man takes a bite, closes his eyes in exaggerated enjoyment, and the video transitions into a comedic montage where both men react with blissful expressions while the background is replaced with rapidly changing synthetic visuals of space, planets, galaxies, waterfalls, and sunsets. The second man also eats and mirrors the ecstatic reaction, holding up an 'OK' hand sign. The clip ends with both continuing to savor the sandwich against the fantastical backdrops, emphasizing the joke that the local snack is so good it feels heavenly.",hook,True,weak,,snack-review,8,True,,False,,non-us,印度艾哈迈达巴德街头，印地语/古吉拉特语对白,False
2026-10-10,food,3,https://www.instagram.com/reel/DeT-VGHt2eA,@nada.al.hajj,34000,270,,34000.0,0.0,0,,2026-10-10,0,True,A woman in a white t-shirt and green pants presents a viral-style recipe in a bright home kitchen. She begins by holding up an onion and a block of instant nood,"A woman in a white t-shirt and green pants presents a viral-style recipe in a bright home kitchen. She begins by holding up an onion and a block of instant noodles, then cooks the noodles in a pan with water, tomato paste, seasoning packets, milk/cream, and cheese slices until creamy. Separately, she boils whole peeled onions until soft, hollows them out, and stuffs each with the cheesy noodle mixture using chopsticks. She arranges the stuffed onions in a glass baking dish, pours the remaining red sauce over them, and bakes them. The final dish is shown bubbling and garnished with herbs. She tastes it repeatedly with exaggerated expressions of delight, pulling long cheesy noodle strands from the onion. The video is energetic, instructional, and focused entirely on the food preparation and enjoyment. Culture moment=stuffed onion noodles trend; significance=Part of ongoing viral cooking hacks where everyday ingredients are combined in unexpected ways.; origin=TikTok/Reels food trend culture",template,True,strong,复刻这道奶油芝士酿洋葱面条，拍挖洋葱塞面条的特写，结尾让女朋友盲测打分,quick-recipe,16,True,,False,,unknown,无明确地域标记,True
2026-10-10,food,4,https://www.instagram.com/reel/DeEGecchgZ7,@tadkatornado_,150000,160,,25000.0,0.0,0,,2026-10-04,6,True,"This is a short-form cooking reel posted on October 4, 2026, by creator Vishal Soni (@tadkatornado_), captioned 'Healthy banana shake'. Filmed from above inside","This is a short-form cooking reel posted on October 4, 2026, by creator Vishal Soni (@tadkatornado_), captioned 'Healthy banana shake'. Filmed from above inside a blender jar, the video shows peeled bananas placed first, followed by a handful of red pomegranate arils, shelled pistachios, then a large quantity of blanched peanuts. Honey is drizzled over the fruit and nuts, then milk is poured in until the jar is about half full. The lid is secured and the mixture is blended into a thick, creamy, light beige-pink shake. The shake is poured into a tall clear glass, topped with an additional swirl of honey, and presented by the creator—a young man with dark hair, beard, and black-rimmed glasses wearing a black 'UNDEFEATED' t-shirt—who takes a sip and gives an 'OK' hand gesture. The background audio is an upbeat Punjabi song with male vocals. The overall tone is casual, instructional, and promotional for home cooking content.",template,True,strong,复刻香蕉坚果奶昔，拍搅拌机里自上而下的倒入镜头，结尾竖起大拇指,drink-shake,1,True,,False,,non-us,印度博主，旁遮普语背景音乐,False
2026-10-10,food,5,https://www.instagram.com/reel/DeNvkxyMDna,@lesdomakeup,39000,180,,19500.0,0.0,0,,2026-10-08,2,True,"In a bright modern kitchen, a woman holding her baby introduces a meal-prep routine her husband completes in under 40 minutes while the baby naps. The husband s","In a bright modern kitchen, a woman holding her baby introduces a meal-prep routine her husband completes in under 40 minutes while the baby naps. The husband starts two cups of rice in a rice cooker, adding onion powder, salt, and lime juice, then sets it to cook. He prepares chicken thighs by coating them with yellow mustard (explained as a binder to help seasoning absorb), then layers Kinder's 'The Blend,' paprika, and chili flakes before pan-searing. Simultaneously he browns ground beef with avocado oil spray, San-J tamari, and the same Kinder's seasoning. Green beans are placed in a Ninja air fryer at 350°F for 18 minutes with garlic salt and chili flakes. Once cooked, he adds fresh chopped cilantro to the finished rice, slices the chicken, and tastes the beef. The woman, who notes she is on week 4 of a 6-week fitness challenge, assembles glass containers with weighed portions of cilantro-lime rice, green beans, and either ground beef or sliced chicken, topping some with homemade pico de gallo. The video emphasizes teamwork, efficiency, and healthy eating, ending with the completed meals ready for lunch and dinner.",template,True,weak,,meal-prep,1,True,,False,,us-likely,Kinder's 等美式调料品牌、华氏温度、英语讲解,False
2026-10-10,food,6,https://www.instagram.com/reel/DeHS5WrON7y,@chefreactions,76000,5000,,15200.0,0.0,0,,2026-10-05,5,True,"The video is presented in a split-screen format. On the left, a man wearing glasses, a red-and-gray cap, and a white chef's coat watches and reacts throughout. ","The video is presented in a split-screen format. On the left, a man wearing glasses, a red-and-gray cap, and a white chef's coat watches and reacts throughout. On the right, a cooking process unfolds in a large aluminum foil pan. The creator starts by placing multiple cups of Maruchan Instant Lunch ramen into the pan, then removes the cups to leave the dry noodle blocks. He layers chopped red bell peppers, frozen sweet peas, frozen super sweet corn, and sliced carrots on top of the noodles. Diced garlic is sprinkled over the vegetables, followed by raw chicken breast tenderloins arranged across the surface. The chicken is seasoned with Kinder's 'The Blend' seasoning, then generously covered with Panda Express Mandarin Teriyaki Sauce, which is spread evenly. After baking, the dish is shown cooked with browned chicken and softened vegetables mixed with the noodles. The creator serves a portion into a bowl and eats it, expressing enjoyment. The overall tone is instructional and casual, focused on a high-volume, budget-friendly meal prep.",personality,False,weak,,split-reaction,3,True,,False,,us-likely,Maruchan/Panda Express/Kinder's 等美国品牌，英语,False
2026-10-10,food,7,https://www.instagram.com/reel/DeE9JopI1TE,@waheiba_cooking,91000,170,,15166.7,0.0,0,,2026-10-04,6,True,"This is a top-down cooking reel demonstrating how to make 'Turkish Chicken' (2026). The video opens with the finished dish — a pan of chicken in a creamy, chees","This is a top-down cooking reel demonstrating how to make 'Turkish Chicken' (2026). The video opens with the finished dish — a pan of chicken in a creamy, cheesy sauce topped with herbs and chili flakes — being eaten by tearing pieces of flatbread and dipping them in, showing a strong cheese pull. The creator then walks through the recipe in Hindi: 1 kg boneless chicken is marinated with yogurt, ginger-garlic paste, red chili powder, black pepper, cumin, paprika, tomato paste, and lemon juice for 20-30 minutes. The marinated chicken is cooked in a pan with oil/butter for 4-5 minutes, then covered and cooked 15-20 minutes until tender. Separately, a white sauce is made by melting butter, adding flour, pouring in milk, and seasoning with salt, chili flakes, dried herbs, and mozzarella cheese. This sauce is poured over the cooked chicken, topped with more shredded cheese, chopped cilantro, and chili flakes, then covered for 5 minutes to melt. The tone is instructional, enthusiastic, and food-focused, aimed at home cooks looking for a quick, restaurant-style creamy chicken dish.",template,True,strong,复刻奶油起司土耳其鸡腿，拍开盖起司拉丝的瞬间,quick-recipe,16,True,,False,,non-us,印地语讲解,False
2026-10-10,food,8,https://www.instagram.com/reel/DeSMr1juJLh,@eater,15000,370,,15000.0,0.0,0,,2026-10-09,1,True,"Actors Kerry Washington and Ben Affleck are seated together at an outdoor, plant-filled restaurant table laden with food including salad, steak with broccolini,","Actors Kerry Washington and Ben Affleck are seated together at an outdoor, plant-filled restaurant table laden with food including salad, steak with broccolini, pasta, and lobster. In a relaxed interview-style segment titled 'LET'S DO LUNCH Quick Bite,' they discuss Los Angeles dining culture while promoting their film 'Animals' on Netflix. Washington talks about her love of shabu-shabu and mentions favorites like Bon Chabu in Koreatown, while Affleck references Venice spots like Gjelina and Abbot Kinney, recalling filming there. They compare East Coast versus West Coast food, noting better coffee on the East Coast, and name-check LA institutions such as Bludso's BBQ, Roscoe's House of Chicken & Waffles, Zankou Chicken, and Harold & Belle's. The tone is conversational, warm, and promotional, ending with a prompt to watch 'Animals' on Netflix and download the Eater app for more recommendations.",personality,False,none,,celebrity-interview,1,False,需名人嘉宾资源，无法复刻,False,,us-likely,洛杉矶+美国明星+英语访谈,False
2026-10-10,food,9,https://www.instagram.com/reel/DeMubmPRWWt,@marcos_dvcnt,42000,560,,14000.0,0.0,0,,2026-10-07,3,True,"A man wearing a bald cap and a large fake mustache sits at a table with a wooden tray of seven elaborately decorated pastries/cookies. Speaking in Spanish, he i","A man wearing a bald cap and a large fake mustache sits at a table with a wooden tray of seven elaborately decorated pastries/cookies. Speaking in Spanish, he introduces them as six (then seven) completely new flavors sent by 'Cookie.' He proceeds to taste each one sequentially, holding them up to the camera before breaking them open to show the fillings. Flavors described include toothpaste-filled, Sprite dough with lime cream, a red-topped 'COVID-19' cookie, macaroni with tomato sauce, a chocolate 'Mewing' cookie with 90-degree angles, a pistachio cookie from Dubai, and a 'Brain Rot' cookie. Throughout, he makes exaggerated surprised faces, chews messily with his mouth open, and gets frosting and crumbs on his mustache and fingers. The video ends with him covered in chocolate, thanking viewers and asking what cookies to try next.",personality,False,none,,snack-review,8,False,整活饼干和假发秃头道具需定制，难以自行准备,False,,unknown,西班牙语讲解，地域不明,False
2026-10-10,food,10,https://www.instagram.com/reel/DePM2RtItwU,@hareem_vlogs,21000,440,,10500.0,0.0,0,,2026-10-08,2,True,"A young woman in a yellow floral top and dark scarf demonstrates how to make a viral cucumber snack in a home kitchen. The video opens in a bathroom, then moves","A young woman in a yellow floral top and dark scarf demonstrates how to make a viral cucumber snack in a home kitchen. The video opens in a bathroom, then moves to the kitchen where she retrieves four fresh cucumbers from a refrigerator. She peels them with an orange peeler, cuts them into short cylinders, and carefully scoops out the inner flesh to create hollow cups. She prepares a brown sauce by soaking tamarind pulp in water, then mixing it with chopped onion, red chili powder, salt, and other spices. She also mixes a dry spice blend on a separate plate. She dips the rim of each cucumber cup in the dry spice, fills them with the wet sauce using a spoon, and presents the finished 'shots' on a plate. Speaking in Hindi throughout, she explains each step, smiles at the camera, tastes one, and gives two thumbs up to indicate approval. The setting includes tiled walls, wooden cabinets, and a countertop.",template,True,strong,复刻罗望子辣汁黄瓜盏，拍黄瓜杯脱模和倒辣酱的瞬间,quick-recipe,16,True,,False,,non-us,印地语讲解,False
2026-10-10,food,11,https://www.instagram.com/reel/DePKF_DBPJf,@georgiaferraris_,21000,850,,10500.0,0.0,0,,2026-10-08,2,True,"The video shows a close-up, step-by-step preparation of 'the viral salad you're going to want to have on repeat fall edition' as stated in on-screen text. A per","The video shows a close-up, step-by-step preparation of 'the viral salad you're going to want to have on repeat fall edition' as stated in on-screen text. A person with red-painted fingernails assembles the salad in a large white bowl on a kitchen counter. Ingredients are added sequentially: roasted cubed sweet potatoes, yellow corn kernels, fresh spinach/arugula greens, a halved avocado that is scored and scooped into the bowl, sliced medium-rare steak, thinly sliced pickled red onions, and finally a generous pour of creamy green herb dressing from a glass measuring cup. The salad is then tossed together with a large spoon. The background features cozy fall decor including a small pumpkin, a lit candle, and a lamp, suggesting an autumnal setting. The audio includes upbeat instrumental music and a brief Portuguese voiceover.",template,True,strong,复刻秋季牛排牛油果沙拉，拍挖牛油果和浇酱汁的特写,quick-recipe,16,True,,False,,non-us,葡萄牙语旁白，疑巴西,False
2026-10-10,food,12,https://www.instagram.com/reel/DeHGjUqNrxz,@dolly_ki_tapri_nagpur,210000,950,,10000.0,0.143,1,,2026-10-05,5,True,"The video captures a popular Indian street tea vendor, known as 'Dolly Chaiwala,' working at his outdoor stall under a green tarp. He wears a white button-down ","The video captures a popular Indian street tea vendor, known as 'Dolly Chaiwala,' working at his outdoor stall under a green tarp. He wears a white button-down shirt, black trousers, yellow-tinted sunglasses, and has a distinctive hairstyle with red-dyed ends and a mustache. Throughout the clip, he prepares large quantities of masala chai in a big metal pot over a stove, adding milk from a carton by pouring it dramatically from high above, stirring, and mixing ingredients. The stall is equipped with stacks of small glass cups, metal kettles, and packaged snacks, with a Paytm QR code visible for digital payments. Behind him, a wall is covered with photos of him with various customers and celebrities. A uniformed police officer stands nearby observing. The vendor interacts with customers, serves tea, handles cash, and poses for multiple selfies with patrons, including men and women. The background audio features an energetic Hindi rap track. The overall tone is lively, performative, and celebratory of street food culture. Culture moment=Dolly Chaiwala viral tea vendor trend; significance=References the widely recognized Indian internet personality famous for stylish chai preparation.; origin=Indian social media street-food culture",personality,False,none,,street-food-vlog,7,False,需原摊主人物与街头场景，无法复刻,False,,non-us,印度那格浦尔街头摊位,False
2026-10-10,food,13,https://www.instagram.com/reel/DeCMx1kRmwr,@stickaforkinme,440000,730,,10000.0,0.143,1,,2026-10-03,7,True,"A short-form food preparation video filmed in a commercial kitchen in Las Vegas, Nevada, posted October 3, 2026 by creator Rachel Samson (@stickaforkinme). The ","A short-form food preparation video filmed in a commercial kitchen in Las Vegas, Nevada, posted October 3, 2026 by creator Rachel Samson (@stickaforkinme). The clip follows the step-by-step creation of an oversized loaded blooming onion. A gloved hand selects a large peeled onion, dips it in liquid batter, then thoroughly coats it in seasoned breading. The coated onion is lowered into hot oil and deep-fried until golden brown and crispy. After frying, it is placed on paper, covered generously with shredded yellow and white cheese, and briefly heated to melt. The center is scooped out, then filled with a thick pour of bright yellow cheese sauce. Finally, the dish is finished with a dusting of white powder (likely cotija), a heavy layer of red crushed spicy chips, and a whole green jalapeño on top. The video ends with a hand pulling a piece away, showing stretchy melted cheese. On-screen text throughout reads 'Nobody: Me: all the toppings,' emphasizing the indulgent, maximalist approach. The tone is playful, satisfying, and focused on extreme comfort-food excess. Culture moment=loaded blooming onion food porn trend; significance=Reflects ongoing social media fascination with maximalist, high-calorie comfort foods popularized by chain restaurants.; origin=Popularized by Outback Steakhouse blooming onion and amplified by TikTok food creators. CommentSummary: Comments reveal a polarized reception typical of viral food-porn. Many users express strong appetite and praise ('I Love IT', 'UYYYYY QUE RICOOOO'), while others criticize the dish as unhealthy, overly processed, or ruined by cheese and Hot Cheetos powder. A recurring argument centers on the scooped-out onion middle, with multiple replies explaining its removal and others demanding it back. Cultural commentary emerges comparing American culinary excess to other cuisines, with some defending and others mocking. Humor, sarcasm, and multilingual reactions dominate, alongside practical questions about eating method and ingredients. Overall sentiment is mixed, with high engagement driven by both craving and disgust. 1. **Desire for the removed onion center:** ""Give me my middle back"" 2. **Criticism of American excess and cheese overload:** ""What in the fat assery is this American shit"" 3. **Appetite and craving:** ""omg I just realize I'm fucking starving"" 4. **Health concerns:** ""That would be diabetes maximum"" 5. **Comparison to restaurant versions:** ""When we served these at texas roadhouse"" Mixed Sentiment Focus Community debates the excessive toppings, removal of onion middle, and healthiness of the dish.",hook,True,weak,,food-spectacle,2,False,需商用油炸设备与超大食材，家用厨房难实现,False,,us-likely,美国内华达拉斯维加斯商业厨房,False
2026-10-10,food,14,https://www.instagram.com/reel/DeTBrOaKvrX,@catherine.desserts,9600,45,,9600.0,0.0,0,,2026-10-10,0,True,"A young woman films a POV-style taste test of 'viral desserts' purchased at an ABC Store in Hawaii. Sitting in a mall food court, she displays her haul in an AB","A young woman films a POV-style taste test of 'viral desserts' purchased at an ABC Store in Hawaii. Sitting in a mall food court, she displays her haul in an ABC Stores tote bag and reviews each item on camera. She tries an Uncle's Ube Ice Cream Cookie Sandwich (rates 10/10, notes soft cookie), an Ube Dubai Chewy Cookie (rates 8/10, wishes pistachio was sweeter), a TuCha Pistachio A Sweet Treat with knafeh filling, a TuCha Berry Strawberry-shaped ice cream (rates 10/10, calls it tangy), a green melon-shaped dessert (rates 7/10, chocolate shell not crunchy), and TuCha Bing Chillin' Bites from a red tub — sampling banana and mango flavors, describing them as very crunchy and naming mango her favorite so far. She also tastes a large strawberry-shaped lychee jelly cup (rates 7/10, compares to lychee jelly cups) and eats an Island Deli spam musubi, saying she needed something savory after all the ice cream. Throughout she speaks enthusiastically, gives ratings, and mentions she will be in Hawaii for two days doing pop-ups at different ABC locations where the first 50 people can get a free Bing Chillin'. The video is bright, casual, and focused entirely on food presentation and reaction. Data of event in content: 2026-10-10 to 2026-10-11, Details: Caption announces future pop-up dates in October, making the post prospective rather than retrospective.",hook,True,weak,,snack-review,8,False,夏威夷 ABC 商店限定甜品，本地买不到同款,False,,us-likely,夏威夷 ABC 商店，英语讲解,False
2026-10-10,food,15,https://www.instagram.com/reel/DeQcp4PuWLT,@jihuhbic,8100,7,,8100.0,0.0,0,,2026-10-09,1,True,"A young man in a black hoodie and cap responds to a viewer's comment asking for a giant Takis recipe. Speaking in Spanish, he demonstrates how to make a 'taquis","A young man in a black hoodie and cap responds to a viewer's comment asking for a giant Takis recipe. Speaking in Spanish, he demonstrates how to make a 'taquis gigante relleno de queso.' He starts with a large flour tortilla, spreads red hot sauce over it, adds strips of cheese, and rolls it tightly. He then crushes a bag of purple Takis Fuego chips onto a plate, mixes in the included seasoning powder, and thoroughly coats the rolled tortilla in the crushed chips. He briefly fries the coated roll in hot oil in a pan. Finally, he presents the finished product—a long, red-crusted cheese-filled roll—and takes several bites, showing the melted cheese inside while continuing to talk to the camera. The setting is a home kitchen/living room with framed art on the wall.",template,True,strong,复刻巨型芝士 Takis 卷，拍裹碎饼油煎后的熔心切面,food-hack,3,True,,False,,unknown,西班牙语讲解，地域不明,True
2026-10-10,food,16,https://www.instagram.com/reel/DeElkgUzfkL,@bhumisatishpednekkar,44000,570,,7333.3,0.0,0,,2026-10-04,6,True,A female vlogger with a yellow tilak on her forehead and wearing a white t-shirt and rudraksha beads introduces 'another episode of Bhooki Bhoomi' from inside a,"A female vlogger with a yellow tilak on her forehead and wearing a white t-shirt and rudraksha beads introduces 'another episode of Bhooki Bhoomi' from inside a car, then travels to Pushkar. Aerial shots show the town and its lake. She walks through a market and visits Ram Ji's famous malpua stall, where she tastes the sweet fried dessert and exclaims 'Oh my God,' calling it outstanding and saying visiting Pushkar without eating malpua is a loss. Next, she tries 'lafa,' a stuffed flatbread wrap, describing it as very rich and noting she hasn't eaten anything like it in years. She then eats a kachori, again calling it outstanding. Finally, she samples fresh jamun (black plum), which she calls her mother's favorite fruit, and concludes by praising Indian food as the best. The video uses on-screen text, animated food stickers, and energetic commentary throughout.",personality,False,none,,street-food-vlog,7,False,需前往印度街头小吃摊实拍，无法在本地复刻,False,,non-us,印度普什卡街头旅行拍摄,False
2026-10-10,food,17,https://www.instagram.com/reel/DeN2fyANUlI,@caribouisawkward,14000,540,,7000.0,0.0,0,,2026-10-08,2,True,"This is a split-screen TikTok cooking video (@quickrecipes.us) showing a step-by-step preparation of a layered chocolate dessert, with a female reactor in the b","This is a split-screen TikTok cooking video (@quickrecipes.us) showing a step-by-step preparation of a layered chocolate dessert, with a female reactor in the bottom-left corner providing commentary. The main footage shows hands melting chocolate bars in butter, mixing a custard base with eggs, sugar, and milk, then assembling layers in a glass dish: a dark chocolate base, white custard, rows of wafer rolls, another custard layer, and a final chocolate ganache topping which is smoothed and cut. The reactor, a woman with glasses and arm tattoos, reacts with continuous crude humor, describing the process using scatological terms ('dookie logs,' 'cooked shit'), strong profanity ('fucking'), and sexual innuendo ('jizz dribble,' 'Bukkake Belinda,' 'fat penis'). Her tone is disgusted and mocking, turning the instructional video into a comedic rant about the unappetizing appearance of the food. The overall tone is irreverent, gross-out comedy aimed at adult audiences.",personality,False,none,,split-reaction,3,False,需借用他人原片做粗口吐槽反应，与美食账号调性不符,False,,us-likely,英语粗口吐槽，TikTok 美式风格,False
2026-10-10,food,18,https://www.instagram.com/reel/DeRkSwOB9Yk,@nick.digiovanni,6900,36,,6900.0,0.0,0,,2026-10-09,1,True,"A man in a white t-shirt sits at a wooden table in a bright kitchen and presents five popular Vietnamese snacks. He begins by introducing them together, then ta","A man in a white t-shirt sits at a wooden table in a bright kitchen and presents five popular Vietnamese snacks. He begins by introducing them together, then tastes each individually. First is Bin-Bin rice crackers (peanut-shaped), which he notes are crunchy, savory-sweet with a soy glaze. Next is Rong Vang Minh Ngoc mung bean cake, which he finds crumbles instantly into powder in his mouth. Third is Chun Guang cocoa coconut candy, a chewy caramel-like piece wrapped in edible rice paper. Fourth is an Orion Choco Pie, which he breaks open to show the marshmallow filling between two cakes coated in chocolate. Finally, he tries Vinamit jackfruit chips, pouring a pile onto the table and eating a large chip. Throughout, small icons of each product appear at the top of the screen. The tone is casual, curious, and positive, focused entirely on the sensory experience of trying the snacks.",hook,True,weak,,snack-review,8,True,,False,,us-likely,英语讲解，美国网红测评越南进口零食,False
2026-10-10,food,19,https://www.instagram.com/reel/DeHnTbPPeuD,@gujrataware_3,26000,26,,5200.0,0.0,0,,2026-10-05,5,True,This is a split-screen social media reel presented as an educational kitchen-hack video. The bottom half features a young man in a black hoodie speaking directl,"This is a split-screen social media reel presented as an educational kitchen-hack video. The bottom half features a young man in a black hoodie speaking directly to camera from a room with RGB lighting; he narrates in Hindi. The top half cycles through four demonstration clips: pouring hot water over a frozen block of fruit, roasting a naan/roti on an inverted metal colander over a gas flame, spreading ghee on stacked parathas, and a woman showing a jar of white granules (likely salt/sugar). Subsequent clips illustrate pest-control tips: sugar infested with ants, adding whole cloves to the sugar, placing fresh neem leaves into a container of rice, sprinkling white powder (baking soda) along a mattress edge, and inspecting the mattress with a magnifying glass. An on-screen Hindi text reads '99% भारतीय को नही पता' ('99% of Indians don't know'). The creator's caption in Gujarati promotes '4 amazing kitchen hacks.' The tone is instructional and viral-bait style, urging viewers to save and share. The most notable content is the close-up, disgusting imagery of insects in food and bedding.",hook,True,none,,kitchen-hacks,1,False,需拼凑多条演示素材的合辑式剪辑，工作量大,False,,non-us,印地语/古吉拉特语，印度本土内容,False
2026-10-10,food,20,https://www.instagram.com/reel/DeOippRp6or,@vishnu109026,50000,510,,5000.0,0.143,1,,2026-10-08,2,True,"The video captures a street food vendor in India, an older woman dressed in a bright yellow sari with a patterned red blouse and head covering, standing behind ","The video captures a street food vendor in India, an older woman dressed in a bright yellow sari with a patterned red blouse and head covering, standing behind her cart on a busy roadside. In front of her is a large stacked aluminum container filled with fried hollow puris. A customer's hand repeatedly enters the frame to serve the snack, placing puris into a small disposable bowl and adding reddish-brown flavored water/sauce from nearby pots. The woman smiles warmly at the camera throughout, extending her open palm as if receiving payment or interacting with the customer. The background shows a typical Indian street scene with a yellow building bearing Hindi text 'नॉन स्टॉप जर्सी सेंटर', pedestrians walking, motorbikes passing, and stray dogs wandering by. The audio features a traditional Indian folk song with a female vocalist singing in Hindi, accompanied by harmonium and percussion, creating a lively, cultural atmosphere. The overall tone is wholesome, documentary-style, and focused on daily street life and local cuisine.",personality,False,none,,street-food-vlog,7,False,需印度街头实拍，无法复制,False,,non-us,印度街头摊贩，印地语民谣,False
2026-10-10,food,21,https://www.instagram.com/reel/DeMfSUOtl86,@marwanwsahar,92000,430,,5000.0,0.143,1,,2026-10-07,3,True,"In a bright modern kitchen with white cabinets, a woman in a white t-shirt demonstrates how to make 'stuffed onion nodules' inspired by a viral video shown in a","In a bright modern kitchen with white cabinets, a woman in a white t-shirt demonstrates how to make 'stuffed onion nodules' inspired by a viral video shown in an inset at the start. She begins by cutting the tops off whole onions and boiling them until soft. Separately, she cooks two blocks of instant noodles in a pan, adding chicken stock powder, heavy cream, tomato paste, and shredded mozzarella cheese, mixing until creamy. She then prepares a rich red sauce in the same pan using butter, spices, tomato paste, and water. After draining the onions, she peels apart the softened layers while wearing gloves, fills each onion cup with the noodle mixture, arranges them in a red baking dish, and generously pours the sauce over top before baking. Once cooked, she garnishes the dish with chopped herbs. A man joins her, they plate several pieces, and both taste the finished dish, reacting with exaggerated delight and surprise at the flavor combination. The video is presented as a fun, collaborative cooking experiment with clear step-by-step visuals.",template,True,strong,复刻奶油芝士酿洋葱块，拍双人试吃的夸张反应结尾,quick-recipe,16,True,,False,,unknown,无明确地域标记,True
2026-10-10,food,22,https://www.instagram.com/reel/DeHWrqatw8C,@_saltnpep_,24000,790,,4800.0,0.0,0,,2026-10-05,5,True,"A woman in a black sleeveless dress cooks in a modern kitchen with grey cabinets. She begins kneeling beside a wooden board with a raw whole chicken, then stand","A woman in a black sleeveless dress cooks in a modern kitchen with grey cabinets. She begins kneeling beside a wooden board with a raw whole chicken, then stands to dance playfully between cooking steps. She cuts the chicken into pieces, heats oil in a pan, and sautés chopped red bell pepper, onion, garlic, and dried chilies before blending them with spices and water into a smooth orange-red paste. She fries the paste, adds the raw chicken pieces to cook, then sets them aside. In the same pan she sautés more onion and ginger-garlic, adds tomato passata and the blended paste, then adds water, salt, and uncooked rice, covering it to steam. Once cooked, she places the browned chicken pieces on top of the orange rice, garnishes with fresh cilantro and a bay leaf, and serves herself a bowl. She tastes the dish with evident enjoyment, smiling and showing the food to the camera. The video is set to continuous upbeat South Asian music and is edited with frequent cuts back to her dancing. Culture moment=Vaathi Coming; significance=Uses popular Tamil cinema audio to increase discoverability on Reels.; origin=Tamil film music trend on Instagram",template,True,strong,复刻香料鸡肉一锅饭，拍开盖蒸汽和撒香菜的瞬间,quick-recipe,16,True,,False,,non-us,南亚泰米尔电影音乐背景,False
2026-10-10,food,23,https://www.instagram.com/reel/DeM6pKCOti-,@stefanozarrella,13000,390,,4333.3,0.0,0,,2026-10-07,3,True,"In a bright, modern kitchen with white cabinets and a marble countertop, a man in a dark brown shirt and a woman in a bright blue zip-up hoodie make homemade ch","In a bright, modern kitchen with white cabinets and a marble countertop, a man in a dark brown shirt and a woman in a bright blue zip-up hoodie make homemade chocolate treats together. They start by placing an empty baking tray lined with parchment paper on the counter, smiling and laughing at the camera. They break up squares of dark, milk, and white chocolate and arrange them in rows on the tray. The woman, who has red nail polish, then adds toppings: whole walnuts on dark chocolate, almonds on milk chocolate, cashew halves on dark chocolate, and green pumpkin seeds on white chocolate. After the chocolate appears melted/set, they lift the tray to show the finished assortment. They transfer the pieces to a large white plate and begin tasting. Close-ups show the texture of the chocolate and nuts. Both react with exaggerated delight, saying in German 'Oh mein Gott' and 'sehr lecker' (very delicious), chewing with enjoyment, giving thumbs up, and holding pieces up to the camera. The tone is cheerful, affectionate, and focused on simple food enjoyment.",hook,True,strong,复刻坚果巧克力脆片，拍掰开脆片的特写,dessert-make,1,True,,False,,non-us,德语对白,False
2026-10-10,food,24,https://www.instagram.com/reel/DeJyhQys89o,@dinainthekitchen,41000,160,,4000.0,0.286,2,,2026-10-06,4,True,"The video is a short, close-up food review filmed on a light-colored speckled countertop with a potted plant in the background. On-screen text reads ""Trying the","The video is a short, close-up food review filmed on a light-colored speckled countertop with a potted plant in the background. On-screen text reads ""Trying the viral Kiri bites."" A person's hands present two individual packages of Kiri Sweet Bites — one yellow package labeled ""Mango"" and one pink package labeled ""Strawberry."" The person opens both packages to reveal six small, individually foil-wrapped cheese cubes in each (gold foil for mango, pink foil for strawberry), each stamped with the ""Kiri"" logo. The two strips are placed side-by-side for comparison. One yellow-wrapped cube is then unwrapped to show the small, pale-yellow cheese bite inside. The tone is neutral and demonstrative, focused solely on showcasing the product's packaging and appearance. Culture moment=viral Kiri bites trend; significance=References a social-media-driven food trend for small portioned cheese snacks.; origin=Social media food trend",hook,True,weak,,snack-review,8,True,,False,,unknown,英语讲解，无明确地域标记,False
2026-10-10,food,25,https://www.instagram.com/reel/DePm-9-t5cd,@hamodyhb,24000,680,,3000.0,0.143,1,,2026-10-08,2,True,"A man wearing a black t-shirt, glasses, and a black head covering presents a simple snack recipe in a home setting. He begins by speaking to the camera, then la","A man wearing a black t-shirt, glasses, and a black head covering presents a simple snack recipe in a home setting. He begins by speaking to the camera, then lays out ingredients on a white table: small pretzels, colorful marshmallows, and chocolate bars. He places a marshmallow on each pretzel, tops it with a piece of chocolate, and puts the plate into a built-in microwave/oven. After heating, he removes the plate, adds another pretzel on top to form a sandwich, and holds up the finished bite — a melted marshmallow and chocolate between two pretzels. He tastes one, reacts positively, and continues talking while gesturing toward the plate. The video includes brief cutaway shots of similar treats being made on a pumpkin-patterned mat, and ends with him standing beside the finished snacks.",template,True,strong,复刻微波炉蝴蝶饼棉花糖三明治，拍拉丝的瞬间,quick-recipe,16,True,,False,,unknown,无明确地域标记,False
2026-10-10,food,26,https://www.instagram.com/reel/DeSf3U_xCs9,@tiffandmarg,3000,230,,3000.0,0.0,0,,2026-10-09,1,True,Two women sit at a kitchen counter covered with a large assortment of Canadian snack foods under the on-screen question 'Do Canadians Really Do It Better?'. The,"Two women sit at a kitchen counter covered with a large assortment of Canadian snack foods under the on-screen question 'Do Canadians Really Do It Better?'. The woman on the left wears a red shirt; the woman on the right wears a purple Nirvana t-shirt and a pink-and-white cap reading 'put it on my husband's tab'. They systematically present and taste items including Ruffles All Dressed chips, Doritos Sweet Chili Heat, Lay's Ketchup chips, Hawkins Cheezies, Cadbury Wunderbar, Maynards Wine Gum, Maynards Swedish Berries, Nestle KitKat, Coffee Crisp, Vachon Jos Louis, Christie Maple Creme Oreo, Leclerc Celebration cookies, and a Nanaimo bar. Throughout the video they hold up packaging to the camera, open packages, eat the snacks, and give verbal reactions and ratings, comparing flavors like ketchup chips versus American versions and discussing textures. The interaction is conversational and playful, with expressive facial reactions, but contains no risky behavior, offensive language, or mature themes. The video functions as a typical social media food review/taste-test.",hook,True,weak,,snack-review,8,False,需集齐十几种加拿大限定零食，采购成本高耗时长,False,,non-us,加拿大零食主题,False
2026-10-10,food,27,https://www.instagram.com/reel/DeMQYIqB3oP,@sheshadriepriyasad,8300,10,,2766.7,0.0,0,,2026-10-07,3,True,"A woman wearing a red patterned kurta with a floral dupatta, large earrings, and multiple bangles stands outdoors at an evening event decorated with yellow and ","A woman wearing a red patterned kurta with a floral dupatta, large earrings, and multiple bangles stands outdoors at an evening event decorated with yellow and blue pennant flags and string lights, with palm trees in the background. She holds a small pink container with pani puri — round fried shells filled with flavored water. While speaking, she picks up a puri, fills it, and eats it, tilting her head back and making expressive chewing motions. She repeats the action with a second puri, then gives a thumbs-up gesture. In the background, other guests in traditional clothing walk around wooden picnic tables. The audio narration describes pani puri as a famous Indian street food, explaining that 'pani' means water made with coriander and mint, and 'puri' is a spherical fried shell.",personality,False,none,,street-food-vlog,7,False,需印度节庆现场与街头摊位,False,,non-us,印度节庆现场，印度街头小吃,False
2026-10-10,food,28,https://www.instagram.com/reel/DeRqLxzRJZt,@tracy_in_nyc,2500,0,,2500.0,0.0,0,,2026-10-09,1,True,This is a short-form cooking video demonstrating how to make 'viral earl grey tea yogurt' toast. The creator starts by showing a finished slice topped with spec,"This is a short-form cooking video demonstrating how to make 'viral earl grey tea yogurt' toast. The creator starts by showing a finished slice topped with speckled yogurt and sliced kiwi, then walks through the process: opening a container of plain Greek yogurt, cutting open two Tazo Organic Earl Grey tea bags and pouring the loose tea leaves into the yogurt, stirring until evenly mixed, then straining the mixture through a paper towel-lined bowl to thicken it. The strained yogurt is spread onto a slice of toasted bread, topped with fresh kiwi slices arranged in rows, and finished with a drizzle of honey from a yellow squeeze bottle. On-screen text throughout reads 'trying the viral earl grey tea yogurt.' The tone is calm, aesthetic, and instructional, typical of food trend content. Culture moment=viral recipe trend; significance=References the popular social-media hack of infusing yogurt with tea for flavored spreads.; origin=TikTok/Reels food-hack culture",template,True,strong,复刻伯爵茶酸奶吐司，拍茶粉拌入酸奶的特写,quick-recipe,16,True,,False,,us-likely,纽约创作者，Tazo 等美国品牌，英语,False
2026-10-10,food,29,https://www.instagram.com/reel/DeJ1_4NJE1T,@foodiechina888,18000,110,,2000.0,0.286,2,,2026-10-06,4,True,This is a short-form cooking video presenting a 'TRENDING SIMPLIFIED CHICKEN TENDER RECIPE IN CHINA.' It opens with the finished product: golden-brown fried chi,"This is a short-form cooking video presenting a 'TRENDING SIMPLIFIED CHICKEN TENDER RECIPE IN CHINA.' It opens with the finished product: golden-brown fried chicken strips flecked with green herbs, served in a basket lined with paper. The process begins with a raw chicken breast being separated and sliced into equal strips on a checkered wooden board. The strips are placed in a bowl and seasoned with salt, ground pepper, light soy sauce, oyster sauce, and one egg, then mixed by hand ('give it a Thai massage') and rested for 12 minutes. Separately, a batter is made from all-purpose flour, water, blanched chopped cilantro, and edible oil, mixed until smooth. The batter is poured evenly over the marinated chicken. Using chopsticks, the coated strips are placed into hot oil and deep-fried over low heat until golden brown, then removed and dished up. The video ends with a close-up of a crispy strip being held up, with text stating 'DONE AND DUSTED, OUT OF THIS WORLD FOLLOW FOR MORE.' Throughout, the watermark 'foodiechina888.com' is visible. The tone is instructional with humorous text overlays.",template,True,strong,复刻中式香脆鸡柳，拍筷子夹起酥皮抖动的特写,quick-recipe,16,True,,False,,non-us,中国创作者，中文平台风格,False
2026-10-10,food,30,https://www.instagram.com/reel/DeNhBLRAM7u,@cuzzoab,17000,2100,,2000.0,0.286,2,,2026-10-07,3,True,A woman in a home kitchen wearing a black 'Thirty' t-shirt and orange shorts conducts a snack taste-test of several Asian-market items laid out on a granite cou,"A woman in a home kitchen wearing a black 'Thirty' t-shirt and orange shorts conducts a snack taste-test of several Asian-market items laid out on a granite counter. She presents and tries a container of spicy red-coated crab snacks, a yellow-packaged lemon-flavored wheat-based snack (Kaixiao Chai), a bag of 'Nature Sweet' freeze-dried durian, a brown bag of 'Turtle Chips' (steak flavor), and a small corn-shaped jelly candy. Throughout, she reacts with highly expressive facial expressions and vocalizations to the heat and flavors—gagging, coughing, saying 'Oh God,' 'hell no,' and describing the durian as smelling and tasting like 'fart.' She comments on textures, smells ('fish bait'), and her inability to handle the spice, occasionally stepping away and returning. The tone is comedic and unscripted, focused on authentic, exaggerated reactions to unfamiliar spicy and pungent foods. Culture moment=TikTok viral snack challenge; significance=References TikTok hype around freeze-dried seafood and durian, positioning video within current social media food-trend culture.; origin=Social media platform trends",hook,True,weak,,snack-review,8,True,,False,,us-likely,美国亚超零食，英语讲解,False
2026-10-10,food,31,https://www.instagram.com/reel/DeNXfHZOrSh,@karissadumbacher,32000,73,,2000.0,0.286,2,,2026-10-07,3,True,"A young woman presents 'My Honest Review Of the Viral 7 Eleven Snacks In Japan!' in an energetic, expressive style. She tries a $2.23 Berry Banana smoothie made","A young woman presents 'My Honest Review Of the Viral 7 Eleven Snacks In Japan!' in an energetic, expressive style. She tries a $2.23 Berry Banana smoothie made in-store via a futuristic blending machine, rating it 9/10 and calling it better than Planet Smoothie. Next are 87-cent Maple & Margarine Pancakes, which she gives 10.5/10, praising them as incredibly buttery and soft. She reviews a $1 Lotte Coolish vanilla ice cream in a pouch (9/10), describing it as creamy like a Frosty. A popular frozen Muscat grape drink gets 5/10 for being too tart and icy. She tastes a $1.70 egg salad sandwich (9/10), calling it light and airy like an 'eggy pillow,' and a $2.50 fruit sandwich with kiwi (7.5/10), noting the smooth cream but preferring the egg version. From the hot section, a $1 pizza bun earns 8/10 for its fluffy texture and saucy filling. Finally, a $1.15 Tuna Mayo onigiri (7.5/10) is praised for its crispy seaweed packaging and moist rice. The tone is upbeat and personal, focused entirely on taste, texture, and value. Culture moment=Viral Japan 7-Eleven snacks trend; significance=References widely discussed items like smoothie machine and fruit sando that circulate on social media.; origin=Japan convenience store culture popularized internationally via travel content.",hook,True,none,,snack-review,8,False,需在日本 7-11 实地拍摄,False,,non-us,日本 7-11 便利店,False
2026-10-10,food,32,https://www.instagram.com/reel/DeIaKmGxdYz,@the_plant_slant,41000,190,,2000.0,0.143,1,,2026-10-05,5,True,"The video uses a split-screen/reaction format. On the left/top, a woman with curly dark hair demonstrates her recipe for 'pesto peas in a jar,' describing it as","The video uses a split-screen/reaction format. On the left/top, a woman with curly dark hair demonstrates her recipe for 'pesto peas in a jar,' describing it as a 'hot girl snack' that is high protein and high fiber. She adds frozen peas, pepper, salt, olive oil, basil pesto, and Parmesan cheese to a mason jar, shakes it, and tastes it, calling it 'so good' and 'the best girl dinner.' On the right/bottom, a man in a blue 'HOT YOGA' shirt and a woman in a mauve long-sleeve shirt recreate the recipe in their kitchen. They respond to a comment about fiber, joke about who the 'hottest girl' is, and follow the steps: adding ingredients, grating extra Parmesan ('the answer to cheese is yes'), shaking the jar, then blending the mixture with an immersion blender. They spread the green pesto-pea paste on toasted bread, taste it together, and give it a '10/10' rating with on-screen text 'THE HOTTEST GIRL EATS BREAD /10.' The tone is casual, humorous, and collaborative, centered on trying a viral healthy snack. Culture moment=girl dinner / hot girl snack trend; significance=References the social media trend of simple, often vegetable-based meals marketed as 'girl dinner,' using it for comedic effect.; origin=TikTok/Instagram wellness and food culture",template,True,strong,复刻香蒜豌豆酱罐，和女朋友一人一版对比试吃,split-reaction,3,True,,False,,us-likely,英语，girl dinner 美式社媒趋势,False
2026-10-10,food,33,https://www.instagram.com/reel/DeHLeVszG_K,@instantbollywood,9100,100,,1820.0,0.0,0,,2026-10-05,5,True,"A young woman with long wavy dark hair, wearing a black patterned top, stands in front of a busy street-food stall with a 'DOSA' sign visible. She holds a paper","A young woman with long wavy dark hair, wearing a black patterned top, stands in front of a busy street-food stall with a 'DOSA' sign visible. She holds a paper plate with a folded, orange-colored stuffed dosa or similar snack. Throughout the clip she looks at the camera, speaks, and takes bites of the food, occasionally licking her fingers. On-screen Hindi text reads '5 बजते ही कुछ चटपटा खाने की भूख लग जाती है।' (As soon as it hits 5 o'clock, I get a craving for something spicy/tangy), accompanied by emojis. The post caption is 'Kya khau😅?' (What should I eat?). The background shows vendors cooking at the stall and other customers. The video is branded with 'INSTANT BOLLYWOOD' watermark and posted by @instantbollywood. An upbeat Hindi song plays as background music. The overall tone is casual, relatable, and focused on everyday street-food enjoyment.",personality,False,none,,street-food-vlog,7,False,需印度街头摊位实拍,False,,non-us,印度街头，印地语,False
2026-10-10,food,34,https://www.instagram.com/reel/DeO_dkcB5wj,@are_you_hungry007,3400,20,,1700.0,0.0,0,,2026-10-08,2,True,"A male food creator wearing a pink cap conducts a momo comparison between two Delhi spots. First, at 'One8 Commune' (Virat Kohli's restaurant), he orders the sp","A male food creator wearing a pink cap conducts a momo comparison between two Delhi spots. First, at 'One8 Commune' (Virat Kohli's restaurant), he orders the special 'paneer and cheese dimsum' served in a bamboo steamer with orange sauce. He interacts with staff in RCB jerseys, discussing the IPL and asking if RCB will win, noting the high price and premium setting. He tastes the red-colored momo, showing its paneer-cheese filling. Second, he visits the street stall 'Dolma Aunty Momos - Vandana Food Corner' in Lajpat Nagar, New Delhi. He buys a plate of regular white momos for 120 rupees with chutney. After tasting, he reacts with surprise and declares the street version superior in taste and value, stating the expensive restaurant version cannot beat it. The video alternates between the upscale interior and the busy outdoor market, using Hindi narration throughout. Culture moment=IPL cricket season; significance=Uses Virat Kohli and RCB fandom to frame the restaurant experience and engage cricket fans.; origin=Indian Premier League",hook,True,none,,restaurant-review,5,False,需德里两家特定店实地对比,True,cluster 在近2日库中重复出现,non-us,印度德里，印地语,False
2026-10-10,food,35,https://www.instagram.com/reel/DePLSvqoll0,@strollerinthecity,3400,25,,1700.0,0.0,0,,2026-10-08,2,True,A woman with long brown hair wearing a gray sweater stands in a modern white kitchen and presents a recipe for 'Hot Honey Farmer Cheese Eggs.' On-screen text la,"A woman with long brown hair wearing a gray sweater stands in a modern white kitchen and presents a recipe for 'Hot Honey Farmer Cheese Eggs.' On-screen text labels the dish. She explains she is making the viral eggs using Lifeway Farmer Cheese, noting it has protein and probiotics and is salty and sweet. The video shows the preparation steps: boiling eggs in a pot, toasting a slice of bread, heating oil in a pan and adding a red chili paste and grated garlic to create a hot honey sauce, cooling the boiled eggs in an ice bath, opening a container of Lifeway Farmer Cheese and spreading it on a floral plate, slicing the peeled eggs in half and placing them on the cheese, pouring the bubbling red sauce over the eggs, sprinkling fresh herbs, and adding a side of arugula. She finishes by scooping the egg and cheese mixture onto the toast, takes a bite, and gestures approvingly while speaking to the camera. The overall tone is friendly, promotional, and instructional. Culture moment=viral hot honey eggs trend",template,True,strong,复刻辣蜜芝士溏心蛋，拍浇热辣油起泡的瞬间,quick-recipe,16,True,,False,,us-likely,Lifeway 等美国品牌，英语,False
2026-10-10,food,36,https://www.instagram.com/reel/DeEoyahBjcG,@sistersnacking,10000,3700,,1666.7,0.0,0,,2026-10-04,6,True,A woman in a home kitchen demonstrates how to make a cozy Sunday beef ragu with rigatoni and cheesy garlic bread. She begins by seasoning a large chuck roast wi,"A woman in a home kitchen demonstrates how to make a cozy Sunday beef ragu with rigatoni and cheesy garlic bread. She begins by seasoning a large chuck roast with salt and pepper, then sears it in a Dutch oven. She chops onion, celery, carrot, and garlic, processes them in a Ninja food processor, and sautés the mixture. She adds tomato paste, crushed tomatoes, red wine, and broth, returns the meat to the pot, covers it, and braises until tender. After shredding the meat back into the sauce, she grates Parmesan cheese. Separately, she mixes softened butter with grated garlic, herbs, and Parmesan, spreads it on a halved loaf of bread, tops with mozzarella, and bakes until golden. She cooks rigatoni, combines it with the ragu and cheese, plates it, garnishes with fresh basil, and serves alongside slices of the garlic bread, which she cuts and eats while holding the finished pasta bowl.",template,True,weak,,quick-recipe,16,True,,False,,us-likely,英语，美国主流品牌厨具,False
2026-10-10,food,37,https://www.instagram.com/reel/DeQiQRmO2wi,@staceyervinjr,2300,25,,1580.0,0.143,1,,2026-10-09,1,True,"The video opens with a woman in a pink kitchen holding scissors and rice paper, with on-screen text stating she realized she can make Doritos out of rice paper.","The video opens with a woman in a pink kitchen holding scissors and rice paper, with on-screen text stating she realized she can make Doritos out of rice paper. A shirtless, muscular man with curly hair and tattoos watches her clip on his phone, reacting with surprise. He then recreates the recipe in his own kitchen: he holds up rice paper wrappers, cuts them into triangles, cracks two eggs into a bowl, adds salt, pepper, and various seasonings, and dips the triangles in the mixture before placing them on parchment paper. He puts the tray in the oven set to 375 degrees, and while waiting, performs a handstand on the counter and a backflip to the floor. After baking, he transfers the crispy chips to a bowl, sprinkles them with Kernel Season's Nacho Cheddar seasoning, shakes them, and plates them with a cilantro-lime dip. He tastes the chips, comments on the crunch and flavor, and enthusiastically recommends viewers try it, laughing throughout. The tone is energetic, comedic, and fitness-oriented. Culture moment=Viral rice paper chips / Doritos hack; significance=Taps into TikTok/Instagram healthy snack hacks popular in 2024-2026 fitness community.; origin=Social media food hack trend",personality,False,strong,复刻米纸自制多力多滋，拍出炉脆响的试吃瞬间,food-hack,3,True,,False,,us-likely,英语，美式健身喜剧风格,False
2026-10-10,food,38,https://www.instagram.com/reel/DeMKEuRvsfm,@rameezzai,4300,84,,1433.3,0.0,0,,2026-10-07,3,True,"The video captures an outdoor street-food scene during the day. A male vendor wearing a white shalwar kameez and glasses stands behind a metal chaat cart, prepa","The video captures an outdoor street-food scene during the day. A male vendor wearing a white shalwar kameez and glasses stands behind a metal chaat cart, preparing food and interacting with customers. In the foreground, a person sits eating from an orange plastic bowl filled with chaat topped with onions, using a spoon. The background shows a busy street with buildings and other people. Overlaid text reads, 'That one ""chaat loo"" wala in everyone's feed RN,' indicating the clip is referencing the widely circulated viral video of a charismatic chaat vendor known for his singing sales pitch. The tone is casual and observational, documenting a common street-food moment that has become a social media trend. Culture moment=chaat loo meme; significance=References viral Pakistani street vendor meme where sellers call out 'chaat lo'.; origin=Social media trend on Instagram Reels and TikTok",hook,True,none,,street-food-vlog,7,False,需街头摊位实拍,False,,non-us,巴基斯坦/印度街头 chaat 梗,False
2026-10-10,food,39,https://www.instagram.com/reel/DeNpn78R_gm,@wellplated,8300,2700,,1400.0,0.286,2,,2026-10-08,2,True,"A woman in a striped sweater presents a recipe for an upside-down French onion tart, framed as an easy appetizer 'in charge of' for gatherings. The video opens ","A woman in a striped sweater presents a recipe for an upside-down French onion tart, framed as an easy appetizer 'in charge of' for gatherings. The video opens with close-ups of the finished golden-brown tart topped with caramelized red onion rings and thyme, being sliced on a wooden board. She explains it tastes like something from a French bistro but uses simple ingredients. The tutorial shows her preparing the tart on parchment paper: drizzling olive oil and honey, adding salt, pepper, and fresh thyme, then arranging thin slices of red onion, topping with strips of Gruyère cheese, covering with puff pastry, crimping the edges, brushing with egg wash, and baking until golden and crisp. After baking, she flips the tart onto a board to reveal the caramelized onions on top, cuts it into squares, and plates a piece. She tastes it with enjoyment, exclaiming 'Magnifique!' The tone is warm, instructional, and enthusiastic, focused entirely on the cooking process.",template,True,strong,复刻反转法式洋葱塔，拍翻面揭晓焦糖洋葱的瞬间,quick-recipe,16,True,,False,,us-likely,英语，美国创作者,False
2026-10-10,food,40,https://www.instagram.com/reel/DeFODQmN1xp,@mikeiseating,8200,120,,1366.7,0.0,0,,2026-10-04,6,True,A male creator reviews the 'viral cookies' from Granny's Batch in New York City. The video opens with him holding a pink box containing a round gold tin of bake,"A male creator reviews the 'viral cookies' from Granny's Batch in New York City. The video opens with him holding a pink box containing a round gold tin of baked cookies topped with chocolate chips. Intercut footage shows the commercial kitchen process: mixing cookie dough, scooping balls, stuffing them with Nutella cups, placing them in tins, and baking multiple varieties including marshmallow-topped versions. Stacks of pink shipping boxes labeled 'FRAGILE' indicate high volume sales. The creator explains the shop started as a home business and now operates from a ghost kitchen, run by a pastry chef with 15+ years experience. He tastes the most popular Nutella flavor using a small gold shovel utensil, reacting with enthusiasm, describing it as warm, gooey in the middle with a light crisp top, and calling it one of the best chocolate cookies he's had. He notes the $40 price point. The video ends with a clip of him walking in a stadium wearing a jersey that says 'MIKEISEATING 561' and text prompting viewers to follow his account.",hook,True,none,,restaurant-review,5,False,需纽约实体店购买限定饼干,True,cluster 在近2日库中重复出现,us-likely,纽约 Granny's Batch 饼干店,False
2026-10-10,food,41,https://www.instagram.com/reel/DeShkjRPiky,@gabelustman,1300,9,,1300.0,0.0,0,,2026-10-09,1,True,"The video is a food review vlog by creator Gabe Blessing at Flamie's Hot Chicken in Goodlettsville, Tennessee. It opens with exterior shots of the restaurant si","The video is a food review vlog by creator Gabe Blessing at Flamie's Hot Chicken in Goodlettsville, Tennessee. It opens with exterior shots of the restaurant signage advertising wings, fish, burgers, and sandwiches, followed by interior views showing colorful chicken-themed murals on dark walls. The creator, wearing sunglasses, a black 'WHAT'S THE' t-shirt, and a chain necklace, introduces the location and begins tasting menu items. He tries a blue raspberry lemonade, then showcases a spread including loaded mac and cheese, honey gold loaded fries, a honey hot chicken sandwich, and honey gold chicken tenders/wings. He pairs the food with a white milkshake/ranch dip, dipping the chicken and eating enthusiastically while describing the flavors as delicious and fire. The tone is energetic and promotional, focused entirely on the food experience with no other significant events or dialogue.",personality,False,none,,restaurant-review,5,False,需田纳西餐厅实地探店,True,cluster 在近2日库中重复出现,us-likely,田纳西州 Flamie's Hot Chicken,False
2026-10-10,food,42,https://www.instagram.com/reel/DeEF_3Oup6z,@swad_india_official,6000,15,,1200.0,0.286,2,,2026-10-04,6,True,"This is a fast-paced street-food reel from Mumbai by creator @swad_india_official (Anurag Chaurasiya), posted October 4, 2026, showcasing the making of a '25kg ","This is a fast-paced street-food reel from Mumbai by creator @swad_india_official (Anurag Chaurasiya), posted October 4, 2026, showcasing the making of a '25kg Cheese Grilled Sandwich.' The video opens with a vendor slicing through multiple yellow boxes of Gowardhan Processed Cheese with a long knife, then unwrapping the large pale-yellow blocks onto a metal tray. He prepares white bread slices, spreading them with butter/mayonnaise, green chutney, and a thick orange sauce. He layers thinly sliced potatoes, chopped onions, tomato rounds, and chopped green capsicum, sprinkling spices over each layer. A massive quantity of cheese is then grated directly over the toppings using a box grater, completely covering the sandwich. The top bread slice is buttered, placed on top, and the entire giant sandwich is transferred to a commercial grill press to toast. The setting is a busy food stall with bags of 'Wibs' bread visible in the background. The tone is indulgent and viral-focused, emphasizing excess cheese and classic Mumbai sandwich flavors.",hook,True,none,,food-spectacle,2,False,需商用烤架与巨量食材，家用厨房难实现,False,,non-us,印度孟买街头摊位,False
2026-10-10,food,43,https://www.instagram.com/reel/DeE9bPHT9yF,@kamyacravings,35000,230,,1000.0,0.286,2,,2026-10-04,6,True,"This is a short-form cooking reel by creator @kamyacravings posted October 4, 2026. The video shows the step-by-step preparation of a customized spicy cheesy in","This is a short-form cooking reel by creator @kamyacravings posted October 4, 2026. The video shows the step-by-step preparation of a customized spicy cheesy instant noodle bowl. The creator stir-fries julienned carrots and green beans, then pan-sears rectangular pieces of paneer until golden. She boils Maggi Spicy Cheesy noodles, adds the seasoning packet to create a red-orange broth, and transfers everything to a dark ceramic bowl, arranging the vegetables and paneer on top. The on-screen text reads, 'How my mind sounds while adding random stuff to my noodles 🍜✨,' paired with a sentimental Japanese pop ballad playing throughout. The tone is cozy, playful, and aspirational home-cooking content, emphasizing 'little kitchen chaos' and making everyday food crave-worthy. The final shots highlight the steaming, colorful finished dish being lifted with chopsticks. Culture moment=viral Japanese ballad used for cooking reels; significance=Song evokes nostalgia for early 2000s anime viewers, repurposed for cozy food content.; origin=Japanese pop music popularized on social media CommentSummary: Comments show a lively, mostly positive reception focused on recipe authenticity rather than safety concerns. Many viewers note the absence of the traditional boiled egg topping common in Indian Maggi preparations, with repeated jokes like 'Boiled egg missing he' and suggestions to add chicken or egg. The creator replies explaining vegetarian choice and paneer instead of tofu, indicating cultural dietary context. Others praise the visual appeal ('That actually looks good') and relate to the habit of adding random ingredients. A secondary thread celebrates the background Japanese song, with users recognizing it from childhood anime and calling it nostalgic. Overall sentiment is mixed-positive: appreciation for creativity tempered by playful critique about missing protein, reflecting community norms around Maggi customization. 1. **Egg omission criticism:** ""You forgot the og egg boil or sunny side up"" 2. **Song appreciation:** ""This song >>>> >"" 3. **Vegetarian adaptation:** ""Veg version remen"" Mixed Sentiment Focus Community debates missing boiled egg and vegetarian substitution with paneer.",template,True,strong,复刻魔改辣芝士方便面，拍挑起面条的热气特写,quick-recipe,16,True,,False,,non-us,印度创作者，Maggi 方便面,False
2026-10-10,food,44,https://www.instagram.com/reel/DeM3cbdpAH4,@buldak_global,36000,34,,1000.0,0.286,2,,2026-10-07,3,True,The video is a short cooking clip demonstrating a social media food trend called the 'chicken waffle hack.' It opens with a hand holding a breaded chicken tende,"The video is a short cooking clip demonstrating a social media food trend called the 'chicken waffle hack.' It opens with a hand holding a breaded chicken tender and dipping it into a bowl of light-colored batter. On-screen text reads 'trying the viral chicken waffle hack.' The battered chicken is then placed directly onto a small black waffle maker. After cooking, the chicken emerges with a distinct waffle grid pattern and is described as 'golden brown' with an emoji. The cooked chicken waffle is transferred to a white plate alongside another plain fried chicken tender. The creator then introduces a pink bottle of Samyang Buldak Hot Sauce, with text saying 'let's add buldak sauce hehe,' and generously drizzles the red spicy sauce over the waffle-patterned chicken. The final shot shows the finished dish on the plate with two bottles of Buldak sauce in the background and the text 'yummers' with a smiling emoji. The setting is a home kitchen with a wooden table, green plant, and checkered cloth visible. Culture moment=viral chicken waffle hack; significance=Participates in TikTok-era food-hack culture where savory items are cooked in waffle irons.; origin=TikTok/social media food trends",hook,True,strong,复刻华夫机炸鸡饼，拍脱模露出格纹的瞬间,food-hack,3,True,,False,,unknown,英语，Buldak 韩式品牌，地域不明,False
2026-10-10,food,45,https://www.instagram.com/reel/DeHGPl6TtMl,@moulivinglife,35000,37,,1000.0,0.286,2,,2026-10-05,5,True,"A bearded man in a black t-shirt sits indoors against a green wall and patterned curtain, presenting a large bowl of a vibrant orange-red spicy noodle snack. He","A bearded man in a black t-shirt sits indoors against a green wall and patterned curtain, presenting a large bowl of a vibrant orange-red spicy noodle snack. He shows an Instagram Reel on his phone as inspiration, then demonstrates the recipe in a kitchen: crushing a packet of Maggi Double Masala instant noodles into a pan, preparing a sauce in a bowl with ketchup, soy sauce, and the masala powder, then combining the crushed noodles with ridged potato chips, chopped red onion, diced tomato, and fresh cilantro. He mixes everything thoroughly and returns to eat the finished dish with a spoon, chewing with closed eyes and expressive satisfaction, indicating it is very tasty and spicy. The video is a typical social media food-reel focused on cooking and enthusiastic consumption.",template,True,strong,复刻香料碎面薯片拌，拍拌匀后大口吃的满足反应,quick-recipe,16,True,,False,,non-us,印度创作者，Maggi 方便面,False
2026-10-10,food,46,https://www.instagram.com/reel/DeIcTPwM_wz,@karissadumbacher,27000,65,,1000.0,0.429,3,,2026-10-06,4,True,A young woman provides an 'honest review' of the most viral foods at Universal Orlando in 2026. She starts at Lard Lad Donuts holding the $12 Big Pink Donut (bi,"A young woman provides an 'honest review' of the most viral foods at Universal Orlando in 2026. She starts at Lard Lad Donuts holding the $12 Big Pink Donut (bigger than her head), rating it 7/10 for its thick icing, fluffy moist texture, and sprinkles crunch. Next, at Jurassic Park's Pizza Predattoria, she tries the $18 pizza cone — garlic bread stuffed with chicken Alfredo — giving it 7.5/10, praising the buttery, fluffy dough and tender chicken while noting it needs more sauce. At Seuss Landing's Green Eggs and Ham restaurant, she skips the Who-hash and gets $18 crispy fried chicken tots smothered in cheese, ranch, and spicy buffalo sauce, rating them 8/10 and noting they are larger potato chunks. In Minion Land at Bake My Day, she highlights the $18 pulled pork sandwich on a salty pretzel bun with chimichurri, bacon jam, and mustard aioli as the best item (9/10), plus 8/10 Minion-shaped tots that are crunchy outside and fluffy inside. At Marvel World, she reviews the pizza hot dog, rating it 5/10 — juicy and cheesy with pepperoni kick but too greasy/oily. Finally, at Toothsome Chocolate Emporium, she recommends the $16 sundae over shakes, rating it 9/10 for its extra brownie base and smooth chocolate whipped cream, mentioning she used to work there. The video ends with shots of Shrek and Hogsmeade, concluding she had so much fun.",hook,True,none,,restaurant-review,5,False,需奥兰多环球影城实地拍摄,True,cluster 在近2日库中重复出现,us-likely,奥兰多环球影城,False
2026-10-10,food,47,https://www.instagram.com/reel/DeHsB3EsNlX,@overthefirecooking,4700,210,,940.0,0.0,0,,2026-10-05,5,True,A man prepares an elaborate steakhouse-style burger outdoors in daylight. The video opens with the finished product — a tall burger on a seeded bun topped with ,"A man prepares an elaborate steakhouse-style burger outdoors in daylight. The video opens with the finished product — a tall burger on a seeded bun topped with melted cheddar, creamy peppercorn sauce, chopped chives, and crispy fried potato straws — which he lifts and then cuts in half to show the pink interior. The process is shown in reverse order: he forms raw ground beef into thick patties, slices a russet potato into thin matchsticks, soaks them in ice water, pats them dry, and fries them in a cast-iron skillet until golden. In the same skillet, he sautés minced shallots and capers, then adds heavy cream to make a peppercorn cream sauce. On a flat-top griddle, he smashes and cooks the patties, tops each with cheddar cheese and cracked black pepper, and assembles the burger by placing a patty on the bottom bun, spooning sauce over it, adding chives and the crispy potatoes, and capping it with the top bun. He takes a large bite at the end. The setting includes trees, a wooden fence, and natural sunlight, with a calm, appetizing tone focused entirely on food preparation.",template,True,weak,,quick-recipe,16,False,需户外烤架与多道复杂工序，单人拍摄难度大,False,,unknown,英语讲解，无明确地域标记,False
2026-10-10,food,48,https://www.instagram.com/reel/DePq2Inv3kh,@farideh,1700,110,,850.0,0.0,0,,2026-10-08,2,True,"The video is a short food-focused clip showing the assembly and tasting of a 'hot dog lobster roll.' It opens with a close-up of a glossy, toasted split-top bun","The video is a short food-focused clip showing the assembly and tasting of a 'hot dog lobster roll.' It opens with a close-up of a glossy, toasted split-top bun on a speckled plate. A hand places a cooked sausage into the bun, then uses tongs to pile in a generous amount of lobster meat mixed with chopped celery and onion. The hands press the filling down and lift the completed sandwich to display it. The scene cuts to a woman in a kitchen wearing a green baseball cap and a gray NASA Space Shuttle t-shirt; she holds the oversized roll toward the camera, smiles, and takes a large bite, chewing with an appreciative expression. Throughout the video, white on-screen text reads 'hot dog 🤝 lobster roll.' A soft male vocal track plays in the background with lyrics about dreaming and joining together. The tone is casual, appetizing, and lighthearted, presenting a fusion comfort-food creation.",hook,True,weak,,quick-recipe,16,False,需新鲜龙虾肉，食材获取成本高,False,,unknown,英语讲解，无明确地域标记,False
2026-10-10,food,49,https://www.instagram.com/reel/DePAc6TTLP3,@akshflex_,5200,72,,700.0,0.143,1,,2026-10-08,2,True,"A man wearing a black turban and striped shirt speaks directly to the camera from an indoor setting, with on-screen text reading 'West Delhi Day by Day 📈😂'. He ","A man wearing a black turban and striped shirt speaks directly to the camera from an indoor setting, with on-screen text reading 'West Delhi Day by Day 📈😂'. He delivers a comedic monologue in Hindi about a new street-food stall in West Delhi where an Afghan woman is selling chicken egg rolls. The video switches to a split-screen showing the woman in a blue crop top working at a night-time food cart, handling dough and cracking eggs. The narrator jokes that large crowds of young men have gathered, not for the food, but because of the vendor's appearance, repeatedly referencing her nationality and implying her looks drive sales. His tone is amused and mocking, with expressive facial reactions and hand gestures. The overall piece is presented as lighthearted social commentary but centers on objectifying the female vendor and teasing her background. Culture moment=West Delhi street food viral reels; significance=Taps into ongoing social media fascination with attractive vendors drawing crowds in Delhi.; origin=Delhi Instagram reel culture",personality,False,none,,food-meme,1,False,需印度街头场景与本地梗,False,,non-us,印度德里，印地语脱口秀,False
2026-10-10,food,50,https://www.instagram.com/reel/DeN13GcJzvh,@fahiramira,7600,140,,700.0,0.286,2,,2026-10-08,2,True,"This nighttime street-food video, labeled 'COBAIN BHEL PURI INDIA,' shows an Indian vendor preparing bhel puri at an outdoor stall. He displays a large tray of ","This nighttime street-food video, labeled 'COBAIN BHEL PURI INDIA,' shows an Indian vendor preparing bhel puri at an outdoor stall. He displays a large tray of ingredients—puffed rice, chopped tomatoes, onions, green chilies, and spices—and assembles the snack by hand, adding sev, peanuts, and sauces into a metal bowl before mixing. A young woman with long hair, wearing a black sleeveless top, receives the finished dish and eats it with a plastic spoon while on a video call shown in a picture-in-picture window. Her facial expressions shift as she tastes the spicy, tangy snack. The man on the call smiles and reacts, with on-screen Indonesian text 'WKWKW MUKA NYA BINGUNG' commenting on her confused face. The setting is a busy public area with other people walking by under artificial lights.",hook,True,none,,street-food-vlog,7,False,需印度街头摊位实拍,False,,non-us,印度街头 bhel puri 摊位,False
2026-10-10,food,51,https://www.instagram.com/reel/DeRD6kNOTdG,@agagrzelakk,1400,1,,680.0,0.143,1,,2026-10-09,1,True,"Two people with pink hair sit at a table indoors against a plain wall with fairy lights. The woman on the left wears a blue hoodie; the man on the right, Darek,","Two people with pink hair sit at a table indoors against a plain wall with fairy lights. The woman on the left wears a blue hoodie; the man on the right, Darek, has curly pink hair, a white tank top, and a grey zip-up hoodie. They each hold a bag of Quinn Filled Pretzel Nuggets — Peanut Butter (orange bag) and PB&J Berry (pink bag). On-screen Polish text asks if Darek will guess her favorite flavor. He tastes the peanut butter first, then the PB&J Berry, reacting with wide eyes, chewing sounds, and exclamations like 'mega mega peanut' and 'wow.' He declares the berry flavor 'very bad' then 'disgusting,' while she laughs and confirms it is actually her favorite. They discuss which is better, he admits he didn't think it through, and they both laugh heartily. The video ends with them holding up both bags and saying goodbye. The overall tone is cheerful, casual, and comedic.",personality,False,weak,,duo-taste-test,2,True,,True,cluster 在近2日库中重复出现,non-us,屏幕波兰语文字，创作者疑似波兰，产品为波兰语市场零食,False
2026-10-10,food,52,https://www.instagram.com/reel/DeEjv2iOG3c,@hi_itssonia,3700,72,,616.7,0.0,0,,2026-10-04,6,True,"A short-form social media video filmed outdoors in Samba, Jammu and Kashmir, India, features creator @hi_itssonia (Kashish) eating street food. The clip opens b","A short-form social media video filmed outdoors in Samba, Jammu and Kashmir, India, features creator @hi_itssonia (Kashish) eating street food. The clip opens blurred then sharpens to show her standing on a roadside, wearing a light pink t-shirt with cartoon animals, light-wash jeans, and a black belt, holding a wrapped burger-like snack. She takes bites, chews, and smiles toward the camera between mouthfuls. In the background are trees, pedestrians, vehicles including a blue truck, and a food vendor in a red plaid shirt. The top-right corner displays 👀❤️ emojis throughout. An upbeat male-vocal Punjabi/Hindi track plays over the footage. The creator's caption reads 'Kinna bdl lya m khud ni' (Punjabi for 'how much I've changed, I myself don't know') with hashtags for trending/viral content. The overall tone is casual, cheerful, and typical of a food-focused reel.",personality,False,none,,street-eat-reaction,2,False,印度街头实拍，地点无法复制,True,cluster 在近2日库中重复出现,non-us,拍摄地印度 Jammu，旁遮普语 caption,False
2026-10-10,food,53,https://www.instagram.com/reel/DeFhmAnKEow,@chilitolocoo,8400,9,,600.0,0.286,2,,2026-10-04,6,True,"A young woman sits in the driver's seat of a car during daylight and reviews a trending food item called the 'Viral Watermelon Pop' from Chilitoloco in McAllen,","A young woman sits in the driver's seat of a car during daylight and reviews a trending food item called the 'Viral Watermelon Pop' from Chilitoloco in McAllen, Texas. On-screen text identifies the product and location. She holds up a very large rectangular slice of watermelon that has been wrapped in a red fruit roll-up and heavily coated with orange-red chili seasoning. She explains it is a watermelon wrapped in fruit roll-up and chilito, then pours a thick red chamoy sauce from a small cup over the top. After taking a bite, she reacts with wide eyes and describes it as 'super crunchy,' 'sweet and spicy,' noting the fruit roll-up adds extra sweetness combined with the chili and chamoy. She rates it 'ten out of ten' and calls it 'literally the perfect summer snack.' She shows the size again, adds more chamoy, and displays the shop's address (4037 W Expressway 83 Suite 175, McAllen, TX) while encouraging viewers to try it.",hook,True,strong,自制 watermelon pop：大西瓜裹 fruit roll-up 撒 tajin 淋 chamoy，车里实测打分,viral-snack-review,3,True,,True,cluster 在近2日库中重复出现,us-likely,德州 McAllen 店铺，英语口播，美式零食文化,False
2026-10-10,food,54,https://www.instagram.com/reel/DeH0NOnPuUU,@sophiah_lim,2600,2,,520.0,0.0,0,,2026-10-05,5,True,"The video is a step-by-step cooking tutorial for Hong Kong-style mango pancakes. It opens with finished rolled crepes on a white plate, then shows hands breakin","The video is a step-by-step cooking tutorial for Hong Kong-style mango pancakes. It opens with finished rolled crepes on a white plate, then shows hands breaking one open to reveal whipped cream and fresh mango inside. The creator demonstrates the recipe: cracking eggs into a bowl, adding sugar, milk, vanilla, and melted butter, whisking, sifting in flour and cornstarch, straining the batter, and cooking thin crepes in a nonstick pan. Fresh mangoes are sliced, and each crepe is assembled with mango slices and piped whipped cream before being folded into small bundles. The second half shifts to a phone screen recording, where the creator shares the Instagram Reel via the Osta app, which processes the video and converts it into a formatted written recipe with ingredients and directions, presented as a tool to organize social media recipes.",template,True,strong,复刻港式芒果班戟：薄饼皮包芒果丁打发奶油，切开拍爆浆横截面,mango-pancake-recipe,1,True,,False,,unknown,英语教程，作者名无明显地域标记,False
2026-10-10,food,55,https://www.instagram.com/reel/DeLy8FGhh1t,@shiku_0001,1500,0,,500.0,0.0,0,,2026-10-07,3,True,"The video opens with a blurred zoom effect before stabilizing on a busy street in Gohana, Haryana, India, as indicated by the on-screen text 'Gohana'. The setti","The video opens with a blurred zoom effect before stabilizing on a busy street in Gohana, Haryana, India, as indicated by the on-screen text 'Gohana'. The setting is a commercial market lined with shops selling sweets, prominently featuring large red and white Hindi signage for 'Maturam Halwai ki Purani Dukan' advertising jalebi, pakode, and other snacks. A woman wearing a black embroidered kurta and light blue jeans walks from the shopfront toward the camera, smiling and posing briefly. In the background, a man in a pink shirt stands near the shop counter, motorcycles are parked on the street, and pedestrians and an auto-rickshaw pass by. The audio throughout is a high-energy Punjabi/Haryanvi folk-pop song with male vocals. The overall tone is upbeat and documentary-like, capturing everyday street life at a local halwai shop.",personality,False,none,,market-broll,1,False,印度街市纪实，无食物实操可复制,True,cluster 在近2日库中重复出现,non-us,印度 Haryana Gohana，印地语招牌,False
2026-10-10,food,56,https://www.instagram.com/reel/DeNr0-BNk_w,@tommywinkler,2100,4,,500.0,0.143,1,,2026-10-08,2,True,"A shirtless young man with curly hair prepares a viral-style food hack in a kitchen. He starts with instant ramen in a black plastic tray, adding powdered seaso","A shirtless young man with curly hair prepares a viral-style food hack in a kitchen. He starts with instant ramen in a black plastic tray, adding powdered seasoning, stirring, then pouring in chili oil and topping with slices of cheese which melt over the hot noodles. He then soaks a large, clear, flexible wrapper (resembling rice paper) in a metal bowl of water, lays it on a plate, and transfers the cheesy spicy noodles onto it. He adds several red crunchy snacks on top, rolls the wrapper tightly around the filling, and dips the finished roll into a small bowl of creamy orange sauce. The video concludes with him taking large bites of the wrap, with on-screen text reading ""Spicy noodle crunch wrap 🍜🌯"". The tone is casual, food-focused, and emphasizes texture and messy consumption, with no spoken dialogue—only the sounds of preparation and eating.",hook,True,strong,泡面加芝士融化后卷春卷皮，加脆零食卷成 wrap，咬开拍拉丝,instant-noodle-remix,1,True,,True,cluster 在近2日库中重复出现,unknown,无口播无语言标记，无法判断地域,False
2026-10-10,food,57,https://www.instagram.com/reel/DeMRXUnJIdh,@davis.avs,8200,110,,500.0,0.143,1,,2026-10-07,3,True,"The video demonstrates a viral kitchen hack for making 'liquid MSG' from tomatoes. It opens with close-ups of chopped tomatoes being squeezed, labeled as 'TOMAT","The video demonstrates a viral kitchen hack for making 'liquid MSG' from tomatoes. It opens with close-ups of chopped tomatoes being squeezed, labeled as 'TOMATO WATER,' followed by a scene in a grocery store where a man and woman select tomatoes. The creator then cuts a tomato, dices it, places the pieces on a tray, and puts them in a freezer for 24 hours. After thawing, the frozen tomato chunks are placed in a strainer over a metal bowl, allowing a clear yellowish liquid to drain out. The creator tastes the liquid, reacts with surprise, and describes it as very savory and slightly sweet. A woman joins him to taste it as well, confirming she likes it. On-screen Indonesian text narrates the process, emphasizing that tomatoes naturally contain glutamate (MSG) and that freezing breaks down the cells to release the flavorful water.",hook,True,strong,复刻番茄 liquid MSG：番茄冷冻24小时解冻滤汁，滴进泡面盲测鲜味,kitchen-hack-demo,2,True,,True,cluster 在近2日库中重复出现,non-us,屏幕印尼语解说，疑似印尼创作者,False
2026-10-10,food,58,https://www.instagram.com/reel/DeMq30BSW1L,@pastelovy.amerykan,8300,50,,500.0,0.286,2,,2026-10-07,3,True,A bald man with a beard wearing a black 'Astoria New York City' t-shirt sits at a wooden kitchen table and reviews American snack products. The video opens with,"A bald man with a beard wearing a black 'Astoria New York City' t-shirt sits at a wooden kitchen table and reviews American snack products. The video opens with him holding a gold-foil wrapped item, with on-screen Polish text joking about whether American treats cause diarrhea. He introduces the theme of autumn and trying new lunchbox items. He presents a yellow box of 'LUNCHABLES FUN PACK! NACHOS,' describing it as a full-value meal for kids. He opens the tray showing nacho chips, cheese sauce, and salsa, tastes each component, and reacts negatively—calling the cheese sauce bland and the salsa sour and spicy, comparing the chips to corn puffs. He then switches to a purple-wrapped 'WONKA' chocolate bar, referencing Charlie and the Chocolate Factory and the golden ticket. He unwraps the gold foil, tastes the chocolate, and describes it as very sweet. Throughout he speaks directly to camera in Polish, using expressive gestures and facial reactions, and ends by inviting viewers to comment on what else to test. The tone is casual, humorous, and focused on food tasting.",personality,False,weak,,viral-snack-review,3,True,,True,cluster 在近2日库中重复出现,non-us,全程波兰语口播，创作者在波兰测评美国零食,False
2026-10-10,food,59,https://www.instagram.com/reel/DeDs7kXt9cI,@varun_remo,2900,15,,483.3,0.0,0,,2026-10-04,6,True,"This is a promotional food video from Chennai, India, posted by creator @varun_remo showcasing an 'Insta Viral Coconut Hot Chocolate' at Cafe L'Aura. The video ","This is a promotional food video from Chennai, India, posted by creator @varun_remo showcasing an 'Insta Viral Coconut Hot Chocolate' at Cafe L'Aura. The video focuses on close-up shots of a thick, dark hot chocolate being poured from a small white pitcher into a hollowed-out coconut shell whose rim is coated in shredded coconut. On-screen text labels it 'Insta Viral COCONUT HOT CHOCOLATE.' A man with curly hair, wearing a black shirt, is shown stirring the mixture with a spoon and then tasting it with an appreciative expression. The setting appears to be inside the cafe, with warm lighting and a display fridge visible in the background. The video concludes with an exterior night shot of the illuminated 'Café L'AURA' storefront, which advertises Tea, Coffee, Snacks, Juice, and Dessert. The overall tone is appetizing and promotional, aimed at highlighting a trendy dessert item. Culture moment=Insta Viral food trend; significance=Reflects ongoing Chennai cafe culture where visually unique desserts gain traction through Instagram reels.; origin=Social media foodie promotion in South India CommentSummary: With only the author's own caption appearing as the comment, the community reception is minimal but clearly positive and informational. The single supplied comment repeats the promotional message, indicating the post functions primarily as discovery content for Chennai food seekers. There is no debate, criticism, or off-topic noise, suggesting viewers treat it as a straightforward recommendation. The lack of user-generated replies implies either early posting stage or low engagement volume, but the tone remains appreciative of the trending dessert concept. 1. **location confirmation:** ""Insta viral Coconut Hot chocolate now in chennai Location: Cafe l’aura"" Positive Sentiment Focus Community focuses on the location and novelty of the coconut-served drink.",template,True,none,,viral-cafe-dessert,1,False,印度金奈咖啡店推广，地点特定,False,,non-us,印度 Chennai 咖啡店，推广性质,False
2026-10-10,food,60,https://www.instagram.com/reel/DeQScu8SGQH,@bundeli_king_108,480,1,,480.0,0.0,0,,2026-10-09,1,True,The video opens outdoors in front of a green wall marked 'DELHI METRO'. A young woman in a pink striped shirt and ripped black jeans sits on a small plastic sto,"The video opens outdoors in front of a green wall marked 'DELHI METRO'. A young woman in a pink striped shirt and ripped black jeans sits on a small plastic stool eating from a paper plate of street food. A man in a light-blue shirt kneels beside her and begins taking pieces of her food. A second young man in a dark shirt and ripped jeans joins, also taking food from her plate while eating his own piece. A second woman stands behind the seated woman, observing with a surprised/concerned look. The seated woman continues eating, looking increasingly irritated, then stands up while still holding her plate, talks briefly with the kneeling man who now stands, places her plate down on the stool, and walks away smiling. The scene then cuts abruptly to a young Black boy in a checkered shirt and jeans sitting on concrete steps outside a building. He is initially crying with his mouth wide open, then quickly transitions to laughing heartily, throwing his head back. Large white water containers are visible behind him. The overall tone shifts from a mildly tense street-prank interaction to a candid moment of childhood emotion.",hook,True,none,,street-food-meme-skit,2,False,街头整蛊+meme 剪辑，非食物实操,True,cluster 在近2日库中重复出现,non-us,印度 Delhi Metro 街头场景,False
2026-10-10,food,61,https://www.instagram.com/reel/DePRNvxN5MY,@grilledcheesesocial,930,68,,465.0,0.0,0,,2026-10-08,2,True,A woman demonstrates how to make a 'crispy glazed turkey broth bowl' in a home kitchen. The video opens with the finished dish — ground turkey and white rice in,"A woman demonstrates how to make a 'crispy glazed turkey broth bowl' in a home kitchen. The video opens with the finished dish — ground turkey and white rice in an orange broth, topped with sliced cucumbers and sesame seeds — then rewinds to show the process. She sears Butterball ground turkey (85% lean) in a pan with oil, salt, and garlic powder, breaking it up and letting it crisp. She adds sweet chili sauce, chopped scallions, and soy sauce to glaze the meat, then sets it aside. In a separate pot, she sautés garlic and scallions in sesame oil, adds red curry paste, then pours in coconut milk and broth, stirring until smooth. She seasons the simmering broth with honey and fresh lime juice. Finally, she assembles the bowl with rice, the glazed turkey, broth, cucumbers, and sesame seeds, and tastes it with enjoyment. The video includes the hashtag #ButterballPartner, indicating a sponsored collaboration. The overall tone is bright, friendly, and instructional. Culture moment=viral broth bowl trend; significance=Leverages popular social media food trend to introduce turkey variation.; origin=TikTok/Reels food community",template,True,strong,复刻脆皮火鸡肉末汤饭碗：肉末煎脆裹甜辣酱，红咖喱椰奶汤底浇饭,viral-recipe-test,3,True,,True,cluster 在近2日库中重复出现,us-likely,英语教程，Butterball 美国品牌赞助,False
2026-10-10,food,62,https://www.instagram.com/reel/DeIFe0liexO,@with.mollie,2300,12,,460.0,0.0,0,,2026-10-05,5,True,A woman with blonde hair wearing a light-blue long-sleeve top demonstrates a viral TikTok recipe in a modern white kitchen. She explains the recipe was popular ,"A woman with blonde hair wearing a light-blue long-sleeve top demonstrates a viral TikTok recipe in a modern white kitchen. She explains the recipe was popular on her TikTok and worth trying. She cracks one egg onto a flat black plate, beats it, then soaks a round rice paper wrapper in the egg on both sides. She transfers the wet wrapper to a round white bowl, adds a pre-cooked beef patty, two slices of yellow cheese, and crumbled bacon, then folds the rice paper over to enclose the filling like a burger. She places the wrapped bundle into a white air fryer and cooks it for 8 minutes. The result is a golden-brown, crispy exterior. She cuts it open on a white plate to reveal the melted cheese and meat inside, describes it as 'literally everything delicious about a cheeseburger,' thanks TikTok for the invention, takes a bite, and calls it 'spectacular' and something she will definitely repeat. Culture moment=TikTok viral food hack; significance=References a trending recipe circulating on TikTok, positioning the creator as participating in the trend.; origin=TikTok platform",template,True,strong,春卷皮包牛肉饼芝士培根，空气炸锅8分钟，切开拍芝士拉丝,viral-recipe-test,3,True,,True,cluster 在近2日库中重复出现,us-likely,英语口播，TikTok 美区爆款食谱,False
2026-10-10,food,63,https://www.instagram.com/reel/DeViWb_BScF,@ft.najmaa,3400,30,,400.0,0.286,2,,2026-10-03,7,True,A short-form social media video documents the creation of a viral chocolate dessert. It opens in a supermarket refrigerated aisle where a hand selects an Almara,"A short-form social media video documents the creation of a viral chocolate dessert. It opens in a supermarket refrigerated aisle where a hand selects an Almarai Dutch Chocolate Milk bottle, then moves to dairy shelves to pick up Almarai chocolate pudding cups, and later grabs Galaxy chocolate bars and packages of Sabahoo chocolate cake from a bakery shelf. The scene shifts to a kitchen counter where the items are laid out next to a wicker basket of apples and pomegranates. The creator assembles the dessert in a clear rectangular plastic container: placing a whole Sabahoo chocolate cake slice inside, pouring Almarai chocolate milk over it, sprinkling broken pieces of Cadbury Flake chocolate, adding a second cake layer, pouring more chocolate milk, then topping with the creamy Almarai chocolate pudding spread smooth with a spoon. Finally, chopped Galaxy chocolate pieces are scattered on top as garnish. The video ends with close-ups of a spoon scooping through the layered, moist chocolate mixture, emphasizing texture. The overall tone is indulgent and satisfying, typical of foodie/ASMR content, set to light instrumental music. The post is credited to @ft.najmaa and tagged with chocolate, food, and Oman-related hashtags.",template,True,strong,超市买巧克力蛋糕+巧克力奶+布丁层层叠出爆浆巧克力盒子，勺子挖开拍质地,chocolate-dessert-build,1,True,,True,cluster 在近2日库中重复出现,non-us,Almarai 中东品牌，阿曼标签,False
2026-10-10,food,64,https://www.instagram.com/reel/DePhnbOobsF,@laclippers,2000,32,,400.0,0.143,1,,2026-10-08,2,True,"In a well-lit hotel ballroom or event space, two young men identified by on-screen text as Kobe and Yanic participate in a Hawaiian snack tasting. The video ope","In a well-lit hotel ballroom or event space, two young men identified by on-screen text as Kobe and Yanic participate in a Hawaiian snack tasting. The video opens with them sampling Sweet Maui Onion Chips, which one rates as '10's' and 'fire.' They then move to Spam Musubi, which he tries plain and notes it 'needs some sauce,' suggesting it would be better with it. Next, they try Mochi Donuts — one with purple ube filling described as 'like beignet' — and Cinnamon Sugar Milk Chocolate Macadamia Nuts, which surprises him positively ('that's actually fire,' rated a 9). Finally, they sample Hawaiian Sun Flavor Juices from small cups. Throughout, they react verbally and facially, holding up food to the camera, discussing flavors, and giving informal ratings. The tone is casual, friendly, and enthusiastic, typical of social media food-review content.",personality,False,weak,,duo-taste-test,2,True,,True,cluster 在近2日库中重复出现,us-likely,夏威夷零食，英语口播，LA 球队官方账号,False
2026-10-10,food,65,https://www.instagram.com/reel/DeP4wykS7-1,@snackolator,3500,30,,400.0,0.143,1,,2026-10-08,2,True,A male presenter in an orange taco-print shirt and black cap reports from the 2026 NACS Show in Las Vegas on 'the best surprise snacks' unveiled there. He highl,"A male presenter in an orange taco-print shirt and black cap reports from the 2026 NACS Show in Las Vegas on 'the best surprise snacks' unveiled there. He highlights several new products: Doritos Lemon Pepper (a limited-time flavor he notes sounds like one that should have existed); Butterfinger teaming with Marvel for a 'Green Apple Smash' Butterfinger X Hulk bar coming in 2027; Dunkin' bringing its canned 'Refreshers' to grocery and convenience stores in January in Strawberry Dragonfruit, Mango Pineapple, and Triple Berry flavors, which he has tried and calls delicious; Cheetos releasing 'Flamin' Hot Crunchy Habanero Chamoy' in January; Nerds launching 'Juicy Gummy Clusters' in Blue Raspberry Blast next year; Flipz introducing Limited Edition S'mores chocolate-covered pretzels for summer; and Cinnamon Toast Crunch debuting 'Big Squares' cereal pieces three times larger than original, plus a S'mores Big Squares version. The video ends with the presenter at Harry Reid International Airport promising more coverage from the show.",news,False,none,,snack-trade-news,1,False,拉斯维加斯展会现场报道，无法复制,False,,us-likely,美国 NACS 展会，英语报道,False
2026-10-10,food,66,https://www.instagram.com/reel/DeHBNurJPTI,@andyseastcoastkitchen_,1700,280,,340.0,0.0,0,,2026-10-05,5,True,A male creator in a home kitchen wearing a brown shirt and light blue apron presents a viral 'Turkish kebab' pasta recipe he describes as delicious and outrageo,"A male creator in a home kitchen wearing a brown shirt and light blue apron presents a viral 'Turkish kebab' pasta recipe he describes as delicious and outrageously simple. The video opens with close-ups of the finished dish—a white bowl containing fusilli pasta topped with seasoned ground beef, halved cherry tomatoes, fresh parsley, dollops of white yogurt sauce, and a drizzle of orange-colored oil. He then demonstrates the cooking process: adding one pound of ground beef to a hot pan, seasoning it with one teaspoon each of Jamaican curry powder, paprika, garlic powder, onion powder, salt, and pepper, and cooking until crispy before adding diced yellow onion and three cloves of garlic. For the sauce, he mixes two cups of Greek yogurt with minced garlic, lemon zest, and salt. To assemble, he places cooked pasta in a bowl, adds the yogurt sauce, tops with the crispy beef mixture, garnishes with tomatoes and parsley, and finishes with the oil drizzle. He tastes the dish, encourages viewers to 'make this, save it,' calls it a 'must make,' and asks them to follow for more approachable recipes. Culture moment=viral Anna Paul Turkish pasta recipe; significance=References an internet-famous dish to leverage existing trend interest.; origin=social media food trend",template,True,strong,复刻土耳其烤肉意面：咖喱粉炒脆牛肉碎，希腊酸奶蒜酱拌意面,pasta-recipe-demo,1,True,,True,cluster 在近2日库中重复出现,us-likely,英语教程，美式家庭厨房,False
2026-10-10,food,67,https://www.instagram.com/reel/DeHYroKo7HN,@eera_flavours,1700,23,,340.0,0.0,0,,2026-10-05,5,True,"This is a short-form cooking reel by creator @eera_flavours (Ekta Kashyap) posted from India, demonstrating how to make a 'Chilli Cheese Egg'. The video opens w","This is a short-form cooking reel by creator @eera_flavours (Ekta Kashyap) posted from India, demonstrating how to make a 'Chilli Cheese Egg'. The video opens with the finished dish in a white bowl — a creamy, cheesy egg mixture with whole green chilies, sprinkled with black pepper and garnished with parsley — while a hand dips toasted bread into it. It then rewinds to show the preparation: sliced green chilies are sautéed in a stainless steel pan on an induction cooktop, water is added, followed by a slice of cheese which melts into a sauce. Two whole eggs are cracked directly into the simmering cheesy-chili liquid, seasoned with pepper, covered with a lid to cook, then scooped onto a plate and garnished. The visual style is bright, close-up food videography typical of recipe reels, set against a kitchen backdrop with decorative red and yellow containers and a bowl of eggs. An upbeat, traditional Indian instrumental track plays throughout. The overall tone is appetizing and instructional, promoting a quick breakfast/snack recipe with no controversial, risky, or age-restricted content.",template,True,strong,复刻芝士辣椒蛋：平底锅融芝士片打两个蛋盖盖焖，面包蘸着吃,chilli-cheese-egg-recipe,1,True,,False,,non-us,印度创作者，印度传统音乐,False
2026-10-10,food,68,https://www.instagram.com/reel/DeB90G1yKq0,@bhukkadmahi,2300,5,,328.6,0.0,0,,2026-10-03,7,True,"This is a vibrant, appetizing social media reel showcasing popular Indian street food, likely from a night market in Allahabad/Prayagraj. The video cycles throu","This is a vibrant, appetizing social media reel showcasing popular Indian street food, likely from a night market in Allahabad/Prayagraj. The video cycles through close-ups of various dishes being prepared and served: steaming momos with red chutney, meat curry ladled into earthen clay pots over coals, round kachoris frying in hot oil, large savory pancakes (similar to dosa or chilla) topped with herbs and cheese on a giant griddle, samosas and other fried snacks, and a creamy beverage (lassi) poured into a clay kulhad. A persistent white text overlay reads ""Kal Sunday hai"" with smiling and drooling emojis. The accompanying Hindi audio features a man humorously telling his brother to fill the bike with fuel today because tomorrow is Sunday and they will go out together. The creator's caption encourages tagging a friend, framing the video as an invitation for a Sunday food outing. The overall tone is energetic, mouth-watering, and celebratory of weekend street-food culture.",hook,True,none,,food-montage-meme,1,False,印度夜市 montage，无实操步骤,True,cluster 在近2日库中重复出现,non-us,印度 Allahabad 夜市，印地语音频,False
2026-10-10,food,69,https://www.instagram.com/reel/DeLCSXQMeOU,@honeykombbrazy,5600,1100,,300.0,0.143,1,,2026-10-07,3,True,"A first-person cooking video shows a person preparing a full meal in a home kitchen. The process begins with seasoning raw chicken wings in a white bowl, then w","A first-person cooking video shows a person preparing a full meal in a home kitchen. The process begins with seasoning raw chicken wings in a white bowl, then washing rice in a pot under running water. The cook peels and dices an onion and potatoes on a wooden board, minces garlic, and sautés the garlic, onion, and potatoes together in a pan. The seasoned chicken wings are added to a separate pot, covered, and simmered. Mixed frozen vegetables (corn, peas, carrots, green beans) are cooked with more onion and garlic, seasoned, and finished with butter. Cooked white rice is molded onto a black plate, surrounded by the vegetable mix, topped with the stewed chicken and potatoes, and served alongside a toasted round bread item. Throughout, the narrator speaks energetically and excitedly, using repeated strong profanity while describing each step.",personality,False,weak,,full-meal-cook,1,True,,False,,unknown,英语脏话口播，无明确地域标记,False
2026-10-10,food,70,https://www.instagram.com/reel/DeE1grARs-B,@hallie.parrott,6700,50,,300.0,0.286,2,,2026-10-04,6,True,"In this October 2026 TikTok-style video, creator Hallie Parrott (@hallie.parrott), identified in her bio as a Chicago-based candy reviewer, films a ""trying weir","In this October 2026 TikTok-style video, creator Hallie Parrott (@hallie.parrott), identified in her bio as a Chicago-based candy reviewer, films a ""trying weird snacks from TJ Maxx"" segment in her apartment. She presents four products purchased for $3 each: San Diablo Itty Bitty Churros Piña Colada flavor, which she describes as light, airy, crispy, with pineapple-coconut flavor and rates 8.9/10; That Fudge Place Peanut Butter Fudge, which she notes is dry and crumbly with a chemical aftertaste and rates 6.5/10; DJ&A Pickle-Licious Cucumber Crisps Jalapeño flavor, which she finds zesty but not truly pickle-like and rates 5.7/10; and Nutty & Fruity Sour Watermelon Chili Gummy Strips, which she praises for heavy coating and flavor and rates 10/10. Throughout, she holds packages close to the camera, breaks open pieces to show texture, and eats on-camera while giving commentary. The tone is enthusiastic, casual, and informative, typical of social-media snack reviews, with no sexual, violent, or otherwise risky content.",template,True,strong,TJ Maxx 淘 4 款 $3 冷门零食逐个打分，盲猜口味反应,snack-haul-review,1,True,,True,cluster 在近2日库中重复出现,us-likely,芝加哥创作者，TJ Maxx 美国连锁,False
2026-10-10,food,71,https://www.instagram.com/reel/DeOsBXZlwX0,@iampeachii,4900,26,,300.0,0.286,2,,2026-10-08,2,True,A woman in a blue shirt films herself and a male companion shopping inside a Costco warehouse. She explains they are looking for the viral frozen 'Mango on Stic,"A woman in a blue shirt films herself and a male companion shopping inside a Costco warehouse. She explains they are looking for the viral frozen 'Mango on Sticky Rice' by brand Green & Sunny, which she says has become popular internationally. After walking the aisles, they locate the product in the freezer section, priced at $10.69, and discuss its authenticity compared to the Thai original. At home, she opens the box showing four individual trays, follows the cooking instructions by microwaving one tray for one minute, removing the film, then heating for another minute. She and her companion taste the heated dessert together, reacting with pleasant surprise to the soft sticky rice, sweet mango, coconut sauce, and crispy mung beans. They comment on the texture and flavor, noting it resembles the real dish. The video concludes with her encouraging viewers to try it, with exterior shots of Costco.",hook,True,strong,Costco 买爆火芒果糯米饭，微波加热后和女朋友盲测像不像泰式原版,costco-product-test,1,True,,True,cluster 在近2日库中重复出现,us-likely,美国 Costco 卖场实拍，英语口播,False
2026-10-10,food,72,https://www.instagram.com/reel/DeCOgwIhnvE,@imashleybreannn,9200,230,,300.0,0.714,5,,2026-10-03,7,True,"This is a bright, fast-paced cooking tutorial posted October 3, 2026, by creator Ashley Breann (@imashleybreannn). The video demonstrates how to recreate the vi","This is a bright, fast-paced cooking tutorial posted October 3, 2026, by creator Ashley Breann (@imashleybreannn). The video demonstrates how to recreate the viral Lobster Caesar Wrap from @broadstreetoysterco at home with a personal twist. On-screen text reads 'LET'S MAKE A LOBSTER CAESAR WRAP' throughout. The process begins with making lemon parmesan breadcrumbs by toasting panko in butter and oil, then mixing with grated parmesan, lemon zest, and chives. Next, a Calabrian chili Caesar dressing is prepared by combining store-bought Caesar dressing with chopped Calabrian peppers. Frozen wild-caught Atlantic lobster meat is sautéed in melted butter with sliced garlic, then finished with lemon juice and chives. Finely chopped romaine lettuce is tossed with the spicy Caesar dressing. Assembly occurs on a large flour tortilla layered with the dressed lettuce, breadcrumbs, warm lobster meat, and additional grated parmesan before being tightly rolled and sliced in half. The final shots show the cross-section of the wrap and dipping it into extra Calabrian chili Caesar sauce. The setting is a sunlit kitchen with white roses in the background, and the creator's hands with red nail polish are visible throughout. The tone is instructional, appetizing, and celebratory, set to an energetic dancehall/reggae track. Culture moment=viral lobster Caesar wrap trend; significance=Reflects TikTok-era food recreation culture where restaurant dishes are copied at home.; origin=Broad Street Oyster Co CommentSummary: Comments are overwhelmingly positive and expressive, with dozens of users reacting with fire emojis, heart-eyes, and drooling faces to convey intense appetite appeal. The dominant reaction is immediate craving—phrases like 'need it now,' 'looks amazing,' and 'insane' repeat throughout. Many commenters tag the original restaurant @broadstreetoysterco, confirming the viral reference, while others ask practical questions about the lobster brand and where to buy it. Several users state intent to make the recipe themselves, some adapting it with crab or shrimp, and one shares they tried it despite not usually cooking. The community treats the creator as a trusted food source, praising her aesthetic and encouraging more content, creating a supportive, foodie-driven conversation centered on taste and replication rather than criticism. 1. **enthusiasm and craving:** ""I’m drooling! I need this immediately 😍"" 2. **recipe requests and ingredient questions:** ""What brand of lobster is that??"" 3. **personal attempts and variations:** ""I willlll be trying this with crab 😍"" Overwhelmingly Positive Sentiment Focus praise for the appetizing appearance and desire to try recipe",template,True,strong,复刻网红龙虾凯撒卷：柠檬帕玛森面包糠+辣味凯撒酱+黄油煎龙虾肉卷饼,restaurant-copycat-recipe,1,True,,False,,us-likely,复刻美国餐厅爆款，英语教程,False
2026-10-10,food,73,https://www.instagram.com/reel/DeGAX87jaLx,@beinglatino,1400,2,,280.0,0.0,0,,2026-10-05,5,True,This short social media video showcases the preparation of Mexican street tacos al pastor at an outdoor food stand under a blue canopy. A vendor wearing black g,"This short social media video showcases the preparation of Mexican street tacos al pastor at an outdoor food stand under a blue canopy. A vendor wearing black gloves uses a long knife to shave cooked pork from a vertical spit topped with pineapple, with flames visible at the base. Close-up shots show the chopped meat being placed onto small corn tortillas on a paper plate, then topped with diced white onion, cilantro, green salsa, pickled red onion rings, and a squeeze of fresh lime juice. The sequence ends with a hand ladling creamy white horchata into a clear plastic cup. Throughout, yellow on-screen text reads ""Nada que matcha latte / Mejor unos taquitos con todo / y una horchata bien fria"" (Nothing like a matcha latte, better some tacos with everything and a very cold horchata), framing the food as culturally preferred comfort. The video is set to upbeat traditional Latin music with prominent brass. The tone is appetizing, celebratory, and proudly cultural, with no risky or controversial content. Culture moment=matcha latte vs traditional food preference; significance=Reflects ongoing social media discourse valuing authentic cultural foods over global wellness trends.; origin=Latin American food pride content on platforms like Instagram and TikTok",template,True,none,,taco-build,1,False,需要专业竖式烤肉架，家庭厨房搞不定,True,cluster 在近2日库中重复出现,us-likely,美国拉丁裔美食账号，场景疑似加州街边摊,False
2026-10-10,food,74,https://www.instagram.com/reel/DeNYURrS_kb,@tacoslosdesvelados,790,2,,263.3,0.0,0,,2026-10-07,3,True,"A close-up, first-person view shows a person wearing black disposable gloves preparing two ears of cooked corn on the cob in a commercial kitchen setting. Each ","A close-up, first-person view shows a person wearing black disposable gloves preparing two ears of cooked corn on the cob in a commercial kitchen setting. Each ear is placed on a wooden skewer. The preparer spreads a thick white creamy sauce (likely mayonnaise-based) over the corn with a spatula, then generously coats it by hand with crumbled white cheese (cotija). Next, a pale yellow sauce is drizzled from a squeeze bottle over both ears, followed by a bright red sauce applied in a zigzag pattern. A reddish-orange powdered seasoning (likely chili powder or Tajín) is sprinkled liberally over the top, and finally, fresh lime juice is squeezed from a wedge onto the finished corn. The video ends with a person in a white t-shirt lifting one fully dressed ear and taking a large bite. Culture moment=Mexican street corn (elote); significance=References popular Mexican-American street food trend in Los Angeles.; origin=Traditional Mexican antojito adapted for US street-food vendors.",template,True,strong,自制 elote：煮玉米涂蛋黄酱裹 cotija 芝士，撒 Tajin 挤青柠,elote-build,1,True,,False,,us-likely,墨西哥裔街头小吃，洛杉矶 elote 文化,False
2026-10-10,food,75,https://www.instagram.com/reel/DeBgF1Wp-Cc,@exotic_.flavours,1600,15,,228.6,0.0,0,,2026-10-03,7,True,"This is a daytime street-food reel filmed on October 3, 2026, at a roadside stall in Kharar, Punjab, showcasing the 'Viral Amritsari Mix Kulche.' A bearded vend","This is a daytime street-food reel filmed on October 3, 2026, at a roadside stall in Kharar, Punjab, showcasing the 'Viral Amritsari Mix Kulche.' A bearded vendor wearing a light-green 'THARSTAR' t-shirt and a bright green bandana presents the finished kulcha wrapped in foil, then demonstrates its preparation step-by-step. He takes a ball of dough, flattens it, fills it with a colorful mixture of chopped vegetables (beetroot, carrot, onion, green chilies) combined with spiced mashed potato filling, seals it, rolls it flat by hand, and cooks it on a large black tawa over a charcoal stove until golden-brown and charred. Another worker plates the kulcha, cuts it open, and serves it on a metal thali with two side dishes — chole (chickpea curry) and a green chutney. The vendor holds up the final plate while speaking to the camera, describing the ingredients and taste. The setting is an open-air stall with simple equipment, plastic stools, and passing traffic visible in the background. The tone is promotional and enthusiastic, aimed at food lovers.",template,True,none,,vendor-demo,2,False,炭火大鏊子+商贩场景，家庭厨房无法复制,True,cluster 在近2日库中重复出现,non-us,印度 Punjab 路边摊实拍,False
2026-10-10,food,76,https://www.instagram.com/reel/DeCwXmBzjUO,@rohitrr_ana,1600,1,,228.6,0.0,0,,2026-10-03,7,True,"A short-form social media reel posted October 3, 2026 by creator @rohitrr_ana (Rohit Rana) features a young man lip-syncing to a viral Hindi audio track. Across","A short-form social media reel posted October 3, 2026 by creator @rohitrr_ana (Rohit Rana) features a young man lip-syncing to a viral Hindi audio track. Across multiple outdoor and indoor locations — beside moving train tracks, next to a Spider-Man wall display, on an elevated walkway, at night on a street, and hanging from a viewpoint railing — he performs expressive gestures while white text overlays the repeated lyric: 'Ek kachori do samosa mera toh sab se he uth gaya hai bharosa.' The caption reads 'Real😓' with hashtags #explorepage #reel #fyp #foryou #meme. The tone is humorous and relatable, using the double meaning of 'uth gaya' (risen/lost trust vs. slang for erection) to joke that cheap street food destroys one's faith. The video is set to upbeat instrumental music, has no dialogue beyond the lip-sync, and presents no nudity, violence, or other high-risk content beyond the mild sexual innuendo. Culture moment=Ek kachori do samosa meme; significance=Reflects Indian youth humor using street food and double entendre for virality.; origin=Popular Hindi audio circulating on Instagram Reels and TikTok-style platforms",audio_meme,True,none,,trending-audio-dance,2,False,对口型 meme，无食物实操内容,True,cluster 在近2日库中重复出现,non-us,印地语热门音频，印度创作者,False
2026-10-10,food,77,https://www.instagram.com/reel/DeBbzSNtO90,@cuisine_.club,1600,0,,228.6,0.0,0,,2026-10-03,7,True,"A short-form food reel demonstrates how to make 'Viral Cucumber Shots.' On a marble countertop, a person washes several fresh cucumbers in a pan, then places th","A short-form food reel demonstrates how to make 'Viral Cucumber Shots.' On a marble countertop, a person washes several fresh cucumbers in a pan, then places them on a wooden cutting board. They trim the ends, peel the skin off, and use a tool to core out the center, creating hollow cucumber cups. Separately, they prepare a tangy-spicy liquid by soaking dried chilies and tamarind in water, mashing them, then adding chopped tomato, spices, and salt. The rims of the cucumber cups are dipped in a plate of red chili powder and salt. The prepared sauce is poured into the hollowed cucumbers, which are arranged on a decorative plate. The video ends with a thumbs-up gesture over the finished snack. The tone is bright, fast-paced, and ASMR-focused, set to upbeat Indian music, promoting an easy, refreshing summer street-food style snack. Culture moment=viral cucumber shots / khatta-meetha cucumber chaat trend; significance=Reflects 2026 social media food trend of repurposing vegetables as edible drinkware for ASMR appeal.; origin=Indian street-food inspired snack popularized on Instagram Reels.",hook,True,strong,复刻黄瓜杯：黄瓜掏空当杯子，酸辣罗望子汁倒进去，杯口蘸辣椒盐,cucumber-cup-recipe,1,True,,True,cluster 在近2日库中重复出现,non-us,印度街头小吃风，印度音乐,False
2026-10-10,food,78,https://www.instagram.com/reel/DeQuOJHSXis,@onkararpan,220,0,,220.0,0.0,0,,2026-10-09,1,True,A man in a pink shirt and dark scarf films himself selfie-style at an open-air street food stall during daytime. He is animatedly singing or lip-syncing to an u,"A man in a pink shirt and dark scarf films himself selfie-style at an open-air street food stall during daytime. He is animatedly singing or lip-syncing to an upbeat Hindi folk song, with the purple Hindi text 'एक कचौड़ी दुई समोसा' overlaid at the bottom throughout. Behind him, two younger men in blue shirts are playfully dancing and interacting — one in a blue t-shirt holds a spatula near a large frying pan of samosas/kachoris, while the other in a blue button-up shirt dances, gestures, and laughs. A fourth person is visible working in the background near the cooking area. The setting includes a corrugated roof, blue fencing, and trays of fried snacks. The overall tone is joyful, informal, and comedic, capturing a spontaneous moment of camaraderie around street food. Culture moment=ek kachodi dui samosa trend; significance=References a widely circulated Hindi snack-order meme used in reels for humor.; origin=Indian social media food-chant trend",audio_meme,True,none,,trending-audio-dance,2,False,街边摊对口型表演，无食物实操,True,cluster 在近2日库中重复出现,non-us,印地语民谣，印度街边摊,False
2026-10-10,food,79,https://www.instagram.com/reel/DeNAboqpeo6,@jeremyjacobowitz,650,33,,216.7,0.0,0,,2026-10-07,3,True,"A male creator reviews 'NYC's newest viral sandwiches' at a shop called 20 Blocks in the East Village, asking if they are 'worth the line.' The video opens with","A male creator reviews 'NYC's newest viral sandwiches' at a shop called 20 Blocks in the East Village, asking if they are 'worth the line.' The video opens with close-ups of a cheesy corn sandwich being pulled apart, then shows the exterior where people queue daily, and the interior with customers waiting at a yellow counter. A chalkboard menu lists items including 'Turkey Town' ($18) and 'Corn Star' ($14). The creator explains he waited about 15 minutes on a Thursday and tried two sandwiches available that day: Turkey Town (turkey, fried green tomatoes, baby romaine, Cajun mayo on honey whole wheat) and Corn Star (charred corn, cowboy candy/candied jalapeños, Harvarti on milk bread). He eats both on camera, stating he actually preferred the Turkey Town over the Corn Star, which he describes as sweet and spicy. Outside on the street, he concludes the sandwiches are very good, service is great, and ingredients are high-end, but he wouldn't say it's the absolute top sandwich in NYC — though viewers won't be disappointed, especially given the rotating monthly menu.",template,True,weak,,restaurant-review,5,True,,True,cluster 在近2日库中重复出现,us-likely,纽约 East Village 实拍，英语测评,False
2026-10-10,food,80,https://www.instagram.com/reel/DePeuA5NhfK,@cereallife,680,16,,210.0,0.143,1,,2026-10-08,2,True,A man in a kitchen responds to a viral clip (from user @itsmejuliette) showing colorful cereal threaded on skewers used as drinkable straws. He prepares his own,"A man in a kitchen responds to a viral clip (from user @itsmejuliette) showing colorful cereal threaded on skewers used as drinkable straws. He prepares his own version, displaying boxes of Froot Loops and Cocoa Puffs, then threads both cereals onto wooden skewers. He sets up a double boiler with water boiling, melts white chocolate wafers, and brushes the melted chocolate thinly over the cereal sticks so the colors remain visible. He places the coated skewers on a tray and puts them in the freezer for about 10 minutes. After removing them, he holds up a finished straw, notes he can see through it, and tests it by sipping milk from a glass. He reacts with excitement that it works, demonstrates how the skewer slides out easily leaving a hollow cereal tube, takes a bite, and enthusiastically tells viewers they should try it. Culture moment=viral froot loops straws trend; significance=Participates in ongoing TikTok-style food hack culture where everyday cereals are repurposed.; origin=Referenced creator @itsmejuliette who popularized the straw concept.",hook,True,strong,复刻麦片吸管：麦片串竹签刷白巧克力冻10分钟，吸牛奶实测通不通,kitchen-hack-demo,2,True,,True,cluster 在近2日库中重复出现,us-likely,英语口播，Froot Loops 美国零食,False
2026-10-10,food,81,https://www.instagram.com/reel/DeLzzDuMJSM,@_munna_egg_shop_bhakhri,5400,370,,200.0,0.286,2,,2026-10-07,3,True,"A man stands outdoors in front of a wooden pushcart with a canopy, likely a street food stall, and performs directly to the camera. He wears a dark blue pattern","A man stands outdoors in front of a wooden pushcart with a canopy, likely a street food stall, and performs directly to the camera. He wears a dark blue patterned long-sleeve shirt, dark blue pants, is barefoot, and has a red tilak on his forehead and a necklace. Throughout the clip he sings and dances with animated hand gestures—pointing, waving, making peace signs, and touching his head—while smiling and appearing to lip-sync. The cart behind him holds a large blue water container, bags, and cooking equipment. The setting is a rural or semi-rural roadside with dirt ground, greenery, and a green fence in the background. The audio is an upbeat Hindi/Bhojpuri folk-style song with repetitive lyrics mentioning 'samosa' ('E gokha chaudi pa dugo samosa...'), delivered in a lively, rhythmic vocal style. The overall tone is cheerful, informal, and performative, consistent with a street vendor promoting his business through song. Culture moment=trending reel; significance=He aligns his local food-vendor identity with a viral short-form video trend to gain visibility.; origin=Social media short-video platform trends",personality,False,none,,vendor-performance,1,False,摊主唱歌表演，非食物实操,True,cluster 在近2日库中重复出现,non-us,印度乡村路边摊，印地语/博杰普尔语歌曲,False
2026-10-10,food,82,https://www.instagram.com/reel/DeBfrLMiO_6,@chef_nehalkarkera,9900,130,,200.0,0.286,2,,2026-10-03,7,True,"This is a recipe reel by professional chef and food creator Nehal Karkera demonstrating how to make 'Dhuaan Dahi Mutton,' an Indian mutton curry. The video open","This is a recipe reel by professional chef and food creator Nehal Karkera demonstrating how to make 'Dhuaan Dahi Mutton,' an Indian mutton curry. The video opens with raw mutton pieces labeled 'Mutton?' and then shows the finished dish titled on screen. The chef prepares a custom spice powder by dry-roasting coriander, black pepper, cumin, and other whole spices, then grinding them. He also preps sliced onions, green chilies, and a green paste of onion, garlic, and chili. Cooking starts with ghee in a pressure cooker, followed by whole spices, then the mutton which is 'bhunoed' (sautéed) repeatedly. The ground spice mix is added, then water, salt, and the cooker is sealed for 4-5 whistles. After cooking, whisked yogurt (dahi) and fresh mint are stirred in, the curry simmers to separate oil from gravy, and a traditional 'dhuaan' (smoke) tempering is done using hot coal and ghee covered for three minutes. The dish is finished with garam masala, chopped cilantro, ginger juliennes, and served in a bowl with roti. The chef eats it with his hands, pulls apart tender meat, and encourages viewers to tag others and repost. The tone is instructional, appetizing, and casual, emphasizing rich flavor and messy, hands-on eating.",template,True,weak,,indian-curry-showcase,3,False,需要高压锅+烧红木炭烟熏，流程长不算快手,True,cluster 在近2日库中重复出现,non-us,印度厨师，印式羊肉咖喱,False
2026-10-10,food,83,https://www.instagram.com/reel/DeEq-m4S0Lc,@bishnupriyacooks,5500,10,,200.0,0.143,1,,2026-10-04,6,True,"This is a short-form cooking reel from creator @bishnupriyacooks in Bhubaneswar, India, posted October 4, 2026, demonstrating how to make an 'Instant Chicken Pi","This is a short-form cooking reel from creator @bishnupriyacooks in Bhubaneswar, India, posted October 4, 2026, demonstrating how to make an 'Instant Chicken Pizza' using bread. The video opens with the creator holding a slice of white bread and a raw chicken drumstick, while on-screen Odia text reads 'Bread re instant chicken pizza.' Two young girls appear excitedly holding ingredients including a packet of Maggi Masala-ae-Magic. The creator then cooks diced chicken in a pan with garlic chili paste, Maggi masala, salt, and oil. She arranges triangular bread pieces in a greased pan, pours beaten egg over them, covers and cooks until set. Separately, she roasts tomato, green chili, and garlic, blends them with another Maggi masala packet into a sauce, spreads it over the egg-bread base, and tops with the cooked chicken, chopped onion, green capsicum, red chili, and shredded cheese. After covering for 3-4 minutes on low flame to melt the cheese, she plates the finished dish. The two girls are shown happily eating the pizza both indoors and outside near a car. The tone is cheerful, instructional, and family-oriented, typical of Indian food-reel content.",template,True,strong,面包片当饼底铺鸡蛋液煎定型，抹自制番茄酱铺鸡肉丁芝士，小火焖化,bread-pizza-recipe,1,True,,False,,non-us,印度 Bhubaneswar，奥里亚语屏幕文字,False
2026-10-10,food,84,https://www.instagram.com/reel/DeHRVwcokmW,@yourfoodlab,9000,1600,,200.0,0.286,2,,2026-10-05,5,True,"A male chef with a beard, wearing a black t-shirt and cap, presents a cooking tutorial from his kitchen featuring wooden shelves and a red refrigerator. He intr","A male chef with a beard, wearing a black t-shirt and cap, presents a cooking tutorial from his kitchen featuring wooden shelves and a red refrigerator. He introduces 'crispy & cheesy momo pockets' — actually triangular mushroom, cheese, and basil dumplings served with a special momo chutney. He first makes the chutney by roasting whole tomatoes over an open flame until charred, then peeling them and adding them to a chopper with soaked Kashmiri red chilies, garlic, ginger, green chilies, spring onion greens, lemon juice, salt, and oil. He blends it to a coarse, stone-ground texture, tastes it, and describes it as garlicky, spicy, smoky, and incredible. He promotes the 'Curaa ChopLab Pro' chopper as making prep easy, noting it's available on Amazon and asking viewers to comment 'CHOPPER'. For the filling, he roughly chops mushrooms in the chopper, then finely chops onions, garlic, ginger, and green chilies together. He sautés the mixture on high heat until moisture evaporates completely, transfers it to a bowl, adds chopped basil leaves, and mixes. To assemble, he uses wonton sheets, brushes edges with water, places filling in the center, folds into triangles, and seals. He pan-fries the dumplings in oil until golden and crisp on both sides. The final dish is shown plated and dipped into the red chutney. He concludes by inviting viewers to comment 'RECIPE' for the detailed recipe link. The tone is enthusiastic, instructional, and promotional.",template,True,strong,馄饨皮包蘑菇芝士馅折成三角，煎出脆底，配烤番茄辣酱,pan-fried-dumpling,1,True,,True,cluster 在近2日库中重复出现,non-us,印度厨师，印式厨房场景,False
2026-10-10,food,85,https://www.instagram.com/reel/DeHMyVcpOq1,@viji_moo,1000,9,,200.0,0.0,0,,2026-10-05,5,True,"A woman with long wavy hair, glasses, and a bindi, dressed in a traditional saree, presents a finished dish of yellow-green khichdi in a brass pan in her kitche","A woman with long wavy hair, glasses, and a bindi, dressed in a traditional saree, presents a finished dish of yellow-green khichdi in a brass pan in her kitchen. She explains via voiceover that it is made with moong sprouts, broken wheat, and lots of moringa leaves, and encourages viewers to try it. The video then shows the step-by-step preparation: sprouted green moong beans are placed in a metal bowl, mixed with what appears to be broken wheat or millet, then combined with whole cherry tomatoes, garlic cloves, turmeric powder, and water before being covered to cook. Separately, in a brass kadai on a stove, she heats oil and sautés cumin seeds, chopped onions, green chilies, dried red chilies, and curry leaves, followed by a large quantity of fresh chopped moringa leaves and more turmeric. The cooked sprout mixture is then added to the tempered greens, stirred together, and finished with a squeeze of lemon juice from a yellow squeezer. Finally, she plates the khichdi on a metal thali with side dishes including yogurt, pickled vegetables, and savory snacks, sprinkles sev on top, takes a bite with her hand, and smiles approvingly at the camera. On-screen text notes 'Detailed recipe in reel description.' The tone is warm, instructional, and celebratory of healthy Indian home cooking.",template,True,weak,,indian-curry-showcase,3,True,,True,cluster 在近2日库中重复出现,non-us,印度传统家庭厨房，纱丽+印地语境,False
2026-10-10,food,86,https://www.instagram.com/reel/DePZJWGRGOU,@hannahgoinn,1700,15,,200.0,0.143,1,,2026-10-08,2,True,The video is a step-by-step cooking tutorial for 'Sheet Pan Chicken Nachos' presented without narration. A person's hands prepare the dish on a kitchen counter ,"The video is a step-by-step cooking tutorial for 'Sheet Pan Chicken Nachos' presented without narration. A person's hands prepare the dish on a kitchen counter with a red-and-white checkered cloth. The process begins with spreading Tostitos Salsa Con Queso dip across a metal sheet pan, followed by sprinkling Kroger Mexican Style Shredded Cheese Blend over it. Shredded cooked chicken is added next, then sliced Mt. Olive jalapeños, Del Monte whole kernel corn, and black beans. Diced white onion is scattered on top before the pan is baked. After baking, the melted cheese base is visible under the toppings. The finished nachos are garnished with diced tomatoes, dollops of sour cream, scoops of guacamole, and fresh chopped cilantro. The final shots show the fully loaded, colorful nacho tray ready to serve. Culture moment=viral food trend; significance=Reflects ongoing social media interest in easy game-day and sheet-pan meals.; origin=TikTok/Reels food community",template,True,strong,烤盘一锅出鸡肉 nachos：薯片铺底撒芝士鸡肉丝黑豆，一烤上桌,sheet-pan-nachos-recipe,1,True,,False,,us-likely,Tostitos/Kroger 美国品牌，美式 game-day 食物,False
2026-10-10,food,87,https://www.instagram.com/reel/DeDxgbyB2cl,@anak.kuliner,1100,11,,183.3,0.0,0,,2026-10-04,6,True,"This is an Indonesian street-food review video by creator @anak.kuliner (Felix Kurniawan) posted October 3, 2026, showcasing 'Nyambel Tempong Pakulonan' located","This is an Indonesian street-food review video by creator @anak.kuliner (Felix Kurniawan) posted October 3, 2026, showcasing 'Nyambel Tempong Pakulonan' located on the roadside near RS Serpong Utara in Pakulonan, Serpong Utara, South Tangerang City, Banten 15325. The stall's banner reads 'SEDIA AYAM, LELE DAN JUKUT GORENG'. The video shows a vendor in a green shirt and mask frying items in a large divided wok — chicken, catfish (lele), tilapia (nila), and leafy greens (jukut). Pre-fried skewers of offal are displayed. The highlight is the fresh sambal tempong, made by pounding red chilies, tomatoes, and lime in a stone mortar until coarse and juicy. A customer plates the meal on paper with white rice, fried chicken, fried catfish, fried greens, and a spoonful of the bright red sambal. The reviewer eats enthusiastically with his hands, repeatedly commenting that the sambal is extremely spicy ('pedes banget'), flavorful, and addictive, especially with the crispy fried chicken. He notes the location is simple but the taste is excellent, and he plans to return. The tone is energetic, appetizing, and focused on the sensory experience of spicy Indonesian comfort food.",template,True,none,,street-eat-reaction,2,False,印尼路边摊实拍，地点无法复制,True,cluster 在近2日库中重复出现,non-us,印尼 Tangerang 路边摊，印尼语,False
2026-10-10,food,88,https://www.instagram.com/reel/DeQ1qGZS5cO,@lyfco_global,200,0,,130.0,0.143,1,,2026-10-09,1,True,"This is a bright, sunny-day travel food guide to Los Angeles presented in Japanese. The video opens with a blonde woman in a cropped jersey and short shorts sit","This is a bright, sunny-day travel food guide to Los Angeles presented in Japanese. The video opens with a blonde woman in a cropped jersey and short shorts sitting at an outdoor In-N-Out picnic table, sipping a drink as a plane flies overhead. On-screen text introduces ""Los Angeles Recommended Food 3 Selections."" The first stop is In-N-Out Burger, shown via exterior storefront and close-ups of a Double-Double style burger, Animal Style fries, and branded cups inside a car, with text describing it as a simple, must-try classic. The second is Tacos 1986, a red-canopied street stall where a vendor cooks tortillas on a griddle; text calls LA the ""holy land of tacos"" and a high-value snack. The third is Randy's Donuts, featuring the iconic giant donut sign; the presenter poses in front of it, followed by close-ups of hands holding green pistachio-crusted donuts and classic glazed donuts against the ""World Famous Since 1952"" sign. The tone is upbeat and promotional, aimed at tourists, with no violence, profanity, or explicit content—only mild body-revealing clothing and an AI-like Japanese voiceover.",template,True,none,,la-food-guide,1,False,游客探店指南，非快手实操,False,,us-likely,洛杉矶实拍，In-N-Out/Tacos 1986/Randy's Donuts,False
2026-10-10,food,89,https://www.instagram.com/reel/DeQJZY7Ch6O,@jacksondean,250,3,,125.0,0.0,0,,2026-10-08,2,True,A young man and woman sit at a kitchen counter to participate in the 'trying lunch in my city' social media trend. The man explains they will use TikTok to sear,"A young man and woman sit at a kitchen counter to participate in the 'trying lunch in my city' social media trend. The man explains they will use TikTok to search 'Lunch in my city LA' and order what comes up. They receive an Uber Eats delivery containing two large wrapped items and a green strawberry matcha drink. The woman holds up the drink, which has a layered red and green appearance, and they both try it. They then unwrap the food, revealing oversized Caesar salad wraps in branded paper. They examine the wraps, noting how full they are, take bites, and react positively, describing the chicken as crispy and the overall taste as very good. They add sauce from small cups provided. Throughout, they converse casually, smile, and give ratings — the man rates the restaurant 8 out of 10, the woman gives it 10 out of 10. The setting is a modern kitchen with white cabinets, and the interaction is friendly and informal, focused entirely on tasting and reviewing the lunch. Culture moment=lunch in my city trend; significance=References popular TikTok format where users search their city for lunch recommendations.; origin=TikTok",challenge,True,strong,跟拍 lunch in my city 挑战：TikTok 搜洛杉矶午餐第一个结果下单，实测打分,lunch-in-city-challenge,1,True,,False,,us-likely,洛杉矶实拍，Uber Eats 下单,False
2026-10-10,food,90,https://www.instagram.com/reel/DeI6glxhOBv,@funnyyinstareel,1200,5,,100.0,0.143,1,,2026-10-06,4,True,"The video shows an elderly, shirtless man with a long white beard and orange dhoti operating a makeshift pani puri (golgappa) stall built over a severely pollut","The video shows an elderly, shirtless man with a long white beard and orange dhoti operating a makeshift pani puri (golgappa) stall built over a severely polluted canal littered with garbage. A yellow sign above reads 'Funnyy Insta Reel' with images of the snack. Three young women in colorful traditional Indian attire (pink, yellow, and blue) are customers, holding plates of pani puri and eating while smiling and interacting with the camera. The audio features one woman encouraging viewers to try the 'very tasty' pani puri from the 'Funny Insta Reel' vendor, followed by the vendor himself telling her to just like the video and follow his channel so his 'poor shop' can survive. The overall tone is comedic and promotional, using the shocking contrast between appetizing street food and the filthy environment as its central joke, while directly soliciting social media engagement.",hook,True,none,,street-food-meme-skit,2,False,靠脏乱环境反差搞笑，无实操可复制,True,cluster 在近2日库中重复出现,non-us,印度街头 pani puri 摊,False
2026-10-10,food,91,https://www.instagram.com/reel/DeJPK9RxqMb,@akashfoodjunction,1200,160,,100.0,0.286,2,,2026-10-06,4,True,"This nighttime video documents a popular street food stall in Gurgaon known for 'Viral Kothey momo,' as stated in on-screen text. A large crowd gathers around a","This nighttime video documents a popular street food stall in Gurgaon known for 'Viral Kothey momo,' as stated in on-screen text. A large crowd gathers around a brightly lit red cart. The vendor prepares the dish by taking steamed momos from large bamboo steamers, placing them on a disposable plate, and topping them with chopped herbs and multiple sauces from squeeze bottles. He then arranges the momos in a circle in a hot pan, pours in a milky liquid, covers it, and cooks until a crispy, lacy 'skirt' forms on the bottom. The finished product — golden-brown momos joined by a crunchy base — is presented to the camera. A customer at an outdoor table breaks one open to reveal the savory filling, dips it in sauce, and eats it with visible enjoyment. The overall tone is appetizing and celebratory of street food culture. Culture moment=viral street food reels; significance=Reflects ongoing Indian social-media trend of highlighting hyper-popular local snacks.; origin=Instagram Reels food-review culture",template,True,none,,vendor-demo,2,False,商用大蒸笼+街边摊场景，家庭无法复制,True,cluster 在近2日库中重复出现,non-us,印度 Gurgaon 夜市街边摊,False
2026-10-10,food,92,https://www.instagram.com/reel/DeHNpa3EX-l,@foodbible,1100,18,,100.0,0.286,2,,2026-10-05,5,True,"A short-form food video from FOOD BIBLE x BAJACALIFOOD demonstrates a novelty dish called a 'cake kebab.' A large, multi-layered red velvet cake with chocolate ","A short-form food video from FOOD BIBLE x BAJACALIFOOD demonstrates a novelty dish called a 'cake kebab.' A large, multi-layered red velvet cake with chocolate frosting, topped with a number '4' birthday candle, is mounted vertically like a shawarma spit. A man in a black shirt and cap uses a long knife to shave thin slices of the cake directly onto a small flour tortilla held in his hand. He places the slice on a white foam plate, then drizzles a pale yellow sauce followed by a dark red sauce over the cake. On-screen text reads 'THIS CAKE KEBAB IS GENIUS,' 'FIRST, WE SLICE THE RED VELVET CAKE,' 'THEN WE ADD A DRIZZLE OF OUR FAVORITE SAUCES,' and 'THE PERFECT CAKE KEBAB!' A brief cut shows a young child with curly hair watching. The creator's caption jokes about combining dinner and dessert. The tone is lighthearted and promotional, showcasing an inventive, Instagram-friendly food hack without any risky, violent, or sexual content. Culture moment=novelty fusion street food trends; significance=Reflects ongoing social media fascination with combining desserts into savory formats for shock value.; origin=viral TikTok/Reels food hack culture",hook,True,weak,,novelty-cake-hack,1,False,蛋糕立串成烤肉架切片，道具不日常,False,,us-likely,英语口播，FOOD BIBLE 美国美食媒体,False
2026-10-10,food,93,https://www.instagram.com/reel/DeKg_OKNbVe,@theviplist,1100,85,,100.0,0.286,2,,2026-10-06,4,True,"Two young women film themselves on a sunny New York City street trying the viral '$50 cookie' from Granny's Batch. Holding a pink branded box and shopping bag, ","Two young women film themselves on a sunny New York City street trying the viral '$50 cookie' from Granny's Batch. Holding a pink branded box and shopping bag, they unbox the cookie, which comes in a gold tin inside premium packaging. They identify it as the classic Nutella chocolate chip flavor and note it must be ordered ahead for pickup. Using small spoons, they dig into the center, revealing an extremely gooey, molten interior. Throughout tasting, they react with surprise and delight, describing it as 'so rich,' 'like cookie dough just melted,' and comparing its addictiveness to 'crack.' One jokes it has 'probably like 7,000 calories.' They conclude it's 'worth the hype' and 'worth the trip,' with one saying she wishes her grandma cooked like this. The tone is enthusiastic, casual, and comedic, typical of social media food-review content. Culture moment=viral $50 cookie trend; significance=Reflects social media-driven luxury food hype where expensive desserts become status content.; origin=Granny's Batch bakery in New York City",hook,True,weak,,viral-snack-review,3,True,,True,cluster 在近2日库中重复出现,us-likely,纽约街头实拍，Granny's Batch 美国 bakery,False
2026-10-10,food,94,https://www.instagram.com/reel/DeBsJFSjA7q,@giorgos_tsoulis,5700,59,,100.0,0.429,3,,2026-10-03,7,True,"A man with graying hair and a beard, wearing a black t-shirt, demonstrates how to make a 'viral' cottage cheese pizza in a modern kitchen with green cabinets an","A man with graying hair and a beard, wearing a black t-shirt, demonstrates how to make a 'viral' cottage cheese pizza in a modern kitchen with green cabinets and a plant wall. He begins by presenting the finished cheesy pizza, then shows the preparation: combining flour, cottage cheese, an egg, olive oil, and pepper in a glass bowl, mixing it into a dough-like batter, spreading it onto parchment paper on a baking tray, topping it with tomato sauce and shredded cheese, and baking it. After a 'A FEW MOMENTS LATER' transition, he presents the golden-brown baked pizza, slices it, lifts a slice to show the cheese pull, and tastes it with an appreciative reaction. The video is presented in Greek with an upbeat, instructional tone. Culture moment=viral cottage cheese pizza trend; significance=References the social-media trend of using cottage cheese as a low-carb pizza base, positioning the recipe within popular healthy-eating content.; origin=Social media food trends",template,True,strong,复刻 cottage cheese 披萨底：茅屋芝士+面粉+鸡蛋搅成面糊，抹酱撒芝士烤,viral-recipe-test,3,True,,True,cluster 在近2日库中重复出现,non-us,希腊语口播，疑似希腊创作者,False
2026-10-10,food,95,https://www.instagram.com/reel/DeBrwe3zxCU,@kabitaskitchen,6900,78,,100.0,0.286,2,,2026-10-03,7,True,"This is a Hindi-language cooking reel by food creator Kabita Singh (@kabitaskitchen) demonstrating how to make 'Palak Besan ki Sabzi,' presented as a tasty lunc","This is a Hindi-language cooking reel by food creator Kabita Singh (@kabitaskitchen) demonstrating how to make 'Palak Besan ki Sabzi,' presented as a tasty lunch or dinner option. The video opens with the finished dish—a thick orange-green spinach curry topped with butter—served on a steel thali with roti, pickle, and sliced onion, carrot, and beetroot. The recipe proceeds step-by-step: white sesame seeds (2 tbsp) and raw peanuts (1/2 cup) are dry-roasted for half a minute, then coarsely ground and set aside. In another pan, gram flour/besan (2 tbsp) is dry-roasted for one minute. For the curry, oil is heated, then hing (1/2 tsp), cumin seeds (1 tsp), chopped garlic, and green chilies are fried briefly, followed by 1/2 cup chopped onion cooked for 3 minutes. Chopped spinach (500 grams) and salt to taste are added and cooked for 2 minutes until wilted, then stirred for 4-5 minutes. Turmeric powder (1/2 tsp), red chili powder (1/2 tsp), and garam masala (1/2 tsp) are added and cooked for 30 seconds. The ground peanut-sesame powder and roasted besan are mixed in, then 1 cup water is added, mixed well, and simmered covered for 8-10 minutes. Finally, amchur powder (1/2 tsp) and 1 tsp butter are stirred in. The video ends with serving shots emphasizing the texture and presentation. The tone is instructional, warm, and appetizing, with no controversial or risky content.",template,True,weak,,indian-curry-showcase,3,True,,True,cluster 在近2日库中重复出现,non-us,印地语教程，印度家庭厨房,False
2026-10-10,food,96,https://www.instagram.com/reel/DeKsT1zq6zg,@miranda.mckeon,1700,37,,100.0,0.286,2,,2026-10-06,4,True,A blonde woman in a white tank top stands in a bright home kitchen and films herself trying the viral Barebells Cinnamon Bun protein bar. On-screen text reads ',"A blonde woman in a white tank top stands in a bright home kitchen and films herself trying the viral Barebells Cinnamon Bun protein bar. On-screen text reads 'trying the viral Barebells Cinnamon Bun' with emojis. She greets viewers, holds up the orange box, removes an individually wrapped bar, and unwraps it while commenting that everyone has been begging her to try it since it came to the US. She takes a bite, reacts positively, and describes the texture as exactly like biting into a cinnamon bun — noting the exact texture of a bun in a bar form, fluffy and chewy dough. She continues eating, holds the partially eaten bar toward the camera to show the interior, and compares it favorably to other flavors. The video is shot in natural daylight with no music, focusing entirely on her reaction and description of the product. Culture moment=viral Barebells Cinnamon Bun; significance=References widespread demand for US release of the flavor.; origin=Barebells protein bar brand",hook,True,strong,买爆火 Barebells 肉桂卷蛋白棒实测，咬开看质地像不像真肉桂卷,viral-product-review,2,True,,True,cluster 在近2日库中重复出现,us-likely,美国发售款，英语口播,False
2026-10-10,food,97,https://www.instagram.com/reel/DeIqBjmMax6,@broitsva,1500,43,,100.0,0.286,2,,2026-10-06,4,True,"Two young men are in a bedroom/living space trying 'Viral Candied Salmon with Noah,' as indicated by on-screen text. One man, wearing a patterned LA hat and gol","Two young men are in a bedroom/living space trying 'Viral Candied Salmon with Noah,' as indicated by on-screen text. One man, wearing a patterned LA hat and gold cross necklace, and the other, with curly hair and a Polynesian arm tattoo, display a large, glossy, bright-orange candied salmon fillet scored into sections. They break off pieces, taste it plain, then pair it with white rice from a paper plate and later with cream cheese on a small bread roll. Their reactions are positive—they describe it as 'honey,' 'pretty good,' and 'the best,' noting the sweetness and texture. The background includes wall tapestries of Kobe Bryant and a 'TURN IT DOWN' poster. The tone is casual, friendly, and focused on the food experience, with audible chewing and informal conversation throughout. Culture moment=viral candied salmon trend; significance=Participates in a social-media food fad where sweetened smoked salmon is eaten as a snack.; origin=TikTok/Reels food community",hook,True,weak,,viral-product-review,2,True,,True,cluster 在近2日库中重复出现,us-likely,英语口播，LA 帽子，美式宿舍场景,False
2026-10-10,food,98,https://www.instagram.com/reel/DeHTdcqTNNw,@shandypurnamasari,2300,120,,100.0,0.143,1,,2026-10-05,5,True,"In a bright white studio, creator Shandy Purnamasari (@shandypurnamasari) presents a viral 'cheese platter' from The Board and Platter, holding the box labeled ","In a bright white studio, creator Shandy Purnamasari (@shandypurnamasari) presents a viral 'cheese platter' from The Board and Platter, holding the box labeled 'DELICATE BITES PLATTER.' She explains she is reviewing it with her husband because he likes Western foods. They sit together at a wooden barrel, where she points out the contents: fruits, crackers, cheese, and honey. The couple tastes the platter, reacting positively — the husband says 'Enak banget' and describes the flavor as sweet because of the grapes. Their young daughter in a blue shirt joins them at the table and also eats the cheese. The interaction is affectionate and casual, with heart graphics added during their shared bite. The video is a straightforward food review promoting the platter as delicious, framed as a family moment.",personality,False,weak,,dessert-tasting-duo,1,True,,True,cluster 在近2日库中重复出现,non-us,印尼语对话，印尼创作者,False
2026-10-10,food,99,https://www.instagram.com/reel/DeKJ-EVueaT,@lila.shopss,3700,81,,100.0,0.286,2,,2026-10-06,4,True,The video is a two-part candy review focused on an extremely sour product called 'Boltz Shock.' It opens with a close-up of a man with long wavy hair aggressive,"The video is a two-part candy review focused on an extremely sour product called 'Boltz Shock.' It opens with a close-up of a man with long wavy hair aggressively biting a large, bright-blue sour candy strip, his face contorted, while a smaller inset shows a second man reacting with wide-eyed surprise. The scene then shifts to the second man standing in a brightly lit snack shop filled with shelves of international candies, chips, and instant noodles illuminated by pink LED lights. Wearing a white and grey NBA t-shirt, he holds up two packets of Boltz Shock Blue Raspberry, speaks to the camera in Persian, opens a packet, pours several small green sour candies into his palm, and eats them one by one. His reactions progress from anticipation to intense sourness, with puckered lips, squinted eyes, and expressive hand gestures as he describes the taste. On-screen graphics briefly prompt viewers to follow on Instagram. The overall tone is energetic, comedic, and typical of social media food-challenge content. Culture moment=TikTok viral blue candy challenge; significance=Positions the shop as first in Iran to offer the globally trending blue snack.; origin=International social media trend",challenge,True,weak,,sour-candy-review,1,True,,True,cluster 在近2日库中重复出现,non-us,波斯语口播，伊朗零食店实拍,False
2026-10-10,food,100,https://www.instagram.com/reel/DeFHrgqKrb1,@hungry4munchies,4900,60,,100.0,0.286,2,,2026-10-04,6,True,"A food creator (@hungry4munchies) films at Family Style Fest during ComplexCon at the Los Angeles Convention Center on October 4, 2026. Wearing a green hat and ","A food creator (@hungry4munchies) films at Family Style Fest during ComplexCon at the Los Angeles Convention Center on October 4, 2026. Wearing a green hat and white tank top, he starts by showing multiple boxes of Japanese sandwiches and fruit sandos, then walks through the crowded outdoor festival. He begins with tacos from Tacos Royale, identified as Sonoran-style from Mexico, featuring classic steak and beef crackling; he praises the soft tortilla and crispy texture. Next he visits Jamaican Modder's Kitchen for a jerk chicken pizza topped with oxtail, jalapeños, and barbecue sauce, noting it's a fusion and comparing it to Alfredo chicken pizza. He then samples several Japanese sandwiches, including a fruit salad sandwich described as soft, creamy, and fruity, and a spicy truffle chicken sandwich. For dessert he goes to Creaminal, trying a mango sticky rice sundae, a jasmine lychee strawberry crunch, and a Lover Boy flavor, commenting on the warm rice, real ingredients, and strong flavors. Throughout he eats on camera, gives positive reviews, and encourages viewers to attend. The tone is energetic, appreciative, and focused entirely on food tasting. Data of event in content: 2026-10-03/2026-10-04, Details: Post published during the event weekend and references live attendance.",personality,False,none,,food-fest-vlog,1,False,特定展会活动已结束，无法复制,True,cluster 在近2日库中重复出现,us-likely,洛杉矶 Convention Center 实拍,False
