scan_date,niche,rank,url,author,likes,comments,likes_gained_since_last,velocity_per_day,velocity_confidence,days_tracked,first_seen_date,posted_date,recency_days,is_fresh,title,description,mechanic,replicable,niche_fit,angle_idea,format_cluster,spread_count,feasible,feasible_note,saturated,saturation_reason,geo_fit,geo_note,picked_for_tomorrow
2026-10-03,food,1,https://www.instagram.com/reel/Dd2zgSQRmgE,@unknown,660000,3700,0,165000.0,0.0,0,2026-10-03,2026-09-29,4,True,"This video features a split-screen style food experiment where a woman introduces various fruit and vegetable combinations paired with sugar or cinnamon, claiming they will taste like other foods. She","This video features a split-screen style food experiment where a woman introduces various fruit and vegetable combinations paired with sugar or cinnamon, claiming they will taste like other foods. She demonstrates lemon with cinnamon supposed to taste like Coca-Cola, banana with avocado as ice cream, cucumber with sugar as watermelon, tomato with sugar as strawberry, a potato chip with tomato as pizza, and melon with banana as bubblegum. A man in a separate location, wearing a Boston Red Sox shirt, tests each combination on camera. He reacts with visible surprise and skepticism, often exclaimi",hook,True,strong,复刻 6 组味觉幻觉（柠檬+肉桂=可乐味、香蕉+牛油果=冰淇淋味等），真人逐一试吃验证准不准并打分,snack-taste-test,4,True,,True,"cluster 'snack-taste-test' seen on 2026-10-02,2026-10-03, 10 distinct authors cumulatively",us-likely,英语解说+穿波士顿红袜球衣的美国博主，US 适配高,False
2026-10-03,food,2,https://www.instagram.com/reel/Dd3qEr8sb6X,@unknown,350000,1200,0,87500.0,0.0,0,2026-10-03,2026-09-29,4,True,"A male street vendor works at an outdoor chai stall shaded by a green tarp. He wears a white shirt, maroon double-breasted vest, black trousers, and large yellow-tinted sunglasses, with a styled mulle","A male street vendor works at an outdoor chai stall shaded by a green tarp. He wears a white shirt, maroon double-breasted vest, black trousers, and large yellow-tinted sunglasses, with a styled mullet and mustache. Behind him are hanging packets of snacks and a collage of photos on the wall. He prepares tea in a large metal pot, then dramatically pours milk from a plastic pouch held high overhead into the pot, creating a long stream. He stirs, pours the finished chai from a kettle through a strainer into small glasses, and presents one to the camera. He then serves a customer in a blue shirt ",personality,False,none,,street-food-vlog,4,False,街头摊位高难度拉茶表演秀，居家厨房无法复刻,True,"cluster 'street-food-vlog' seen on 2026-10-01,2026-10-03, 8 distinct authors cumulatively",non-us,印度街头+印地语流行歌，非美,False
2026-10-03,food,3,https://www.instagram.com/reel/Dd8gtmgB6eM,@sibungbung,150000,340,0,75000.0,0.0,0,2026-10-03,2026-10-01,2,True,"Indonesian food creator Sibungbung (@sibungbung) visits Seblak Prasmanan Dapur Rina at Jl. H Muhidin No.43, Tangerang, for a street-food mukbang. The video opens with her holding a finished bowl of or","Indonesian food creator Sibungbung (@sibungbung) visits Seblak Prasmanan Dapur Rina at Jl. H Muhidin No.43, Tangerang, for a street-food mukbang. The video opens with her holding a finished bowl of orange-red seblak, then she walks outside where she playfully interacts with a teenage boy and a small girl. She explains the shop's 'prasmanan' (buffet) system, pointing to the stall where customers choose their own toppings. Inside, she uses tongs to select items from a freezer and display cases — including instant noodles, fish cakes, tofu puffs, meatballs, and greens — while the vendor confirms ",personality,False,strong,用方便面+自制辣椒酱复刻印尼爆辣 Seblak，自选配料煮成自助式，真人试吃挑战辣度 level 1 到 5,noodle-fusion-recipe,3,True,,False,,non-us,印度尼西亚街边摊+当地观众语境，非美,False
2026-10-03,food,4,https://www.instagram.com/reel/Dd7nOAwPeKF,@dimsimlim,98000,1200,0,49000.0,0.0,0,2026-10-03,2026-10-01,2,True,Creator Vincent Yeow Lim (@dimsimlim) presents a recipe for 'Crispy Hot Honey Lemon Chicken' in a kitchen setting with a black brick wall background featuring a neon sign reading 'WOLF OF WOK STREET' ,"Creator Vincent Yeow Lim (@dimsimlim) presents a recipe for 'Crispy Hot Honey Lemon Chicken' in a kitchen setting with a black brick wall background featuring a neon sign reading 'WOLF OF WOK STREET' and a YouTube Creator Award. The video opens with the finished dish being tossed in a metal bowl with sauce and lemon slices. He then demonstrates the full process: starting with skin-on chicken thigh cut into pieces, he seasons it with garlic powder, white pepper, 'yum yum' seasoning, salt, one egg, and cornstarch, adding what he calls a 'secret ingredient' — custard powder. After mixing by hand,",template,True,strong,复刻爆款脆皮热蜜柠檬鸡：鸡腿裹蛋粉糊油炸，浇蜂蜜柠檬酱，真人试吃给脆度打分,quick-recipe,7,True,,True,"cluster 'quick-recipe' seen on 2026-10-01,2026-10-03, 14 distinct authors cumulatively",unknown,英语厨房视频，无明确地域标记，看不出,False
2026-10-03,food,5,https://www.instagram.com/reel/Dd8qLEJzWot,@unknown,78000,3300,0,39000.0,0.0,0,2026-10-03,2026-10-01,2,True,"A short-form reel filmed in Odisha, India, shows a chef identified as Sumanta Dehury preparing an exceptionally long dosa on a large commercial griddle. He spreads white batter into an oval, cooks it ","A short-form reel filmed in Odisha, India, shows a chef identified as Sumanta Dehury preparing an exceptionally long dosa on a large commercial griddle. He spreads white batter into an oval, cooks it until golden, adds chopped vegetables, herbs, and a savory filling, then rolls the entire sheet into a thick cylinder. The visual is a skilled, fast-paced street-food demonstration with sizzling sounds and kitchen steam. Overlaid is a Hindi voiceover unrelated to the cooking, delivering an angry commentary about a 'very dangerous man' who allegedly wasted 24 crore and 10,000 crore, burned down a c",audio_meme,True,weak,,street-food-moment,1,False,超长 dosa 需商用大平底锅+街头技艺，居家厨房做不了,False,,non-us,印度奥里萨邦+印地语画外音，非美,False
2026-10-03,food,6,https://www.instagram.com/reel/Dd_Fla0R77F,@unknown,25000,130,0,25000.0,0.0,0,2026-10-03,2026-10-02,1,True,"A short-form food video posted by @etr_tv (Eat Travel Repeat) shows a close-up of a paper bowl filled with steamed momos in red sauce, placed on a dark table against a reddish wall. Persistent yellow ","A short-form food video posted by @etr_tv (Eat Travel Repeat) shows a close-up of a paper bowl filled with steamed momos in red sauce, placed on a dark table against a reddish wall. Persistent yellow on-screen text reads 'Ek plate momos andar aur teri bhen dhurandhar' alongside the 'E.T.R' logo. Over the food, two cartoonish AI-generated kittens are animated to wrestle and tumble across the momos. The audio is a high-energy, repetitive electronic track with shouted vocal samples ('Rock 2 3 come on'). The overall tone is edgy, meme-driven street-food promotion that pairs the dish with crude hum",audio_meme,True,none,,food-meme-remix,2,False,AI 猫咪+meme 音频的促销剪辑，非真人实拍路子,False,,non-us,印度 momo 街头+英印 meme 语境，非美,False
2026-10-03,food,7,https://www.instagram.com/reel/Ddvjw2lIMYZ,@unknown,170000,520,0,24285.7,0.0,0,2026-10-03,2026-09-26,7,True,This animated short titled 'Every Indian Street Food Ever' satirizes viral Indian street-food trends. A red-haired boy narrates his frustration with vendors who put excessive butter in dishes to go vi,"This animated short titled 'Every Indian Street Food Ever' satirizes viral Indian street-food trends. A red-haired boy narrates his frustration with vendors who put excessive butter in dishes to go viral. The story follows a 'YOUTUBE WALA' stall run by a large bearded vendor who dumps blocks of Amul butter onto a giant griddle, attracting a screaming crowd filming on phones. As the hype builds, he pours even more butter—eventually a dump truck unloads it—creating a river of ghee that engulfs customers. People eat until they collapse, slip, and lie unconscious in the butter pool, with one scene",personality,False,none,,street-food-comedy,2,False,全动画讽刺短片，需动画制作能力，拍不了,False,,non-us,印度街头文化梗+讽刺画风，印度语境非美,False
2026-10-03,food,8,https://www.instagram.com/reel/DeA2Agrg_Ou,@unknown,24000,1200,0,24000.0,0.0,0,2026-10-03,2026-10-03,0,True,"The video is a two-part social media clip posted October 2, 2026 by @supa_cent. The first half is a cooking demonstration showing the creation of a 'Red Beans & Rice Stuffed Cornbread Waffle.' It open","The video is a two-part social media clip posted October 2, 2026 by @supa_cent. The first half is a cooking demonstration showing the creation of a 'Red Beans & Rice Stuffed Cornbread Waffle.' It opens on a pot of simmering red beans and sausage, then shows cornbread batter poured into a waffle iron, topped with the bean mixture, covered with more batter, and cooked. The finished waffle is plated, topped with white rice, more red beans, and a piece of fried chicken, with on-screen text asking 'Would you try a Red Beans & Rice Stuffed Cornbread Waffle?!' The second half cuts to a woman with cur",hook,True,strong,复刻红豆饭填馅玉米华夫饼：华夫机烤玉米饼夹红豆饭，搭白米饭+炸鸡，真人试吃配毒舌反应,quick-recipe,7,True,,True,"cluster 'quick-recipe' seen on 2026-10-01,2026-10-03, 14 distinct authors cumulatively",us-likely,红豆饭+玉米华夫饼是美国南部组合，英语解说,False
2026-10-03,food,9,https://www.instagram.com/reel/Dd4QCA8TPVV,@unknown,95000,720,0,23750.0,0.0,0,2026-10-03,2026-09-29,4,True,"The video is an educational social media reel by Dr. Santhosh Jacob, an orthopedic surgeon, explaining the viral trend of eating ice with masala. Presented in a split-screen format, the top half shows","The video is an educational social media reel by Dr. Santhosh Jacob, an orthopedic surgeon, explaining the viral trend of eating ice with masala. Presented in a split-screen format, the top half shows various people preparing and eating ice cubes sprinkled with red chili powder, salt, and sometimes green chili or lemon juice, while the bottom half shows the doctor reacting and explaining. He describes how ice activates cold-sensitive receptors and capsaicin in chili activates TRPV1 heat-sensitized receptors, creating an intense hot-cold sensory contrast that feels addictive. The caption market",hook,True,strong,实测网红辣味冰块：冰块撒辣椒粉+盐+柠檬汁，真人试吃验证冰火感与零卡路里噱头,snack-taste-test,4,True,,True,"cluster 'snack-taste-test' seen on 2026-10-02,2026-10-03, 10 distinct authors cumulatively",non-us,印度博主+masala 香料语境，非美,False
2026-10-03,food,10,https://www.instagram.com/reel/Dd8QiueIm_q,@ulhaskamthe,43000,98,0,21500.0,0.0,0,2026-10-03,2026-10-01,2,True,"The video shows Indian food creator Ulhas Maruti Kamathe (@ulhaskamthe), known as 'Chicken Leg Piece,' hosting a 'Desi mutton raan rice challenge' with two other men. In a simple indoor setting agains","The video shows Indian food creator Ulhas Maruti Kamathe (@ulhaskamthe), known as 'Chicken Leg Piece,' hosting a 'Desi mutton raan rice challenge' with two other men. In a simple indoor setting against a dark wall, the bald host wearing white sunglasses, heavy silver jewelry, and a white shirt serves massive cooked mutton leg pieces from a pot onto two large steel thalis already containing rice. He portions the meat and rich orange gravy onto each plate while speaking energetically in Hindi, counting down and hyping the challenge. After plating, all three men lean over the table and begin eati",challenge,True,weak,,eating-challenge,1,False,整只羊腿+三人暴食挑战，食材量与吃法不适合居家快手菜,False,,non-us,印地语解说+印度室内挑战场景，非美,False
2026-10-03,food,11,https://www.instagram.com/reel/Dd_aW1hsbOw,@unknown,21000,1000,0,21000.0,0.0,0,2026-10-03,2026-10-02,1,True,"In this social media cooking video, creator Shivesh Bhatia (Delhi, India) presents Episode 3 of his 'I Need to Try This' series, recreating the viral Brazilian coconut candy called Bala Bayana. The vi","In this social media cooking video, creator Shivesh Bhatia (Delhi, India) presents Episode 3 of his 'I Need to Try This' series, recreating the viral Brazilian coconut candy called Bala Bayana. The video opens with him reacting with surprise while watching the original clip on his phone, which shows shiny red-coated candies being cracked open. He then demonstrates the recipe step-by-step in his kitchen: melting butter in a pan, adding condensed milk and desiccated coconut, cooking until thick, then chilling the mixture on a plate before rolling it into small balls. In a separate pan, he makes ",challenge,True,strong,复刻爆款巴西 Bala Bayana 椰子糖：炼奶+椰蓉搓球裹焦糖脆壳，真人试吃验证爆壳口感,quick-dessert-recipe,2,True,,False,,non-us,印度德里博主家庭厨房，非美,False
2026-10-03,food,12,https://www.instagram.com/reel/Dd-2f6ON5UJ,@swad_ka_safar_143,21000,10,0,21000.0,0.0,0,2026-10-03,2026-10-02,1,True,This is a fast-paced food reel by creator Nisrat Khatoon (@swad_ka_safar_143) showcasing popular Indian street and home-cooked dishes. The montage cycles through close-up shots: crispy pani puri/golga,"This is a fast-paced food reel by creator Nisrat Khatoon (@swad_ka_safar_143) showcasing popular Indian street and home-cooked dishes. The montage cycles through close-up shots: crispy pani puri/golgappa filled with spiced water and onions; a hand stirring rich red chicken curry in a pan; sautéed chicken liver/gizzards with green chilies; a large pot of biryani topped with meat pieces and herbs; and finally Bihari litti served with mutton curry. Throughout, the white Hindi text 'नशा?' ('Addictive?') is superimposed, framing the food as irresistibly flavorful. The video has upbeat background mu",luck,False,none,,street-food-vlog,4,False,纯剪辑混剪+粉丝求关注，无真实拍摄过程可复刻,True,"cluster 'street-food-vlog' seen on 2026-10-01,2026-10-03, 8 distinct authors cumulatively",non-us,印地语字幕+印度街头小吃混剪，非美,False
2026-10-03,food,13,https://www.instagram.com/reel/Dd-hZ1pBVUt,@unknown,18000,73,0,18000.0,0.0,0,2026-10-03,2026-10-02,1,True,"A young male creator in Bithoor, Kanpur films himself at a roadside momo stall in October 2026. He holds his phone and a momo while interacting with the vendor, who is frying items in a small cart. On","A young male creator in Bithoor, Kanpur films himself at a roadside momo stall in October 2026. He holds his phone and a momo while interacting with the vendor, who is frying items in a small cart. On-screen text in Hindi warns 'High alert' and claims something shocking was found inside the momos, leaving everyone stunned. A small crowd including women in saris watches. The creator speaks excitedly in Hindi, gesturing to the food. The video cuts away twice to unrelated reaction memes — one of a man with a surprised face, and another labeled 'NOBODY: BLACK PEOPLE LAUGHING:' showing two men laug",hook,True,none,,street-food-comedy,2,False,靠标题党+梗图剪辑驱动，无真实美食内容可复刻,False,,non-us,印地语+印度街头 clickbait 喜剧，非美,False
2026-10-03,food,14,https://www.instagram.com/reel/Dd_VrP4o2Uu,@the_real_anamika21,17000,150,0,17000.0,0.0,0,2026-10-03,2026-10-02,1,True,"This is a Hindi-language Indian food-vlog/reel by creator Anamika Sharma (@the_real_anamika21), posted October 2, 2026. The video follows the 'viral spicy cucumber' trend. Anamika first watches a clip","This is a Hindi-language Indian food-vlog/reel by creator Anamika Sharma (@the_real_anamika21), posted October 2, 2026. The video follows the 'viral spicy cucumber' trend. Anamika first watches a clip on her phone of someone eating a cucumber suggestively, then prepares her own version in a home kitchen with pink walls. She washes a cucumber, peels it, cuts it in half, hollows out the center, soaks tamarind in water, mixes it with chili flakes and spices, coats the rim with chili-salt powder, and fills the cucumber cups with the tangy-spicy liquid. She presents the finished snack to an older w",challenge,True,strong,复刻爆款酸辣黄瓜杯：黄瓜挖空灌罗望子辣水，杯口沾辣椒盐，真人试吃记录被辣到的反应,street-snack-recreation,2,True,,False,,non-us,印地语+印度家庭厨房，非美,False
2026-10-03,food,15,https://www.instagram.com/reel/Dd89ZaMBl2h,@unknown,27000,180,0,13500.0,0.0,0,2026-10-03,2026-10-01,2,True,"A young man with dark curly hair and a beard, wearing a white T-shirt with blue Asian characters, films a fast-paced cooking reel in a room with a deep red wall. The video opens with him holding a pac","A young man with dark curly hair and a beard, wearing a white T-shirt with blue Asian characters, films a fast-paced cooking reel in a room with a deep red wall. The video opens with him holding a packet of Maggi instant noodles, with on-screen text reading '2 MINS LO' and 'DELICIOUS'. He then proceeds to chop fresh ingredients on a wooden board placed over a pink patterned cloth: slicing tomatoes, julienning green bell pepper, dicing carrots, and finely chopping cilantro. He mixes spices in a metal cup, heats oil in a pan on a gas stove, fries the tomatoes until softened, adds the chopped veg",personality,False,strong,用方便面做 2 分钟快手菜：番茄+蔬菜+芝士片煮面，真人试吃记录拉丝,noodle-fusion-recipe,3,True,,False,,non-us,泰卢固语解说+印度家庭，非美,False
2026-10-03,food,16,https://www.instagram.com/reel/Dd6whDYp77y,@unknown,39000,180,0,13000.0,0.0,0,2026-10-03,2026-09-30,3,True,The video is a short comedic skit filmed at an outdoor Indian street food stall selling fried snacks. On-screen text reads 'My Feed without any reason!' and the creator caption is 'Ek Kachodi do Samos,"The video is a short comedic skit filmed at an outdoor Indian street food stall selling fried snacks. On-screen text reads 'My Feed without any reason!' and the creator caption is 'Ek Kachodi do Samosa!'. A young man in a black shirt orders one kachori and one samosa. The female vendor, wearing a black low-cut top, repeats the order and delivers the meme punchline questioning men's trustworthiness. In the background, two men—one younger in a dhoti and one older shirtless man with a dhoti and tilak—react by dancing and gesturing playfully while the main pair look on. The tone is lighthearted an",personality,False,none,,street-food-comedy,2,False,街头摊位性别梗喜剧 skit，无美食制作内容,False,,non-us,印地语+印度街头摊位场景，非美,False
2026-10-03,food,17,https://www.instagram.com/reel/DeAEpO8tvws,@bammybestowed,13000,96,0,13000.0,0.0,0,2026-10-03,2026-10-02,1,True,"A woman identified as Bambam Olawunmi (@bammybestowed) sits indoors at a table and reviews a packaged dessert called ""Melony Pine Exotic Berry Parfait."" Wearing a pink sleeveless denim jumpsuit, she u","A woman identified as Bambam Olawunmi (@bammybestowed) sits indoors at a table and reviews a packaged dessert called ""Melony Pine Exotic Berry Parfait."" Wearing a pink sleeveless denim jumpsuit, she uses a bright green spoon to eat the creamy parfait topped with granola and nuts. Throughout the clip she displays highly expressive reactions—closing her eyes, tilting her head back, smiling, and making appreciative sounds—to convey enjoyment. She speaks directly to the camera, saying lines including ""Melony Pine is whatever they say they are. What do you say they are?"" The on-screen caption promo",personality,False,strong,实测网红包装甜品：买一盒浆果芭菲，真人开箱试吃记录口感层次与值不值,snack-taste-test,4,True,,True,"cluster 'snack-taste-test' seen on 2026-10-02,2026-10-03, 10 distinct authors cumulatively",unknown,英语+室内开箱，无地域标记，看不出,False
2026-10-03,food,18,https://www.instagram.com/reel/Dd4oXQszAgS,@cookinwithvolk,45000,230,0,11250.0,0.0,0,2026-10-03,2026-09-29,4,True,"The video features UFC fighter Alex Volkanovski (@cookinwithvolk) preparing a 'hot honey pizza bagel.' He starts by making a quick tomato sauce in a pan with oil, garlic, canned tomatoes, and red pepp","The video features UFC fighter Alex Volkanovski (@cookinwithvolk) preparing a 'hot honey pizza bagel.' He starts by making a quick tomato sauce in a pan with oil, garlic, canned tomatoes, and red pepper flakes. He then takes two toasted bagel halves, spreads the sauce on them, tops each with a round slice of fresh mozzarella, and covers them densely with sliced mini pepperoni. After melting/browning the cheese, he places the finished bagels on a wooden board and generously drizzles hot honey from a squeeze bottle over the top. The creator then picks up one bagel, takes a large bite with visibl",template,True,strong,复刻爆款热蜜披萨贝果：贝果抹番茄酱铺马苏里拉+迷你 pepperoni，烤化后淋热蜜，真人试吃验证咸甜组合,quick-recipe,7,True,,True,"cluster 'quick-recipe' seen on 2026-10-01,2026-10-03, 14 distinct authors cumulatively",us-likely,英语解说+美式食材组合，US 适配高,False
2026-10-03,food,19,https://www.instagram.com/reel/DdvW9LaSIqd,@unknown,75000,150,0,10714.3,0.0,0,2026-10-03,2026-09-26,7,True,"A short social media reel filmed at a street food stall in India, identified by a pink menu board listing 'Dahi Papdi Chaat,' 'Bhel Puri,' 'Sp. Dahi Pani Puri,' and 'Pani Puri' all priced at 40 rupees","A short social media reel filmed at a street food stall in India, identified by a pink menu board listing 'Dahi Papdi Chaat,' 'Bhel Puri,' 'Sp. Dahi Pani Puri,' and 'Pani Puri' all priced at 40 rupees. Three young women and one young man stand at the counter. The man, wearing a black polo shirt and sunglasses, interacts playfully with the women, taking pieces of panipuri from their foil bowls and eating them himself, then feeding one woman back. The women, dressed casually, smile and laugh during the exchange. One woman in a light purple t-shirt is seen from behind throughout most of the clip.",personality,False,none,,street-food-moment,1,False,街头即兴喂食玩笑瞬间，无复刻价值,False,,non-us,旁遮普歌曲+印度街头，非美,False
2026-10-03,food,20,https://www.instagram.com/reel/DdvK6hCS0xq,@unknown,74000,400,0,10571.4,0.0,0,2026-10-03,2026-09-26,7,True,"This is a vibrant food-focused social media reel set in Allahabad (Prayagraj), India, celebrating Sunday street-food culture. Overlaid text repeatedly reads ""Bhai kal Sunday hai Sunday"" while the audi","This is a vibrant food-focused social media reel set in Allahabad (Prayagraj), India, celebrating Sunday street-food culture. Overlaid text repeatedly reads ""Bhai kal Sunday hai Sunday"" while the audio chants the same phrase, urging viewers to arrange 100-200 rupees to enjoy food together on Sunday evening. The visuals cycle through popular Indian snacks and meals: a vendor filling a kachori/golgappa with chutney and yogurt, green chutney being ladled, large dosas topped with onions and chilies, a plate of Chinese-style noodles, fried rice, Manchurian, and chili potatoes, steaming momos with r",audio_meme,True,none,,street-food-vlog,4,False,多店混剪+音频梗驱动，无实拍复刻点,True,"cluster 'street-food-vlog' seen on 2026-10-01,2026-10-03, 8 distinct authors cumulatively",non-us,印地语 chant+印度周日街头文化，非美,False
2026-10-03,food,21,https://www.instagram.com/reel/Dd3_vRIR_9q,@thenaughtyfork,42000,960,0,10500.0,0.0,0,2026-10-03,2026-09-29,4,True,"A blonde woman in a white tank top demonstrates how to make 'mini croissant smash burgers' in a modern kitchen. The video opens with close-ups of the finished burger sizzling on a Cusimax griddle, sho","A blonde woman in a white tank top demonstrates how to make 'mini croissant smash burgers' in a modern kitchen. The video opens with close-ups of the finished burger sizzling on a Cusimax griddle, showing melted cheddar cheese and sauce oozing from a golden croissant bun. She prepares a special sauce by mixing ketchup, mayonnaise, and pickle relish in a glass bowl. She then takes store-bought mini croissants, slices them open, and cooks thin ground beef patties on the hot griddle, seasoning them and topping each with American cheese until melted. She assembles the burger by placing the patty o",template,True,strong,复刻爆款迷你可颂 smash 汉堡：店购可颂夹煎牛肉饼+特调酱，黄油刷面煎脆，真人掰开看拉丝,asmr-burger-build,1,True,,False,,us-likely,英语解说+美式 game-day 语境（Big Mac 灵感），US 适配高,False
2026-10-03,food,22,https://www.instagram.com/reel/Dd0IbXdv3ei,@unknown,52000,280,0,10400.0,0.0,0,2026-10-03,2026-09-28,5,True,A man wearing a blue polo shirt with a red-and-white checkered cloth over his shoulder stands outdoors beside a motorcycle that has been converted into a mobile food cart. Large aluminum pots are moun,"A man wearing a blue polo shirt with a red-and-white checkered cloth over his shoulder stands outdoors beside a motorcycle that has been converted into a mobile food cart. Large aluminum pots are mounted on the bike, containing fried snacks (appearing to be pakoras or bora), a curry or stew, and another dish with greens. Under a tarp with trees and a wall in the background, he addresses the camera directly in Odia, gesturing with his hands, at times raising them above his head and later bringing them together in a namaste. The on-screen caption reads 'Jai Shri Jagannath Shubh Sakal Dukan Khola",personality,False,none,,street-food-vlog,4,False,摩托车移动餐车商业推广，无法居家复刻,True,"cluster 'street-food-vlog' seen on 2026-10-01,2026-10-03, 8 distinct authors cumulatively",non-us,奥里亚语+印度奥里萨邦，非美,False
2026-10-03,food,23,https://www.instagram.com/reel/DdwOaW4RqGQ,@unknown,29000,540,10000,10000.0,0.14,1,2026-10-02,2026-09-26,7,True,"Influencer Theolodge films a food-review vlog at Wacamole, a Mexican street-food spot in Nashville, Tennessee (1882 E Trinity Ln). Standing outside the colorful turquoise-and-orange truck under a pink","Influencer Theolodge films a food-review vlog at Wacamole, a Mexican street-food spot in Nashville, Tennessee (1882 E Trinity Ln). Standing outside the colorful turquoise-and-orange truck under a pink patio umbrella, he introduces the location as bringing 'California Streets to Nashville Eats.' He orders four items: The Boss Breakfast burrito, Quesabirria Tacos (served with consomme for dipping), a California Burrito, and churros. Wearing a cap, sunglasses, cross necklaces, and black food-service gloves, he tastes each item on camera, showing close-ups of the fillings and cheese pull, and reac",personality,False,weak,,local-food-truck-review,3,False,纯餐厅探店评测，无家庭制作环节,False,,us-likely,美国纳什维尔 taco 卡车探店，英语解说,False
2026-10-03,food,24,https://www.instagram.com/reel/Dd4jJLZyfMJ,@moribyan,39000,260,0,9750.0,0.0,0,2026-10-03,2026-09-29,4,True,"This is a short-form cooking video posted September 29, 2026 by creator Hajar Larbah (@moribyan). The on-screen text throughout states, ""I turned the viral chicken au poivre into skewers,"" and the cre","This is a short-form cooking video posted September 29, 2026 by creator Hajar Larbah (@moribyan). The on-screen text throughout states, ""I turned the viral chicken au poivre into skewers,"" and the creator's caption notes it was ""done in 30 minutes and in the air fryer"" with a recipe to follow. Visually, the video shows a wooden cutting board with two plates of golden-brown chicken skewers served with french fries. Hands are seen placing parchment paper, arranging the skewers, sprinkling crushed black peppercorns from a small glass jar, and generously spooning a creamy, speckled au poivre sauce",template,True,strong,把爆款鸡肉 au poivre 做成串：空气炸锅 30 分钟烤鸡肉串，浇黑胡椒奶油酱，真人试吃,quick-recipe,7,True,,True,"cluster 'quick-recipe' seen on 2026-10-01,2026-10-03, 14 distinct authors cumulatively",unknown,英语厨房视频，无明确地域标记，看不出,False
2026-10-03,food,25,https://www.instagram.com/reel/DdwTWuchHOT,@unknown,63000,180,0,9000.0,0.0,0,2026-10-03,2026-09-26,7,True,"The video is a short-form cooking reel titled 'Viral Recipe. Spicy Ice Masala' posted by @sonikifamily from Ghaziabad, India. It shows a close-up, top-down view of a black bowl on a wooden board. Roun","The video is a short-form cooking reel titled 'Viral Recipe. Spicy Ice Masala' posted by @sonikifamily from Ghaziabad, India. It shows a close-up, top-down view of a black bowl on a wooden board. Round ice cubes are poured into the bowl, then generously coated with bright red chili powder, a second brownish spice blend, white salt, and fresh lemon juice squeezed by hand. A person wearing green and red bangles mixes the ingredients directly with their fingers, coating the melting ice in the orange-red seasoning. The background features artificial purple flowers. An upbeat Indian folk-pop track ",template,True,strong,实测网红辣味冰块：冰块撒辣椒粉+盐+柠檬汁，真人试吃记录冰火口感,snack-taste-test,4,True,,True,"cluster 'snack-taste-test' seen on 2026-10-02,2026-10-03, 10 distinct authors cumulatively",non-us,印度博主+印度流行音乐语境，非美,False
2026-10-03,food,26,https://www.instagram.com/reel/Dd5_4h2O9E5,@unknown,27000,210,0,9000.0,0.0,0,2026-10-03,2026-09-30,3,True,"A woman dressed in a traditional mustard-yellow embroidered sari with a matching head covering and a black blouse is shown outdoors eating a round fried street-food snack filled with liquid, consisten","A woman dressed in a traditional mustard-yellow embroidered sari with a matching head covering and a black blouse is shown outdoors eating a round fried street-food snack filled with liquid, consistent with pani puri or golgappa. She holds one in her left hand and brings another to her mouth with her right. The camera stays in a medium-to-close shot focused on her face and upper torso. As she bites into the snack, the liquid inside squirts out and drips down her chin, lips, and onto her chest and sari. She continues chewing with the liquid visible around her mouth, occasionally looking at the ",hook,True,strong,买现成 pani puri 壳配马铃薯馅，真人出镜实测第一口爆汁，记录汤汁飞溅的瞬间,exaggerated-eating-comedy,1,True,,False,,non-us,印度传统服饰+印地语电影歌曲，非美,False
2026-10-03,food,27,https://www.instagram.com/reel/Ddy2q4oAgSa,@unknown,50000,120,0,8333.3,0.0,0,2026-10-03,2026-09-27,6,True,This is a short-form social media food reel titled 'Viral Cucumber Imli Shots' demonstrating how to make a popular Indian street-food style snack. The video opens with five finished cucumber cups fill,"This is a short-form social media food reel titled 'Viral Cucumber Imli Shots' demonstrating how to make a popular Indian street-food style snack. The video opens with five finished cucumber cups filled with dark tamarind liquid and rimmed with red chili-spice mix on a plate. An elderly man in a garden harvests fresh light-green cucumbers from the vine, then is shown outdoors drinking from one of the prepared shots and reacting to the taste. A woman in a pink sweater indoors also tastes a shot while holding the plate. The preparation sequence shows hands peeling a cucumber, hollowing it out wi",template,True,strong,用超市黄瓜+罗望子酱复刻黄瓜杯酸辣汁，真人试吃记录酸爽反应,viral-snack-cup,3,True,,False,,non-us,印度庭院采摘+印度传统音乐，非美,False
2026-10-03,food,28,https://www.instagram.com/reel/Ddymmx_NTxx,@unknown,47000,430,0,7833.3,0.0,0,2026-10-03,2026-09-27,6,True,"A young woman in a kitchen, wearing a white Shrek t-shirt with camouflage sleeves, demonstrates how to make a viral spaghetti-wrapped hot dog bake. Speaking in Arabic, she explains she saw the recipe ","A young woman in a kitchen, wearing a white Shrek t-shirt with camouflage sleeves, demonstrates how to make a viral spaghetti-wrapped hot dog bake. Speaking in Arabic, she explains she saw the recipe on Instagram and decided to try it despite it being unusual. She threads uncooked spaghetti through hot dogs, boils them in a pan with hot water, then lays the cooked bundles on a wooden board. She spreads pizza sauce over the pasta, sprinkles shredded mozzarella, rolls each bundle, and arranges them in a glass baking dish. She adds more sauce and a heavy layer of cheese on top before placing the ",template,True,strong,用平价热狗+意大利面复刻面条穿热狗焗烤，记录出炉拉丝和切面,one-pan-bake,2,True,,False,,non-us,阿拉伯语解说，非美,False
2026-10-03,food,29,https://www.instagram.com/reel/Dd0V1FOOLTD,@unknown,39000,250,0,7800.0,0.0,0,2026-10-03,2026-09-28,5,True,"A short-form food hack video posted September 27, 2026 by creator Thomas Winkler (@tommywinkler, 'THE FOOD GUY'). The video demonstrates a 'Homemade Churro Food Hack' in a home kitchen. A hand places ","A short-form food hack video posted September 27, 2026 by creator Thomas Winkler (@tommywinkler, 'THE FOOD GUY'). The video demonstrates a 'Homemade Churro Food Hack' in a home kitchen. A hand places a plain hot dog bun into a pot of hot oil on a gas stove, fries it until golden brown, lifts it out with a spider strainer, then transfers it to an aluminum tray containing granulated sugar mixed with cinnamon. The fried bun is rolled and coated completely in the cinnamon-sugar mixture. The creator, a young man with curly hair wearing a green t-shirt, then holds up the finished churro labeled on-s",hook,True,strong,用汉堡胚油炸裹肉桂糖复刻平价吉事果，真人试吃记录外皮酥脆声,quick-dessert-recipe,2,True,,False,,unknown,无明显地域标记，看不出,False
2026-10-03,food,30,https://www.instagram.com/reel/Dd9RtkiIx-K,@haileecatalano,14000,160,0,7000.0,0.0,0,2026-10-03,2026-10-01,2,True,"This is a daytime food-tour video set in Mexico City (CDMX), posted October 1, 2026 by author Hailee Catalano (@haileecatalano), identified as author of NYT best-selling cookbook 'By Heart'. Four frie","This is a daytime food-tour video set in Mexico City (CDMX), posted October 1, 2026 by author Hailee Catalano (@haileecatalano), identified as author of NYT best-selling cookbook 'By Heart'. Four friends — two women and two men — spend a day eating street food across the city. The video opens with them eating tacos outside a shop, with on-screen text 'everything we ate in a day in CDMX.' They sample Taco de arrachera con queso provolone from a blue-tarp stall, then Tacos de guisados (chicharron prensado & chile relleno) from Taqueria Las Aguilas. Next is Quesadilla de flor de calabaza & huitla",hook,True,weak,,what-i-ate-in-a-day,1,False,需亲赴墨西哥城并四人出镜，单人厨房无法复刻,False,,non-us,墨西哥城街头+西班牙语地名，非美,False
2026-10-03,food,31,https://www.instagram.com/reel/Dd9ExLBugQH,@unknown,13000,290,0,6500.0,0.0,0,2026-10-03,2026-10-01,2,True,"In this short-form video posted October 1, 2026 by creator @marcos_dvcnt, a man wearing a grey t-shirt printed with beer mugs, a bald cap, and a large fake mustache performs the 'Nuevo Reto Viral de l","In this short-form video posted October 1, 2026 by creator @marcos_dvcnt, a man wearing a grey t-shirt printed with beer mugs, a bald cap, and a large fake mustache performs the 'Nuevo Reto Viral de los Emojis de Chocolate.' Six emojis appear above his head: hammer, game controller, screwdriver, chicken drumstick, smartphone, and wrench. One by one, he holds up a chocolate replica of each item, reacts with wide-eyed surprise, takes a bite while making loud chewing noises, and then a red X appears over the corresponding emoji. His reactions range from mock fear ('tengo miedo') to exaggerated en",challenge,True,weak,,food-meme-remix,2,False,需定制巧克力模具和特效妆容，道具成本高,False,,non-us,西班牙语解说+拉美式搞笑，非美,False
2026-10-03,food,32,https://www.instagram.com/reel/Dd1Vj_rtHwh,@unknown,30000,990,0,6000.0,0.0,0,2026-10-03,2026-09-28,5,True,"A woman wearing a shiny purple sleeveless kurta over black leggings and large gold earrings is in a modern grey-cabinet kitchen. She begins by playfully holding up a whole raw chicken, smiling at the ","A woman wearing a shiny purple sleeveless kurta over black leggings and large gold earrings is in a modern grey-cabinet kitchen. She begins by playfully holding up a whole raw chicken, smiling at the camera, then places it on a wooden board and cuts it into pieces with a cleaver. Between cooking steps she dances barefoot around the kitchen with expressive movements. She prepares a green marinade in a 'SUJATA' blender jar, adding cilantro, mint, green chilies, ginger, garlic, fried onions, yogurt, and spices, then blends it into a smooth paste. She coats the raw chicken pieces thoroughly with t",personality,False,strong,用超市香菜薄荷调青酱腌鸡块，平底锅煎到焦香，真人试吃记录多汁度,indian-home-recipe,1,True,,False,,non-us,印度服饰+印度品牌搅拌机+印式厨房，非美,False
2026-10-03,food,33,https://www.instagram.com/reel/Ddv64G9sN8x,@homecheff_renu,41000,220,0,5857.1,0.0,0,2026-10-03,2026-09-26,7,True,"A short-form cooking reel by creator Renuka Salunke (@homecheff_renu) demonstrates a viral food hack: making an 'Ice Cube Dosa.' The video opens with ice cubes being poured into a glass bowl, followed","A short-form cooking reel by creator Renuka Salunke (@homecheff_renu) demonstrates a viral food hack: making an 'Ice Cube Dosa.' The video opens with ice cubes being poured into a glass bowl, followed by additions of red chili powder, chopped green chilies, diced onions, fresh coriander, melted ghee, wheat flour, and turmeric. The ingredients are whisked together as the ice melts, forming a thin, orange-colored batter. The batter is then poured onto a hot non-stick pan on an induction cooktop, spread thin, and cooked until bubbly and crispy. The finished dosa is lifted, folded in half, and bro",hook,True,strong,实测冰块版薄饼面糊，记录面糊稀稠变化和成品脆度,quick-recipe,7,True,,True,"cluster 'quick-recipe' seen on 2026-10-01,2026-10-03, 14 distinct authors cumulatively",non-us,印度创作者+印度菜品dosa，非美,False
2026-10-03,food,34,https://www.instagram.com/reel/Dd6O2hAsbyR,@unknown,17000,47,0,5666.7,0.0,0,2026-10-03,2026-09-30,3,True,"Two members of the K-pop group izna, identified by on-screen tags as KOKO (black hair, white zip-up) and JEONG SAEBI (light brown hair, white top), film a casual snack review titled 'Chocobiz's Snack ","Two members of the K-pop group izna, identified by on-screen tags as KOKO (black hair, white zip-up) and JEONG SAEBI (light brown hair, white top), film a casual snack review titled 'Chocobiz's Snack Review - HOKKAIDO' dated September 30, 2026. Seated side-by-side, they introduce and taste two Hokkaido products. First is a yellow bag of Happy Turn Hokkaido Cheese crackers; they show the packaging, display the pale oval chips, eat them, react positively ('so delicious'), and give it a 10/10 rating. Second is a pink Calbee Jagabee cup labeled 'Tarako Cheese'; they open it, pull out thin orange s",personality,False,strong,买进口零食真人出镜逐款试吃打分，记录开箱和第一口反应,snack-taste-test,4,True,,True,"cluster 'snack-taste-test' seen on 2026-10-02,2026-10-03, 10 distinct authors cumulatively",non-us,韩国偶像+日本零食，非美,False
2026-10-03,food,35,https://www.instagram.com/reel/Dd8s5PYPaf7,@unknown,11000,4,0,5500.0,0.0,0,2026-10-03,2026-10-01,2,True,"A short-form cooking reel demonstrates how to make an 'omelette meets cheesy bread' sandwich. Filmed from overhead in a home kitchen with tiled backsplash, a hand spreads oil on a speckled non-stick p","A short-form cooking reel demonstrates how to make an 'omelette meets cheesy bread' sandwich. Filmed from overhead in a home kitchen with tiled backsplash, a hand spreads oil on a speckled non-stick pan, then pours in beaten eggs mixed with chopped green herbs. Two slices of white bread are pressed into the cooking egg, flipped together, and cooked until golden. On one half of the large omelette, a slice of cheese is placed and topped with finely diced onion, diced tomato, red chili flakes, and fresh cilantro; a second cheese slice with cilantro goes on the other side. The omelette is folded o",template,True,strong,复刻蛋液煎吐司芝士三明治，对半切开记录拉丝和断面,quick-recipe,7,True,,True,"cluster 'quick-recipe' seen on 2026-10-01,2026-10-03, 14 distinct authors cumulatively",non-us,印度民谣音乐+印式调料包，非美,False
2026-10-03,food,36,https://www.instagram.com/reel/Dd9f0qklH91,@unknown,11000,88,0,5500.0,0.0,0,2026-10-03,2026-10-01,2,True,"In this 2026 social media reel, creator Chef Tyler prepares three different American school lunches while British commentator Louis reacts. First, Tyler makes his grandfather's wartime-era lunch: a bo","In this 2026 social media reel, creator Chef Tyler prepares three different American school lunches while British commentator Louis reacts. First, Tyler makes his grandfather's wartime-era lunch: a bologna and mustard sandwich on white bread, carrot and celery sticks, and milk, rating it 6/10. Second, he recreates his mother's lunch of chocolate chip cookies and milk, rating it 1/10. Third, he assembles his own early-2000s lunch: tater tots, chicken tenders, potato chips, potato sticks, and soda, rating it 8/10. Louis provides running commentary, expressing shock at the simplicity and unhealth",hook,True,strong,做三代美式校园午餐（战时版/妈妈版/2000年代版），真人试吃逐款打分,school-lunch-comparison,1,True,,False,,us-likely,美式校园午餐+英语对白，US适配高,False
2026-10-03,food,37,https://www.instagram.com/reel/Dd-QYnTOsC4,@thevulgarchef,5400,150,0,5400.0,0.0,0,2026-10-03,2026-10-02,1,True,"In this 2026 social media video, creator Kyle Marcoux (@thevulgarchef) documents buying a $25 jerk chicken dinner plate from a neighbor via Facebook Marketplace in Queens, NY. He films himself outdoor","In this 2026 social media video, creator Kyle Marcoux (@thevulgarchef) documents buying a $25 jerk chicken dinner plate from a neighbor via Facebook Marketplace in Queens, NY. He films himself outdoors holding the white takeout bag, then moves inside to his kitchen counter. He unwraps foil to reveal a black plastic container with jerk chicken, mashed potatoes, macaroni and cheese, and cornbread. Throughout the tasting, he repeatedly emphasizes the word 'jerk' and jokes about 'jerking,' playing on the sexual slang meaning while reviewing the food's flavor, texture, and portion size. He eats wit",hook,True,weak,,local-food-truck-review,3,True,,False,,us-likely,明确标注纽约皇后区+Facebook Marketplace，US适配高,False
2026-10-03,food,38,https://www.instagram.com/reel/Dd1dTYSBYri,@buzzfeedtasty,26000,83,0,5200.0,0.0,0,2026-10-03,2026-09-28,5,True,This is a short-form cooking video posted by Tasty (@buzzfeedtasty) featuring creator @stillhungry4more demonstrating how to make Apple Pie Rangoons. The video opens with a finished product being dipp,"This is a short-form cooking video posted by Tasty (@buzzfeedtasty) featuring creator @stillhungry4more demonstrating how to make Apple Pie Rangoons. The video opens with a finished product being dipped in caramel sauce, then cuts to the creator holding a plate and tasting one. It proceeds step-by-step through the recipe: finely dicing red apples on a wooden board, melting butter in a pan and sautéing the apples with brown sugar, cinnamon, flour, and water until soft; separately mixing softened cream cheese with powdered sugar and vanilla; placing both fillings onto wonton wrappers, wetting ed",template,True,strong,用馄饨皮包苹果派馅油炸裹肉桂糖，真人试吃记录酥脆声和蘸焦糖,quick-dessert-recipe,2,True,,False,,us-likely,英语+美式媒体Tasty，US适配高,False
2026-10-03,food,39,https://www.instagram.com/reel/Dd212mHzJs-,@CTHAGOD,20000,94,0,5000.0,0.0,0,2026-10-03,2026-09-29,4,True,"This is a fast-paced Odia-language street food reel posted by creator @od22.vloger (Sourav Vloger), identified as an Odisha Street Food Explorer based in Bhadrak/Bhubaneswar. The video showcases a pop","This is a fast-paced Odia-language street food reel posted by creator @od22.vloger (Sourav Vloger), identified as an Odisha Street Food Explorer based in Bhadrak/Bhubaneswar. The video showcases a popular local snack — dahibara aloo dum — being prepared and sold at a bustling stall. A woman in glasses, wearing a maroon floral kurta then later a blue tie-dye shirt, acts as host, holding plates and describing the food while standing behind large trays of curry and fried items. A male vendor in a red shirt, floral apron, and hairnet is shown assembling dozens of servings in leaf bowls, topping th",hook,True,weak,,street-food-vlog,4,False,需印度奥里萨街头取景，无法在厨房复刻,True,"cluster 'street-food-vlog' seen on 2026-10-01,2026-10-03, 8 distinct authors cumulatively",non-us,奥里萨街头+奥里亚语，非美,False
2026-10-03,food,40,https://www.instagram.com/reel/Dd1BwV8slz6,@unknown,24000,3700,0,4800.0,0.0,0,2026-10-03,2026-09-28,5,True,"In a home kitchen with green cabinets, chef Sohla El-Waylly presents her 'sheet pan chicken parm,' opening with an apology to Italians for the unconventional method. She demonstrates a streamlined rec","In a home kitchen with green cabinets, chef Sohla El-Waylly presents her 'sheet pan chicken parm,' opening with an apology to Italians for the unconventional method. She demonstrates a streamlined recipe: spreading tomato sauce on a red sheet pan, mixing raw chicken breasts with spices and salt in a bowl, then placing them on the sauce. She explains using the oven broiler like an upside-down grill and rotates the pan for even browning. After initial cooking, she generously tops the chicken with shredded mozzarella and an aggressive amount of breadcrumbs, drizzles olive oil, and bakes until gol",hook,True,strong,复刻免裹粉烤盘鸡排芝士，记录烤箱脆皮敲击声和切面拉丝,one-pan-bake,2,True,,False,,us-likely,英语+美式家庭厨房，US适配高,False
2026-10-03,food,41,https://www.instagram.com/reel/Dd3pkIYSpZh,@hmm_nikhil,19000,150,0,4750.0,0.0,0,2026-10-03,2026-09-29,4,True,"This is a food-review video by creator Nikhil Chawla (@hmm_nikhil) filmed at the famous ELCO Pani Puri Center, a veg restaurant in Mumbai. The video opens on the bustling street stall under a red-and-","This is a food-review video by creator Nikhil Chawla (@hmm_nikhil) filmed at the famous ELCO Pani Puri Center, a veg restaurant in Mumbai. The video opens on the bustling street stall under a red-and-yellow striped awning, showing massive crowds and staff in maroon shirts and hairnets preparing food. A worker pours hundreds of small fried puris from a red bucket into a giant metal tray. The creator explains that this location is popular with celebrities and businessmen, and highlights three must-try items. First, he tries the signature pani puri, noting its unique shape filled with sprouted le",hook,True,weak,,street-food-walk,1,False,需亲赴孟买探店，无法复刻,False,,non-us,孟买街头+卢比价格，非美,False
2026-10-03,food,42,https://www.instagram.com/reel/Dd_z4OYRXh5,@hallie.parrott,4600,54,0,4600.0,0.0,0,2026-10-03,2026-10-02,1,True,"In this 2026 social media video, creator Hallie Parrott (@hallie.parrott) films an indoor taste-test of snacks from Canada, sourced from @canadagrocerystore. She presents five items one by one while s","In this 2026 social media video, creator Hallie Parrott (@hallie.parrott) films an indoor taste-test of snacks from Canada, sourced from @canadagrocerystore. She presents five items one by one while speaking directly to camera. First is Hawkins Cheezies, which she describes as crunchy, cheesy, salty like Cheetos on steroids, giving it 9.6/10. Next is a standard Canadian Kit Kat, which she notes has thicker, sweeter chocolate but less crispy wafer than US versions, followed by a Kit Kat Chunky, which she rates 9 out of 10 for its better wafer-to-chocolate ratio. Third is Vachon Ah Caramel!, a s",hook,True,strong,买加拿大零食真人出镜逐款试吃打分，记录包装展示和真实反应,snack-taste-test,4,True,,True,"cluster 'snack-taste-test' seen on 2026-10-02,2026-10-03, 10 distinct authors cumulatively",unknown,英语解说但无创作者地域标记，看不出,False
2026-10-03,food,43,https://www.instagram.com/reel/Dd2O9jXyQzA,@cocolarkincooks,22000,570,0,4400.0,0.0,0,2026-10-03,2026-09-28,5,True,"In a home kitchen in Newport Beach, California, creator Corre Larkin (@cocolarkincooks) attempts the viral recipe of cooking an entire chicken inside a pumpkin, inspired by @miquelisimo. The video sho","In a home kitchen in Newport Beach, California, creator Corre Larkin (@cocolarkincooks) attempts the viral recipe of cooking an entire chicken inside a pumpkin, inspired by @miquelisimo. The video shows her hollowing a large pumpkin, then layering it with chopped leeks, parsnip, carrot, fennel, a whole cut-up chicken, garlic, cabbage, salt, bay leaves, fresh herbs tied with twine, and lard. She replaces the pumpkin lid, rubs oil on the outside, and bakes it in a low oven (about 325°F) for three and a half hours. During cooking, the pumpkin bursts and releases its juices into the surrounding pa",hook,True,strong,复刻南瓜整鸡炖，记录南瓜开裂瞬间和鸡肉脱骨软烂度,pumpkin-roast-novelty,1,True,,False,,us-likely,明确标注加州Newport Beach+英语，US适配高,False
2026-10-03,food,44,https://www.instagram.com/reel/DeAPg42PYbh,@unknown,4300,5,0,4300.0,0.0,0,2026-10-03,2026-10-02,1,True,"This is a promotional food-review video by creator @devourpower (Greg) visiting Fluffies Hot Chicken on the Lower East Side in New York City. The video showcases the restaurant's preparation process, ","This is a promotional food-review video by creator @devourpower (Greg) visiting Fluffies Hot Chicken on the Lower East Side in New York City. The video showcases the restaurant's preparation process, starting with chicken tenders being soaked in buttermilk, coated in seasoned flour, and fried in a multi-level commercial fryer until crispy. Greg then presents several menu items: tenders served over fries with the signature orange 'Fluffy' sauce; a half-and-half family platter combining house-made creamy mac and cheese and fries topped with a large amount of chopped hot chicken and more sauce; h",hook,True,weak,,local-food-truck-review,3,True,,False,,us-likely,明确标注纽约下东城+英语，US适配高,False
2026-10-03,food,45,https://www.instagram.com/reel/Dd83Bj4CvWK,@unknown,8300,140,0,4150.0,0.0,0,2026-10-03,2026-10-01,2,True,"In a LAD BIBLE studio segment, actor Daniel Radcliffe participates in a UK vs USA snack taste test. Under a glass dome are a box of Tunnock's Tea Cakes (UK) and Reese's Peanut Butter Cups (USA). He im","In a LAD BIBLE studio segment, actor Daniel Radcliffe participates in a UK vs USA snack taste test. Under a glass dome are a box of Tunnock's Tea Cakes (UK) and Reese's Peanut Butter Cups (USA). He immediately recognizes the Tunnock's, noting his Northern Irish father would approve. He reads the packaging, describes it as 'milk chocolate caramel wafers,' and struggles slightly to open the individual wrapper before eating one and declaring it 'excellent.' He then moves to the Reese's, jokes that he's 'being beaten by the Reese's Pieces' while fighting the packaging, and after finally opening it",personality,False,strong,做英美零食对决，真人双盲试吃逐款打分并公布胜者,snack-taste-test,4,True,,True,"cluster 'snack-taste-test' seen on 2026-10-02,2026-10-03, 10 distinct authors cumulatively",unknown,英国演员+英美零食对比，无明确US适配标记，看不出,False
2026-10-03,food,46,https://www.instagram.com/reel/Dd5t9SNAGWZ,@unknown,12000,36,0,4000.0,0.0,0,2026-10-03,2026-09-30,3,True,"This is a bright, promotional food-reel by creator @rakhisuniquefood demonstrating how to make 'Viral Cucumber Shots.' Set outdoors on a wooden surface with greenery in the background, the video walks","This is a bright, promotional food-reel by creator @rakhisuniquefood demonstrating how to make 'Viral Cucumber Shots.' Set outdoors on a wooden surface with greenery in the background, the video walks through the recipe step-by-step. First, imli (tamarind) is soaked in hot water and mashed into a pulp. Fresh cucumbers are peeled, cut into short cylinders, and hollowed out to create edible cups. The tamarind pulp is mixed with black salt, red chili powder, Jaljeera Masala, and table salt. Separately, a dry spice mix of red chili powder, salt, and Jaljeera Masala is prepared on a blue plate. The",template,True,strong,复刻黄瓜杯酸辣汁，对比不同香料挂杯，真人试吃记录表情,viral-snack-cup,3,True,,False,,non-us,印地语音乐+印度创作者，非美,False
2026-10-03,food,47,https://www.instagram.com/reel/Dd3xPALOpvV,@unknown,16000,360,0,4000.0,0.0,0,2026-10-03,2026-09-29,4,True,"A woman films an 'afternoon in an Omani house' tour from her perspective, starting at a grand marble staircase with under-step lighting and a large white horse relief on the wall. She descends to a br","A woman films an 'afternoon in an Omani house' tour from her perspective, starting at a grand marble staircase with under-step lighting and a large white horse relief on the wall. She descends to a bright open-plan living area, opens a glass door to a small garden, and feeds a black-and-white cat wet food outside. The main focus shifts to cooking: she melts butter, fries sweet corn with red spice, adds cream and cheese slices to make a creamy corn mixture, then pours it over a plate of yellow and orange puffed chips (Fzowchy brand). She tops the dish with sliced jalapeños. A young girl appears",template,True,strong,复刻芝士玉米浇薯片，记录芝士融化拉丝和第一口,snack-dip-hack,1,True,,False,,non-us,阿曼豪宅+中东零食品牌，非美,False
2026-10-03,food,48,https://www.instagram.com/reel/Ddy0DYEsXus,@master_food_eating,23000,220,0,3833.3,0.0,0,2026-10-03,2026-09-27,6,True,"This is a short-form food reel posted by creator Mayur Chavda (@master_food_eating) on September 27, 2026, titled 'The Viral Cucumber Imli Shot.' Set to an upbeat Indian folk song, the video demonstra","This is a short-form food reel posted by creator Mayur Chavda (@master_food_eating) on September 27, 2026, titled 'The Viral Cucumber Imli Shot.' Set to an upbeat Indian folk song, the video demonstrates how to make the snack and then shows multiple people tasting it. The preparation sequence shows hands cutting a striped cucumber, peeling it, hollowing out the center with a spoon, soaking tamarind pulp in water, mixing the pulp with grated cucumber and spices, preparing a dry chili-salt rim on a plate, dipping the cucumber edge in the rim, and filling it with the tamarind mixture. The second ",template,True,strong,复刻黄瓜杯酸辣汁，找家人朋友多人试吃，记录酸辣表情反应,viral-snack-cup,3,True,,False,,non-us,印度民歌+印地语评论，非美,False
2026-10-03,food,49,https://www.instagram.com/reel/Dd2FHINiQk1,@ruhamasfood,19000,450,0,3800.0,0.0,0,2026-10-03,2026-09-28,5,True,"In a bright home kitchen, creator Ruhama Shitrit (@ruhamasfood) presents her 'viral oven-baked schnitzel.' She begins by showcasing the finished crispy golden chicken cutlets on a plate with ketchup, ","In a bright home kitchen, creator Ruhama Shitrit (@ruhamasfood) presents her 'viral oven-baked schnitzel.' She begins by showcasing the finished crispy golden chicken cutlets on a plate with ketchup, mustard, and pickles, emphasizing they are baked not fried. She then demonstrates the recipe step-by-step: placing thin chicken breast slices in a bowl, adding two eggs, salt, black pepper, paprika, onion powder, Dijon mustard, honey, minced garlic, lemon zest and juice, and a touch of cumin, then mixing by hand. For coating, she combines panko breadcrumbs, regular breadcrumbs, sesame seeds, and g",template,True,strong,复刻免油炸烤箱鸡排，记录烤制脆度和蘸酱试吃,shortcut-recipe-hack,1,True,,False,,unknown,英语解说，无明确地域标记，看不出,False
2026-10-03,food,50,https://www.instagram.com/reel/Dd4URcSN3vK,@unknown,15000,350,0,3750.0,0.0,0,2026-10-03,2026-09-29,4,True,"In a bright, modern kitchen, Mark Wahlberg stands behind a dining table presenting a large orange gift box from SkinnyDipped sent by David Grutman. He holds up a card featuring Grutman's image, jokes ","In a bright, modern kitchen, Mark Wahlberg stands behind a dining table presenting a large orange gift box from SkinnyDipped sent by David Grutman. He holds up a card featuring Grutman's image, jokes that there is 'too much Dave Grutman in these ads,' then sets the card aside. He opens individual yellow-wrapped snack bars, identifies one as 'dark chocolate peanut butter wafer,' tastes it, and reacts positively, calling it 'another big winner.' He then closes the box, displaying the 'SKINNY DIPPED' logo on the lid, while a Variety magazine sits on the table nearby. The tone is casual, friendly,",personality,False,none,,snack-taste-test,4,False,依赖明星本人出镜，人设无法复制,True,"cluster 'snack-taste-test' seen on 2026-10-02,2026-10-03, 10 distinct authors cumulatively",us-likely,美国明星+英语，US适配高,False
2026-10-03,food,51,https://www.instagram.com/reel/Dd_hWAhzA3t,@unknown,3700,14,0,3700.0,0.0,0,2026-10-03,2026-10-02,1,True,"A young woman wearing a teal-blue traditional dress sits in a wooden chair inside what appears to be a salon or cafe, reviewing a snack she found on Blinkit. She holds up a white bag labeled 'TBN MIX ","A young woman wearing a teal-blue traditional dress sits in a wooden chair inside what appears to be a salon or cafe, reviewing a snack she found on Blinkit. She holds up a white bag labeled 'TBN MIX VEGGIE CHIPS - ROCK SALT' featuring images of colorful vegetable chips and claims of '40% LESS FAT'. Speaking in Tamil over upbeat background music, she opens the bag, pulls out individual chips — including yellow and purple beetroot slices — and tastes them one by one, reacting with smiles, wide-eyed expressions, and positive commentary about the taste being good, salty, sweet, and crunchy. She n",personality,False,strong,实拍平价蔬菜脆片试吃：超市买混合蔬菜脆片，逐片试吃打分，记录脆度和咸甜味,snack-taste-test,4,True,,True,"cluster 'snack-taste-test' seen on 2026-10-02,2026-10-03, 10 distinct authors cumulatively",non-us,泰米尔语解说+Blinkit 印度电商+120 卢比标价，非美,False
2026-10-03,food,52,https://www.instagram.com/reel/Dd0GojtyIE3,@unknown,18000,51,0,3600.0,0.0,0,2026-10-03,2026-09-28,5,True,"A young boy in a blue Champion t-shirt stands in a modern white kitchen and prepares a simple Spam & Egg Rice dish. He begins by adding cooked white rice to a large stainless steel mixing bowl, follow","A young boy in a blue Champion t-shirt stands in a modern white kitchen and prepares a simple Spam & Egg Rice dish. He begins by adding cooked white rice to a large stainless steel mixing bowl, followed by diced Spam, then two fried eggs slid from a pan. He adds a splash of soy sauce from a small ceramic teapot, mixes everything together with a black spatula, then crushes sheets of seaweed over the bowl and mixes again. After preparing the mixture, he says 'Itadakimasu jal meokgetseubnida,' takes a bite, and reacts positively, saying 'Oishiii/So good.' He takes another large bite, calls it 'An",template,True,strong,快手拌饭实测：午餐肉丁+煎蛋+米饭拌海苔碎，实拍 10 分钟出锅，记录咸香搭配口感,quick-recipe,7,True,,True,"cluster 'quick-recipe' seen on 2026-10-01,2026-10-03, 14 distinct authors cumulatively",unknown,英日韩三语混搭，无明确地点标记，看不出,False
2026-10-03,food,53,https://www.instagram.com/reel/Dd3KUIHy8w8,@unknown,13000,140,0,3250.0,0.0,0,2026-10-03,2026-09-29,4,True,"A woman, identified in the post as restaurateur Sarah Todd, stands outside a small stone-walled street-food stall in Mumbai called 'Chaan Chavdar' and presents its misal as her 'soulfood of Mumbai.' S","A woman, identified in the post as restaurateur Sarah Todd, stands outside a small stone-walled street-food stall in Mumbai called 'Chaan Chavdar' and presents its misal as her 'soulfood of Mumbai.' She holds a metal bowl of the dish, describing it as a lovely bean-sprout gravy (matki usal) that has been simmered slowly for incredible texture, then loaded with crispy, crunchy farsan. Close-ups show the orange-red broth topped with herbs and the fried topping being added. She tastes it, reacting with 'Oh wow,' 'That is beautiful,' noting a good kick of heat. A vendor hands her a squeeze bottle ",personality,False,weak,,street-food-vlog,4,False,需实地到孟买街头小店探店拍摄，厨房复刻不了,True,"cluster 'street-food-vlog' seen on 2026-10-01,2026-10-03, 8 distinct authors cumulatively",non-us,孟买街头+马拉地语招牌+突突车，非美,False
2026-10-03,food,54,https://www.instagram.com/reel/DeAmAtDvFFL,@unknown,3200,390,0,3200.0,0.0,0,2026-10-03,2026-10-02,1,True,"A male creator wearing a brown t-shirt and cap prepares an 'Edamame Cucumber Salad' in a clear plastic container on a wooden cutting board. He layers sliced cucumbers, red onion, avocado chunks, crisp","A male creator wearing a brown t-shirt and cap prepares an 'Edamame Cucumber Salad' in a clear plastic container on a wooden cutting board. He layers sliced cucumbers, red onion, avocado chunks, crispy edamame, chopped cilantro and green onions, then adds sauces (including sriracha and soy), oil, and sesame seeds before sealing and shaking the container vigorously. Speaking directly to camera, he references the viral cucumber-salad trend ('I used to be a hater too... remember when that one dude blew up'), calls the salad easy, healthy, and 'frankly awesome,' and states it has been his recent h",template,True,strong,复刻摇摇沙拉：黄瓜+毛豆+牛油果+辣酱装进密封盒狂摇，实拍摇匀开盖瞬间的脆度,quick-recipe,7,True,,True,"cluster 'quick-recipe' seen on 2026-10-01,2026-10-03, 14 distinct authors cumulatively",unknown,英语解说但无地点/品牌地域标记，看不出,False
2026-10-03,food,55,https://www.instagram.com/reel/Dd8fx0JSALm,@bhukkadmahi,5800,11,0,2900.0,0.0,0,2026-10-03,2026-10-01,2,True,"This is a fast-paced food reel by creator Mahima Singh (@bhukkadmahi), filmed in Allahabad (Prayagraj), India, posted October 2026. It showcases a variety of popular Indian street and restaurant dishe","This is a fast-paced food reel by creator Mahima Singh (@bhukkadmahi), filmed in Allahabad (Prayagraj), India, posted October 2026. It showcases a variety of popular Indian street and restaurant dishes through quick cuts: dough being fried into puris, assembled chaat topped with sev, pav bhaji with buns, stir-fried noodles, a fruit dessert bowl with kiwi and strawberries, gulab jamun in syrup, pani puri filling, and a full table spread including pizza and drinks. Overlaid text reads 'Pta nai kaise admi hai...' with laughing emojis. The audio is a viral Hindi clip of a young girl jokingly compl",audio_meme,True,weak,,food-meme-remix,2,False,需实地拍摄印度街头小吃拼盘并配爆款印地语音频，非厨房内容,False,,non-us,阿拉哈巴德街景+印地语爆款音频，非美,False
2026-10-03,food,56,https://www.instagram.com/reel/Dd-jvS9p2l-,@unknown,6100,37,2800,2800.0,0.14,1,2026-10-02,2026-10-02,1,True,A young woman with long dark hair wearing a navy blue sweatshirt sits at a kitchen counter in San Diego and responds to a comment asking 'What size bag did you get?' She holds up a large gold resealab,"A young woman with long dark hair wearing a navy blue sweatshirt sits at a kitchen counter in San Diego and responds to a comment asking 'What size bag did you get?' She holds up a large gold resealable bag of freeze-dried snacks, explaining she bought the 520-gram size but has already eaten half, noting the bag is about twice the size of her head. She pours the contents into a clear glass bowl, revealing a mix of colorful freeze-dried items including whole strawberries, green beans, mango pieces, jackfruit, mushrooms, and other fruit and vegetable shapes. Throughout the video she samples indi",personality,False,strong,实拍冻干零食大包试吃：草莓+芒果+秋葵逐个咬开，靠咀嚼脆声做 ASMR，记录哪款最脆,snack-taste-test,4,True,,True,"cluster 'snack-taste-test' seen on 2026-10-02,2026-10-03, 10 distinct authors cumulatively",us-likely,圣地亚哥家中+TikTok shop 挂链+英语，US 适配高,False
2026-10-03,food,57,https://www.instagram.com/reel/Dd3wRcVzA4y,@unknown,11000,20,0,2750.0,0.0,0,2026-10-03,2026-09-29,4,True,"This is a short-form cooking reel by creator @khushi_ka_khana demonstrating how to make 'Cucumber Imli Shots,' a viral Indian snack. The video opens with the finished product: hollowed cucumber cylind","This is a short-form cooking reel by creator @khushi_ka_khana demonstrating how to make 'Cucumber Imli Shots,' a viral Indian snack. The video opens with the finished product: hollowed cucumber cylinders rimmed with red chili powder and filled with dark tamarind sauce. The process is shown step-by-step: tamarind (imli) is soaked in water, mashed into a thick pulp, then seasoned with salt, sugar, red chili powder, chaat masala, and jeera powder, plus squeezed lemon juice and the scooped-out cucumber flesh. Separately, a plate of mixed red chili powder and chaat masala is prepared to coat the ri",template,True,strong,复刻黄瓜酸角杯：黄瓜挖空蘸辣粉边、灌入罗望子酱，实拍一口闷的酸辣口感,viral-snack-cup,3,True,,False,,non-us,印度创作者+印度传统音乐+印式酸角小吃，非美,False
2026-10-03,food,58,https://www.instagram.com/reel/Dd6OEwOObnf,@unknown,8200,1300,0,2733.3,0.0,0,2026-10-03,2026-09-30,3,True,"A female creator, identified as Prachi Agarkar from MasterChef India S8, presents a step-by-step recipe for 'Veg High Protein Kebab.' She begins by showing rehydrated soy granules, then mixes them in ","A female creator, identified as Prachi Agarkar from MasterChef India S8, presents a step-by-step recipe for 'Veg High Protein Kebab.' She begins by showing rehydrated soy granules, then mixes them in a bowl with finely chopped red onion, red and yellow bell pepper, grated carrot, cilantro, crumbled paneer or tofu, spices including red chili powder, shredded cheese, and salt. After mixing thoroughly, she shapes the mixture into cylindrical kebabs around wooden skewers and pan-fries them until golden and crispy. She prepares two sauces: a white yogurt-based raita with chopped herbs, and a green ",template,True,strong,复刻高蛋白素肉串卷饼：大豆颗粒+芝士做串煎脆，卷进饼里实拍咬断面和拉丝,copycat-restaurant-wrap,1,True,,False,,non-us,MasterChef India 选手+印度香料/酸奶酱语境，非美,False
2026-10-03,food,59,https://www.instagram.com/reel/DduzW_sqC1m,@hungry4munchies,19000,360,0,2714.3,0.0,0,2026-10-03,2026-09-26,7,True,"A food creator (@hungry4munchies) visits Tire Shop Taqueria at 4077 S Avalon Blvd in South Central Los Angeles at night, noting its hours (open until 11pm weekdays, midnight weekends). He films the ou","A food creator (@hungry4munchies) visits Tire Shop Taqueria at 4077 S Avalon Blvd in South Central Los Angeles at night, noting its hours (open until 11pm weekdays, midnight weekends). He films the outdoor stand with a green menu board listing tacos, burritos, quesatacos, mulitas, tortas, tostadas, and meats including asada, al pastor, cabeza, chorizo, and vampiro. He highlights that everything is handmade, showing cooks working a trompo, cutting beef on a griddle, and pressing fresh tortillas. After ordering two tacos (al pastor and agua fresca) for about $17, he tastes them on the street und",personality,False,weak,,local-food-truck-review,3,False,需实地到洛杉矶 taco 摊探店，非厨房可复刻内容,False,,us-likely,南洛杉矶 taco 摊+英语实地探店，US 适配高,False
2026-10-03,food,60,https://www.instagram.com/reel/Dd899SGhas6,@are_you_hungry007,5200,58,0,2600.0,0.0,0,2026-10-03,2026-10-01,2,True,"The video is a street-food challenge reel filmed in a busy Indian market and inside a small shop. Creator Rajneesh Gyani (@are_you_hungry007) approaches a couple and offers ₹5,000 if they can eat one ","The video is a street-food challenge reel filmed in a busy Indian market and inside a small shop. Creator Rajneesh Gyani (@are_you_hungry007) approaches a couple and offers ₹5,000 if they can eat one giant patty. The woman declines, saying her husband will do it. The challenger, a man in a dark blue polo, agrees. Inside the shop, a massive triangular fried patty topped with chutney and sev is presented on a large golden plate. A 10-minute timer is started. The man eats aggressively with his hands while the host times him, provides commentary in Hindi, and notes progress (""50% REMAINING,"" ""9 MI",challenge,True,weak,,street-food-comedy,2,False,需印度市场店铺配合办吃播挑战赛，非厨房内容,False,,non-us,印度市场+印地语解说+5000 卢比奖金，非美,False
2026-10-03,food,61,https://www.instagram.com/reel/DdvPcpEt8XS,@unknown,18000,26,0,2571.4,0.0,0,2026-10-03,2026-09-26,7,True,"A female creator, identified as Jessica Effendy, films from the driver's seat of a car for a '24 JAM Coba makanan viral Tiktok' challenge starting at 12:00 ('Sarapan'). She reviews three viral Indones","A female creator, identified as Jessica Effendy, films from the driver's seat of a car for a '24 JAM Coba makanan viral Tiktok' challenge starting at 12:00 ('Sarapan'). She reviews three viral Indonesian snacks. First is the Endorphins Cookie Tin (Nutella x Endorphins, Rp195,000): she opens the gold tin, places fresh strawberries on the baked cookie, drizzles chocolate sauce, eats it with a spoon and by hand, and rates it 8.5/10. Second is Mingming QQ Ball (Rp42,000): two paper cups of colorful jelly balls are emptied into a bowl, milk is poured over, and she eats the mix, noting its chewy tex",challenge,True,weak,,snack-taste-test,4,False,需印尼本土网红零食（Endorphins 饼干等），美区买不到,True,"cluster 'snack-taste-test' seen on 2026-10-02,2026-10-03, 10 distinct authors cumulatively",non-us,印尼零食+卢比标价+印尼语挑战，非美,False
2026-10-03,food,62,https://www.instagram.com/reel/Dd3ZwOzyc-M,@unknown,10000,910,0,2500.0,0.0,0,2026-10-03,2026-09-29,4,True,"A young woman with long dark hair, wearing a green and blue floral outfit and green bangles, sits outdoors in front of a large pile of pani puri shells. She wears a handmade necklace made from the sam","A young woman with long dark hair, wearing a green and blue floral outfit and green bangles, sits outdoors in front of a large pile of pani puri shells. She wears a handmade necklace made from the same fried shells, holding it up to her face and gesturing expressively while smiling and lip-syncing to a Hindi folk/devotional song that repeats 'Shyam nadiya ban jate'. The setting appears to be a simple courtyard with a weathered wall and yellow tarp behind her. The video is presented as a trending reel, with on-screen text in Hindi referencing 'Ragni Kushwaha', districts Bhind and Jalaun, and ha",audio_meme,True,none,,food-meme-remix,2,False,食物首饰 stunt 表演，非可复刻的菜谱内容,False,,non-us,印地语民歌对口型+印度地区名标签，非美,False
2026-10-03,food,63,https://www.instagram.com/reel/Ddw0Bjqzy1C,@cookinwithmegg,17000,280,0,2428.6,0.0,0,2026-10-03,2026-09-26,7,True,Creator Meagan Kilgore (@cookinwithmegg) demonstrates how she made a tater tot casserole after being asked by a follower. The video opens with the finished dish — a skillet topped with golden-brown ta,"Creator Meagan Kilgore (@cookinwithmegg) demonstrates how she made a tater tot casserole after being asked by a follower. The video opens with the finished dish — a skillet topped with golden-brown tater tots over melted cheddar — then rewinds to show the process. She sautés diced yellow onion in a light blue Le Creuset skillet, adds a pound of ground beef and breaks it up, then seasons with Kinder's Buttery Garlic & Herb seasoning, garlic powder, smoked paprika, salt, pepper, and Worcestershire sauce. She stirs in Campbell's Condensed Cream of Mushroom soup, about a cup of sour cream, and fro",template,True,strong,实拍薯块牛肉砂锅：平底锅炒牛肉铺芝士+空气炸锅薯块，记录焗烤出炉的拉丝和酥脆,one-pan-bake,2,True,,False,,us-likely,美式砂锅菜+Campbell's 浓缩汤+英语解说，US 适配高,False
2026-10-03,food,64,https://www.instagram.com/reel/Dd--HrRIbk-,@unknown,2300,1,0,2300.0,0.0,0,2026-10-03,2026-10-02,1,True,This is a recipe video from creator @yourfoodlab (Chef Sanjyot Keer) demonstrating how to make 'Corn Cheese Balls' at home. The video opens with a close-up of a finished ball broken open to show melte,"This is a recipe video from creator @yourfoodlab (Chef Sanjyot Keer) demonstrating how to make 'Corn Cheese Balls' at home. The video opens with a close-up of a finished ball broken open to show melted cheese and corn inside, with on-screen text identifying the dish. The chef narrates in Hindi while adding ingredients to a bowl: 250 grams shredded cheese, three medium boiled potatoes, 100 grams paneer, one cup sweet corn, salt, black pepper powder, chopped green chili, and chopped ginger and garlic. He mixes everything by hand, then shapes the mixture into small round balls. For coating, he pr",template,True,strong,复刻芝士玉米球：土豆泥+芝士裹双层面包糠油炸，实拍掰开爆浆拉丝瞬间,quick-recipe,7,True,,True,"cluster 'quick-recipe' seen on 2026-10-01,2026-10-03, 14 distinct authors cumulatively",non-us,印地语解说+印度厨师 Sanjyot Keer，非美,False
2026-10-03,food,65,https://www.instagram.com/reel/Dd4mzWmyZU8,@unknown,9200,64,0,2300.0,0.0,0,2026-10-03,2026-09-29,4,True,"A short-form food video posted by TikTok creator @grubspot in Los Angeles on September 29, 2026, demonstrates how to make a 'Cane's pizza.' Opening with text 'Imagine a canes pizza,' the creator dips ","A short-form food video posted by TikTok creator @grubspot in Los Angeles on September 29, 2026, demonstrates how to make a 'Cane's pizza.' Opening with text 'Imagine a canes pizza,' the creator dips a finished pizza slice into a red Raising Cane's cup filled with Cane's sauce. The process shows unpacking a Raising Cane's order containing chicken fingers, crinkle-cut fries, and Texas toast. On foil-lined pizza dough, the creator spreads Cane's sauce as the base, adds shredded mozzarella, chops the fried chicken fingers into pieces and distributes them, breaks up the fries and toast and scatter",hook,True,strong,复刻快餐跨界披萨：Raising Cane's 炸鸡条+薯条当馅料，实拍芝士拉丝和酱料蘸吃,fast-food-hack,3,True,,False,,us-likely,洛杉矶+Cane's 快餐+英语，US 适配高,True
2026-10-03,food,66,https://www.instagram.com/reel/Dd8iw7EvQXv,@unknown,4300,4,0,2150.0,0.0,0,2026-10-03,2026-10-01,2,True,"This is a short-form cooking reel titled 'viral spicy Cucumber' posted by @jahankitchen06 (Nusrat Jahan) on October 1, 2026. Set to upbeat background music, the video demonstrates how to make a popula","This is a short-form cooking reel titled 'viral spicy Cucumber' posted by @jahankitchen06 (Nusrat Jahan) on October 1, 2026. Set to upbeat background music, the video demonstrates how to make a popular street-style spicy cucumber snack. A hand peels a whole cucumber, then uses a spoon to scoop out the seeds from one end to create a hollow cup. In a bowl, dried tamarind is soaked and mashed into a dark liquid, then mixed with red chili powder, other spices, and lime juice. Separately, a dry spice mix of red chili powder and seasonings is prepared on a plate. The hollowed cucumber pieces are dip",template,True,strong,复刻街头辣黄瓜杯：黄瓜掏空蘸辣粉边、灌罗望子辣酱立在小杯里，实拍酸辣脆爽口感,viral-snack-cup,3,True,,False,,non-us,印度创作者+印式罗望子街头小吃，非美,False
2026-10-03,food,67,https://www.instagram.com/reel/Dd91pfjTzoX,@unknown,4300,110,0,2150.0,0.0,0,2026-10-03,2026-10-01,2,True,"This is a short-form food review from @foodbeast featuring the ""Chili Cheese Pastrami Pizza"" at Alas Toxicas in Cerritos, California. The video walks through the build: a raw pizza dough is topped wit","This is a short-form food review from @foodbeast featuring the ""Chili Cheese Pastrami Pizza"" at Alas Toxicas in Cerritos, California. The video walks through the build: a raw pizza dough is topped with a generous ladle of housemade chili, baked, then covered in shredded cheddar cheese and returned to the oven. Separately, sliced pastrami is chopped and seared on a flat-top until tender and savory, then piled onto the cheesy pizza. Finally, chopped pickles are scattered over the top for tanginess and acidity. A reviewer wearing a blue ""Creative Department"" cap and glasses tastes the finished sl",hook,True,weak,,restaurant-dish-review,1,False,需到店 Cerritos 特定餐厅点单拍摄，非厨房内容,False,,us-likely,加州 Cerritos 餐厅+LA Dodgers 涂鸦+英语，US 适配高,False
2026-10-03,food,68,https://www.instagram.com/reel/Dd7dKdCRKJk,@vanessa_gyimah,6200,110,0,2066.7,0.0,0,2026-10-03,2026-09-30,3,True,"A beauty influencer identified as Vanessa (@vanessa_gyimah) demonstrates how to make a viral 'Savory Plate - Spicy Chili Egg' recipe in a modern kitchen. She begins by listing ingredients — cucumber, ","A beauty influencer identified as Vanessa (@vanessa_gyimah) demonstrates how to make a viral 'Savory Plate - Spicy Chili Egg' recipe in a modern kitchen. She begins by listing ingredients — cucumber, jalapeño, lemon, pickled onions, boiled eggs, Momofuku Chili Crunch, salt, and pepper — while wearing a sheer black blouse and layered necklaces. She slices the cucumber and jalapeño, squeezes lemon, adds pickled onions, places halved boiled eggs in a black bowl, and tops them with chili crunch and seasonings. After tasting, she notes it satisfies her pregnancy cravings and decides it needs sardin",template,True,strong,实拍辣油鸡蛋盘：水煮蛋切半+黄瓜+辣酱拌着吃，记录一口闷的咸辣满足感,quick-recipe,7,True,,True,"cluster 'quick-recipe' seen on 2026-10-01,2026-10-03, 14 distinct authors cumulatively",unknown,英语解说但无地点标记（Momofuku 辣酱为美牌但不足以定域），看不出,False
2026-10-03,food,69,https://www.instagram.com/reel/Dd7W8lMCsG8,@unknown,6000,2700,0,2000.0,0.0,0,2026-10-03,2026-09-30,3,True,"A bald man with a white beard, black-rimmed glasses, and a striped apron presents his 'crab butter swim cornbread biscuit' — which he describes as a hybridized version of a crab cake, cornbread, and b","A bald man with a white beard, black-rimmed glasses, and a striped apron presents his 'crab butter swim cornbread biscuit' — which he describes as a hybridized version of a crab cake, cornbread, and biscuit. He holds up a plated square topped with chopped green onion alongside a lemon wedge and a small bottle of orange hot sauce, noting the sauce was taken from his friend Gavin's restaurant, Spoon and Stable. The video then shows the step-by-step preparation: finely chopping green onions, sautéing diced onions, mixing dry ingredients including flour, cornmeal, and baking powder with seasonings",template,True,strong,复刻蟹肉黄油玉米面包：蟹肉拌面糊烤成块，实拍掰开湿润蟹丝和黄油刷面,one-pan-bake,2,True,,False,,us-likely,提到明尼阿波利斯 Spoon and Stable 餐厅+英语，US 适配高,False
2026-10-03,food,70,https://www.instagram.com/reel/Dd4MShnjFrX,@unknown,7600,280,0,1900.0,0.0,0,2026-10-03,2026-09-29,4,True,"The video presents a surreal, AI-generated street-food scene set in a busy market. At the center is an enormous black cauldron overflowing with steaming biryani rice, meat, and potatoes piled into a m","The video presents a surreal, AI-generated street-food scene set in a busy market. At the center is an enormous black cauldron overflowing with steaming biryani rice, meat, and potatoes piled into a mountain shape. A man wearing a dark shirt and head covering is positioned inside a hollowed-out tunnel in the middle of the rice mound, using a large ladle to scoop portions onto a white plate held by a customer in the foreground. Steam rises continuously, and the background shows pedestrians, shops, and auto-rickshaws, suggesting a South Asian street setting. The creator's caption and hashtags id",hook,True,none,,food-meme-remix,2,False,AI 生成的奇观画面，真人实拍无法复刻,False,,unknown,AI 生成的南亚街景，无真实地域标记，看不出,False
2026-10-03,food,71,https://www.instagram.com/reel/Dd8FYB8ByX2,@thelacountdown,3600,240,0,1800.0,0.0,0,2026-10-03,2026-10-01,2,True,"A food creator (@thelacountdown) documents his 2026 mission to try 100 Los Angeles pizzas in 365 days, presenting his current Top 10 favorites. The countdown runs from #10 to #1, with each entry showi","A food creator (@thelacountdown) documents his 2026 mission to try 100 Los Angeles pizzas in 365 days, presenting his current Top 10 favorites. The countdown runs from #10 to #1, with each entry showing the pizzeria exterior, location tag, and close-up shots of the pizza being held and eaten. #10 is Naughty Pie Nature in Echo Park, praised for its addictive quality. #9 is Speak Cheezy in Long Beach, noted for making many styles but excelling at regular rounds. #8 is a tie between LaSorted's (Silver Lake & Chinatown) for crispy slices and Dtown Pizzeria (West Hollywood) for Detroit-style. #7 is",personality,False,weak,,local-restaurant-ranking,1,False,需吃遍上百家 LA 披萨店的系列工程，单条无法复刻,False,,us-likely,洛杉矶披萨榜单+英语本地社区讨论，US 适配高,False
2026-10-03,food,72,https://www.instagram.com/reel/Dd6YduKTqRh,@unknown,5400,63,0,1800.0,0.0,0,2026-10-03,2026-09-30,3,True,"A woman identified as Elvira Tjan sits on a light-colored couch in a home setting and presents a food review of viral snacks from ""Mini Bites Sweet"" by Chibi Cookies. She holds her phone, then display","A woman identified as Elvira Tjan sits on a light-colored couch in a home setting and presents a food review of viral snacks from ""Mini Bites Sweet"" by Chibi Cookies. She holds her phone, then displays two products: a box of round purple and brown mochi and a rectangular brownie topped with green kunafa filling and chocolate drizzle. She breaks open the Brownie Kunafa, describing the rich chocolate brownie combined with crunchy kunafa texture, eats it with visible enjoyment, and calls it a winner. She then tries the Dubai Kunafa Mochi, noting its chewy chocolate-flavored mochi skin and sweet k",personality,False,weak,,snack-taste-test,4,False,需印尼本土品牌零食（Mini Bites Sweet），美区买不到,True,"cluster 'snack-taste-test' seen on 2026-10-02,2026-10-03, 10 distinct authors cumulatively",non-us,雅加达 pop-up 地点+印尼品牌，非美,False
2026-10-03,food,73,https://www.instagram.com/reel/DdxJVmdv4cB,@vardanantonyan_,12000,72,0,1714.3,0.0,0,2026-10-03,2026-09-26,7,True,"In this 'part 5' cooking video, creator Suzy Antonyan makes a salmon bowl for her streamer brother, Vardan Antony an (@vardanantonyan_). She begins by washing rice, then prepares salmon fillets by pat","In this 'part 5' cooking video, creator Suzy Antonyan makes a salmon bowl for her streamer brother, Vardan Antony an (@vardanantonyan_). She begins by washing rice, then prepares salmon fillets by patting them dry, cubing them, and marinating with soy sauce, avocado oil, minced garlic, onion powder, black pepper, and Aleppo pepper. While the salmon bakes at 425°F, she mixes spicy mayo from Kewpie mayo, sriracha, and lemon juice, chops green onions and cucumbers, and prepares edamame. She assembles the bowl with rice, baked salmon, edamame, cucumber, avocado, green onion, spicy mayo, furikake, ",personality,False,strong,实拍三文鱼饭碗：烤三文鱼块+辣蛋黄酱+海苔组装，记录试吃者第一口的夸张反应,quick-recipe,7,True,,True,"cluster 'quick-recipe' seen on 2026-10-01,2026-10-03, 14 distinct authors cumulatively",unknown,英语+亚美尼亚口音梗，无地点标记，看不出,False
2026-10-03,food,74,https://www.instagram.com/reel/Dd6rLwlpD1h,@unknown,4900,10,0,1633.3,0.0,0,2026-10-03,2026-09-30,3,True,This is a short-form cooking reel by creator @quicksimplemeals demonstrating how to make a 'cheese burst sandwich'. The video opens with the finished product: two toasted triangular sandwiches on a da,"This is a short-form cooking reel by creator @quicksimplemeals demonstrating how to make a 'cheese burst sandwich'. The video opens with the finished product: two toasted triangular sandwiches on a dark plate with ridged potato chips and ketchup, labeled 'Cheese burst sandwich'. The preparation sequence shows ingredients being added to a white bowl: chopped onion, diced tomato, chopped green capsicum, sweet corn, then pizza pasta sauce, mayonnaise, tomato sauce, black pepper, chili flakes, and grated cheese, which are mixed together. Assembly takes place on a wooden board: a slice of white bre",template,True,strong,复刻爆浆芝士三明治：蔬菜芝士馅夹双层芝士片黄油煎，实拍对半撕开的拉丝,quick-recipe,7,True,,True,"cluster 'quick-recipe' seen on 2026-10-01,2026-10-03, 14 distinct authors cumulatively",non-us,印地语流行歌+印式三明治做法，非美,False
2026-10-03,food,75,https://www.instagram.com/reel/Dd9JaVHzOt5,@unknown,3100,22,0,1550.0,0.0,0,2026-10-03,2026-10-01,2,True,"The video captures a busy Indian street-food stall during daylight. A young male vendor in a light-colored shirt stands over a large black wok set atop a rustic clay chulha with visible flames, frying","The video captures a busy Indian street-food stall during daylight. A young male vendor in a light-colored shirt stands over a large black wok set atop a rustic clay chulha with visible flames, frying what appears to be pakoras or bhajis. In a striking and risky display, he repeatedly scoops batter with his bare hands and drops it directly into the bubbling hot oil, then stirs and separates the pieces with his fingers while the oil sizzles intensely. A young boy in a brown shirt watches closely from the side, and another worker is visible behind preparing more food. The setting is outdoors und",hook,True,none,,street-food-moment,1,False,徒手碰热油的危险操作，不应复刻；且需印度街头摊位,False,,non-us,印度街头摊位+印地语电影歌，非美,False
2026-10-03,food,76,https://www.instagram.com/reel/Dd3P5CAs_wo,@unknown,6200,10,0,1550.0,0.0,0,2026-10-03,2026-09-29,4,True,"This is a short, sepia-filtered comedic reel set at an Indian street food stall. Two young men stand before a large pan of jalebi and engage with the vendor, who wears a light t-shirt and headwrap. On","This is a short, sepia-filtered comedic reel set at an Indian street food stall. Two young men stand before a large pan of jalebi and engage with the vendor, who wears a light t-shirt and headwrap. On-screen Hindi text reads '!! कहां थी यह रील अब तक !! LAST ISAKA MISS N KARE'. The dialogue, in Hindi, centers on pricing — the vendor states 'jalebi 100 rupees kg, 25 rupees plate,' prompting surprised reactions and jokes about mistaking it for samosa. The exchange is theatrical, with pointing, wide eyes, and animated gestures. In the background, another man sits at the stall. The clip cuts briefl",personality,False,none,,street-food-comedy,2,False,需要两名演员加小贩配合演绎街头喜剧桥段，单人无法独立完成,False,,non-us,印度街头摊位+印地语对白，非美,False
2026-10-03,food,77,https://www.instagram.com/reel/Dd4pg5Xq1n2,@unknown,5800,59,0,1450.0,0.0,0,2026-10-03,2026-09-29,4,True,This is a fast-paced cooking tutorial from creator @callmecandace.tv demonstrating her version of the 'viral beef broth bowl.' The video opens with the finished dish: white coconut rice topped with da,"This is a fast-paced cooking tutorial from creator @callmecandace.tv demonstrating her version of the 'viral beef broth bowl.' The video opens with the finished dish: white coconut rice topped with dark, saucy ground beef stir-fry, ladled with creamy orange Thai coconut curry broth, and garnished with fresh cilantro, green onion, lime wedges, chili crisp, and a side of spicy cucumber salad. The creator narrates while cooking: she browns grass-fed ground beef in a wok, seasons it with McCormick Umami seasoning, then adds minced shallot, garlic paste, sliced Thai chilies, hoisin sauce, and salt/",template,True,strong,复刻爆款泰式椰奶牛肉汤饭，用超市平价牛肉碎，记录汤底浓稠度是翻车还是成功,quick-recipe,7,True,,True,"cluster 'quick-recipe' seen on 2026-10-01,2026-10-03, 14 distinct authors cumulatively",us-likely,美式英语解说+McCormick等美国调料品牌，US适配高,False
2026-10-03,food,78,https://www.instagram.com/reel/DeAZmhmEz7o,@unknown,1400,0,0,1400.0,0.0,0,2026-10-03,2026-10-02,1,True,"In a kitchen studio branded 'THE BURGER SHOW,' a chef wearing a black apron and beanie presents his researched recipe for Big Mac special sauce. Speaking directly to camera, he states the internet is ","In a kitchen studio branded 'THE BURGER SHOW,' a chef wearing a black apron and beanie presents his researched recipe for Big Mac special sauce. Speaking directly to camera, he states the internet is obsessed with the sauce but insists there is no ketchup in it, telling viewers who add ketchup they are wrong. After claiming to have tested the formula 100 times, he builds the sauce in a metal bowl: three parts mayonnaise, one part American yellow mustard, one part caramelized onions, one part roasted garlic puree (garlic cooked down in olive oil), one part sweet relish (explicitly not dill), sw",template,True,strong,复刻麦当劳秘制酱，用超市蛋黄酱+甜酸黄瓜汁，盲测对比真麦当劳酱,fast-food-hack,3,True,,False,,us-likely,麦当劳+美式英语解说，US适配高,False
2026-10-03,food,79,https://www.instagram.com/reel/Dd852MzBK3V,@unknown,2800,760,0,1400.0,0.0,0,2026-10-03,2026-10-01,2,True,This is a nighttime street-food promotional video from Lucknow by creator @foodie_brosss showcasing the 'Internet's Viral Creamy Dripping Roll' at the 'KING SOYA CHAAP' stall. The video details the pr,"This is a nighttime street-food promotional video from Lucknow by creator @foodie_brosss showcasing the 'Internet's Viral Creamy Dripping Roll' at the 'KING SOYA CHAAP' stall. The video details the preparation: chopped grilled soya chaap pieces are placed in a flatbread roll, toasted on a charcoal grill, then heavily smothered with a thick, white creamy sauce poured from a metal bowl, and finished with chopped cilantro and spices. It is served on a compartmentalized plate with green chutney and sliced onions. Two men are shown enthusiastically eating the messy, sauce-laden roll. The caption ad",hook,True,strong,复刻印度爆款奶油烤肉卷，用烤盘烤素肉串+自调白奶油酱，记录爆浆流淌效果,street-snack-recreation,2,True,,False,,non-us,印度勒克瑙街头摊位+卢比定价，非美,False
2026-10-03,food,80,https://www.instagram.com/reel/Dd004jhRxRD,@cookwithmehar1116,6800,74,0,1360.0,0.0,0,2026-10-03,2026-09-28,5,True,This is a short-form food reel by creator Mehar Khan (@cookwithmehar1116) promoting 'Viral Cucumber Imli Shots.' The video opens with a close-up of the finished product: hollowed cucumber cylinders ri,"This is a short-form food reel by creator Mehar Khan (@cookwithmehar1116) promoting 'Viral Cucumber Imli Shots.' The video opens with a close-up of the finished product: hollowed cucumber cylinders rimmed with red spice and filled with a brown tamarind mixture, held over small glasses. A man in a blue cap and plaid shirt then tastes the shot, chews, and gives an 'OK' hand gesture indicating approval. The preparation sequence follows: tamarind pulp is soaked in water, cucumbers are peeled, cut into sections, and cored out. The scooped cucumber flesh is added to the tamarind liquid along with re",template,True,strong,复刻印度爆款黄瓜酸角杯，用超市黄瓜+罗望子酱，记录杯缘辣椒粉能否挂住,viral-snack-cup,3,True,,False,,non-us,印度街头小吃+印地语/乌尔都语字幕，非美,False
2026-10-03,food,81,https://www.instagram.com/reel/DeAYhv7hsKI,@unknown,1300,0,0,1300.0,0.0,0,2026-10-03,2026-10-02,1,True,"A female creator presents a 'Viral Food Compilation' in her kitchen, tasting multiple trending TikTok recipes. She starts with a creamy coconut-red curry dumpling bake, praising its tender texture and","A female creator presents a 'Viral Food Compilation' in her kitchen, tasting multiple trending TikTok recipes. She starts with a creamy coconut-red curry dumpling bake, praising its tender texture and rich flavor, then tries a cabbage boil with sausage using Erica and Morgan's recipe, noting it's simpler than expected but delicious. Next are Courtney Cook's onion dumplings topped with sweet soy sauce, chili sauce, sweet chili crisp, and French fried onions, which she enjoys despite struggling with raw onions. She reviews the Applebee's OM Cheeseburger (a bacon cheeseburger baked into biscuit d",template,True,strong,一次实测5个TikTok爆款食谱（洋葱饺子/芝士堡贝果），按好吃程度排名打分,snack-taste-test,4,True,,True,"cluster 'snack-taste-test' seen on 2026-10-02,2026-10-03, 10 distinct authors cumulatively",us-likely,Applebee's/Taco Bell/In-N-Out等美国连锁品牌，US适配高,False
2026-10-03,food,82,https://www.instagram.com/reel/Dd-cButPjIz,@ivandacherlin,1300,30,0,1300.0,0.0,0,2026-10-03,2026-10-02,1,True,A cooking tutorial video by creator Ivanda Cherlin (@ivandacherlin) demonstrates how to make 'viral nori pasta' with garlic prawns. The video opens with close-ups of the finished dish—spaghetti coated,"A cooking tutorial video by creator Ivanda Cherlin (@ivandacherlin) demonstrates how to make 'viral nori pasta' with garlic prawns. The video opens with close-ups of the finished dish—spaghetti coated in a dark green creamy sauce topped with sautéed shrimp—then shows Cherlin presenting and tasting it. Step-by-step preparation follows: blending roasted seaweed/nori snacks with toasted sesame seeds into powder, mixing it with sesame oil, soy sauce, sugar, grated parmesan, an egg yolk, and minced garlic; boiling pasta in water with soy sauce; cutting 200g shrimp small, stir-frying shrimp heads/sh",template,True,strong,复刻爆款海苔意面，用烤海苔零食打粉+虾仁，记录酱汁是否挂面,noodle-fusion-recipe,3,True,,False,,non-us,雅加达家庭厨房+印尼语字幕，非美,False
2026-10-03,food,83,https://www.instagram.com/reel/Dd6HJbEIUAQ,@unknown,3900,3,0,1300.0,0.0,0,2026-10-03,2026-09-30,3,True,"This is a fast-paced foodie reel by creator @thatdesimoney, who identifies as exploring street food and culture in India, Malaysia, and Indonesia. The video is a montage of multiple dishes shown in qu","This is a fast-paced foodie reel by creator @thatdesimoney, who identifies as exploring street food and culture in India, Malaysia, and Indonesia. The video is a montage of multiple dishes shown in quick succession: a hand holding two leaf-cone chaats with green chutney, a plate of chole topped with onions, steamed momos with red sauce, penne pasta, a paneer-topped pizza, a thali with chole and puri, a bowl of vegetable curry, and garlic bread with chutney and onions. Throughout, large white text overlays read 'Husbandddddddd', 'Ohhh. Husbandddddddd', and 'Send me money', playing on a viral me",audio_meme,True,none,,food-meme-remix,2,False,靠印度街头美食素材混剪加丈夫梗meme驱动，单人无原始素材难以复刻,False,,non-us,印度/马来/印尼街头美食拼盘，非美,False
2026-10-03,food,84,https://www.instagram.com/reel/Dd5GRUhNaS4,@paubremer,3900,40,0,1300.0,0.0,0,2026-10-03,2026-09-30,3,True,"Creator Paulina Bremer (@paubremer) from Monterrey, Mexico, explains her 'papon mensual,' a monthly tradition inspired by viral TikTok videos where eight female friends gather to eat chips and talk. S","Creator Paulina Bremer (@paubremer) from Monterrey, Mexico, explains her 'papon mensual,' a monthly tradition inspired by viral TikTok videos where eight female friends gather to eat chips and talk. She details the logistics: they maintain a shared WhatsApp list of snacks to buy, each host prepares their own bowl, and they meet once a month without children. The video follows her shopping at H-E-B for items like Sabritas, Takis, Ruffles, Doritos Incognita, Japanese peanuts, various dips (queso, green onion), salsas, and ingredients for a Lotus Biscoff cheesecake. She also picks up 'petroleo de",personality,False,weak,,friend-snack-gathering,1,False,需要8位朋友线下聚会配合拍摄，单人无法完成,False,,non-us,墨西哥蒙特雷+西班牙语解说，非美,False
2026-10-03,food,85,https://www.instagram.com/reel/Dd4qS3au8_x,@sofiacrnilovic,5100,48,0,1275.0,0.0,0,2026-10-03,2026-09-29,4,True,"A young woman with long brown hair, wearing a black ribbed top, sits in the driver's seat of a car with the sunroof open on a sunny day. Identified by on-screen text as Sofia Crnilovic (@sofiacrnilovi","A young woman with long brown hair, wearing a black ribbed top, sits in the driver's seat of a car with the sunroof open on a sunny day. Identified by on-screen text as Sofia Crnilovic (@sofiacrnilovic), she addresses the camera to share a viral TikTok food hack. She pulls out a Starbucks bagel from a branded paper sleeve, shows a small container of cream cheese, and spreads it on the bagel. She then adds a packet of sriracha sauce, mixes it in, and takes several bites. While chewing, she expresses enjoyment, describing the combination as ""delicious"" and encouraging viewers to try it. The tone",hook,True,strong,实测星巴克贝果+奶油芝士+是拉差组合，记录味道是否真的好吃,fast-food-hack,3,True,,False,,us-likely,星巴克+美式英语解说，US适配高,False
2026-10-03,food,86,https://www.instagram.com/reel/Dd302ilK15f,@unknown,5100,28,0,1275.0,0.0,0,2026-10-03,2026-09-29,4,True,"This is a short-form food reel promoting 'The Viral London cake' available for the first time in PCMC (Pimpri-Chinchwad Municipal Corporation) at BenneBae in Ravet, Pune. The video opens with a close-","This is a short-form food reel promoting 'The Viral London cake' available for the first time in PCMC (Pimpri-Chinchwad Municipal Corporation) at BenneBae in Ravet, Pune. The video opens with a close-up of a dense, multi-layered chocolate cake on a gold board. On-screen text reads 'The Viral London cake First time in 📍 PCMC'. A large knife slices through the cake, revealing dark chocolate sponge layers with light-colored cream filling. A slice is transferred to a disposable wooden plate. A hand then pours thick liquid chocolate sauce from a small white cup over the slice until it pools on the ",hook,True,weak,,viral-dessert-spot-promo,1,False,需前往印度浦那特定面包房实拍推广，单人异地无法复刻,False,,non-us,印度浦那面包房推广+卢比语境，非美,False
2026-10-03,food,87,https://www.instagram.com/reel/Dd0dxSJTpnj,@unknown,6000,40,0,1200.0,0.0,0,2026-10-03,2026-09-28,5,True,This is a cooking tutorial by creator Michelle (@michimomo / @themichicooks) demonstrating her 'North Korean Style Chicken' recipe. The video opens with the finished dish—steamed chicken legs served w,"This is a cooking tutorial by creator Michelle (@michimomo / @themichicooks) demonstrating her 'North Korean Style Chicken' recipe. The video opens with the finished dish—steamed chicken legs served with blanched chives—and then walks through the steps: placing six raw chicken legs in a bowl, adding 2 tablespoons soy sauce and 3 tablespoons sesame oil, massaging and marinating for at least 20 minutes (with optional soju/cooking wine), then steaming over water with optional cooking wine for 40-50 minutes. During steaming, the chicken is brushed 3-4 times with a 1:1 soy sauce and sesame oil mixt",template,True,strong,复刻朝鲜风蒸鸡腿，用酱油+芝麻油腌制蒸40分钟，记录鸡肉嫩度,quick-recipe,7,True,,True,"cluster 'quick-recipe' seen on 2026-10-01,2026-10-03, 14 distinct authors cumulatively",non-us,印尼语配音+印尼语评论区，非美,False
2026-10-03,food,88,https://www.instagram.com/reel/DeA8rGeNQwo,@unknown,1200,0,0,1200.0,0.0,0,2026-10-03,2026-10-03,0,True,A heavily tattooed man with slicked-back hair serves as host for a food review at 3rd Street Market & Cafe in East Los Angeles. The video opens with exterior shots of the building's colorful mural and,"A heavily tattooed man with slicked-back hair serves as host for a food review at 3rd Street Market & Cafe in East Los Angeles. The video opens with exterior shots of the building's colorful mural and storefront signage reading 'MARKET DELI & GRILL' and 'BAKERY • COFFEE SHOP • GRILL.' An Instagram profile overlay identifies the business as 'East LA's go-to for Coffee, Matcha, & homemade eats' at 4600 E 3rd St. Inside, the host speaks while holding a phone, then moves outside to sit at a picnic table. He presents four iced beverages in plastic cups, discusses the menu, and showcases a plate of ",personality,False,weak,,local-cafe-review,1,True,,False,,us-likely,洛杉矶东区实拍+英语解说，US适配高,False
2026-10-03,food,89,https://www.instagram.com/reel/Dd4-SOVR6Re,@unknown,4400,56,0,1100.0,0.0,0,2026-10-03,2026-09-29,4,True,This is a short-form cooking video from creator Carolina Gelen demonstrating her 'Cheesy Tomato Beans' recipe. The video opens with a bottle of La Tourangelle Extra Virgin Olive Oil and on-screen text,"This is a short-form cooking video from creator Carolina Gelen demonstrating her 'Cheesy Tomato Beans' recipe. The video opens with a bottle of La Tourangelle Extra Virgin Olive Oil and on-screen text 'POV: a dinner so easy you make it twice a week.' She heats oil in a pan, sautés sliced shallots, adds tomato paste, then whole crushed garlic cloves and fresh basil sprigs. A can of cannellini beans with liquid is poured in and simmered. She dollops cottage cheese on top, covers with shredded mozzarella, and broils until bubbly and charred. The final dish is served in a yellow pot, and she dips ",template,True,strong,复刻爆款芝士番茄豆，一锅15分钟焗出拉丝，记录拉丝长度,quick-recipe,7,True,,True,"cluster 'quick-recipe' seen on 2026-10-01,2026-10-03, 14 distinct authors cumulatively",us-likely,美国英语解说+美式品牌赞助帖，US适配高,False
2026-10-03,food,90,https://www.instagram.com/reel/Dd-84qVBiIQ,@unknown,1100,5,0,1100.0,0.0,0,2026-10-03,2026-10-02,1,True,"The video is a short-form Indian street-comedy reel filmed at a snack shop named 'Prajapati Mishthan Bhandar'. Two young men stand in front of the counter holding a kachori and a samosa, repeatedly ch","The video is a short-form Indian street-comedy reel filmed at a snack shop named 'Prajapati Mishthan Bhandar'. Two young men stand in front of the counter holding a kachori and a samosa, repeatedly chanting the Hindi line 'Ek kachori do samosa aur jaat ka kya bharosa' while looking at the camera. On-screen text repeats the phrase with laughing-crying emojis. The clip is edited with quick cuts to various people reacting with loud, genuine laughter — including women in a colorful market, two teenage boys, and an older man in a grey suit holding a mug. The tone is lighthearted and viral-meme driv",audio_meme,True,none,,street-food-comedy,2,False,需多人配合的街头meme喜剧加路人反应，单人无法独立完成,False,,non-us,印度街头+印地语口号，非美,False
2026-10-03,food,91,https://www.instagram.com/reel/Dd9TeIwMumm,@jameskibs___,2100,26,0,1050.0,0.0,0,2026-10-03,2026-10-01,2,True,"In an October 2026 video, creator James Kibitel (@jameskibs___) presents a Universal Yums 'Welcome to the Baltics' snack box, asking 'What's The Best Baltic Snack?' Seated indoors with the open box in","In an October 2026 video, creator James Kibitel (@jameskibs___) presents a Universal Yums 'Welcome to the Baltics' snack box, asking 'What's The Best Baltic Snack?' Seated indoors with the open box in front of him, he systematically tries items while describing them. He starts with Adazu Kraukšķīgie Kartupeļi dill-flavored potato sticks, noting their crunch and how they melt in the mouth. Next is Pergale milk chocolate with cookie filling, which he praises for its thin bar and perfect filling ratio. He then samples Piraat sour cream and onion potato rings, commenting on the strong flavor. He m",personality,False,strong,买一盒冷门国家零食盲盒逐个试吃打分，记录最惊喜的一款,snack-taste-test,4,True,,True,"cluster 'snack-taste-test' seen on 2026-10-02,2026-10-03, 10 distinct authors cumulatively",us-likely,美国订阅零食品牌+英语解说，US适配高,False
2026-10-03,food,92,https://www.instagram.com/reel/Dd30XVHBRtr,@unknown,3900,67,0,975.0,0.0,0,2026-10-03,2026-09-29,4,True,"Creator Nick DiGiovanni presents an 'India vs USA Snacks' taste test, comparing five classic snack categories side-by-side. He holds up US items — Cheetos Flamin' Hot Crunchy, Sour Patch Kids, Oreo co","Creator Nick DiGiovanni presents an 'India vs USA Snacks' taste test, comparing five classic snack categories side-by-side. He holds up US items — Cheetos Flamin' Hot Crunchy, Sour Patch Kids, Oreo cookies, Lay's Classic potato chips, and Hershey's milk chocolate — against Indian counterparts — Kurkure Masala Munch, Pulse mango candy, Parle-G Original Gluco Cookies, Lay's India's Magic Masala chips, and Cadbury 5 Star chocolate — with US and Indian flag icons marking each. He tastes each pair sequentially: first the plain Lay's versus the spiced Indian Lay's (noting the latter is better), then",hook,True,strong,印度vs美国同类零食对比试吃（辣条vs奇多），盲测投票决出胜者,snack-taste-test,4,True,,True,"cluster 'snack-taste-test' seen on 2026-10-02,2026-10-03, 10 distinct authors cumulatively",us-likely,美国博主+中美零食对比+英语解说，US适配高,False
2026-10-03,food,93,https://www.instagram.com/reel/Dd33xVUvtdR,@dilsefoodie,3800,26,0,950.0,0.0,0,2026-10-03,2026-09-29,4,True,"This is a street-food vlog filmed in Ludhiana, India, featuring the 'Pandit Rajasthani Kachori' stall at Chhatri Chowk near the swimming pool. A vendor in a red-and-blue plaid shirt prepares the dish ","This is a street-food vlog filmed in Ludhiana, India, featuring the 'Pandit Rajasthani Kachori' stall at Chhatri Chowk near the swimming pool. A vendor in a red-and-blue plaid shirt prepares the dish by crushing fried kachoris into disposable foil plates, then generously ladling thick yellow kadhi (curry) over them, followed by chopped raw onions. The video shows the cooking setup, including large pots of kadhi and dal, dough balls, and flatbreads being cooked on a griddle. Food influencer Karan Dua (@dilsefoodie), wearing a purple polo and distinctive yellow glasses, along with a companion in",personality,False,weak,,street-food-vlog,4,False,需前往印度卢迪亚纳特定街头摊位实拍，异地无法复刻,True,"cluster 'street-food-vlog' seen on 2026-10-01,2026-10-03, 8 distinct authors cumulatively",non-us,印度卢迪亚纳街头+印地语解说，非美,False
2026-10-03,food,94,https://www.instagram.com/reel/Dd-DUp8x2n5,@unknown,1800,39,0,900.0,0.0,0,2026-10-03,2026-10-01,2,True,"This is a split-screen social media reel posted October 1, 2026, by @sigmahatpirates, recreating a viral green sauce recipe. The top-left inset shows the original creator in a blue apron adding ingred","This is a split-screen social media reel posted October 1, 2026, by @sigmahatpirates, recreating a viral green sauce recipe. The top-left inset shows the original creator in a blue apron adding ingredients to a blender: Greek yogurt, cilantro, fresh basil, fresh mint, two deseeded jalapeños, aji amarillo paste, lime zest and juice, white wine vinegar, honey, Dijon mustard, and salt, then blending with olive oil before pouring the bright green sauce into a squeeze bottle. The main frame shows the reactor, a young man with curly hair in a brown shirt and green 'KEEP CALM AND CURRY ON' apron, who",challenge,True,strong,复刻爆款万能绿酱（希腊酸奶+香菜+青柠），搅拌机5分钟，记录配炸物是否真百搭,snack-dip-hack,1,True,,False,,unknown,英语解说但无明确地域标记，看不出,False
2026-10-03,food,95,https://www.instagram.com/reel/Dd1SJDyKf11,@unknown,4200,2,0,840.0,0.0,0,2026-10-03,2026-09-28,5,True,"This is a short-form social media reel focused on Indian street food, specifically pani puri (also called gupchup). The entire video is a tight, vibrant close-up of two crispy fried puris stacked vert","This is a short-form social media reel focused on Indian street food, specifically pani puri (also called gupchup). The entire video is a tight, vibrant close-up of two crispy fried puris stacked vertically on the neck of a plastic bottle. A vendor's hand sequentially fills the top puri: first with green-colored spicy mint water, then with reddish-brown tamarind water, followed by a spoonful of yellow mashed potato filling, and finally topped with a generous sprinkle of yellow sev (crunchy noodles). The visuals are highly saturated and appetizing, emphasizing texture and the flow of liquids. T",hook,True,weak,,street-food-moment,1,True,,False,,non-us,印度马哈拉施特拉+印地语字幕，非美,False
2026-10-03,food,96,https://www.instagram.com/reel/Dd8mVlpTcsE,@unknown,1600,15,0,800.0,0.0,0,2026-10-03,2026-10-01,2,True,A short-form social media reel from creator @ritu_ki_rasoi_ demonstrates the preparation of 'viral spicy ice masala.' The video opens with a hand pouring clear ice cubes from a white bowl into a light,"A short-form social media reel from creator @ritu_ki_rasoi_ demonstrates the preparation of 'viral spicy ice masala.' The video opens with a hand pouring clear ice cubes from a white bowl into a light-green speckled bowl placed on a colorful patterned textile. The creator then sprinkles a reddish spice (likely chili powder), followed by a brownish spice, adds sliced green chilies, and squeezes fresh lemon juice over the ice. Using bare hands, the ingredients are mixed together until the ice cubes are coated in the spices. The final shots show the hand lifting the seasoned ice to display the re",template,True,strong,复刻爆款香料冰块，用冰块+辣椒粉+柠檬汁，记录入口是否真上头,viral-snack-cup,3,True,,False,,non-us,印度风摆设+印度民谣BGM，非美,False
2026-10-03,food,97,https://www.instagram.com/reel/DdwRtLDtweN,@unknown,5400,44,0,771.4,0.0,0,2026-10-03,2026-09-26,7,True,A short-form social media reel from creator @review_and_reveal showcases an assortment of South Asian sour and tangy childhood snacks centered around 'lavashak' (fruit leather). The video opens with a,"A short-form social media reel from creator @review_and_reveal showcases an assortment of South Asian sour and tangy childhood snacks centered around 'lavashak' (fruit leather). The video opens with a pile of colorful packets including Lava Shak, Dakaaar Imli Candy, Sajji Imli, and a white box labeled 'sour cherry FRUIT BAR.' On-screen text reads 'LALASHAK Agaya na moo m paani ??' (Did your mouth water?). A person's hands then assemble the snack on a clear textured glass plate: they unroll a large dark sheet of fruit leather, sprinkle it with a granular brown imli/salt powder from a packet, ad",hook,True,weak,,nostalgic-snack-assembly,1,True,,False,,non-us,南亚酸味零食+旁遮普BGM，非美,False
2026-10-03,food,98,https://www.instagram.com/reel/Dd6Jt32NfM_,@unknown,2300,11,0,766.7,0.0,0,2026-10-03,2026-09-30,3,True,This is a short-form cooking reel by creator @cook_queen_1130 demonstrating a 'viral cucumber shots' recipe. The video opens with three finished green cucumber cylinders standing upright on a white-an,"This is a short-form cooking reel by creator @cook_queen_1130 demonstrating a 'viral cucumber shots' recipe. The video opens with three finished green cucumber cylinders standing upright on a white-and-gold marbled plate, their rims coated in red spice and filled with a brown sauce. The process then shows hands peeling a whole cucumber, slicing it into thick rounds, and scooping out the seedy interior into a bowl. In a separate bowl, dried tamarind is soaked in water and mashed by hand into a pulp, then mixed with powdered spices including red chili and a yellow spice. A plate is prepared with",template,True,strong,复刻爆款黄瓜酸角杯，挖空黄瓜做杯+罗望子酱，记录杯壁是否漏汁,viral-snack-cup,3,True,,False,,non-us,印度BGM+印度街头小吃风格，非美,False
2026-10-03,food,99,https://www.instagram.com/reel/Ddu1kZDRz0L,@santiago.terann,5100,33,0,728.6,0.0,0,2026-10-03,2026-09-26,7,True,"In a modern apartment kitchen at night, creator Santiago Teran Limon (@santiago.terann) and a friend attempt the viral Mexican street-food recipe 'Papas Atarantadas.' The video opens with finished sau","In a modern apartment kitchen at night, creator Santiago Teran Limon (@santiago.terann) and a friend attempt the viral Mexican street-food recipe 'Papas Atarantadas.' The video opens with finished saucy fries, then shows them preparing the sauce from scratch: cutting dozens of limes, squeezing the juice into a blender, adding powdered chicken consomé, five dried Japanese chilies, and a generous amount of Salsa Botanera. They blend the mixture, heat it in a pan on a gas stove, then add air-fried french fries and cooked ground meat, tossing everything together until coated in the bright orange-r",template,True,strong,复刻墨西哥爆款酸辣薯条，用空气炸锅薯条+青柠辣椒酱，记录酱汁酸辣平衡,fast-food-hack,3,True,,False,,non-us,墨西哥西班牙语+墨西哥街头食谱，非美,False
2026-10-03,food,100,https://www.instagram.com/reel/Dd9XOO3tULd,@unknown,1400,190,0,700.0,0.0,0,2026-10-03,2026-10-01,2,True,"A young blonde woman in a black zip-up top reviews the viral '$60 sourdough' from RYE by MARTIN AUER in SoHo, New York. She opens a white box containing six topped slices, stating she paid $62. She jo","A young blonde woman in a black zip-up top reviews the viral '$60 sourdough' from RYE by MARTIN AUER in SoHo, New York. She opens a white box containing six topped slices, stating she paid $62. She jokes about the 57-year-old sourdough starter justifying the price and references Bryan Adams' 'Summer of '69.' She tastes each piece sequentially — peanut butter and jelly (criticizes uneven spread and lack of toast, calls it dry), seeds and honey, chocolate hazelnut (says it's not Nutella), brie and jam, goat cheese hot honey, and a traditional Austrian spread. She finds most underwhelming, saying",personality,False,weak,,viral-bakery-review,1,False,需前往纽约SoHo特定面包房购买62美元面包，异地无法复刻,False,,us-likely,纽约SoHo+美式英语解说，US适配高,False
