scan_date,niche,rank,url,author,likes,comments,likes_gained_since_last,velocity_per_day,velocity_confidence,days_tracked,first_seen_date,posted_date,recency_days,is_fresh,title,description,mechanic,replicable,niche_fit,angle_idea,format_cluster,spread_count,feasible,feasible_note,saturated,saturation_reason,geo_fit,geo_note,picked_for_tomorrow
2026-10-06,general,1,https://www.instagram.com/reel/DeFfblXxsoS,@harryraftus,340000,210,0,170000.0,0.0,0,2026-10-06,2026-10-04,2,true,The video shows a young couple performing a brief comedic skit in a modern interior with w...,"The video shows a young couple performing a brief comedic skit in a modern interior with wood paneling and built-in shelving. A woman in a black-and-white striped crop top and dark jeans walks into frame and says, 'Babe we need to talk,' crossing her arms in a serious pose. The scene cuts to a man sitting in a chair wearing a black t-shirt and jeans, holding a phone, who replies, 'What did I do?' He then stands up, mimics her posture and tone, and repeats, 'Babe we need to talk.' The final shot shows the woman now seated in the same chair, looking at her phone, responding, 'What did you do?' The exchange plays on the familiar relationship dynamic of one partner initiating a difficult conversation, with the humor coming from both partners using the exact same line on each other. The tone is playful and relatable, with no explicit language, sexual content, or conflict.
Entities people=Harry Raftus (Author Name), Shannon Ego (Post Caption); products=striped long-sleeve crop top, dark wide-leg jeans, black V-neck t-shirt, gray trousers, white sneakers
Humor type=Situational; explanation=The humor comes from the familiar anxiety around the phrase 'we need to talk' and the unexpected twist where both partners immediately assume blame. The first character delivers the line with crossed arms and serious tone, prompting the expected defensive 'what did I do?' response. The comedy escalates when the second character mirrors the exact posture and delivery, flipping the accusation back. This role-reversal highlights how quickly people default to guilt in relationships, making it relatable and funny without dialogue beyond the four lines. The visual mirroring reinforces the situational irony.
Author 【entity-Harry Raftus¦handle=@harryraftus¦author_id=user-776901617129688719150】
AuthorURL https://www.instagram.com/harryraftus
Verified
350K Followers
Language en


【f300】
URL https://www.instagram.com/reel/DeHxVKHveLM/
Type video
Created 2026-10-05 17:47:00 UTC
13K Likes
1.4K Comments
Summary: An Iranian-American couple shares their life in the United States through a cheerful one-day 'dreamy' getaway vlog. The woman, who states she has been married to Mohammad for two years, films them preparing for the trip at home with luggage, then driving together. At a large warehouse store (Costco), Mohammad, described as being from Isfahan and very funny, shops for prepared foods and bulk snacks. They arrive at a rustic log-cabin rental with high wood-beamed ceilings and a lake view. Inside, they prepare an evening spread of salad, chips, popcorn, olives, and grilled meat, eating together with beer. They play Jenga, cuddle on the couch reading, and sleep in the master bedroom. The next morning, he brings her breakfast in bed. During the day they relax on the cabin deck, walk to the lake, wade in the water, and kayak together. In the evening they build a campfire outdoors, cook over it, and end the night relaxing together in a hammock on the deck at sunset. The video emphasizes their affectionate partnership, shared domestic activities, and enjoyment of nature.
Entities people=Mohammad (Post Caption); products=silver sedan car, green hard-shell suitcase, Heineken beer bottle, Jenga wooden block game, inflatable kayak; places=Costco
Author 【entity-Ladan Beygian¦handle=@laadan.lifestyle¦author_id=user-495415006987873007647】
AuthorURL https://www.instagram.com/laadan.lifestyle
95K Followers
Language en",template,true,strong,"和女友拍镜像对话小剧场:她抱臂严肃说'我们谈谈',我学她姿势语气回'我们谈谈',最后她坐我椅子上刷手机问'你做错了什么',全程 on-screen 字幕",duo-couple-mirror-dialogue,1,true,,false,,unknown,"英语对白,无明确地域线索",false
2026-10-06,general,2,https://www.instagram.com/reel/DeHp9_fAlnN,@the_quirky_life,150000,590,0,150000.0,0.0,0,2026-10-06,2026-10-05,1,true,"The video is a short, lighthearted domestic skit filmed in a living room. On-screen text r...","The video is a short, lighthearted domestic skit filmed in a living room. On-screen text reads 'POV: When you marry your type 😂'. A woman in a pink shirt is lying on a grey couch under a brown blanket, appearing to be asleep or unwell. A man in a dark shirt and light pants enters from a hallway, wiping his face with a purple towel. He walks over, looks at her fondly, gently adjusts her pillow and touches her head. He then leaves briefly and returns with a glass of water. The woman wakes up, takes the water, and sits up slightly while he sits beside her on the couch. They interact warmly and smile at each other, portraying a caring, playful moment between spouses. The background features a tiled floor, wall decorations, and a pair of slippers on the ground. The audio includes a Hindi film song playing throughout.
Entities products=purple cloth towel, glass of water, orange medicine bottle, gray couch, brown blanket, purple slippers
Humor type=Situational; explanation=The humor comes from the relatable scenario of a spouse being overly attentive while the other pretends to sleep, framed by the text 'POV: When you marry your type.' Viewers recognize the idealized partner trope where the husband anticipates needs—wiping face, adjusting pillow, bringing water—without being asked. The comedy is gentle and affectionate rather than sarcastic, relying on shared cultural expectations of marriage and the contrast between the wife's feigned sleepiness and the husband's earnest care. It taps into the popular social media trend of celebrating 'the one' who understands you perfectly, making it feel warm and validating rather than mocking.
Author 【entity-The Quirky Life¦handle=@the_quirky_life¦author_id=user-185075113506080226062】
AuthorURL https://www.instagram.com/the_quirky_life
51K Followers
Language en


【02b9】
URL https://www.instagram.com/reel/DeF2DPEvChX/
Type video
Created 2026-10-04 23:50:11 UTC
20K Likes
210 Comments
Summary: This is a short-form social media video posted by @mr.shearhod featuring two contrasting kitchen scenes set to upbeat music. In the first dimly lit scene, a woman in black athletic wear stands on a wooden table dancing while a shirtless man cooks at the stove behind her; on-screen text reads 'he cooks, I vibe.' The video then cuts to a bright modern kitchen where the roles are reversed: a blonde-haired, heavily tattooed man in a black tank top and shorts dances energetically on a marble kitchen island, performing moves including a handstand, while a blonde woman in a white polka-dot dress cooks at the counter. Dialogue captured includes the woman telling him 'Get your dirty feet off my counter,' to which he responds playfully. The overall tone is playful, flirtatious, and comedic, showcasing a couple's lighthearted domestic interaction with an emphasis on dancing and role reversal rather than cooking.",personality,false,strong,"我躺沙发装病/装睡,女友拿水、盖被子、各种殷勤照顾,最后我睁眼笑, on-screen 'POV: 娶到理想型'",duo-couple-care-skit,1,true,,false,,non-us,Hindi 背景音乐+印度情侣出演,false
2026-10-06,general,3,https://www.instagram.com/reel/DeGLXuZuT2w,@rohitttt__kohlii,140000,240,132100,132100.0,0.143,1,2026-10-05,2026-10-05,1,true,The clip is a short Hindi-language comedy reel set at what appears to be a communal meal o...,"The clip is a short Hindi-language comedy reel set at what appears to be a communal meal or wedding feast. Two well-dressed guests, one in a red blazer and one in a pink blazer, both wearing white caps, sit with plates while servers in white traditional attire serve food from large pots. The guests specifically request bone-in meat ('haddi wali boti'), complaining the pieces given are too small. After receiving minimal portions, they argue with the servers, who claim the meat is finished. The exchange escalates with exaggerated facial expressions, pleading, and loud verbal back-and-forth. In the final moments, after continued demands, a server confronts the guest in red and delivers a light physical strike, serving as the punchline. On-screen text reads 'Wait for End..' with laughing emojis and 'Follow For Funny Reels,' indicating the content is intended as viral humor.
Humor type=Situational; explanation=The humor arises from a universally relatable situation—being served too little meat at a shared meal—and is amplified by over-the-top performances. The guest in the red blazer reacts with theatrical disbelief, pleading for bone-in pieces for marrow, while the server insists the pot is empty. The back-and-forth escalates into insults calling them dogs and animals, which is absurd in the context of a polite gathering. Visual comedy comes from extreme close-ups of pained, crying-like faces and the final physical shove toward the cooking pot, fulfilling the ""wait for end"" promise. This situational irony, combined with cultural familiarity of South Asian wedding or community feasts where meat distribution is a sensitive topic, makes the skit funny without relying on wordplay alone.
Author 【entity-‼️___ᴋᴏʜʟɪ___‼️ 🦅¦handle=@rohitttt__kohlii¦author_id=user-078524562794671886781】
AuthorURL https://www.instagram.com/rohitttt__kohlii
22K Followers
Language en


【17e6】
URL https://www.instagram.com/reel/DeBpLBsuA5K/
Type video
Created 2026-10-03 08:35:06 UTC
13K Likes
520 Comments
Summary: The video shows an evening street-food stall under a green canopy. A young man in a red open-collared shirt and disposable gloves stands behind stainless steel containers, preparing a puchka/golgappa, while a young woman in a black top stands beside him. They engage in fast-paced Hindi dialogue about what type to eat (referencing '120 wala,' 'suji wala'), with expressive gestures and direct-to-camera looks. The scene is intercut with several popular reaction memes — Leonardo DiCaprio laughing, Shrek wearing sunglasses, a crying baby, and a man laughing at a microphone — used for comic punctuation. The tone is playful and performative, typical of social-media food-comedy skits, with no depiction of harm, nudity, or policy-violating behavior.
Entities products=bread roll for street snack, metal food containers, green scissors
Humor type=Situational; explanation=The humor arises from the mundane act of ordering puchka being turned into an absurd negotiation with suggestive phrasing ('aapka wala, mera wala'), exaggerated complaints about sounds ('puch puch'), and the vendor's mock-threats. The comedy is amplified by inserting unrelated viral reaction memes—Leonardo DiCaprio laughing, Shrek in sunglasses, a screaming baby—which serve as punchline beats familiar to social-media audiences. This situational setup mirrors common Indian street-food interactions where customers haggle or customize orders, making the over-the-top performance relatable while the meme cuts provide surprise contrast typical of short-form reels.
Author 【entity-Aaryan Singh¦handle=@aaryanx22¦author_id=user-680269188665835460294】
AuthorURL https://www.instagram.com/aaryanx22
140K Followers
Language en


【7a7f】
URL https://www.instagram.com/reel/DeB-JM-g-aJ/
Type video
Created 2026-10-03 13:58:49 UTC
9K Likes
70 Comments
Summary: This is a short-form comedic skit following a young couple through several vignettes. It opens in a restaurant called 'RIZE KITCHEN' where the man and woman pick up takeout boxes and pay together. The scene shifts to a sunny backyard where the woman, wearing a blue cap and gloves, pushes a lawnmower while the man, dressed in a bright pink patterned robe and slippers, brings her a drink on a tray and dances playfully. Next, in a bathroom, the man sits on the toilet and panics upon seeing a large spider on the wall; the woman enters with bug spray and eliminates it. Later at night, the woman comes home to find the man in a bathrobe with a towel on his head looking at his phone; she hugs him from behind affectionately. The video concludes with a stylized musical performance: the woman in a gold satin dress and the man in a black suit perform under a spotlight against a brick wall, culminating in the woman lifting the man horizontally above her head in an impossible, edited feat before taking a smiling selfie. The tone is playful, romantic, and humorous throughout.
Entities people=Anwar Jibawi (Author Name); products=cardboard takeout box, push lawn mower, pineapple drink cup, insect spray can, gray bathrobe, black suit, gold satin dress; places=Rize Kitchen
Humor type=Situational; explanation=The humor arises from situational role reversals and exaggerated reactions rather than punchlines. The opening bill-paying moment subverts traditional expectations, the lawn-mowing scene flips gender norms with the man in a flamboyant pink robe delivering a drink, the bathroom spider gag plays on classic fear reactions, and the final staged lift parodies romantic movie tropes by having the woman effortlessly hold the man aloft. These setups rely on visual contrast, timing, and expressive performances typical of short-form couple comedy popular on social platforms, making the comedy accessible without dialogue-heavy jokes.
Author 【entity-Anwar Jibawi¦handle=@anwar¦author_id=user-706179880100961363425】
AuthorURL https://www.instagram.com/anwar
Verified
24M Followers
Language en

<RESPONSE_INSTRUCTIONS>
Use the information above from all the posts from the `meta_1p.content_search` tool to help ground the response. This information can be relevant to the user's prompt especially when it comes to information about current public discourse and knowledge after your learning cutoff such as: trends, memes, news, events, social context & discourse, and general info. 
When presenting these results to the user:
- Draw from multiple distinct sources. Do not over-represent a single account when the search results include content from several.

CRITICAL — Agentic multi-loop search:
This tool is built for agentic search. A single call is almost never enough to give the user a thorough answer. You MUST evaluate these results right now and decide whether to search again. If the results are thin, one-sided, off-topic, or missing an angle the user cares about, you MUST call `meta_1p.content_search` again — immediately, in the same turn — with adjusted parameters. Go through as many agentic loops as needed until you have comprehensive coverage:
- Go broader: widen `semantic_queries`, remove filters, try a different `ranking_intent`.
- Go deeper: narrow `semantic_queries` to a specific facet, add `key_celebrities` or `authors`, tighten `since`/`until`.
- Mix tools: use `browser.search` to learn factual context, then feed what you learn into a more targeted `meta_1p.content_search` call.
Do NOT present a weak or shallow answer when another loop would improve it. The `<iterative_refinement>` section in the system prompt has detailed examples of how to run these loops.
Do not mention a post's visibility tag unless the user explicitly asks about it.
</RESPONSE_INSTRUCTIONS>",hook,true,weak,,food-complaint-skit,1,false,"需婚宴/餐馆布景+多名演员(服务员+宾客),情侣两人拍不出",false,,non-us,印地语+印度婚宴分肉文化,false
2026-10-06,general,4,https://www.instagram.com/reel/DeJa08hs_NR,@abraz.khan_91,39000,450,0,39000.0,0.0,0,2026-10-06,2026-10-06,0,true,A man in a brown sweater stands outside the 'Alice in Gelato Land' cafe (sign also in Hind...,"A man in a brown sweater stands outside the 'Alice in Gelato Land' cafe (sign also in Hindi) shouting a promotion: 'One plate biryani, two plates free.' A young couple — a man in a black-and-white striped 'COOL LIFE LOVER' t-shirt and glasses, and a woman in a red patterned top — approach. After brief interaction, they agree to the deal for 200 rupees. They sit at an outdoor table, and the vendor brings out a single foil plate of rice/biryani. He places it on the table, then adds two empty foil plates beside it, explaining that this fulfills the 'two free plates' promise. The couple reacts with exaggerated surprise and amusement, shown in close-up shots. The tone is playful and humorous, typical of Indian social media street-prank content.
Entities products=plate of biryani; places=Alice in Gelato Land
Humor type=Situational; explanation=The humor arises from violated expectation: the vendor repeatedly shouts an irresistible deal, building anticipation for abundant free food, then delivers literally what was promised—one plate of rice and two empty plates. The comedy is amplified by the actors' exaggerated shock faces in extreme close-up, the deadpan delivery of the vendor, and the everyday familiarity of Indian street-food haggling. Viewers recognize the common trope of too-good-to-be-true offers, making the literal fulfillment absurdly funny rather than malicious. The skit relies on timing, visual contrast between the promise and the meager reality, and shared cultural understanding of biryani value.
Author 【entity-Abraz I khan¦handle=@abraz.khan_91¦author_id=user-773641635280559767982】
AuthorURL https://www.instagram.com/abraz.khan_91
Verified
20M Followers
Language en


【5c6d】
URL https://www.instagram.com/reel/DeAwA_kjWW4/
Type video
Created 2026-10-03 00:16:25 UTC
730 Likes
11 Comments
Summary: A male creator (@beinglatino / @alwaysdowntoeat__) presents a short-form food comedy skit posted October 2, 2026. Set to an upbeat Latin instrumental track, he cycles through six moods labeled in Spanish, each paired with a different dish he prepares and eats enthusiastically. When sad ('YO TRISTE'), he eats sliced grilled steak with chimichurri and fried plantains outdoors. When happy ('YO ALEGRE'), he eats a chicken-filled sandwich indoors. With money ('YO CON DINERO'), he holds up an elaborate sushi roll with avocado and sauces. Without money ('YO SIN DINERO'), he eats a simpler meat taco. When bored ('YO ABURRIDO'), he adds sauce to loaded fries. When busy ('YO OCUPADO'), he quickly eats a small stuffed plantain bite while wearing a red cap. The tone is lighthearted, celebratory of Latin food culture, and designed for relatable humor about emotional eating.
Entities products=grilled steak with chimichurri, fried plantains, chicken sandwich, sushi roll, meat taco, loaded fries
Humor type=Situational; explanation=The humor comes from the universally recognizable pattern of using food to cope with feelings, amplified by the stark contrast between the lavish steak dinner when sad versus the humble taco when broke, and the absurd escalation from fancy sushi when rich to messy loaded fries when bored. The creator's exaggerated enjoyment in every state makes the premise relatable rather than critical, tapping into the popular social-media trope of 'me when...' mood-based lists. By labeling each bite with Spanish text, it also resonates culturally with Latino audiences who see their own comfort foods reflected, turning an ordinary eating routine into a shared inside joke about how emotions drive appetite.
Author 【entity-Being Latino¦handle=@beinglatino¦author_id=user-553362075088991467012】
AuthorURL https://www.instagram.com/beinglatino
Verified
1.1M Followers
Language en


【1c34】
URL https://www.instagram.com/reel/DeINXlosTRD/
Type video
Created 2026-10-05 21:53:16 UTC
42K Likes
58 Comments
Summary: Three young men stand behind a marble countertop in a modern kitchen with recessed yellow lighting, facing the camera with three different stuffed bread items displayed on plates. They engage in a turn-based eating game, pointing at each other before one person steps forward to eat. The man in the yellow polo shirt eats first, taking large messy bites while the others watch and react. The man in the black-and-white striped shirt goes next, followed by the man in the beige t-shirt, each eating with similar enthusiasm. Between turns, they gesture, raise their hands, and interact playfully. The video is edited with several unrelated meme clips inserted for comedic effect, including a close-up of a shocked man with glasses, a waving chimpanzee, and a cartoon vampire face. The tone is lighthearted, energetic, and focused on competitive eating humor.
Entities products=chicken filled bun
Humor type=Situational; explanation=The humor is situational and relies on the contrast between a simple eating task and the participants' wildly exaggerated physical comedy. Each man takes turns devouring large buns messily, making intense eye contact with the camera, and reacting with mock shock or triumph. The comedy is amplified by non-sequitur meme inserts—a screaming man, a grinning monkey, a vampire face—which function as punchline reactions familiar to short-form video audiences. This bait-and-switch structure, where the expectation of a normal food review is subverted by slapstick performance, aligns with popular Indian social media skit trends that prioritize expressive faces and rapid editing over dialogue. The shared camaraderie and competitive gestures make it relatable and lighthearted rather than mean-spirited.
Author 【entity-Fun Max¦handle=@funmaxowners¦author_id=user-049254775999167865453】
AuthorURL https://www.instagram.com/funmaxowners
320K Followers
Language en",hook,true,weak,,literal-deal-prank,1,false,"需街头小吃摊+摊主配合演整套叫卖,布景复杂",false,,non-us,印地语招牌+卢比定价+印度街头,false
2026-10-06,general,5,https://www.instagram.com/reel/DeA5lExR3qQ,@neharajput_____,87000,330,0,29000.0,0.0,0,2026-10-06,2026-10-03,3,true,"A woman with long dark wavy hair, wearing an olive-green collared shirt, a gold necklace, ...","A woman with long dark wavy hair, wearing an olive-green collared shirt, a gold necklace, and sunglasses pushed up on her head, films herself in a selfie-style video outdoors against a backdrop of green grass and trees. Throughout the clip she performs to a lively Hindi song, displaying a range of animated expressions—smiling broadly, opening her mouth wide while singing, winking, and making playful hand gestures including pointing toward the camera and waving. A persistent on-screen text overlay at the top reads 'तोहपे खत्म होई.. 💯😍🙈' (translating roughly to 'It ends with you'), accompanied by a small animated American flag sticker in the lower right corner. The overall tone is cheerful, lighthearted, and affectionate, consistent with a personal social media performance video.
Culture moment=Bhojpuri trending song trend; significance=Participates in ongoing viral Bhojpuri music challenge on Instagram Reels.; origin=Indian regional music scene
Entities people=neha singh (Author Name)
Author 【entity-neha singh¦handle=@neharajput_____¦author_id=user-563934562388093313101】
AuthorURL https://www.instagram.com/neharajput_____
70K Followers
Language en


【f714】
URL https://www.instagram.com/reel/DeFBlj5tX84/
Type video
Created 2026-10-04 16:08:08 UTC
330K Likes
510 Comments
Summary: This is a compilation video showcasing the viral social media trend 'I make the face, you make the sound.' Across multiple short clips in different homes, kitchens, and living rooms, pairs of people—couples, friends, and family members—take turns playing the game. One person leans into the camera and makes an extremely exaggerated facial expression (wide eyes, open mouth, grimace), while the other person, off-camera or beside them, provides a loud, comical sound effect such as a scream, yell, animal noise, or burst of laughter. The tone is consistently lighthearted, playful, and joyful, with participants frequently breaking into genuine laughter after each round. Visual details include a man in a white t-shirt with a woman in pink pajamas, a couple with a 'I Love Cart Girls' hat and 'Bogey Bros' shirt, a group of men laughing together, and several women and men in casual home settings. The on-screen text repeatedly states the premise of the challenge. The video has no narrative beyond the repeated comedic interaction.
Culture moment=I make the face you make the sound trend; significance=The trend relies on mismatched facial expressions and unexpected vocalizations for comedy, popular on TikTok/Reels in 2024-2026.; origin=Social media short-form video platforms
Entities products=Carhartt pocket t-shirt, Bogey Bros t-shirt, West Coast Legends graphic tee, Common Hype t-shirt, Nike hoodie, Green Bay Packers jersey
Humor type=Situational; explanation=The comedy comes from the situational mismatch between a person's serious or silly facial expression and the completely unrelated, often absurd sound their partner produces. The humor is amplified by the genuine surprise and contagious laughter when the sound doesn't match expectations—like a loud scream for a pout, or a high-pitched 'I'm gay' yell for a neutral face. This taps into the broader 'expectation vs reality' meme structure common in social media, where the payoff is the authentic, unscripted reaction. The compilation format multiplies this effect by showing diverse people (couples, friends, families) all failing to coordinate, making the awkwardness universally relatable and funny without needing dialogue or setup.
Author 【entity-Funniest People Pranks¦handle=@funniestpeoplepranks¦author_id=user-570399005102234177878】
AuthorURL https://www.instagram.com/funniestpeoplepranks
93K Followers
Language en


【2de2】
URL https://www.instagram.com/reel/DeIckNIRfws/
Type video
Created 2026-10-06 00:00:04 UTC
81K Likes
230 Comments
Summary: Two creators perform a short comedy skit in an indoor room. A woman with a hair roller on her forehead and a man wearing a blue cowboy hat and racing-style jacket present multiple jars of Vaseline petroleum jelly. On-screen text sets up the premise: 'POV: Asians who only know one english phrase.' The woman holds up a standard jar labeled 'BASELINE,' then four jars labeled 'BASELINE S,' then several mini jars labeled 'mini BASELINE.' The man reacts with over-the-top pronunciations captioned as 'NI HOW YU DOIN' and 'ni haolleluja.' A wider shot reveals a desk area with dozens of Vaseline jars scattered on the floor. The woman then presents a giant novelty Vaseline jar labeled 'MEGA BASELINE,' prompting surprised reactions. They swap the cowboy hat, and the woman wears it while the text 'VASELINE' with American flags appears. The tone is playful and absurd, centered entirely on the repeated visual gag of the product and the phonetic joke, with no dialogue beyond the stylized pronunciations and no other plot elements.
Culture moment=ni howdy meme; significance=Plays on viral Asian-American slang blending 'ni hao' and 'howdy' to signal cultural identity humor.; origin=TikTok/Reels Asian diaspora comedy trend
Entities products=Vaseline Original Protecting Jelly
Humor type=Cultural/regional; explanation=The humor derives from a shared cultural experience among Asian and Asian-American audiences familiar with being teased for accents and limited English exposure. By framing 'Vaseline' as the sole known English word and morphing it into 'baseline,' 'ni howdy,' and 'ni haolleluja,' the creators exaggerate the stereotype for comic effect. The visual gag of holding multiple Vaseline jars labeled as different sizes reinforces the absurdity, while the cowboy hat switch adds a layer of American identity play. It functions as self-deprecating in-group humor rather than external mockery, relying on recognition of the 'ni howdy' internet trope popular in diaspora communities.
Author 【entity-Jake Sing Chan¦handle=@jakesing_¦author_id=user-060961602012646067393】
AuthorURL https://www.instagram.com/jakesing_
Verified
770K Followers
Language en


【10d4】
URL https://www.instagram.com/reel/DeEsod1Slm7/
Type video
Created 2026-10-04 13:08:39 UTC
110K Likes
260 Comments
Summary: In a sunny backyard, a family plays the popular 'Choose Your Parent' trend. A mom in a purple shirt and a dad in a black shirt kneel on separate blankets labeled 'Mom' and 'Dad'. One by one, their three golden retrievers — Bear, Twyla, and Riley — and their two toddlers — Honey and Rhett — are shown from behind and run toward the parents. Bear runs to Dad, earning him his only point. Twyla, Honey, Rhett, and Riley all run to Mom. The dad reacts with exaggerated disappointment, eventually putting his head down on the blanket as Mom celebrates with the dogs and children. The video is set to upbeat pop music and has a warm, comedic tone, with the creator's caption noting 'Mom really is the best though so I don't blame them. Round two coming soon!'
Culture moment=Choose Your Parent trend; significance=Reflects popular social media format testing loyalty between parents, pets, and children.; origin=TikTok/Reels family challenge format",audio_meme,true,none,,song-lipsync-solo,1,true,,false,,non-us,Bhojpuri 热门歌曲+印度本土音乐趋势,false
2026-10-06,general,6,https://www.instagram.com/reel/DeFXfz0SLHu,@marcus.tudrick,51000,450,0,25500.0,0.0,0,2026-10-06,2026-10-04,2,true,"A single performer films himself indoors in front of a mirror, wearing an orange sleeveles...","A single performer films himself indoors in front of a mirror, wearing an orange sleeveless cycling jersey with white floral patterns and a bald cap with a cartoon orange sticker on his forehead. On-screen text reads 'oranges finding out theyre named orange.' He acts out both a teacher and a student-orange in a classroom roll-call. The teacher calls 'Orange,' and the student reacts with shock, arguing that he is not just a color but a fruit/citrus and complaining that other fruits get better names like Apple or Cherry. The teacher dismissively tells him he's the only confused one and moves on. The student asks for the number to 'fruit relations,' which the teacher writes down as '1-800-1-D-G-A-F' before saying 'next.' The skit is played for absurdist humor with expressive facial reactions and hand gestures, set in a bedroom with a TV visible in the background showing the same phrase.
Entities people=marcus tudrick (Author Name)
Humor type=Situational; explanation=The humor comes from treating an orange as a sentient being who is offended to learn humans named the color after it, creating an absurd identity crisis. The performer exaggerates indignation, comparing itself to apples and cherries that get positive phrases like 'apple of my eye,' while the orange feels reduced to just a color. The deadpan delivery of a fake customer service number '1-800-1-D-G-A-F' adds a punchline that plays on frustration and modern slang, making the mundane fact of etymology feel like a personal injustice. The visual gag of the cartoon orange stuck to the forehead reinforces the character without needing props.
Author 【entity-marcus¦handle=@marcus.tudrick¦author_id=user-518507111775726454468】
AuthorURL https://www.instagram.com/marcus.tudrick
63K Followers
Language en


【706f】
URL https://www.instagram.com/reel/DeE9c1XMzCR/
Type video
Created 2026-10-04 15:31:34 UTC
14K Likes
130 Comments
Summary: The video shows a street-side pani puri stall in an urban Indian setting. A woman in a green traditional outfit approaches the cart where a man in a red 'Original' shirt is standing. She loudly demands a plate of pani puri, complaining that the man is staring at her and asking if he has never seen a beautiful girl. She then threatens the vendor, saying she knows Section 376 and will get him jailed if he doesn't serve her immediately. The vendor, wearing a white shirt, prepares the pani puri while the man in red watches. After receiving the food, the man in red remarks that she should be served first because she is very hungry ('iske pet mein zyada aag lagi hai'). The interaction is played for comedy, relying on exaggerated entitlement and a dark legal threat.
Entities products=pani puri
Humor type=Situational; explanation=The humor comes from the exaggerated social situation where a customer uses flirtation and an absurd gangster reference ('76') to pressure a pani puri vendor, which is a common trope in Indian street-food culture. The man's deadpan interjection that she has 'more fire in her stomach' reframes her aggression as hunger, creating irony. The final slap sound punctuates the skit like a classic sitcom payoff, relying on audience familiarity with pushy customers and vendor dynamics rather than wordplay alone.
Author 【entity-Abram Putan¦handle=@abramputtan¦author_id=user-660446098055566463041】
AuthorURL https://www.instagram.com/abramputtan
Verified
5M Followers
Language en


【0e12】
URL https://www.instagram.com/reel/DeIchcOhMze/
Type video
Created 2026-10-06 00:00:28 UTC
20K Likes
170 Comments
Summary: The video is a short comedic skit set in what appears to be an arcade-restaurant venue, following a tattooed woman with long dark hair wearing a pink floral top and denim skirt. On-screen text reads 'Eating a well done steak be like :' throughout. She is first seen at a table attempting to eat a piece of steak, chewing with exaggerated difficulty and facial strain. The scene cuts to her standing behind children at an arcade game, covering her mouth as if nauseous. She then enters a restroom stall, emerges clutching her stomach with a pained expression, suggesting digestive discomfort. Later, she is shown with a group of adults and children around a table with colorful cupcakes shaped like the number 8, indicating a birthday celebration. She is later seen kneeling beside a Krispy Kreme bag, retrieving items, and finally getting into the back seat of a car, where she sits looking uncomfortable and bloated. The audio is a gentle solo piano instrumental with no dialogue. The overall tone is humorous and relatable, portraying the common experience of eating tough, well-done meat.
Entities people=Princess Mae (Author Name); products=steak dinner plate, Krispy Kreme paper bag; places=Dave & Buster's
Humor type=Situational; explanation=The humor derives from an exaggerated cause-and-effect scenario familiar to many diners: ordering steak well-done results in toughness, which the video visualizes through labored chewing, children's horrified stares, a frantic bathroom dash, and lingering abdominal discomfort in the car. By pairing the mundane act of eating with escalating physical consequences, the creator taps into shared bodily experience rather than wordplay. The persistent on-screen text acts as a punchline template, allowing viewers to project their own experiences onto the sequence. The inclusion of family members and a birthday cake grounds the skit in everyday life, making the absurdity feel plausible and enhancing the situational irony without relying on sarcasm or dark themes.
Author 【entity-Princess Mae | Hawaii Influencer 🥥🌴¦handle=@realprincessmae¦author_id=user-717074813943239422720】
AuthorURL https://www.instagram.com/realprincessmae
Verified
2.3M Followers
Language en


【bf45】
URL https://www.instagram.com/reel/DeHkSR8PHVv/
Type video
Created 2026-10-05 15:52:02 UTC
150K Likes
190 Comments
Summary: At night at an outdoor street-food stall illuminated by bright lights, a young man and woman stand close together sharing a plate of momos. The man, wearing a black zip-up with white trim, and the woman, in a white crop top, denim jacket, and jeans, engage in playful Hindi dialogue about the food being hot and delicious. They take turns picking up momos, dipping them in sauce, and feeding each other while making exaggerated expressions of enjoyment and mock complaint. The interaction is affectionate and comedic, with gestures like pointing, touching foreheads, and dramatic reactions to the spice/heat. The background shows a busy night market atmosphere with other stalls and people. The tone is light, romantic-comedy style, focused entirely on the shared eating experience.
Entities people=Nehu Tanwar (Author Name); products=steamed momos with chutney, black zip-up sweater, blue denim jacket
Humor type=Situational; explanation=The humor comes from everyday couple dynamics exaggerated for camera: the man insists he will eat equally, the woman teases him for staring lovingly while eating, and both make dramatic faces at the spiciness of the momos. Their back-and-forth about 'garma garam' and feeding each other creates situational comedy familiar to Indian audiences who recognize street-food dates. The performance relies on expressive facial reactions, mock seriousness, and the contrast between romantic posing and messy eating, which is a common trope in Indian couple reels. No punchline is delivered; the comedy is in the relatable awkwardness and affectionate bickering.
Author 【entity-Nehu Tanwar¦handle=@nehu_tanwar777¦author_id=user-328282000494451246275】
AuthorURL https://www.instagram.com/nehu_tanwar777
3.9K Followers
Language en


【c369】
URL https://www.instagram.com/reel/DeHQN2BIpjG/
Type video
Created 2026-10-05 12:54:28 UTC
35K Likes
330 Comments
Summary: A young boy wearing glasses and a black patterned shirt sits at a dining table focused on a laptop. An adult man in a black shirt approaches and places a plate of what appears to be nachos or fried snacks in front of him. The boy closes his laptop and smiles. The man then brings a plate of chocolate bars, which excites the boy further. Finally, the man sets down a whole pizza. After seeing all three junk foods, the boy stands up and walks away from the table. The on-screen Hindi text explains the premise: people say kids shouldn't have junk food. The man then sits in the boy's chair, and new text appears: 'That's why I eat it myself (I'm a responsible father).' He proceeds to pick up and eat the snack from the first plate while the chocolate and pizza remain untouched on the table. The video is set in a home dining area with floral wallpaper and plays an upbeat instrumental track with a male vocalist singing 'It's the one and only Tico Tico.' The tone is comedic and affectionate, portraying a playful father-child dynamic.
Entities people=Maniesh Paul (Author Name); products=plate of fried snack chips, chocolate bars, pizza
Humor type=Situational; explanation=The humor comes from the ironic reversal of expectations set by the opening text. Viewers expect a moral lesson about healthy eating for children, but the father subverts this by claiming responsibility means he will eat all the junk food himself. The visual escalation—first chips, then chocolate bars, then a whole pizza—builds anticipation, and the father's exaggerated enjoyment while the son watches creates a classic parent-child role reversal. This situational irony is common in family comedy reels and relies on shared cultural understanding of parental guilt and temptation around snacks, making it instantly recognizable without dialogue.
Author 【entity-Maniesh Paul¦handle=@manieshpaul¦author_id=user-527569739279084441604】
AuthorURL https://www.instagram.com/manieshpaul
Verified
3.4M Followers
Language en",hook,true,weak,,solo-mirror-character-skit,1,true,,false,,unknown,"英语+卧室布景,无地域线索",false
2026-10-06,general,7,https://www.instagram.com/reel/DeFpQUtCahC,@jeenie.weenie,47000,230,0,23500.0,0.0,0,2026-10-06,2026-10-04,2,true,A single creator performs a two-character comedy skit about ordering McDonald's. In the fi...,"A single creator performs a two-character comedy skit about ordering McDonald's. In the first role, a younger woman with her hair in a messy bun (white t-shirt) is in a kitchen looking at her phone and tells her mom she's ordering McDonald's and asks if she wants anything. The scene cuts to the second role — 'My Korean Mom' — played by the same actress with short brown hair and a blue polka-dot shirt, sitting on a couch watching TV. The mom reacts with mock confusion, asking 'From where???' and claiming it's her first time hearing of the place. The daughter insists they literally ate there yesterday — the mom had a Big Mac and she had chicken nuggets. The mom continues to feign forgetfulness ('REALLY??? How come I don't remember this', 'I DON'T KNOW!'), frustrating the daughter who yells 'MCDONALD'S!!!!'. The daughter then tries pronouncing it as 'MACK-DON-AL-DU (McDonald's)', and the mom immediately lights up with recognition. The tone is playful and affectionate, portraying a common cultural/language humor dynamic in immigrant families.
Culture moment=Korean mom stereotype humor; significance=Reflects common social media trope of immigrant parents selectively forgetting Western fast food.; origin=Social media family comedy trend
Entities products=McDonald's fast food, Big Mac sandwich, chicken nuggets
Humor type=Situational; explanation=The humor comes from the absurd denial: the mom claims it's her 'first time hearing' of McDonald's even though the daughter reminds her they ate there yesterday (Big Mac and chicken nuggets). The comedy is amplified by the creator playing both roles, switching between an exasperated daughter and a wide-eyed, innocent mom, using exaggerated facial reactions and vocal delivery. It taps into a widely recognized cultural trope of immigrant parents who pretend unfamiliarity with Western chains while secretly enjoying them, making the situation relatable and funny without malice.
Author 【entity-JEENIE¦handle=@jeenie.weenie¦author_id=user-223098686047458949670】
AuthorURL https://www.instagram.com/jeenie.weenie
Verified
2.6M Followers
Language en


【3cf4】
URL https://www.instagram.com/reel/DeEqru5KXsk/
Type video
Created 2026-10-04 12:47:28 UTC
6.8K Likes
350 Comments
Summary: The video is a short outdoor comedy skit set on a sunny residential street in Uganda, identifiable by palm trees and houses in the background. A man with dreadlocks and glasses wearing a patterned shirt holds a banana and demonstrates 'how to eat a banana in Uganda' according to the on-screen text. He peels the banana, then meticulously picks out a small white stringy piece from the fruit and eats it himself. The camera cuts to a second man wearing a black t-shirt and bucket hat who reacts with increasingly exaggerated expressions of shock, confusion, and disapproval, leaning into the camera and making faces. The interaction is silent except for background music, relying entirely on visual comedy and the contrast between the demonstrator's serious demeanor and the observer's judgmental reactions. The overall tone is lighthearted and humorous, playing on cultural food practices.
Entities products=banana
Humor type=Situational; explanation=The humor derives from subverting the universal expectation of how to eat a banana. Viewers anticipate the standard peel-and-eat-the-fruit action, but the performer instead focuses on peeling carefully and then putting a small white fibrous piece into his mouth, implying consumption of the peel interior. The comedy is amplified by the cutaway to the second character whose increasingly intense, confused, and disgusted reactions serve as the audience surrogate. This contrast between deadpan delivery and over-the-top reaction creates situational irony rooted in cultural curiosity rather than insult, making it broadly accessible slapstick.
Author 【entity-LEARNMORE¦handle=@learnmore_jonasi¦author_id=user-936876809326519913396】
AuthorURL https://www.instagram.com/learnmore_jonasi
Verified
660K Followers
Language en


【e847】
URL https://www.instagram.com/reel/DeHhIIEyXHv/
Type video
Created 2026-10-05 15:20:07 UTC
14K Likes
360 Comments
Summary: The video shows a man and a woman at an outdoor/indoor restaurant setting, presented as a lighthearted food-reaction skit. Initially, the woman in a maroon patterned top eats appam with egg curry, tearing the bread and dipping it, while the man in a grey 'WAITING' t-shirt sits opposite with an empty plate, looking at the camera. She then drinks tea from a glass mug outdoors, making satisfied expressions. Later, the scene shifts to evening; the woman, now in a blue floral top, sips a white frothy drink through a straw and immediately reacts with exaggerated disgust, scrunching her face and appearing to cry. The man, now in a black 'MUSIC' t-shirt, reacts with wide-eyed surprise and confusion, holding his own similar drink. The tone is comedic and performative, focusing on contrasting reactions to food and drink.
Entities people=Sibi Joseph (Author Name)
Humor type=Situational; explanation=The humor derives from the contrast between the woman's enthusiastic eating and immediate satisfaction versus the man's prolonged waiting and bewildered reactions to her drinks. It plays on common couple dynamics where one partner finishes quickly while the other is left waiting, amplified by exaggerated facial expressions when tasting chai and lassi. The situational comedy is rooted in everyday South Indian dining culture, making it relatable without relying on punchlines or memes, and fits the popular 'couple reels' format on Instagram Reels.
Author 【entity-𝐒𝐢𝐛𝐢 𝐣𝐨𝐬𝐞𝐩𝐡¦handle=@actor_sibijoseph¦author_id=user-832155454313880247431】
AuthorURL https://www.instagram.com/actor_sibijoseph
48K Followers
Language en


【056f】
URL https://www.instagram.com/reel/DeEyrd6tkNS/
Type video
Created 2026-10-04 13:56:50 UTC
83K Likes
330 Comments
Summary: The video is a short comedy skit titled 'When you go on a Date.' It opens in a restaurant where a young man in a black jacket tells his female date that the place is his favorite. She agrees it's nice and says the food is really good but she can't finish her avocado toast. He immediately offers to parcel it, explaining he'll give it to a hungry person so their stomach will be full. The scene then cuts to the man's home, where he sits on a blue couch between two male friends who are eating the leftover food. When they ask if it's fresh and where he got it, he dismisses them, telling them to eat quietly and calling them 'Beggar.' The skit portrays the man as extremely cheap on a date, saving money by taking home leftovers for himself and his friends.
Entities people=Dhiraj sanap (Author Name)
Humor type=Situational; explanation=The humor comes from violating the expected romantic date script. Viewers anticipate generosity or romance, but the man prioritizes thriftiness by treating the date's leftovers as free food for his friends. The second scene reveals the payoff: the friends are happily eating the avocado toast while questioning its origin, and the protagonist dismisses them as 'beggars.' This situational irony—using a date as a food procurement mission—is amplified by the deadpan delivery and the friends' oblivious enjoyment. The joke relies on cultural familiarity with Indian dating norms where splitting or saving food can be seen as stingy, making the exaggerated frugality funny rather than malicious. The repeated 'When you go on a Date' text frames it as a universal experience, enhancing relatability.
Author 【entity-Dhiraj sanap¦handle=@dhirajjjjj_¦author_id=user-345405428686858343169】
AuthorURL https://www.instagram.com/dhirajjjjj_
Verified
1M Followers
Language en


【aa1c】
URL https://www.instagram.com/reel/DeHqDCEtat7/
Type video
Created 2026-10-05 16:39:28 UTC
22K Likes
29 Comments
Summary: In a modern home kitchen with stainless steel refrigerators covered in magnets, a woman with long brown hair in a black top and jeans stands beside a seated man in a white t-shirt eating a bowl of pasta. On-screen Arabic text asks viewers to predict the husband's reaction to his wife's cooking. After taking a large bite, the man reacts with theatrical delight, standing up to perform an energetic victory celebration — fist-pumping, shadowboxing, and dancing around the table while the woman cheers him on, laughing and clapping. They share a high-five and a warm hug before he returns to his meal. A green energy drink can sits on the wooden table throughout. The tone is playful, affectionate, and comedic, portraying a couple's exaggerated celebration of a successful home-cooked meal. The video is posted by @justchris, identified as co-founder of elmaestroproducts.
Entities products=energy drink can
Humor type=Situational; explanation=The humor arises from situational incongruity: a mundane act of tasting pasta is treated with the intensity of a sports championship win. The husband's sudden shift from quiet eating to full-body fist-pumping, shadowboxing, and shouting subverts the expected polite compliment, turning domestic approval into physical spectacle. The wife's delighted encouragement reinforces the shared joke, making the overreaction relatable to anyone who has wanted validation for cooking. This fits common couple-comedy tropes on social media where everyday moments are inflated for laughs, relying on timing, expressive body language, and the contrast between calm setup and explosive payoff rather than wordplay.
Author 【entity-Chris - كريس¦handle=@justchris¦author_id=user-253529311386706697710】
AuthorURL https://www.instagram.com/justchris
Verified
3.7M Followers
Language en


【efae】
URL https://www.instagram.com/reel/DeHptLHpUUe/
Type video
Created 2026-10-05 16:36:41 UTC
8.6K Likes
26 Comments
Summary: A single actor plays all roles in a fast-paced restaurant kitchen comedy posted by @scubeskitchen. As a server in a white shirt and patterned tie, he relays Table 12's order for a burger with no onions, then adds the customer also wants no bun and tried to substitute fries for salad. Switching to a chef's coat labeled 'Chef Scubes,' he reacts with sarcastic judgment and insists on ringing in exactly what was ordered. The scene shifts to a man in a gray blazer portraying a produce supplier, who reveals he switched vendors without permission to save $14 per order, resulting in 50 fifty-pound sacks (2,500 pounds) of poor-quality onions arriving tomorrow between 8 and 4. The chef is stunned at spending over $1,000 on bad onions. Finally, as a dishwasher in an apron and headphones, the same actor asks for his break after only three minutes on shift, leading to another terse exchange about legally distinct breaks versus bathroom trips. The tone is satirical and relatable to food-service workers.
Humor type=Situational; explanation=The humor derives from realistic restaurant miscommunication amplified to absurdity. The initial mundane request for 'no onion' spirals as the server keeps adding unsolicited modifications, mirroring real diner behavior that frustrates staff. The punchline shifts from customer service to internal management failure when the chef discovers his own supplier made a catastrophically cheap decision—buying 2,500 pounds of onions to save $14—highlighting how cost-cutting can backfire spectacularly. The final beat with the dishwasher demanding a break after three minutes caps the sketch with universal workplace impatience. It resonates because it layers two common industry pains: difficult customers and poor managerial decisions, played straight by one actor, making the escalation feel both believable and ridiculous.
Author 【entity-Scubes¦handle=@scubeskitchen¦author_id=user-027466256913283362499】
AuthorURL https://www.instagram.com/scubeskitchen
Verified
580K Followers
Language en


【af7d】
URL https://www.instagram.com/reel/DeEc4NVyl5I/
Type video
Created 2026-10-04 10:59:42 UTC
75K Likes
160 Comments
Summary: A short, warm-toned social media clip shows a young couple sitting at a small table covered with a green and white crocheted cloth. The woman wears a red patterned top with large earrings, and the man wears a black t-shirt with 'WAVE' printed on it. On-screen text reads 'Pov :- ""No Matter What, Food Is Important""' with emojis. They share a plate of small white round food items (appearing to be boiled eggs or dumplings), taking turns feeding each other with forks. The interaction is playful and affectionate, escalating to comedic moments where the man gently holds the woman's face to put food in her mouth, and she reciprocates by standing up to feed him. In the background, there are decorative pillows with photos and an 'I LOVE YOU' design, red ambient lighting, and a plant. The video has a lighthearted, romantic-comedy feel emphasizing food as a central bonding activity, set to upbeat South Asian music.
Humor type=Situational; explanation=The humor arises from the exaggerated commitment to eating despite apparent disagreement. The setup frames food as non-negotiable, and the payoff comes when the man physically holds the woman's head to ensure she eats, then she retaliates by feeding him and walking away. This situational escalation is relatable to couples who use food as comfort or leverage, making the absurd persistence funny without dialogue. The contrast between the sweet initial feeding and the mock-forceful finish creates a classic bait-and-switch comedic beat common in short-form couple content.
Author 【entity-Ajay Kumar¦handle=@ajay_kumar.__00¦author_id=user-738901105232380955163】
AuthorURL https://www.instagram.com/ajay_kumar.__00
59K Followers
Language en


【add1】
URL https://www.instagram.com/reel/DeE7OLjK6Cd/
Type video
Created 2026-10-04 15:11:36 UTC
110K Likes
290 Comments
Summary: A short-form social media reel by creators Shubham & Nishita shows a relatable couple dynamic centered on food. Filmed selfie-style outdoors on a tree-lined street, the first segment labeled 'Before Food 😡' features the man in a black polo looking at the camera while the woman in a maroon dress walks behind him with an annoyed, pouting expression. The scene cuts to inside a fast-food restaurant with yellow walls, where the woman eats a burger and fries while the man rests his chin on his hand and watches her. The final segment labeled 'After Food 😍' returns outdoors, where the woman is now smiling, playful, and affectionate, holding the man's arm and leaning on his shoulder as they walk. The video's tone is lighthearted and humorous, playing on the common trope that a partner's mood improves dramatically after eating, intended for entertainment and relatability.",personality,false,weak,,immigrant-parent-food-skit,1,true,,false,,us-likely,"韩裔移民家庭梗+英语,典型美国亚裔创作者",false
2026-10-06,general,8,https://www.instagram.com/reel/DeGCGZERzpb,@ashgutermuth,18000,21,0,18000.0,0.0,0,2026-10-06,2026-10-05,1,true,"In a bright home kitchen, a woman with short hair wearing a navy tracksuit stands behind a...","In a bright home kitchen, a woman with short hair wearing a navy tracksuit stands behind an island holding a small pumpkin. On-screen text reads 'I am his aging process.' She playfully asks her partner off-camera, 'Babe, if you had a secret girlfriend, what would you tell her about me?' The man responds that he'd tell her they'd get caught, she probably already knows, and there's a good chance she set the whole thing up. The woman reacts with exaggerated delight, celebrating his answer as well-trained, raising her hand for a high-five and saying 'Up top, boy!' The tone is comedic and affectionate, portraying a married couple joking about jealousy and fidelity.
Entities people=Ashley Gutermuth (Author Name); products=small orange pumpkin
Humor type=Situational; explanation=The humor arises from the familiar domestic scenario where a wife playfully interrogates her husband about a hypothetical affair. The expected defensive or romantic answer is subverted when the husband admits they'd get caught because she already knows and likely set it up, flipping the power dynamic. The wife's proud response 'I'm top boy, trained you right' reinforces her control, making the situation funny through role reversal and exaggerated confidence. The final twist asking about a secret boyfriend and answering 'which one?' adds a second layer of mutual infidelity implication, heightening the absurdity. This situational irony relies on audience recognition of long-term relationship dynamics rather than slapstick, fitting common social-media couple-sketch tropes.
Author 【entity-Ashley Gutermuth¦handle=@ashgutermuth¦author_id=user-006846378056317172510】
AuthorURL https://www.instagram.com/ashgutermuth
440K Followers
Language en


【889f】
URL https://www.instagram.com/reel/DeHpJBDx7C3/
Type video
Created 2026-10-05 16:32:41 UTC
7.8K Likes
190 Comments
Summary: In this short-form comedy skit by creators Ryan & Jen Hamilton (@hammy_tv), a woman performs a mock extraction on her sleeping husband lying on a white couch. On-screen text reads 'POV: you take your husbands man powers.. 😳'. She leans over him with a large syringe, miming drawing out his 'powers,' then holds the syringe up to the camera with a knowing look. She walks through their modern home carrying laundry, enters a bathroom with dark floral wallpaper, and stands at the toilet before flushing. Afterward, the husband, now awake in the kitchen, struggles weakly at the sink while washing dishes. He then collapses onto the couch clutching his chest dramatically as she pats his head and walks away. Finally, she carries two trash bags to the front door and leaves. The tone is playful and exaggerated, using the trope of draining a partner's masculinity for laughs, underscored by the caption emojis 😳💀😂.
Entities people=Jen Hamilton (Post Caption), Ryan Hamilton (Post Caption)
Humor type=Situational; explanation=The humor comes from the absurd literalization of 'taking a man's powers'—a common colloquial way to talk about masculinity or sexual energy—and treating it like a physical substance that can be syringed out and flushed. The comedy builds through expectation vs reality: the wife acts clinical and triumphant, while the husband instantly transforms from capable to comically incapacitated, unable to wash dishes and collapsing on the couch. This plays on familiar couple dynamics where partners joke about who holds the 'energy' in the relationship, amplified by the deadpan execution and the mundane domestic settings. The skit references the broader social media POV meme format where creators stage hypothetical scenarios, and the specific 'man powers' phrasing taps into internet slang about male vitality, making the situation relatable yet ridiculous without needing dialogue.
Author 【entity-Ryan & Jen Hamilton (HAMMY TV)¦handle=@hammy_tv¦author_id=user-467849042643132518094】
AuthorURL https://www.instagram.com/hammy_tv
Verified
8.8M Followers
Language en


【4f07】
URL https://www.instagram.com/reel/DeFkTH5z9i0/
Type video
Created 2026-10-04 21:13:36 UTC
9.3K Likes
90 Comments
Summary: A young man and woman perform a playful, comedic duet on a bed in a warmly lit room. The woman, wearing a blue button-up shirt and holding a large pink fluffy pillow, initially appears to scold the man, who wears a black-and-white striped long-sleeve shirt. He responds with exaggerated, humorous expressions. They quickly shift to smiling and laughing together, then launch into an energetic lip-sync performance to a fast-paced Hindi pop song. Throughout the clip, they make expressive hand gestures, point at the camera, dance on the bed, and maintain direct eye contact with the viewer, creating an engaging, lighthearted social media-style video focused on couple chemistry and entertainment.
Entities people=Roshan Pawar (Author Name)
Humor type=Situational; explanation=The humor arises from the contrast between the woman's initial stern, scolding demeanor and the man's over-the-top, joyful reactions. The setup mimics a common domestic squabble, which quickly dissolves into mutual laughter and coordinated silly dancing on the bed. The comedy is amplified by exaggerated facial expressions—wide eyes, open-mouth singing, and theatrical hand movements—and the physical incongruity of dancing energetically while seated on pillows. It fits the popular social-media format of couple skits where everyday friction is resolved through shared play, making it relatable and lighthearted without relying on dialogue or punchlines.
Author 【entity-Roshan Pawar 🇮🇳 रोशन पवार¦handle=@official_roshu.07¦author_id=user-329760406636364814679】
AuthorURL https://www.instagram.com/official_roshu.07
44K Followers
Language en",hook,true,strong,"我拿着南瓜(或橘子)问女友'如果你有 secret boyfriend,你会跟他怎么说我',她机智回答反将一军,我举手要求 high five, on-screen 全程字幕",duo-couple-quiz-dialogue,1,true,,false,,us-likely,"英语+美国式夫妻互怼,创作者 Ashley Gutermuth",false
2026-10-06,general,9,https://www.instagram.com/reel/DeHol_woyCP,@realcamillaara,18000,100,0,18000.0,0.0,0,2026-10-06,2026-10-05,1,true,"In a bright, modern living room with large glass doors, a young woman in a blue sweatsuit ...","In a bright, modern living room with large glass doors, a young woman in a blue sweatsuit and a young man in a white t-shirt and graphic sweatpants perform a short comedic skit. On-screen text reads ""Omg a spider!"" as the woman reacts with mock fear, jumping into the man's arms and being lifted off the ground while he holds her. After she steps down, new text appears: ""Omg an engagement ring!"" She points excitedly at his hand, and he again lifts her up in an enthusiastic hug and spin. A small brown dog is visible in the background throughout. The scene is set to a pop song with female vocals singing about love and apologies. The tone is playful, affectionate, and humorous, depicting a staged couple moment.
Entities people=camilla araujo (Author Name); products=oversized sweatsuit, graphic sweatpants, white t-shirt
Humor type=Situational; explanation=The humor comes from the classic bait-and-switch structure. Viewers expect a genuine fear response to a spider, which is a common trope, and the woman's dramatic jump into her partner's arms fulfills that expectation. The second beat immediately repeats the same physical gag but swaps the cause to an engagement ring, revealing her priorities are romantic rather than practical. This repetition with a twist creates situational irony and relatability for audiences familiar with couple dynamics, where small gestures are amplified for affection. The performance is intentionally over-the-top, making the contrast between the mundane (a spider) and the significant (a proposal) the source of comedy without any malice.
Author 【entity-camilla araujo¦handle=@realcamillaara¦author_id=user-358277021692310930758】
AuthorURL https://www.instagram.com/realcamillaara
Verified
6.8M Followers
Language en


【a559】
URL https://www.instagram.com/reel/DeHqZYfot3O/
Type video
Created 2026-10-05 16:42:17 UTC
190 Likes
Summary: This short-form video, posted by @i_anjali_sa with a Tom and Jerry-themed caption about 'all kinds of chasing,' depicts a staged comedic interaction between a young man and woman at night under an ornate gazebo. Bathed in a heavy warm yellow filter, the man wears an all-white outfit and sandals, while the woman wears a black t-shirt, ripped jeans, and a red baseball cap. The sequence shows them playfully interacting, then the man performs an exaggerated act of being out of breath and overwhelmed, leaning against a pillar, clutching his chest and head, while the woman holds his arm and looks on with amused concern. The audio features upbeat background music with comedic sound effects. The overall tone is light, humorous, and performative, consistent with social media couple skits, with no risky or mature content present.
Culture moment=Tom and Jerry chase trope; significance=References the classic cat-and-mouse chase dynamic popularized by the franchise.; origin=Tom and Jerry franchise
Humor type=Situational; explanation=The humor derives from situational exaggeration rather than dialogue. The man transforms a simple playful chase into melodramatic collapse, clutching his chest and head as if mortally wounded, which contrasts sharply with the harmless park setting and the woman's deadpan supportive reaction. This subversion of expectation—treating a game as life-threatening—is a common physical comedy device reminiscent of Tom and Jerry's endless pursuit where characters survive impossible exertion. The lack of actual danger makes the overreaction funny, and the shared understanding that this is performance invites viewers to laugh at the absurd commitment to the bit. The warm lighting and casual clothing further ground it in everyday relatability, making the theatrical exhaustion feel intentionally silly rather than serious.
Author 【entity-i_anjali_sa¦handle=@i_anjali_sa¦author_id=user-228984175084714590792】
AuthorURL https://www.instagram.com/i_anjali_sa
18K Followers
Language en


【8d7b】
URL https://www.instagram.com/reel/DeGCyhrIDD3/
Type video
Created 2026-10-05 01:37:13 UTC
42K Likes
69 Comments
Summary: A young man and woman sit side-by-side on a floral-patterned sofa in front of gold curtains, both initially absorbed in their smartphones. The woman suddenly looks up with a wide-eyed, shocked expression and turns to the man, initiating an animated conversation. They gesture toward each other while talking, and the interaction becomes playful — the man raises his hand in a mock-scolding motion, and the woman bursts into laughter, covering her mouth with her hand. The tone is comedic and relatable, depicting modern couple dynamics around digital distraction. The video is captioned in Hindi/Marathi suggesting marital humor ('Lagan zal pagal'), posted by creator @attitude.___queen_. No explicit content, violence, or policy-violating material is present; it is suitable for general audiences.
Humor type=Situational; explanation=The humor is situational and relatable, deriving from the universal experience of couples ignoring each other while absorbed in their phones. The comedy builds through the woman's sudden, exaggerated shock—implying she discovered something alarming online—which contrasts with the man's continued indifference. Their subsequent playful argument, marked by expressive gestures and the man's mock-defensive hand raise, escalates the mundane moment into performance. The payoff is the woman's uncontrollable laughter while covering her face, signaling the absurdity of the situation rather than genuine conflict. This taps into the common social media trope of 'phone vs partner' skits popular in Indian short-form content, where everyday domestic friction is amplified for comedic effect without malice. The lack of actual anger and the quick resolution into shared amusement makes it feel authentic and endearing rather than confrontational.
Author 【entity-ritu...💕💌¦handle=@attitude.___queen_¦author_id=user-710486629395896835465】
AuthorURL https://www.instagram.com/attitude.___queen_
38K Followers
Language en


【f469】
URL https://www.instagram.com/reel/DeHiduxSZM6/
Type video
Created 2026-10-05 15:33:13 UTC
5.9K Likes
12 Comments
Summary: The video opens with a blurry shot of a ceiling with purple LED lighting before focusing on three people standing in a bedroom with pink-floral wallpaper. A woman wearing a long green traditional dress with gold embroidery stands between two men in plain white t-shirts and jeans. Throughout the clip, they engage in lively, smiling conversation with frequent hand gestures — the man on the left points at the woman and talks animatedly, while the woman responds expressively, at times placing her hand on the right man's shoulder and laughing. The man on the right mostly listens with his hands in his pockets, occasionally smiling and gesturing back. A bed with white linens is visible in the foreground, and water bottles sit on a nightstand. An upbeat Hindi film-style song plays as background music. The overall tone is cheerful and comedic, portraying a staged, affectionate interaction consistent with social media couple/friend skits. The on-screen caption identifies the creator as Abhishek Pandey Golu and refers to his partner 'Lola.'
Humor type=Situational; explanation=The humor arises from the classic situational setup of one woman caught between two attentive men, a familiar trope in Indian social-media skits. The comedy is not driven by punchlines but by exaggerated body language—pointing, feigned jealousy, and the woman's coy smiles—which signals a mock romantic dilemma. Viewers recognize the harmless 'who will she choose' dynamic, amplified by the domestic bedroom setting and the creator's caption joking about a strict wife named Lola. This creates ironic contrast: the on-screen flirtation is presented as fictional performance while the caption asserts real-life fidelity, making the scene amusing without being offensive. The upbeat music further frames it as entertainment rather than genuine conflict, aligning with popular short-form relationship humor trends.
Author 【entity-(H) Abhishek Pandey Golu¦handle=@abhishekpandeygolu2321¦author_id=user-710659637755064667811】
AuthorURL https://www.instagram.com/abhishekpandeygolu2321
72K Followers
Language en


【6a1c】
URL https://www.instagram.com/reel/DeFjYE-zEhb/
Type video
Created 2026-10-04 21:06:25 UTC
25K Likes
49 Comments
Summary: The video is a short Hindi-language domestic comedy presented as 'POV: When You Get Your Dream Wife.' A man in a green shirt sits on a grey sofa writing, while a woman in a peach embroidered salwar-kameez arrives with a suitcase, announcing she is going to her parents' house for 2-3 days. She explains this is ideal for him — he can drink alcohol, eat whatever he wants, and won't be bothered, while she enjoys time with family. Initially confused, the man becomes visibly happy. They later sit together sharing cake affectionately. In subsequent scenes, she lounges on the sofa watching TV while he works on a laptop at a desk, and then she retreats to the bedroom under a blanket claiming she needs quiet for work-from-home. He checks on her, offers to leave her alone, and she eventually gets up and leaves the room, prompting his relieved smile. The tone is lighthearted and romanticized, portraying an accommodating wife who gives her husband personal space and freedom.
Entities products=rolling suitcase, MacBook laptop, smartphone, white plate, TV remote control, blue patterned blanket, grey fabric sofa
Humor type=Situational; explanation=Humor arises from the exaggerated expectation of a 'dream wife' who willingly vacates the house for several days so her husband can freely host friends and drink alcohol. The comedy is situational rather than punchline-driven, relying on the contrast between typical marital negotiation and this overly accommodating behavior. The wife frames leaving as considerate, while the husband initially resists then accepts, creating a gentle irony about gender roles in Indian households. The repetition of her asking how many days she will stay away underscores the absurdity. It taps into common social media tropes about ideal partners and relatable couple dynamics, making it funny through recognition rather than slapstick.
Author 【entity-Bharat Furyy¦handle=@bharat_furyy¦author_id=user-538731178154357587067】
AuthorURL https://www.instagram.com/bharat_furyy
66K Followers
Language en


【ff70】
URL https://www.instagram.com/reel/DeFVTxPs_oS/
Type video
Created 2026-10-04 19:00:21 UTC
55K Likes
1K Comments
Summary: Two young men perform a skit labeled 'POV: you live in the Middle East'. One, wrapped in an American flag and wearing a pink collar with a leash, plays the 'America/US' role; the other, in a dark suit, plays an 'Israel' role (with an Israeli flag emoji briefly on his chest) and holds the leash. The video cuts between backyard, kitchen, and street scenes showing the suited man feeding the flagged man scraps from a bowl, leading him around like a pet, making him kneel, and ignoring his pleas. Dialogue references starting a war, food promised 3,000 years ago, a ceasefire, and a third 'Brit' character who appears with tea, acknowledges the situation is 'bloody bad' but does nothing. The tone is comedic and exaggerated, using physical comedy and political references to parody the dynamics of the Middle East conflict, ending with the US-flag character looking distressed while drinking tea outside.
Culture moment=POV meme format applied to geopolitics; significance=Uses popular TikTok/Reels POV structure to comment on US foreign policy and Israel-Palestine perceptions.; origin=Social media short-form comedy trend
Entities products=American flag, DSLR camera, glass mug, milk bottle
Humor type=Satire; explanation=The humor derives from literalizing geopolitical relationships: the US as a leashed pet draped in its flag, Israel as the owner taking food 'promised 3000 years ago,' and Britain as a well-meaning but useless bystander offering only verbal acknowledgment. It uses exaggeration, role reversal, and profanity to mock real-world diplomatic dynamics, fitting the 'POV' meme trend where viewers imagine living under foreign influence. The absurdity of treating nations as people in a domestic dispute creates dark comedy about power, dependency, and empty international statements.
Author 【entity-BigH¦handle=@bighskit¦author_id=user-113506535725631442229】
AuthorURL https://www.instagram.com/bighskit
49K Followers
Language en


【39e5】
URL https://www.instagram.com/reel/DeCK36KBkUA/
Type video
Created 2026-10-03 13:31:01 UTC
1.1K Likes
13 Comments
Summary: In a modern living room with marble flooring and a red-and-black sofa, a man in a beige 'CLEVELAND' sweatshirt sits on the couch eating from a plate while a woman in a red patterned dress sits on the floor sorting potatoes, tomatoes, and chilies into a red colander. After placing vegetables on a green cloth, the man gets up, takes her hand, and playfully pulls her, causing both to tumble onto the floor and spill the vegetables. They laugh, she playfully hits him, and he returns to the couch. She gathers the spilled produce back into the colander, stands up, and walks away toward the kitchen area while the man continues eating alone on the sofa. The tone is comedic and relatable, portraying everyday couple dynamics through exaggerated physical humor set to upbeat background music.
Entities products=long-sleeve sweatshirt
Humor type=Situational; explanation=The humor arises from the relatable situation of one partner working while the other relaxes, escalated by exaggerated physical comedy. The wife's focused chore versus the husband's casual eating creates expectation, which is subverted when his attempt to help becomes a clumsy pull that sends them both tumbling. Their laughter afterward signals it is staged affection, not conflict, making the mundane household task funny through timing and physicality rather than dialogue.
Author 【entity-KL shobasureshAni¦handle=@kl_shobasureshani¦author_id=user-078035827972676223360】
AuthorURL https://www.instagram.com/kl_shobasureshani
860K Followers
Language en",hook,true,strong,"和女友拍 bait-and-switch: on-screen 'OMG 有蜘蛛!'她尖叫跳我怀里我抱起;切场 on-screen 'OMG 最后一块牛排!'她同样跳上来,我抱着转圈",duo-couple-bait-switch-gag,1,true,,false,,unknown,"英语,无明确地域线索",false
2026-10-06,general,10,https://www.instagram.com/reel/DeHRMNbhNmh,@admhrscha,15000,49,0,15000.0,0.0,0,2026-10-06,2026-10-05,1,true,"In a modern home kitchen at night, a man wearing a white 'FACILITY' t-shirt stands at a ta...","In a modern home kitchen at night, a man wearing a white 'FACILITY' t-shirt stands at a table preparing food in a small dish. A woman in a white fitted t-shirt and jeans joins him. He tastes the food, then playfully offers her a bite from his spoon. After she accepts, he picks up a large wooden bowl from the table and gently presses it against her face, covering her nose and mouth, while she continues to hold another bowl. She remains standing with the bowl on her face, appearing amused. The scene is set to background music that ends with a loud scream. The overall tone is casual, affectionate, and comedic, portraying a married couple sharing a silly moment together, consistent with the post's 'sharing' theme and comedy hashtags.
Humor type=Situational; explanation=The humor arises from the everyday domestic situation of sharing food escalating into absurd physical comedy. Viewers expect a simple feeding moment between partners, which is common in couple content, but the payoff subverts that expectation by turning it into a slapstick gag with the bowl stuck to the woman's face. This bait-and-switch from tender to silly creates situational comedy without dialogue, relying on visual timing and the woman's amused reaction. It fits the popular social media trope of 'marriage humor' where mundane interactions become exaggerated for laughs, making it relatable to audiences familiar with playful partner dynamics.
Author 【entity-BABAYAGA¦handle=@admhrscha¦author_id=user-841698071479538854676】
AuthorURL https://www.instagram.com/admhrscha
20K Followers
Language en


【5aa0】
URL https://www.instagram.com/reel/DeA9JBtT1_X/
Type video
Created 2026-10-03 02:14:27 UTC
54K Likes
180 Comments
Summary: The video consists of two short clips. In the first, longer indoor scene, a woman in a red patterned dress and gold jewelry sits on a patterned sofa next to a man in a light gray polo shirt and jeans. He holds a metal plate with a small green item. She uses a fork to feed him, then he takes the fork and feeds her back. They exchange smiles and conversation throughout the interaction, appearing comfortable and affectionate. The setting is a simple home interior with a plain wall and window bars visible. The second clip cuts to an outdoor daytime scene where a young boy in a patterned shirt stands by a yellow railing on a paved street, laughing heartily while holding a small yellow cup. The overall tone is casual, wholesome, and lighthearted, showing everyday moments of sharing food.
Humor type=Situational; explanation=The humor comes from the everyday domestic scenario of one partner feeding the other, played with exaggerated care and reactions that feel relatable to couples. The woman's attentive feeding, the man's receptive eating, and their shared smiles create a warm, situational comedy. The abrupt cut to the unrelated boy laughing hysterically adds an absurd punchline effect, amplifying the lighthearted mood. There is no scripted joke, but the contrast between intimate couple behavior and the random joyful child creates a bait-and-switch amusement typical of short-form reels. The overall tone is affectionate rather than mocking, relying on visual charm and infectious laughter rather than dialogue.
Author 【entity-Puvi ❤️ Pandi¦handle=@puvipandi_official¦author_id=user-657360038376713381417】
AuthorURL https://www.instagram.com/puvipandi_official
180K Followers
Language en


【fa38】
URL https://www.instagram.com/reel/DeDGEsWtKwK/
Type video
Created 2026-10-03 22:10:18 UTC
11K Likes
180 Comments
Summary: The video opens with a young woman lying in bed against a marble-patterned wall, speaking directly to camera. On-screen text and her speech deliver a joke: 'sometimes compliments to the chef, Chef's kiss is not enough, I need to go to the back of the kitchen and f**k the chef.' The scene then cuts to a young man working in a commercial restaurant kitchen, wearing a pink t-shirt, black apron, and backward maroon cap while holding tongs at a grill station. He turns toward the camera with a surprised expression and responds verbally, 'What? Somebody say something about a chef doing some cooking over here?' The clip juxtaposes the woman's sexually-charged food compliment with the chef's confused reaction, creating a short-form comedy skit centered on the innuendo.
Humor type=Situational; explanation=The humor comes from subverting the polite 'chef's kiss' compliment into an overtly sexual demand. The audience expects a food appreciation trope, but the speaker replaces it with 'I need to go to the back of the kitchen and fuck the chef,' creating shock value through taboo sexual language. The second half amplifies this by showing the actual chef hearing the comment, his confused facial reaction serving as the punchline payoff. This bait-and-switch structure relies on cultural familiarity with restaurant praise and the double meaning of 'back of the house,' making the innuendo instantly recognizable and cringe-funny for adult viewers familiar with internet sexual humor trends.
Author 【entity-Kush Papi 🍇🍊🍍¦handle=@kushpapi_¦author_id=user-219764124759033695339】
AuthorURL https://www.instagram.com/kushpapi_
Verified
2.5M Followers
Language en


【dc09】
URL https://www.instagram.com/reel/DeEbThDTD23/
Type video
Created 2026-10-04 10:33:07 UTC
76K Likes
640 Comments
Summary: A young couple sits at a table in a casual restaurant with ceiling fans visible overhead. On-screen text reads 'POV ketika hidup terlalu damai' (POV when life is too peaceful). The man, wearing a green short-sleeve shirt, holds a fork with food and feeds the woman, who wears a light blue sleeveless top and white cap. As she takes the bite, animated red hearts appear. She initially chews with a neutral expression, then makes an exaggerated face of surprise/disgust, prompting both to burst into loud laughter. The video briefly switches to black-and-white during her laughing fit as she covers her mouth. They continue talking and laughing together, with the woman gesturing and playfully interacting with the man, who smiles and rests his chin on his hand. The clip ends with them still engaged in light conversation.
Humor type=Situational; explanation=The humor comes from the contrast between the expected sweet romantic gesture of feeding each other and the woman's immediate, over-the-top look of disgust followed by uncontrollable laughter. The on-screen text 'POV ketika hidup terlalu damai' frames the act as deliberately stirring up drama when things are calm, which resonates as a common couple dynamic. The man's earnest offering versus her reaction creates a classic bait-and-switch, amplified by the visual cues like heart emojis turning into her grimace, making it funny because viewers recognize this playful push-pull in relationships.
Author 【entity-valentino¦handle=@baravalentino_¦author_id=user-683607234533679179391】
AuthorURL https://www.instagram.com/baravalentino_
Verified
920K Followers
Language en


【a126】
URL https://www.instagram.com/reel/DeICqEqzRbd/
Type video
Created 2026-10-05 20:23:08 UTC
4.3K Likes
120 Comments
Summary: A young woman with long brown hair sits at a table eating a large salad/burrito bowl topped with sour cream and cheese. On-screen text states: 'Not calling anything by its actual name to see how my bf reacts.' Throughout the clip, she speaks off-camera to her boyfriend, intentionally using bizarre euphemisms instead of real names. She complains about being sore 'from my butt crack down there,' calling it her 'poop flaps' that are 'on fire' from biking. She then says she's excited to put 'life-sustaining substance' into her 'third hole tonight,' later correcting to 'fourth hole,' prompting his confusion about why she calls her mouth a hole. She also asks him to remember she forgot to buy 'that brown gooey liquid' at the store, which he identifies as chocolate syrup, leading her to accuse him of having a 'dirty mind.' The interaction is lighthearted and playful, ending with her singing a snippet of a song while continuing to eat. The setting appears to be a home kitchen/dining area.
Entities people=Maddie Goetz (Author Name); products=burrito bowl salad, tortilla chip, Greek yogurt
Humor type=Situational; explanation=The humor comes from the deliberate mismatch between mundane actions (eating a salad) and the intentionally vulgar alternative names the woman invents. By refusing to say 'butt,' 'mouth,' or 'chocolate syrup,' she forces the boyfriend to fill in the blanks, and his literal interpretations ('your poop flaps are on fire') highlight the absurdity. The comedy relies on shared knowledge of body-part euphemisms and the classic trope of a partner having a 'dirty mind,' which creates a relatable dynamic for couples. The payoff is not a punchline but the escalating confusion and her deadpan delivery, making the ordinary meal feel transgressive and awkwardly funny.
Author 【entity-Maddie Goetz¦handle=@madzgoetz¦author_id=user-466697530412518046950】
AuthorURL https://www.instagram.com/madzgoetz
Verified
670K Followers
Language en",hook,true,strong,"厨房试吃:我喂女友一口,她喂我一口,气氛正甜时我突然把空碗扣她脸上,她愣住后笑场, on-screen '分享的意义'",duo-couple-food-slapstick,1,true,,false,,unknown,"英语,无明确地域线索",false
2026-10-06,general,11,https://www.instagram.com/reel/DeDxQDjTfEr,@gulsaifiofficial,21000,200,0,10500.0,0.0,0,2026-10-06,2026-10-04,2,true,The video opens on an outdoor street-food stall with a large brass tray of fried snacks. O...,"The video opens on an outdoor street-food stall with a large brass tray of fried snacks. On-screen text reads 'Protest ke side effect 😂'. A woman in a floral embroidered kurta and a man in a white shirt stand behind the tray and launch into a loud, theatrical argument in Hindi. The man initially orders 'ek kachori do samosa,' prompting the woman to question men's reliability. The exchange quickly devolves into a comedic blame game where each accuses 'men' of causing their headache, stomach pain, and shame, with lines like 'mere sir mein dard hai, iska kaaran bhi mard hai.' Both use exaggerated facial expressions and hand gestures throughout. The skit ends abruptly with a cut to a different clip of a smiling man in a suit holding a mug, laughing. The overall tone is lighthearted, slapstick comedy about everyday couple bickering framed as a protest aftermath.
Humor type=Situational; explanation=The comedy comes from an everyday situation—ordering snacks—escalating into an absurd blame game where the woman attributes everything, including her headache, to men. The man's exasperated reactions and the rapid back-and-forth mimic real domestic squabbles, making it relatable. The caption frames it as a 'side effect of protest,' turning a political concept into personal mistrust, which creates irony. The performance uses over-the-top facial expressions and vocal delivery typical of Indian social-media skits, amplifying the situational humor without needing props beyond the food tray.
Author 【entity-SABA SAIFI¦handle=@gulsaifiofficial¦author_id=user-784964353370658175213】
AuthorURL https://www.instagram.com/gulsaifiofficial
2.1M Followers
Language en


【6b9c】
URL https://www.instagram.com/reel/DeD1Zt8jq3e/
Type video
Created 2026-10-04 05:01:23 UTC
1.9K Likes
14 Comments
Summary: The clip shows a staged prank set inside what appears to be a restaurant office marked 'ANJEE KWAN CENTER'. A man in a black jacket sits behind a glass-topped desk with a laptop, handling cash and paperwork while talking to a bearded man in a checkered shirt and white cap seated opposite him. A third man in a light grey sweatshirt enters, sits down, and begins an animated complaint about the food served — claiming guests got sick, were hospitalized, and suffered diarrhea. The desk worker explains the low budget led to mixing donkey meat into the food. The conversation escalates into loud, overlapping arguing with extensive hand gestures from all three men. On-screen text and watermark identify it as '#P4PAKAO REEL' and promote 'WATCH FULL PRANK ON YOUTUBE CHANNEL: P4PAKAO PRANK: SASTA KHANA'. The overall tone is comedic and theatrical, depicting a fake customer-service dispute over cheap food quality.
Entities places=Manjee Khawan Center
Humor type=Situational; explanation=The humor comes from situational exaggeration common in South Asian street-food culture, where customers bargain aggressively for the lowest price. The skit builds comedy by having the staff member treat a 2,000 rupee advance as covering three months, then reveal the 'meat' was mixed due to low budget, prompting the customer's outrage. The escalation—raised voices, hand gestures, and a third man entering mid-argument—creates cringe-comedy tension. It plays on audience familiarity with haggling and unrealistic expectations, making the absurd premise relatable and funny without relying on wordplay.
Author 【entity-P4Pakao¦handle=@p4pakao¦author_id=user-595202646815376030278】
AuthorURL https://www.instagram.com/p4pakao
Verified
290K Followers
Language en


【334f】
URL https://www.instagram.com/reel/DeGTal1Tb_K/
Type video
Created 2026-10-05 04:02:37 UTC
42K Likes
50 Comments
Summary: At night, a man with a beard in a beige long-sleeve shirt buys two spiral-cut potato-on-a-stick snacks from a bright yellow street food truck decorated with Doraemon and Dragon Ball Z characters. He hands them to his wife, who is sitting on a black scooter. The on-screen text labels her 'Bhookad Wife' with laughing and heart emojis, and adds 'She thinks my food is treasure.' The couple stands by the scooter sharing the food; she eats from her container while he holds his. In a playful moment, he offers his snack to her, she takes a bite, creating a cheese pull, and they both laugh. The tone is warm, humorous, and romantic, portraying a casual, affectionate interaction over street food.
Entities products=spiral potato on a stick, fries in paper tray
Humor type=Situational; explanation=The humor comes from a familiar domestic dynamic where one partner, here the wife, is portrayed as having an insatiable appetite for the other's food. The on-screen captions explicitly frame her as 'Bhookad Wife' and claim she treats his meal like treasure, setting up an expectation that he will lose his snack. The visual payoff follows this setup: after he buys the spiral potato, she immediately takes bites, pulls cheese strings, and laughs while he watches with mock resignation. Their back-to-back pose while eating reinforces the playful competition. The comedy is situational rather than scripted punchlines, relying on exaggerated affection and the universal experience of partners stealing bites, which makes it instantly recognizable and endearing without needing dialogue.
Author 【entity-ishqwala.vibe¦handle=@ishqwala.vibe¦author_id=user-009042566825390380253】
AuthorURL https://www.instagram.com/ishqwala.vibe
91K Followers
Language en


【9c73】
URL https://www.instagram.com/reel/DeG638BMGOV/
Type video
Created 2026-10-05 09:47:10 UTC
13K Likes
670 Comments
Summary: A middle-aged man in a modern kitchen, wearing a plaid shirt, a dark apron reading 'I MAY BE A GOOD CHEF BUT I'M AN AWESOME DAD,' and a blue fleece draped over his shoulders, demonstrates making a chocolate cake batter. He pours sunflower oil into a measuring cup and adds it to a glass bowl containing flour and cocoa powder, then proceeds to mix everything together entirely with his hands, creating a very messy scene with flour scattered across the countertop and eggshells nearby. Throughout, he talks animatedly to the camera in Arabic, tastes the raw batter multiple times, licks his fingers, and shows his chocolate-covered hands with expressive, humorous reactions. He then displays a greased metal loaf pan, pours the batter into it, and continues speaking enthusiastically, concluding by saying he will bake it next week and expressing affection to the audience. The tone is lighthearted, self-deprecating, and comedic.
Entities products=sunflower cooking oil, glass mixing bowl, metal whisk, loaf baking pan, eggshells
Humor type=Situational; explanation=The comedy arises from the contrast between the apron's claim 'I may be a good chef' and the extremely messy execution—flour everywhere, batter on face and hands, licking fingers, and exaggerated reactions. It is self-deprecating situational humor common in dad-cooking reels, where perfection is abandoned for authenticity and tactile fun. The repeated insistence on tasting raw batter and cleaning hands adds absurdity, making viewers laugh at the relatable chaos rather than polished culinary skill.
Author 【entity-Aiman Kaissouni¦handle=@aimankaissouni¦author_id=user-149899772303723800408】
AuthorURL https://www.instagram.com/aimankaissouni
Verified
200K Followers
Language en


【fcfa】
URL https://www.instagram.com/reel/DeGXiG1Nf6W/
Type video
Created 2026-10-05 04:40:52 UTC
7.7K Likes
68 Comments
Summary: The video is a short, nighttime comedy skit set at what appears to be an outdoor tea stall or cafe. A man in a brown polo shirt stands in the foreground speaking directly to the camera and interacting with a woman in a maroon long-sleeve shirt and light jeans who is seated behind him drinking tea from a small clay kulhad. An on-screen caption reads '1 कचौड़ी 2 समोसा 😂'. The audio features Hindi dialogue where the characters playfully argue about ordering - referencing 'one kachori, two samosas' and tea - while the woman teases the man with lines like 'mard jaat hai hai' and 'sharam karo'. The man gestures expressively throughout. Later, both stand at a counter; the woman places her empty kulhad down and continues the banter before walking away. The tone is lighthearted, flirtatious, and comedic, relying on the food-as-body-part innuendo for humor.
Entities products=clay tea cup
Humor type=Situational; explanation=The humor comes from the mismatch between a simple snack order and the man's over-the-top moralizing about men. He frames buying one kachori and two samosas as evidence of male unreliability, then escalates to demanding hot tea and telling men to have shame, all delivered with theatrical exasperation. The woman's deadpan sipping of chai in the background contrasts his rant, creating a classic straight-man/funny-man dynamic common in Indian social-media skits. The laughing emoji in the caption signals the intended lighthearted, self-aware tone rather than genuine anger.
Author 【entity-kukku_bishnoi_29¦handle=@kukku_bishnoi_29¦author_id=user-314332281978472881997】
AuthorURL https://www.instagram.com/kukku_bishnoi_29
210K Followers
Language en


【6e66】
URL https://www.instagram.com/reel/DeFEyXrgTY2/
Type video
Created 2026-10-04 16:38:05 UTC
29K Likes
48 Comments
Summary: A man and woman, identified by on-screen handles as Bert and Priss, film an outdoor comedy challenge in a sunny, arid location with hills in the background. Standing behind a wooden board on a red car hood, they have various sweets laid out: pink-frosted donuts, Oreo cookies, M&Ms, Maltesers, and chocolate bars. Both wear homemade long cardboard tubes taped to their arms to extend their reach. They play repeated rounds of rock-paper-scissors to determine who gets to attempt eating a snack. The man wins the first round and struggles comically to drop a donut into his open mouth from height, laughing when he misses. The woman then takes her turn, successfully bites the donut directly, and chews with exaggerated enjoyment while the man accuses her of cheating. The game continues with them alternating turns, attempting Oreos and other candies, with frequent laughter, playful arguing ('CHEATING?', 'NO!'), and physical comedy as the cardboard arms flop around. The tone is consistently fun, affectionate, and silly, presented as a typical couple's social media reel.
Entities products=pink frosted donut, Oreo cookies, M&M's candies, Maltesers, milk chocolate bar
Humor type=Situational; explanation=The humor arises entirely from the situational absurdity of performing a simple task—eating—with deliberately impractical tools. The cardboard arm extensions create a physical constraint that turns ordinary snack consumption into a slapstick performance. Viewers find it funny because the expectation of easy eating is subverted by repeated, exaggerated failures: the man flinging his head back, missing the donut, declaring it impossible, and the woman bypassing the rule by biting directly. The shared laughter and playful cheating accusations reinforce the relatable dynamic of a couple goofing around, making the comedy feel authentic rather than scripted. This aligns with popular social media trends of 'impossible challenge' videos where everyday objects become obstacles, generating amusement through persistence and failure rather than punchlines.
Author 【entity-Bert and Priss¦handle=@bertandpris¦author_id=user-704062790217592621759】
AuthorURL https://www.instagram.com/bertandpris
320K Followers
Language en",hook,true,weak,,couple-food-argument-skit,1,true,,false,,non-us,印地语+印度街头小吃摊+抗议梗,false
2026-10-06,general,12,https://www.instagram.com/reel/DeGD-iyuDO0,@aaarxnnn,9600,150,0,9600.0,0.0,0,2026-10-06,2026-10-05,1,true,"A young man sits alone in a chair in a bedroom with blue walls, wearing a blue long-sleeve...","A young man sits alone in a chair in a bedroom with blue walls, wearing a blue long-sleeve shirt, plaid pants, and sandals. On-screen text reads 'POV: practicing what I would say if I was in the chair.' He performs a comedic monologue, pretending to speak to someone who is about to be intimate with his partner. He repeatedly asks them to be gentle, explains her preference for being on her stomach, offers to switch places, and then becomes confrontational, calling the imagined person a 'fucking loser bitch' before checking on his partner's wellbeing. The tone is casual, humorous, and self-aware, playing on the common social media trope of rehearsing awkward conversations. The content relies entirely on spoken sexual innuendo and profanity without any visual sexual content.
Humor type=Situational; explanation=The humor comes from the bait-and-switch premise: the phrase 'in the chair' implies a formal or medical setting, but the speaker immediately reframes it as sexual coaching. The comedy is situational because it exploits the universal awkwardness of imagining a partner with someone else and the absurdity of trying to control that scenario politely. The speaker's earnest delivery, escalating from helpful instructions ('be gentle,' 'laid on her stomach') to insecure offering to switch places, then sudden hostile profanity toward the imagined rival, mirrors real jealousy spirals in an exaggerated way. This resonates with audiences familiar with TikTok/Reels POV relationship memes where creators rehearse confrontations. The lack of visual punchline forces the listener to imagine the sexual context, making the cringe itself the joke rather than any explicit action.
Author 【entity-Aaron Arevalo¦handle=@aaarxnnn¦author_id=user-164715492720352652949】
AuthorURL https://www.instagram.com/aaarxnnn
18K Followers
Language en


【d704】
URL https://www.instagram.com/reel/DeFfiJtydf4/
Type video
Created 2026-10-04 20:28:53 UTC
66K Likes
330 Comments
Summary: The video is a short, comedic social media clip presented as a POV skit. On-screen text reads 'POV: You catch your rabbit drinking water.' A woman with long brown hair, wearing a dark blue t-shirt and white shorts, stands in a home hallway and reacts with mock astonishment. The video cuts between her expressive reactions — looking surprised, covering her mouth with both hands, placing her hands over her heart, and pointing downward — and shots of a small black rabbit calmly drinking water from a white ramekin placed on a colorful patterned rug under a wooden chair. The tone is playful and affectionate, leaning into the internet-famous joke that rabbits don't drink water, and celebrating the mundane but endearing moment of a pet hydrating. The setting is a bright, modern apartment interior with wood flooring.
Humor type=Situational; explanation=The humor comes from the exaggerated human reaction to a completely normal animal behavior. The on-screen text sets up the expectation that catching a rabbit drinking water is a shocking event, which plays on the common pet-owner trope of anthropomorphizing pets. The woman's progression from stunned silence to covering her mouth in mock horror, then placing her hands on her heart with affection, and finally pointing down proudly, mirrors how owners treat small milestones as dramatic events. This bait-and-switch between expected drama and mundane reality creates situational comedy without dialogue, relying on facial expressions and timing typical of short-form POV memes.
Author 【entity-Lennon¦handle=@lennonthebunny¦author_id=user-520118976773735280801】
AuthorURL https://www.instagram.com/lennonthebunny
Verified
180K Followers
Language en


【c969】
URL https://www.instagram.com/reel/DeC4AREhLPG/
Type video
Created 2026-10-03 20:05:05 UTC
2.8K Likes
73 Comments
Summary: A young man stands on a sunny suburban sidewalk wearing a red hoodie and black durag, performing a solo POV comedy skit. On-screen text reads 'POV: Breaking up with your boyfriend based on your toenail color.' He cycles through different colors—White, Red, French tips, Green, Pink, Black—each time reacting in character as the girlfriend. For 'White,' he demands a Birkin bag; for 'Red,' he refuses the breakup; for 'French tips,' he claims the boyfriend likes them; for 'Green,' he walks away; for 'Pink,' he says he'll have sex with someone else; for 'Black,' he agrees to break up and suggests dating Brendan instead. The performance uses expressive gestures and shifting tones, relying on profanity and absurd relationship logic for humor. No other people, products, or significant background action appear.
Humor type=Situational; explanation=The humor comes from the incongruity of treating toenail polish as a relationship deal-breaker. Each color triggers an opposite extreme reaction — begging and offering luxury gifts for white or French tips, versus instant dismissal and profanity for red, green, pink, or black. The performer switches personas mid-sentence, creating a one-sided argument that feels familiar to anyone who has seen petty breakup logic online. The repetition builds expectation, and the punchline escalates with increasingly absurd offers (Birkin, BMW, million dollars) contrasted with crude indifference, making the mundane choice feel disproportionately consequential. This aligns with popular POV meme formats where trivial preferences dictate dramatic outcomes.
Author 【entity-jaytwyne¦handle=@jaytwyne¦author_id=user-355892946193129174510】
AuthorURL https://www.instagram.com/jaytwyne
640K Followers
Language en


【c2c0】
URL https://www.instagram.com/reel/DeDSdZaJaEI/
Type video
Created 2026-10-03 23:58:55 UTC
1.1K Likes
4 Comments
Summary: This is a short POV comedy skit filmed indoors at a dining table decorated with small pumpkins. On-screen text reads: 'POV: when your mom exposes your entire personal life in front of the guests just to make them laugh.' A red-haired woman, playing the mom, laughs with two young men seated across from her. She then delivers the punchline, referencing that her son 'shit yourself the other day,' while the two men — one with curly hair and one with facial tattoos and neck tattoos — react with wide-eyed shock, open mouths, and embarrassed expressions. The video uses quick cuts between the mom speaking and the sons' reactions to emphasize the cringe humor of a parent airing private, gross-out stories for entertainment. The creator is identified as Dominik Brown, posting as relatable family humor.
Culture moment=POV family embarrassment memes; significance=Leverages widespread social media format where creators act out awkward family scenarios for relatability.; origin=Originates from TikTok/Reels POV storytelling trend.",hook,true,none,,solo-pov-monologue,1,true,,false,,unknown,"英语,无明确地域线索",false
2026-10-06,general,13,https://www.instagram.com/reel/DeFbVemxW5Z,@tonybaker,17000,2400,0,8500.0,0.0,0,2026-10-06,2026-10-04,2,true,"The video opens with a woman in a kitchen washing a mug, with on-screen text explaining sh...","The video opens with a woman in a kitchen washing a mug, with on-screen text explaining she sent her husband to the store and forgot her phone was on silent. Screenshots of iMessages from 'My Love ❤️' show the husband growing increasingly frustrated, asking about eggs, arugula, coffee creamer, and hummus, noting he called 29 times. The scene cuts to the husband, a bald man with a goatee wearing a black sleeveless shirt and gold chain, speaking directly to the camera. He delivers an animated, comedic rant questioning why wives put phones on silent before sending husbands shopping, joking that they 'throw the phone in the ocean,' forcing men to 'fight for our lives' in the store and guess at items, getting it wrong 9 out of 10 times. He describes the stress of calling and texting with no response, even after sending initial instructions, and suggests women do it on purpose. The tone is lighthearted and relatable, using hyperbole for humor without any explicit, violent, or sexual content.
Entities people=Tony Baker (Author Name); products=patterned ceramic mug
Humor type=Situational; explanation=The humor derives from a common domestic situation—being sent to the store without a way to ask clarifying questions—and escalates it absurdly by claiming the wife 'throws the phone in the ocean.' The comedian builds the joke through repetition, vivid imagery of a scuba search party, and the universal experience of getting the wrong item, making the exaggeration feel true to life. His delivery, with eye rolls, hand gestures, and rhythmic phrasing, reinforces the situational irony that partners create their own communication problems. It is not satire of a public figure but observational comedy about gendered household dynamics, which resonates because many viewers recognize the pattern of radio silence after a vague grocery list.
Author 【entity-Tony Baker¦handle=@tonybaker¦author_id=user-930296616358072291951】
AuthorURL https://www.instagram.com/tonybaker
Verified
3.2M Followers
Language en",personality,false,weak,,domestic-rant-monologue,1,true,,false,,us-likely,美国喜剧演员+英语+iMessage 截图,false
2026-10-06,general,14,https://www.instagram.com/reel/DeDXmJVxmt7,@jacobbergeractor,16000,420,0,8000.0,0.0,0,2026-10-06,2026-10-04,2,true,A young Black woman walks hand-in-hand with her white boyfriend toward her family's outdoo...,"A young Black woman walks hand-in-hand with her white boyfriend toward her family's outdoor cookout, with on-screen text setting up the scenario. She expresses nervousness about it being the first time she's brought a white partner home. He reassures her confidently, saying he's a natural and that Black people will love him. As they approach, a large group of family members—mostly dressed in white—greets them enthusiastically, cheering, raising hands, and embracing the boyfriend. He is welcomed with hugs, high-fives, and laughter, clearly fitting in. Later scenes show him getting food from a buffet line, interacting with relatives, and pouring a drink. The atmosphere is sunny, musical, and communal, portraying a positive interracial family introduction rather than conflict.
Entities products=gray graphic t-shirt, baseball cap, denim shorts
Humor type=Situational; explanation=The humor comes from situational irony and cultural expectation versus reality. The on-screen text primes viewers for potential tension when a white man enters a Black family space, a common trope in comedy about interracial dating. The man's confident reassurance contrasts with the woman's nervous admission, building anticipation. The payoff is the opposite of awkwardness: the entire extended family erupts in cheers, hugs, high-fives, and dancing, treating him like a celebrity. This subversion of the expected discomfort creates relief and amusement. The comedy is amplified by the man's over-the-top enthusiasm, his sunflower shirt, and his immediate integration into food lines and conversations, making the 'first time' feel instantly accepted rather than scrutinized.
Author 【entity-Jacob Berger¦handle=@jacobbergeractor¦author_id=user-378982948589231088646】
AuthorURL https://www.instagram.com/jacobbergeractor
Verified
1.4M Followers
Language en

<RESPONSE_INSTRUCTIONS>
Use the information above from all the posts from the `meta_1p.content_search` tool to help ground the response. This information can be relevant to the user's prompt especially when it comes to information about current public discourse and knowledge after your learning cutoff such as: trends, memes, news, events, social context & discourse, and general info. 
When presenting these results to the user:
- Draw from multiple distinct sources. Do not over-represent a single account when the search results include content from several.

CRITICAL — Agentic multi-loop search:
This tool is built for agentic search. A single call is almost never enough to give the user a thorough answer. You MUST evaluate these results right now and decide whether to search again. If the results are thin, one-sided, off-topic, or missing an angle the user cares about, you MUST call `meta_1p.content_search` again — immediately, in the same turn — with adjusted parameters. Go through as many agentic loops as needed until you have comprehensive coverage:
- Go broader: widen `semantic_queries`, remove filters, try a different `ranking_intent`.
- Go deeper: narrow `semantic_queries` to a specific facet, add `key_celebrities` or `authors`, tighten `since`/`until`.
- Mix tools: use `browser.search` to learn factual context, then feed what you learn into a more targeted `meta_1p.content_search` call.
Do NOT present a weak or shallow answer when another loop would improve it. The `<iterative_refinement>` section in the system prompt has detailed examples of how to run these loops.
Do not mention a post's visibility tag unless the user explicitly asks about it.
</RESPONSE_INSTRUCTIONS>",hook,true,none,,family-introduction-skit,1,false,"需大家庭聚会+cookout 布景,核心梗依赖特定跨种族家庭设定,无法复刻",false,,us-likely,美国黑人家庭 cookout 文化+英语,false
2026-10-06,general,15,https://www.instagram.com/reel/DeIIqfNyL0O,@kieraplease,6700,120,0,6700.0,0.0,0,2026-10-06,2026-10-05,1,true,"A woman in a dimly lit kitchen at night opens a clear cake container, with on-screen text ...","A woman in a dimly lit kitchen at night opens a clear cake container, with on-screen text reading 'how it feels opening a cake container at night:' She looks nervous and guilty. The scene cuts to the same actress dressed as a man in a light-colored suit, blue shirt, patterned tie, and blonde wig, standing on stairs holding papers. He acts as an inner critic, delivering lines in a deadpan tone: 'Big night planned. A few days ago you said you were watching what you eat. But is that a sweet treat? You see how this looks right?' The video alternates between the guilty woman and the judgmental suited persona, portraying the internal conflict of breaking a diet promise for a late-night snack. The tone is comedic and relatable, using exaggerated confrontation to illustrate common food guilt.
Humor type=Situational; explanation=The humor arises from the absurd literalization of an internal thought process. Viewers recognize the universal experience of sneaking food at night while trying to be healthy, and the video externalizes that guilt into a stern, suited figure who reads notes like a prosecutor. The contrast between the casual, messy-haired woman in pajamas and the overly formal 'big night planned' interrogator creates situational irony. The deadpan line delivery ('you said you were watching what you eat') mimics real self-talk, making the scenario both exaggerated and instantly recognizable, which drives the comedic payoff without relying on punchlines.
Author 【entity-kiera please¦handle=@kieraplease¦author_id=user-984092462887468734359】
AuthorURL https://www.instagram.com/kieraplease
Verified
1.1M Followers
Language en


【911c】
URL https://www.instagram.com/reel/DeIxfq9K_jc/
Type video
Created 2026-10-06 03:04:03 UTC
12K Likes
130 Comments
Summary: A single creator performs a short comedic skit playing two roles in a conversation about what to eat. One character, wearing a black zip-up top, asks 'What do you wanna eat?' The second character, wearing a bright pink shirt and sunglasses, replies 'I don't know.' This initiates a circular exchange where the first character presses for a decision ('Tell me what you want,' 'Is it up to me?') and the second deflects ('No, you choose,' 'I can't choose, you choose'). After being told 'It's up to you,' the first character suggests options — pizza, burger, fried chicken — which are all rejected with 'No...' The skit ends with the question repeated, 'So what do you want to eat?' and the answer 'I don't know...' The tone is playful and exaggerated, capturing a familiar indecisive dynamic, filmed indoors against simple home backgrounds.
Humor type=Situational; explanation=The humor comes from the universally recognizable situation where one person asks what to eat and the other refuses to decide, creating an endless loop of deflection. Both characters escalate politely but firmly, with exaggerated facial reactions and hand gestures that amplify the frustration. The comedy relies on timing, repetition, and the shared experience of couples or friends struggling with simple choices, rather than punchlines or wordplay. The addition of specific food suggestions like pizza, burger, and fried chicken followed by immediate rejection heightens the absurdity, making the mundane interaction feel dramatic and funny.
Author 【entity-SUPANUT¦handle=@supanut¦author_id=user-750771438746414863697】
AuthorURL https://www.instagram.com/supanut
880K Followers
Language en


【f57f】
URL https://www.instagram.com/reel/DeB6y-JztNQ/
Type video
Created 2026-10-03 11:10:22 UTC
9.7K Likes
90 Comments
Summary: The video depicts a lighthearted outdoor scene at a roadside snack stall in daylight. A woman in a green patterned top stands before a large bowl of fried snacks and speaks to a young boy wearing a yellow 'AROY' soccer jersey with a plaid scarf. The boy responds animatedly, gesturing and pointing upward while standing under a tarp. A male vendor with a beard, wearing a black t-shirt and cap, smiles behind jars of candy and pickles. The setting includes hanging packets of chips and snacks. The sequence ends with a brief clip of a different man in a grey suit and gold chains laughing heartily while holding a small cup near water. The overall tone is comedic and casual, capturing a playful customer-vendor interaction.
Entities people=Abaan Akhtar (Post Caption); products=packaged potato chips, candy jar
Humor type=Situational; explanation=The humor comes from the unexpected twist in a mundane order: after asking for kachori and samosa, the boy delivers the line 'In mardon ka kya bharosa?' implying men are untrustworthy, then adds 'ek sutta do chai' mixing a cigarette request with tea, which is absurd in context. The delivery by a child in a serious tone, followed by the woman's reaction and the cut to a man laughing heartily while holding a cup, creates a classic Indian family-sketch payoff. The comedy relies on cultural familiarity with roadside tea stalls and playful gender teasing rather than slapstick, making it relatable and light.
Author 【entity-Abaan Akhtar¦handle=@abaan___akhtar¦author_id=user-822883248565297781354】
AuthorURL https://www.instagram.com/abaan___akhtar
5.4M Followers
Language en


【a04c】
URL https://www.instagram.com/reel/DeFEF5ztu7_/
Type video
Created 2026-10-04 16:31:03 UTC
660K Likes
1.4K Comments
Summary: This is a fast-paced compilation of short comedic videos showing different couples in domestic settings where a woman is caught secretly eating snacks. Scenes include a woman on a couch hiding cookies in a box, another sitting on a bathroom floor with a chocolate fountain and pancakes, a woman under blankets eating chips while her partner sleeps beside her, someone eating cake under a bed, a woman pretending to eat an apple while actually eating Maltesers chocolates in bed, and others hiding brownies or chips in closets under clothes. Each clip follows the same pattern: the woman tries to eat discreetly, the male partner discovers her, and reacts with exaggerated shock, laughter, or mock accusation. The tone is playful and relatable, portraying common relationship humor about snacking habits, with no harmful content.
Culture moment=secret snacking couple prank trend; significance=Taps into relatable domestic humor about dieting and hiding treats from partners.; origin=TikTok/Reels couple comedy format
Entities products=cookies, chocolate fountain, pancakes, potato chips, Pringles, bundt cake, Maltesers, apple, crispy chips, burger, brownies
Author 【entity-Funniest People Pranks¦handle=@funniestpeoplepranks¦author_id=user-570399005102234177878】
AuthorURL https://www.instagram.com/funniestpeoplepranks
94K Followers
Language en",hook,true,weak,,solo-two-role-inner-conflict,1,true,,false,,unknown,"英语,无明确地域线索",false
2026-10-06,general,16,https://www.instagram.com/reel/DeJMzexuqUY,@vaishnavipandole,4400,350,0,4400.0,0.0,0,2026-10-06,2026-10-06,0,true,A man and a woman are sitting side-by-side on a beige couch in a home setting. On-screen t...,"A man and a woman are sitting side-by-side on a beige couch in a home setting. On-screen text reads 'Pranking my wife 😂'. The man, wearing a green 'California Padel' t-shirt, initiates a prank using a long strip of white paper. He and the woman, who is wearing a black hoodie and has a laptop on her lap, take turns holding the paper between their teeth and pulling. The interaction is playful and comedic, with both participants smiling and laughing throughout. The woman starts with a neutral expression, then breaks into wide laughter, at times covering her mouth or bending over. The man makes exaggerated surprised faces and sticks his tongue out at the camera while holding the paper. The video captures a casual, affectionate moment of shared humor between the couple, ending with both laughing together.
Humor type=Situational; explanation=The humor arises from the absurd simplicity of the task—blowing on a paper strip—and the escalating reactions. The man initiates with a mischievous grin, the woman starts skeptical then breaks into uncontrollable laughter, creating a contrast that is relatable to married couples. The physical comedy of holding the paper between their mouths, the exaggerated facial expressions, and the shared inability to maintain composure turn an ordinary object into a source of joy. The on-screen caption frames it as a prank, priming viewers for playful conflict, but the payoff is mutual amusement rather than embarrassment, which aligns with wholesome couple-content trends popular on Instagram Reels.
Author 【entity-Vaishnavi Pandole¦handle=@vaishnavipandole¦author_id=user-037102525673757097315】
AuthorURL https://www.instagram.com/vaishnavipandole
54K Followers
Language en


【f00d】
URL https://www.instagram.com/reel/DeBVaBBJgYi/
Type video
Created 2026-10-03 05:43:32 UTC
16K Likes
350 Comments
Summary: The video is a short, lighthearted compilation inside and outside a vehicle. It begins with a woman in a light blue sleeveless top sitting in the driver's seat of a car, while a man in a red patterned shirt sits in the passenger seat. He fastens his seatbelt as they look at each other and exchange smiles and conversation in Hindi. The scene then cuts to a cinematic clip showing a young man in a white shirt gently holding a woman's face outdoors in an emotional moment. Finally, it cuts to an outdoor setting where three men are laughing heartily; one in a grey suit holds a small colorful cup, another man on crutches in a striped shirt laughs beside him, and a bald man in a brown kurta and white vest joins in. The audio includes spoken Hindi, background singing/music, and prominent laughter. The overall tone is comedic and casual, using the contrast between the car scene and the dramatic/laughing clips for humor.
Entities people=Aditya Roy Kapur (Vision Model Only), Shraddha Kapoor (Vision Model Only)
Humor type=Situational; explanation=The humor comes from a familiar domestic scenario where one partner volunteers for a task the other dreads. The woman's deadpan confidence contrasts sharply with the man's visible anxiety as he buckles his seatbelt and looks at her, culminating in his exaggerated smile and hand gesture. This is amplified by cutting to an overly dramatic romantic film moment and then to men laughing heartily, which acts as a punchline validating the husband's fear. Viewers recognize the trope of 'she thinks she's a good driver, he knows better,' making it funny through shared experience rather than wordplay. The caption quantifies it as 100% confidence versus 200% blood pressure, turning a mundane car ride into a hyperbolic survival situation that resonates with many couples.
Author 【entity-Varunn Jain¦handle=@varunnjain¦author_id=user-839000378101398733022】
AuthorURL https://www.instagram.com/varunnjain
Verified
72K Followers
Language en


【d561】
URL https://www.instagram.com/reel/DeFHymyD2yM/
Type video
Created 2026-10-04 17:01:09 UTC
2.7K Likes
13 Comments
Summary: A young blonde woman in a blue-and-white striped sundress and sunglasses stands against a red brick wall outdoors, speaking to the camera. She recounts a comedic scenario where her landlord raised the rent after learning she 'started working for' her partner, jokingly imposing a 'pet fee.' Her reactions shift from smiling to confused ('Confusion,' 'Even more confusion' text overlays) as she processes the absurd logic, touching her hair and laughing. The creator's caption frames it as a pickup-line style couple joke about needing a collar. The overall tone is light, playful, and self-deprecating couple humor typical of social media reels, with no explicit content, violence, or other risk factors beyond mild innuendo.
Humor type=Situational; explanation=The humor arises from an absurd real-world consequence applied to a romantic relationship: treating a partner like a pet so the landlord imposes a pet fee. The setup subverts the expectation of a normal rent increase by introducing illogical bureaucracy, then doubles down with the collar suggestion in the caption. It plays on common couple dynamics where one partner 'works for' the other, exaggerating it into employment that triggers pet ownership rules. The comedy is situational rather than punchline-driven, relying on the speaker's genuine-seeming confusion and deadpan delivery, which makes the ridiculous premise feel plausible enough to be funny. This aligns with popular TikTok/Reels couple-sketch tropes where everyday annoyances are reframed as relationship metaphors.
Author 【entity-Hailee and Kendra¦handle=@haileeandkendra¦author_id=user-114133191745479764229】
AuthorURL https://www.instagram.com/haileeandkendra
Verified
1.3M Followers
Language en


【2f0e】
URL https://www.instagram.com/reel/DeIyrmCvtT-/
Type video
Created 2026-10-06 03:13:47 UTC
3.6K Likes
130 Comments
Summary: A woman films herself laughing in a modern kitchen before cutting to her husband performing a comedy sketch. Wearing a large curly blonde wig, he first mimics angry cleaning by vigorously wiping a kitchen island. He then changes into a brown-and-white checkered robe and acts out an exaggerated angry phone call, pacing the living room, gesturing dramatically, and running down a hallway while continuing to yell. He slams a door, throws a piece of clothing on the floor, and walks away as a fire visual effect is overlaid on the screen. The entire clip is presented as lighthearted couple humor about how partners mirror each other's moods when upset, with the husband's over-the-top performance as the central joke. Audio includes loud shouting with the word 'shit' used repeatedly.
Humor type=Situational; explanation=The humor derives from situational irony and exaggeration: the husband dons a curly wig and robe to perform stereotypical 'angry wife' behaviors—aggressive cleaning, dramatic phone call pacing, door slamming, and theatrical exit. The comedy is amplified by contrast between his calm demeanor and over-the-top actions, and the wife's amused reaction framing it as accurate mimicry. It taps into common social media tropes about gendered expressions of anger in relationships, making it relatable without targeting a specific person maliciously. The fire effect at the end visually punctuates the 'heated' mood for comedic effect.
Author 【entity-Mariyah Gerber¦handle=@mariyahgerber¦author_id=user-119439198742849307546】
AuthorURL https://www.instagram.com/mariyahgerber
Verified
660K Followers
Language en


【1cfa】
URL https://www.instagram.com/reel/DeHF2VwS7vG/
Type video
Created 2026-10-05 11:36:35 UTC
940K Likes
830 Comments
Summary: A woman with long brown hair wearing a black 'NARRIE STUDIO' t-shirt is waiting for an elevator when the doors open to reveal a young girl holding her mother's hand. The girl immediately recognizes her and excitedly shouts, 'That's auntie Carrie~' and 'That's the famous auntie Carrie!' The woman, identified by on-screen text as Carrie, reacts with amused surprise and tries to correct her, saying 'Just call me Carrie it's fine' and 'I'm not auntie.' The girl persists, smiling broadly and eventually agreeing to 'Okay auntie Carrie.' The man filming, who is referred to as 'Grandpa Nick' by Carrie, laughs loudly throughout. The girl then asks if she can film a video with 'auntie Carrie,' and Carrie agrees but says she needs Grandpa Nick's permission first. The girl happily accepts, saying 'Let's go to auntie Carrie and then film the video,' takes Carrie's hand, and they walk toward the elevator together as the man continues laughing and says goodbye. The interaction is warm, playful, and centered on the child's enthusiastic fandom.
Entities people=Carrie (Post Caption), Nick (Post Caption)
Humor type=Situational; explanation=The comedy arises from the mismatch between how the child perceives Carrie—as a famous 'auntie'—and Carrie's own reaction rejecting the age-implying title. The repeated insistence 'just call me Carrie' versus the child's cheerful 'okay auntie Carrie' creates a loop that escalates when Nick is jokingly labeled 'Grandpa Nick.' The man's exaggerated laughter and mock distress at being left behind add physical comedy. It fits typical couple-vlog situational humor where everyday public interactions become content, relying on genuine surprise rather than scripted punchlines.
Author 【entity-👦🏻Nick and Carrie👧🏻¦handle=@_nickandcarrie_¦author_id=user-929607275153356798718】
AuthorURL https://www.instagram.com/_nickandcarrie_
Verified
4.2M Followers
Language en


【f912】
URL https://www.instagram.com/reel/DeEjhZXMvye/
Type video
Created 2026-10-04 11:51:43 UTC
7.5K Likes
88 Comments
Summary: A young man with curly hair in a light green shirt and dark shorts is in a home kitchen, pretending to check a hot pot on an induction cooktop. A woman in a light blue nightdress enters, they interact playfully, and she takes the pot away. He then lifts his shirt to show his underwear waistband while holding a small metal container, which she takes and hides inside her dress. The scene shifts outdoors to a paved area near a gate with trees in the background. The pair dance together energetically, then notice a coconut on the ground. The man picks it up, they look up as if it fell from a tree, and the woman lifts her nightdress to create a pouch, smiling as she pretends to catch something. The video ends with her standing alone, smiling, with the dress still gathered. The overall tone is cheerful, comedic, and affectionate, portraying everyday couple banter without any risky or mature content.
Entities people=Angel Thomas (Post Caption)
Humor type=Situational; explanation=The humor derives from everyday domestic situations exaggerated for comic effect. The man’s over-the-top reaction to a supposedly hot pot, followed by the absurd solution of hiding a kitchen container inside clothing, creates situational irony familiar to couples sharing household chores. The later outdoor sequence extends the joke by treating a fallen coconut as a dramatic event and using the woman’s loose nightdress as a makeshift basket, playing on the cultural trope of nighties having large pockets. This aligns with popular South Asian social media couple skits where mundane tasks become slapstick performances. The comedy is gentle, relies on visual gags rather than dialogue, and invites viewers to recognize their own relationships in the playful dynamic, making it broadly relatable without targeting anyone.
Author 【entity-Timi Susan Thomas (Angel Thomas)¦handle=@timy.susan.thomas¦author_id=user-937816335755925123535】
AuthorURL https://www.instagram.com/timy.susan.thomas
31K Followers
Language en


【dd98】
URL https://www.instagram.com/reel/DeDtLG-KSLp/
Type video
Created 2026-10-04 03:54:30 UTC
21K Likes
160 Comments
Summary: In a sunlit park with lush green trees, a man dressed in a light blue shirt and white pants walks along a paved path while talking on his phone. A woman in a white blouse, floral bodice, and long red skirt approaches him from behind. After he ends his call, they engage in an animated, playful conversation while walking together. They sit on a bench surrounded by foliage, where the woman shows him a small object in her hands, leading to expressive reactions from both. Their interaction continues with light teasing — she grabs his collar and speaks closely to him, and he responds with exaggerated, humorous facial expressions. The scene ends with them standing in the woods, continuing their playful exchange, followed by a white screen with the text 'UZUUUR' and a laughing emoji, indicating the comedic intent of the skit.
Entities products=structured red handbag
Humor type=Situational; explanation=The comedy arises from everyday relationship dynamics—miscommunication during a phone call, exaggerated reactions, and playful teasing while walking. The man's dramatic delivery and the woman's deadpan responses create situational irony familiar to audiences who recognize couple arguments over nothing. The final laughing emoji card reinforces the light intent.
Author 【entity-dilshod¦handle=@dilshod_viyne¦author_id=user-599251271756333024299】
AuthorURL https://www.instagram.com/dilshod_viyne
6.5K Followers
Language en


【eeef】
URL https://www.instagram.com/reel/DeHSmcURWjM/
Place 【place-Ling and Lamb¦place_id=1025065468813704】
Type video
Created 2026-10-05 13:17:06 UTC
11K Likes
450 Comments
Summary: In a HomeGoods store, a woman films herself placing a framed black-and-white photo of her husband on a display shelf among other picture frames, with on-screen text reading 'Planting Hubby's Picture in HomeGoods.' Her husband, wearing a red cap, black jacket, and glasses, later walks down the aisle, browses frames, and picks up the planted photo. He reacts with confusion and disbelief, holding the frame up, examining it, and calling someone on his phone to say he found his own picture in the store with a price tag on it. He jokes about doing a 'deal with HomeGoods' and asks who put it there. The woman laughs off-camera, revealing she was responsible. The tone is playful and comedic, centered on the husband's genuine surprise at seeing himself displayed as merchandise.
Entities products=black picture frame, ornate gold picture frame; places=HomeGoods
Humor type=Situational; explanation=The humor comes from the situational absurdity of finding one's own portrait for sale in a home decor store. The wife sets up an expectation of normal shopping, then the husband experiences a reality break when he recognizes himself in a frame among generic stock photos. His escalating confusion—checking the size, calling a friend named Mark, insisting 'they put a price tag on it'—creates relatable cringe comedy. The payoff relies on the contrast between mundane retail environment and personal identity intrusion, amplified by his earnest attempt to rationalize it as a business deal rather than a prank. The wife's suppressed laughter provides the audience cue that this is affectionate teasing, making the awkwardness safe and funny rather than mean-spirited.
Author 【entity-Ling and Lamb¦handle=@lingandlamb¦author_id=user-813619165502939518541】
AuthorURL https://www.instagram.com/lingandlamb
Verified
1.6M Followers
Language en


【e140】
URL https://www.instagram.com/reel/DeFf98BpNFd/
Type video
Created 2026-10-04 20:34:16 UTC
2.6K Likes
55 Comments
Summary: A woman in 1980s workout gear — pink headband, black leather jacket, colorful top, pink shorts, and green wristbands — applies makeup in front of a mirror while on-screen text reads, 'Let's not do too much on my birthday babe, I'm pregnant.' A man dressed as an 80s character with a mullet wig, mustache, red vest, bandana, and reflective sunglasses enters from a doorway behind her. They interact playfully, posing together, dancing, and making exaggerated expressions. The woman reveals a fake pregnant belly under her outfit, which she holds while smiling. The audio features their dialogue about rushing to a party starting in 15 minutes, the man's insistence she wear his vest, and jokes about getting McDonald's on the way for a Big Mac and fries. The tone is upbeat, nostalgic, and comedic, portraying a couple in costume enjoying a silly birthday-themed performance.
Culture moment=80s nostalgia aesthetic; significance=Uses recognizable 1980s workout and mullet stereotypes for humor.; origin=1980s pop culture fashion trends
Entities people=Sazan Hendrix (Author Name); products=black leather jacket, pink braided headband, red sleeveless puffer vest, reflective sunglasses, neon green wristbands, neon fanny pack
Humor type=Situational; explanation=The humor comes from the contrast between the wife's claim of being pregnant and wanting to take it easy, versus the husband's frantic 80s-guy energy pushing her out the door. His full commitment to the character—mullet wig, reflective sunglasses, red puffer vest, and shouting about McDonald's—while she plays along in neon workout gear with a fake baby bump creates situational absurdity. The joke lands because viewers recognize the trope of one partner over-preparing for a themed party while the other just wants to go, amplified by the physical comedy of posing, dancing, and the husband peeking through the doorway. It fits the popular social media format of couples doing coordinated costume bits for laughs.
Author 【entity-Sazan Hendrix¦handle=@sazan¦author_id=user-304958751225161327293】
AuthorURL https://www.instagram.com/sazan
Verified
1.3M Followers
Language en",challenge,true,strong,"和女友玩纸条挑战:两人用牙咬住长纸条往两边拉,看谁先笑场/咬断, on-screen 'Pranking my wife 纸条挑战',全程憋笑",duo-couple-mini-game,1,true,,false,,unknown,"英语对白,作者名印度裔,无明确地域线索",false
2026-10-06,general,17,https://www.instagram.com/reel/DeIu2e0ML_U,@justin_danger_nunley,2300,40,0,2300.0,0.0,0,2026-10-06,2026-10-06,0,true,"The video opens in a home kitchen where a young woman with wet hair, wearing a light-color...","The video opens in a home kitchen where a young woman with wet hair, wearing a light-colored 'Big Deborah' t-shirt, is cooking ground meat in a skillet. She holds a tortilla and lifts a spatula full of the cooked meat toward the camera while saying it looks good. The scene cuts to a man with a prominent mustache, tattoos on both arms, and a backward black cap standing in a well-lit garage. Behind him is a red race car with number 8 and Budweiser/Menards branding on a lift, and another vehicle with an American flag design below. Wearing a black 'BONE' t-shirt, he speaks directly to the camera in a conversational, humorous tone. He jokes about his ancestry, declines the 'hot dog taco meat,' and shares an absurd anecdote claiming Italy said a WWII pilot bombed the Loch Ness Monster, questioning why anyone would make up such a story. The overall tone is informal, comedic, and conversational, typical of social media skit-style content.
Entities people=Justin Danger Nunley (Author Name); products=ground beef, corn tortillas, cheese slices, race car, graphic t-shirt
Humor type=Sarcasm; explanation=The humor relies on sarcastic disbelief at the concept of hot dog taco meat and the ridiculousness of a WWII-era claim about killing the Loch Ness Monster. The man's exaggerated facial reactions, rhetorical questions like 'Why the hell would you even lie about that?', and self-deprecating comment about needing 23andMe create a situational comedy effect common in social media reaction videos. It plays on audience expectations of normal food and plausible history, subverting them for comedic effect.
Author 【entity-Justin Danger Nunley¦handle=@justin_danger_nunley¦author_id=user-123717101797412556059】
AuthorURL https://www.instagram.com/justin_danger_nunley
Verified
5.2M Followers
Language en",personality,false,none,,solo-rant-reaction,1,true,,false,,us-likely,美国车库+改装车+英语,false
2026-10-06,general,18,https://www.instagram.com/reel/DeB60GpTXxS,@simonsaysvlog,70000,270,2000,2000.0,0.143,1,2026-10-05,2026-10-03,3,true,This is a short comedic skit presented as a POV of trying to buy food. It alternates betwe...,"This is a short comedic skit presented as a POV of trying to buy food. It alternates between a street food vendor at night cooking noodles in a large wok and two male customers inside a restaurant with wood-paneled walls. The vendor, wearing a black Lacoste shirt, repeatedly and vigorously shakes his head from side to side while holding out plates of noodles, never speaking or serving. The customers react with confusion, looking around and at each other. One customer in a blue Adidas-style jacket eventually pulls out cash and begins counting it while also mimicking the vendor's dramatic head-shaking motion. The other customer in a black sleeveless shirt opens a takeout box and eats. The video relies entirely on physical comedy and exaggerated body language to portray a frustrating, absurd customer-service interaction, ending with the customer continuing to shake his head while holding money.
Humor type=Situational; explanation=The humor derives from the universally relatable situation of trying to purchase food while the vendor is completely absorbed in his own rhythmic cooking dance, ignoring the customers. The comedy escalates as the customer in the blue jacket performs an overly dramatic, slow-motion counting of cash, shaking his head and body in sync with the vendor's earlier movements, creating a mirrored absurdity. The second customer's deadpan reactions and eventual eating while waiting heighten the contrast. This situational irony—where the simple act of paying becomes a performance—is amplified by the POV framing, making viewers feel they are the ignored customer, which triggers amusement through recognition rather than punchlines.
Author 【entity-Sɪᴍᴏɴ Jᴏsᴇᴘʜ Jᴀᴠɪᴇʀ¦handle=@simonsaysvlog¦author_id=user-781280543643872625010】
AuthorURL https://www.instagram.com/simonsaysvlog
440K Followers
Language en


【be3d】
URL https://www.instagram.com/reel/DeF6IhatUuM/
Type video
Created 2026-10-05 00:22:35 UTC
3.8K Likes
210 Comments
Summary: The video is a short comedic skit about a deliberately disgusting food preparation. In the first sequence, a person's hand stirs large white marshmallows into a pan of baked beans in sauce, while on-screen text reads 'Marshmallows and Baked Beans For our Guests' with an OK hand emoji. An off-camera female voice states, 'She is putting marshmallows in her baked beans.' The scene then cuts to a man labeled 'The Guest' sitting on a toilet with his pants lowered, wearing a blue Italy soccer jersey and a gold chain. He clasps his hands, closes his eyes, grimaces, and reacts with shock and discomfort, accompanied by loud gagging/vomiting sound effects. A can of Four Loko sits on the toilet tank behind him. The implication is that the marshmallow-baked-beans dish made the guest ill, serving as a gross-out punchline.
Entities products=Four Loko alcoholic beverage can, baked beans, marshmallows
Humor type=Situational; explanation=The humor derives from the absurd expectation versus reality structure. First, the mundane act of preparing baked beans is subverted by adding marshmallows, an ingredient culturally associated with sweet desserts, not savory beans. The on-screen text frames this as intentional for guests, building anticipation. The punchline is the visual of 'The Guest' on the toilet, with pained facial expressions and exaggerated gagging audio, implying the food caused extreme gastrointestinal distress. This bait-and-switch relies on shared cultural knowledge that such a combination is unappetizing and that baked beans are known to cause gas, amplified here for comedic effect. The caption reinforces the joke by stating you'll be on the toilet for 8 hours, making the implied consequence explicit and heightening the cringe-comedy.
Author 【entity-Kush Papi 🍇🍊🍍¦handle=@kushpapi_¦author_id=user-219764124759033695339】
AuthorURL https://www.instagram.com/kushpapi_
Verified
2.5M Followers
Language en


【5a1d】
URL https://www.instagram.com/reel/DeG5G-BPi5y/
Type video
Created 2026-10-05 09:32:52 UTC
24K Likes
460 Comments
Summary: A young man films himself selfie-style in an indoor hallway wearing a white shirt with black floral embroidery and a digital flower filter in his hair. Speaking in Hindi, he starts with mock frustration ('Yaar bohot ho gya') about women ordering small snacks ('1 kachori, 2 samosa'), then announces 'now it's our turn' and lists his own order ('1 biryani, 2 kabab'). He follows with the line 'aurat jaat ke nakhre lajawaab' and ends with a broad smile and heart-filled graphics saying 'Madam aap ho hi lajawaab.' The tone is playful, flirtatious, and comedic, using on-screen text and emojis to emphasize the joke.
Entities people=Ayush Verma (Post Caption); products=white shirt with black floral embroidery
Humor type=Situational; explanation=The humor comes from the familiar domestic scenario of counting what each partner eats, building expectation with the repeated 'ek kachori do samosa' complaint, then subverting it with a larger male order and a cheeky compliment. The delivery relies on exaggerated facial reactions, rapid text overlays, and the cultural trope that women have endless 'nakhre' while men justify bigger meals. It is not satire or dark humor, but light situational teasing common in Indian short-form reels, amplified by the final heart-filled 'Madam aap ho hi lajawaab' frame which turns mock-complaint into affectionate praise.
Author 【entity-Ayush Verma¦handle=@ayusshverma¦author_id=user-079984345462441569312】
AuthorURL https://www.instagram.com/ayusshverma
120K Followers
Language en


【f2b1】
URL https://www.instagram.com/reel/DeEeFMQM2X6/
Type video
Created 2026-10-04 10:57:28 UTC
22K Likes
250 Comments
Summary: The video is shot from inside a moving car during daylight, showing a man driving and a woman in the passenger seat. Both are wearing seatbelts. The man wears a blue long-sleeve shirt, light shorts, glasses, and a patterned headwrap. The woman wears a yellow-and-black striped polo and brown pants. On-screen text reads 'life is amaizing when the love is corny.' The woman holds a corn on the cob wrapped in paper. The man reaches over, takes the corn, takes a bite while driving, then offers it back to her. She takes a bite herself, chews, and reacts with a smile and hand-to-mouth gesture. Two water bottles sit in the center console. A smooth R&B/pop song plays in the background with lyrics about being with a loved one making bad things disappear. The overall tone is casual, sweet, and playful, emphasizing a simple shared snack as an expression of affection.
Entities products=corn on the cob, water bottle
Humor type=Situational; explanation=The humor comes from the deliberate double meaning of 'corny.' In common usage, 'corny' means cheesy, overly sentimental, or unoriginally romantic. The video pairs this with the literal act of two people eating corn on the cob together in a car. The on-screen text 'life is amaizing when the love is corny' sets up the expectation of a sweet relationship post, then delivers the punchline visually by showing actual corn. The comedy is gentle and self-aware, relying on the audience recognizing the wordplay rather than any slapstick. The man's exaggerated bite and the woman's casual eating reinforce the mundane reality behind the romantic phrase, creating an ironic contrast that feels relatable to couples who enjoy simple, goofy shared experiences. It fits a common social media trope of turning everyday food into a metaphor for love.
Author 【entity-Salem King 🌎¦handle=@salemkinging¦author_id=user-091556749632717064772】
AuthorURL https://www.instagram.com/salemkinging
Verified
390K Followers
Language en


【0ce5】
URL https://www.instagram.com/reel/DeGZYKJJCYM/
Type video
Created 2026-10-05 04:56:18 UTC
4.6K Likes
18 Comments
Summary: A short-form social media reel features a young woman with long dark hair wearing a white long-sleeve top and black skirt standing at a table with a small frosted cake. On-screen text reads 'Trio kbhi equal work nhi krta' with a sad emoji. She smiles, picks up a piece of cake, and takes a bite. Two other young women then enter the frame from either side — one in a black top with leopard print bottoms, the other in a grey polka-dot dress with glasses. They both lean in and take bites from the same piece she is holding. New text appears: 'Me:- Kisne kaha ❤️??'. All three laugh together, reinforcing the joke that in their trio, she is the one actually eating/working while the others share. The setting includes a green artificial-grass wall and a yellow neon sign reading 'DOWN VALLEY'. The tone is cheerful, comedic, and focused on close female friendship, with no risky content.
Humor type=Situational; explanation=The humor arises from a universally recognized social situation where group members do not contribute equally. The setup text primes the expectation of imbalance, and the visual payoff delivers it literally: instead of dividing the cake fairly, the central character performs the act of eating while the other two simply take from her effort. This situational irony is amplified by the exaggerated simultaneous bite, turning a mundane snack into a metaphor for friendship labor. The laughter from all participants signals shared understanding, making the joke accessible without dialogue. It fits common short-form tropes about 'trio dynamics' popular in Indian social media, where three-person friendships are often joked about as inherently unbalanced.
Author 【entity-Charu&karishma_🍃🙂¦handle=@dorashizuka_bff_44¦author_id=user-211110094890537494279】
AuthorURL https://www.instagram.com/dorashizuka_bff_44
3K Followers
Language en",hook,true,weak,,vendor-customer-physical-skit,1,false,"需夜市摊位+摊主+多名顾客配合,布景复杂",false,,unknown,"英语,作者 Simon Joseph Javier,无地域线索",false
2026-10-06,general,19,https://www.instagram.com/reel/DeDWxbANtXD,@andrewdeast,11000,57,1700,1700.0,0.143,1,2026-10-05,2026-10-04,2,true,"In a sunlit wooded area with a paved path, a man in a dark t-shirt, black pants, and white...","In a sunlit wooded area with a paved path, a man in a dark t-shirt, black pants, and white sneakers walks casually. On-screen text reads 'oh no, i forgot my aggressive side.' He stops, turns, and strikes a mock-aggressive pose before another person, a woman in dark clothing and white socks, enters the frame. He playfully grabs her, lifts her into his arms in a bridal carry, and she laughs as he carries her off-screen. The video has an upbeat musical track with Spanish vocals. The overall tone is humorous, affectionate, and playful, depicting a staged comedic moment rather than actual aggression.
Entities people=Andrew East (Author Name), Shawn Johnson (Post Caption); products=black crew-neck t-shirt, white athletic sneakers, black leggings
Humor type=Situational; explanation=The humor comes from the expectation set by the text 'oh no, i forgot my aggressive side' followed by an exaggeratedly gentle walk, then an abrupt shift to a classic bridal carry. The contrast between the self-deprecating admission and the sudden physical action creates a situational punchline common in couple-comedy reels. Viewers familiar with Andrew East and Shawn Johnson's family-friendly brand recognize the trope of the husband playing up a tough-guy persona for laughs while remaining clearly affectionate. The comedy relies on timing, body language, and the shared understanding that 'aggressive' here means playfully dominant rather than hostile, making it relatable and safe for broad audiences.
Author 【entity-Andrew East¦handle=@andrewdeast¦author_id=user-610563280230093104737】
AuthorURL https://www.instagram.com/andrewdeast
Verified
1.3M Followers
Language en",hook,true,strong,"户外散步时 on-screen '糟了,我的霸道面',我突然停下摆个凶狠 pose,下一秒公主抱抱起女友就走,她大笑",duo-couple-text-punchline,1,true,,false,,us-likely,美国创作者 Andrew East+英语,false
2026-10-06,general,20,https://www.instagram.com/reel/DeFwRtioscb,@michaelstoren,3100,56,0,1550.0,0.0,0,2026-10-06,2026-10-04,2,true,"This is a short-form comedy skit labeled 'POV: Average day at a public pool,' posted Octob...","This is a short-form comedy skit labeled 'POV: Average day at a public pool,' posted October 4, 2026 by creator Michael Storen. Set in a sunny backyard pool, two shirtless young men play multiple roles to depict stereotypical annoying pool-goers. One man dives in despite being told not to, then claims the warm spot is from him peeing. The other reacts with disgust. They trade lines about pooping in the water, show a used Band-Aid as a shared item, splash each other aggressively with a yellow pool noodle, and argue over the last towel. The younger-looking actor ends wrapped in a blue striped towel smiling at the camera. The tone is chaotic, slapstick, and intentionally gross-out, using verbal jokes about bodily functions rather than explicit visuals, consistent with the caption 'So chaotic for no reason.'
Humor type=Situational; explanation=The humor derives from situational exaggeration of common public-pool pet peeves turned into absurd violations. Viewers recognize the universal frustration of people breaking pool rules, but the skit pushes it to an extreme by having characters openly admit to urinating and defecating in the water and treating a used Band-Aid as communal property. This bait-and-switch from normal pool fun to taboo contamination creates cringe laughter. The deadpan delivery of 'I just peed' and 'I just pooed' contrasts with the sunny, innocent setting, amplifying the shock value. It fits the broader TikTok/Reels trend of 'POV: average day at...' where mundane settings become vehicles for hyperbolic social commentary, relying on shared cultural knowledge that pools are often perceived as dirty despite rules.
Author 【entity-Michael Storen¦handle=@michaelstoren¦author_id=user-172099725871323468001】
AuthorURL https://www.instagram.com/michaelstoren
1.2M Followers
Language en


【b259】
URL https://www.instagram.com/reel/DeE2bL3gc2h/
Type video
Created 2026-10-04 14:30:12 UTC
10K Likes
410 Comments
Summary: This is a short-form comedic skit posted October 4, 2026 by creator Umari Mann (@funny_mann27) from Atlanta. Framed as 'POV: When Your Car Is Being Repossessed,' it opens on a parking lot where a man in a white sweatshirt and camo pants climbs onto the back of a tow truck attempting to stop a red sedan from being taken. He gestures angrily, another man in green approaches, and the man in white falls to the ground beside the car's front wheel as the tow proceeds. Intercut shots show the tow-truck driver in a light-green Columbia shirt reacting with wide-eyed shock and exasperation from inside the cab. The video ends with a static ad for 'FREE AT LAST BAIL BONDS' (24 HRS/DAY, 404-577-Bail(2245)). The tone is slapstick and relatable financial-stress humor, using physical comedy to portray desperation during repossession, concluding as a promotional spot for a bail-bond service.",hook,true,none,,pov-location-grossout,1,false,"需泳池场地+多人分饰,恶心梗与美食/感情向不搭",false,,unknown,"英语,无明确地域线索",false
2026-10-06,general,21,https://www.instagram.com/reel/DeCbRG8S68O,@heatherdubrow,28000,370,1000,1000.0,0.286,2,2026-10-04,2026-10-03,3,true,"In a spacious, modern home hallway with parquet flooring and a contemporary chandelier, He...","In a spacious, modern home hallway with parquet flooring and a contemporary chandelier, Heather Dubrow stands holding her phone out to film while her husband Terry Dubrow faces her. Wearing matching black athletic wear, Terry performs a series of enthusiastic running jumps toward her, each time landing in her arms for a hug and kiss before resetting. The clip repeats this playful action multiple times, capturing their smiling interaction. The on-screen caption frames it as a reunion joke tied to filming for Real Housewives of Orange County (#rhoc), presenting the moment as affectionate couples comedy. The overall tone is light, loving, and humorous, with no risky or mature content.
Culture moment=husband-wife comedy / couple goals trend; significance=Reflects audience appetite for authentic celebrity relationship content amid reality TV drama.; origin=Real Housewives franchise social media culture",hook,true,strong,"女友下班进门/我出差回家:我助跑跳进她怀里抱住转圈,重复三次一次比一次夸张, on-screen '出差三天回家的我'",duo-couple-greeting-gag,1,true,,false,,us-likely,RHOC 美国真人秀明星+英语,false
2026-10-06,general,22,https://www.instagram.com/reel/DeCR5M8SKn4,@edakku_modakku_copule,25000,100,1000,1000.0,0.286,2,2026-10-04,2026-10-03,3,true,A man in a purple shirt and gold chain sits at an outdoor cafe table eating from a black t...,"A man in a purple shirt and gold chain sits at an outdoor cafe table eating from a black tray, while a woman in a colorful patterned top sits beside him talking on her mobile phone. The on-screen text reads 'My sweet wife.' Throughout the clip, the man repeatedly looks at her, eats, gestures with his hands, and tries to engage her, showing increasing impatience and exasperation as she remains focused on the call. He leans toward her, puts his arm around her shoulder, and speaks to her while she continues the conversation. Eventually she ends the call, looks down at her phone, and turns to him. The setting is a busy street in what appears to be India, with Tamil signage visible on buildings in the background. The tone is lighthearted and comedic, portraying a familiar moment of one partner being distracted by their phone.
Entities products=black plastic food tray, smartphone
Humor type=Situational; explanation=The humor arises from the everyday situation where one partner is engrossed in a phone conversation while the other waits to eat together. The on-screen label 'My sweet wife' adds ironic affection, contrasting with her inattention. Viewers recognize the universal experience of being deprioritized for a call, making the man's exaggerated patience and resigned expressions funny without dialogue punchlines. The payoff builds as he continues eating alone, reinforcing the relatable frustration.
Author 【entity-♡𝒮𝓊𝓇𝓎𝒶𝓈𝒶𝓃ℊℯℯ𝓉𝒽𝒶💕¦handle=@edakku_modakku_copule¦author_id=user-215744276457277322021】
AuthorURL https://www.instagram.com/edakku_modakku_copule
20K Followers
Language en


【66db】
URL https://www.instagram.com/reel/DeG5SkXK50d/
Type video
Created 2026-10-05 09:37:24 UTC
37K Likes
98 Comments
Summary: In a brightly lit modern cafe, a waitress serves a plate of spring rolls to two men seated together. The older man, wearing a dirty, ripped light-blue shirt, immediately begins eating the food enthusiastically while the younger man in an orange jacket is distracted by his phone. As the plate empties, the younger man notices and becomes increasingly agitated, confronting the older man in Hindi. The older man tries to share by breaking a roll in half, but the younger man rejects this, calling him 'disgusting' and telling him to earn his own food and leave. The waitress returns to clarify orders, confirming the food was intended for the younger man. The skit plays out as a comedic but uncomfortable class-conflict scenario, with the text 'Humidity 🥵' overlaid throughout, ending with the older man still holding a piece of food looking up helplessly.
Entities products=fried spring rolls, water bottle, energy drink can
Humor type=Situational; explanation=The humor comes from a relatable social awkwardness: one person is distracted by their phone while the other takes advantage and eats all the shared appetizer. The comedy builds through escalating reactions—the young man's disbelief, the older man's shameless enjoyment, and the eventual angry outburst calling him 'uncle' and telling him to get out. The contrast between the polite offer to split the food and the greedy consumption creates situational irony that many viewers find familiar from real-life dining experiences.
Author 【entity-Aryan Gupta¦handle=@up_wala_aryan90¦author_id=user-091183209235729770674】
AuthorURL https://www.instagram.com/up_wala_aryan90
870K Followers
Language en


【85a1】
URL https://www.instagram.com/reel/DeBhY6eytIr/
Type video
Created 2026-10-03 07:28:03 UTC
1.1K Likes
2 Comments
Summary: In a bright modern kitchen, a man and a woman stand behind a counter lined with eight large, hyper-realistic fruit-shaped desserts corresponding to emojis displayed at the top of the screen (pumpkin, pineapple, peanut, banana, coconut, poop, strawberry, brain). The on-screen text reads 'Eat or Skip Emoji Challenge.' The woman holds up a white plate labeled 'EAT,' flips it to show 'SKIP,' and places it down. After several spins where the plate lands on 'SKIP,' the man takes his turn, spins the plate, and it lands on 'EAT.' He selects the green avocado-shaped dessert, holds it to the camera, takes a bite, and shows the creamy interior. The woman reacts with surprise and amusement, then playfully tries to take a bite as he holds it away, leading to laughter. He lifts her slightly off the ground while she reaches for the dessert, both laughing throughout. The tone is cheerful, familial, and comedic, typical of a social media food challenge video.
Humor type=Situational; explanation=The humor arises from the situational tension of the random plate spin determining fate, combined with the visual gag of enormous realistic-looking fruits that turn out to be sweet desserts. The man's triumphant reaction when landing on EAT, followed by his theatrical bite and the reveal of green pistachio filling, creates an expectation-reversal. The comedy peaks in the physical playfulness—he dangles the dessert just out of reach, chants 'too bad,' and ultimately lifts the woman while she lunges for it, turning a simple tasting into slapstick. This aligns with popular TikTok/Reels food challenge tropes where ordinary eating becomes performance art through exaggeration and couple dynamics, making the mundane act of trying a snack feel like a mini-story with stakes and payoff.
Author 【entity-Hungry FAM¦handle=@hungry_fam¦author_id=user-678957813636068347591】
AuthorURL https://www.instagram.com/hungry_fam
Verified
680K Followers
Language en",hook,true,strong,"餐厅点菜时女友一直讲电话,我对着镜头翻白眼+疯狂用眼神暗示+自己先吃起来,最后她挂电话一脸无辜, on-screen '我亲爱的老婆'",duo-couple-phone-distraction,1,true,,false,,non-us,Tamil 招牌+印度街景,false
2026-10-06,general,23,https://www.instagram.com/reel/DeCb1DCsjjH,@daniella_kristya,5200,180,400,400.0,0.286,2,2026-10-04,2026-10-03,3,true,A young blonde woman in a white tank top stands at a kitchen counter cutting a sweet potat...,"A young blonde woman in a white tank top stands at a kitchen counter cutting a sweet potato on a wooden board. Hebrew text at the bottom reads ""לחתוך בטטה זה כזה"" (""Cutting a sweet potato is like this""). As she slices, the video cuts away to show the pieces magically flying to different locations: one hits a man sitting cross-legged on a couch eating from a white bowl; another lands in an open toilet bowl; another drops into a kitchen sink; and another smacks against the side of a dirty black SUV parked outside. A second woman in athletic wear is shown outdoors looking at her phone before reacting. The editing creates a comedic illusion that cutting the vegetable causes its pieces to teleport around the house and outside, presented in a playful, non-violent tone.
Entities products=sweet potato, kitchen knife, wooden cutting board
Humor type=Situational; explanation=The humor comes from situational exaggeration and expectation subversion. Viewers expect a normal cooking tutorial, but each chop sends a piece flying impossibly far to create unrelated messes — hitting a man mid-bite, landing in a toilet bowl, bouncing in a sink, and smearing a car door. The repetition builds comic rhythm, and the deadpan persistence of the cutter contrasts with the escalating absurd consequences. The Hebrew caption frames it as relatable hyperbole ('this is what it's like'), inviting viewers to laugh at the shared frustration of messy prep work taken to cartoonish extremes. No dialogue is needed; the visual cause-and-effect and the final loud buzzer punctuate the gag like classic slapstick.
Author 【entity-Daniella Rubin Kristya¦handle=@daniella_kristya¦author_id=user-812801742440002450169】
AuthorURL https://www.instagram.com/daniella_kristya
Verified
290K Followers
Language en


【e4c2】
URL https://www.instagram.com/reel/DeCR_r-yeha/
Type video
Created 2026-10-03 14:49:13 UTC
33K Likes
51 Comments
Summary: This is a short Indian comedy reel filmed at a street-side vada pav cart in Prayagraj, Uttar Pradesh, posted by creator @sachincomedy70. The skit opens with a young man in a printed shirt preparing food at his cart labeled 'Pankaj Vadapav.' A woman in a bright pink open shirt over a white crop top approaches, identifies herself as police, and engages in playful banter. The man promotes his 'Mumbai ka bada pav,' saying one bite will make you shout 'amma amma.' When she claims authority, he apologizes and jokes he'll serve her at the police station. She delivers the punchline that she'll feed him vada pav and then beat him there, leading to an exaggerated, loud scream from the man. The clip ends with reaction shots of two other men laughing in a car and at a desk, emphasizing the joke. The overall tone is lighthearted, theatrical street comedy centered on the 'feed then punish' trope.
Entities products=vada pav snack
Humor type=Situational; explanation=The humor arises from situational irony: a police officer, expected to enforce law, instead uses food as bait for punishment, flipping the typical customer-vendor dynamic. The man's escalating nervous jokes about marriage and children contrast with the woman's deadpan authority claim, building tension until the absurd scream releases it. This fits common Indian street-comedy tropes where everyday interactions become exaggerated power plays, and the final reaction shots cue the audience to laugh along, making the joke accessible without needing cultural insider knowledge beyond familiarity with vada pav and police stereotypes.
Author 【entity-Sachin Nishad¦handle=@sachincomedy70¦author_id=user-550669611166300311100】
AuthorURL https://www.instagram.com/sachincomedy70
86K Followers
Language en


【9fe8】
URL https://www.instagram.com/reel/DeDp0cQuVNO/
Type video
Created 2026-10-04 03:20:58 UTC
4.2K Likes
120 Comments
Summary: A man and woman sit at a kitchen counter for a casual food review. The woman, wearing a pink shirt, says she is tired and hungry, asking what he brought her. The man, in a black shirt, presents takeout containers with Venezuelan dishes. On-screen text identifies an 'arepa con guasayaca' and later an 'empanada de carne mechada.' They discuss the items, with the woman holding up a small cup of green sauce identified as chimichurri. Their interaction is affectionate and humorous, punctuated by meme inserts for comedic effect. After a '3 Doritos Despues' transition, the man tastes the arepa, describing it as very good but different. The video maintains a light, domestic, and culturally specific food-sharing vibe throughout, ending with them continuing to eat and talk.
Entities people=Valentina Castañeda (Author Name); products=arepa, empanada, chimichurri sauce
Humor type=Situational; explanation=The humor arises from the everyday situation of introducing a partner to unfamiliar cuisine, amplified by the woman's exaggerated exhaustion and hunger, the man's earnest attempts to pronounce 'guasacaca' as 'guayasacaya,' and the use of well-known reaction memes (Leonardo DiCaprio sipping, Kevin Hart confused, The Rock eyebrow raise) to punctuate his responses. The contrast between her fluent Spanish and his careful English replies creates a relatable cross-cultural dynamic, while the final punchline that the arepa was meant only for her adds a self-deprecating twist typical of couple-based social media comedy.
Author 【entity-Valentina Castañeda¦handle=@valentinasinfiltros¦author_id=user-090152754070312692204】
AuthorURL https://www.instagram.com/valentinasinfiltros
Verified
800K Followers
Language en",hook,true,weak,,cooking-visual-gag,1,false,"需多人配合接菜+剪辑特效,单人/情侣两人拍不出",false,,non-us,希伯来语字幕,false
2026-10-06,general,24,https://www.instagram.com/reel/DeECbbIIgL0,@aimeemkelly,7100,130,300,300.0,0.286,2,2026-10-04,2026-10-04,2,true,"This black-and-white video, filmed outdoors in a grassy field with trees in the background...","This black-and-white video, filmed outdoors in a grassy field with trees in the background, features a young woman in the foreground holding the camera in a selfie style. She wears a checkered button-up shirt and a necklace. Behind her, a young man wearing a cap, round sunglasses, and a light-colored zip-up jacket is initially looking down at a phone in his hands. The woman speaks first, saying 'Look who I found?' The man then looks up toward the camera and says, 'I'm trying to show you my ex Naomi,' gesturing toward the woman. Upon hearing this, both immediately break into loud, unrestrained laughter. The woman throws her head back laughing, eyes closed, then brings her hand to her mouth while still laughing. The man also smiles broadly. The tone is lighthearted, affectionate, and comedic, capturing a spontaneous moment of shared amusement between the two.
Entities people=Aimee Kelly (Author Name)
Humor type=Situational; explanation=The humor arises from the man's deadpan introduction of the woman as his 'ex, Amy' while she is clearly present and filming him, subverting the expectation of a serious introduction. The comedy is situational rather than scripted, relying on their genuine laughter and the absurdity of labeling a current partner as an ex in front of the camera. This plays on common couple banter where partners tease each other publicly, and the shared amusement makes it relatable. There is no punchline setup typical of stand-up; instead the incongruity between the words 'ex' and their obvious togetherness, combined with the woman's delighted reaction, drives the joke. It fits the trend of candid couple content where authenticity and spontaneous interaction are valued over polished production.
Author 【entity-Aimée Kelly¦handle=@aimeemkelly¦author_id=user-921990234572103045416】
AuthorURL https://www.instagram.com/aimeemkelly
Verified
110K Followers
Language en


【dd08】
URL https://www.instagram.com/reel/DeDl7QEvEuM/
Type video
Created 2026-10-04 02:46:38 UTC
13K Likes
160 Comments
Summary: At night outside a small Indian eatery ('Indoor Cafe'), a man in a white polo shirt and light jeans playfully confronts his wife, who wears glasses, a cream shirt and black pants. Holding their young son's hand, he accuses her of leaving without paying, gesturing animatedly while she responds defensively and laughs. A second man in a striped polo stands nearby smiling and observing. The interaction is lighthearted and performative, with the husband exaggerating the 'embarrassment' for content, as indicated by the on-screen caption. The setting includes menu boards for shakes and food items, plastic chairs, and artificial turf steps. The tone is comedic domestic banter, ending with the family walking away together.
Humor type=Situational; explanation=The humor comes from the everyday marital dynamic turned into a public performance. The husband loudly accuses his wife of being a habitual dine-and-dasher, claiming she exploits being a woman to avoid paying, while the wife reacts with mock offense and the child watches. The comedy relies on role reversal expectations—normally the husband would pay—and the social awkwardness of airing private money habits in front of strangers and staff. The on-screen caption explicitly frames it as 'embarrassing,' signaling to viewers that the discomfort is the joke, which resonates with audiences familiar with playful spousal banter common in Indian couple-reel culture.
Author 【entity-viniandjai¦handle=@viniandjai¦author_id=user-263741181507554750611】
AuthorURL https://www.instagram.com/viniandjai
Verified
380K Followers
Language en


【c65b】
URL https://www.instagram.com/reel/DeHLgtzzxUH/
Type video
Created 2026-10-05 12:12:56 UTC
580 Likes
19 Comments
Summary: In a bright, sunny outdoor location with palm trees and a building in the background, a young couple films a short comedy reel. The woman, wearing a pink-and-white gingham coat and white beret, initiates a playful game saying 'I love Tik...', 'I love Face...', 'I love Insta...', before saying 'I love You'. The man, in a gray sweater and glasses, responds 'I love You too!!'. She then says 'I love Youtube', causing him to pause and react with confusion, with on-screen Indonesian text noting he thought it was a trick question. She teases him for not giving a kiss, and an off-camera child's voice shouts 'PAPA KISS!!'. He leans over and gives her a quick kiss on the cheek as animated hearts appear. The tone is affectionate, humorous, and family-friendly, presented as casual couple content.
Entities people=Vanessa Andrea (Post Caption)
Humor type=Situational; explanation=The humor derives from expectation versus reality wordplay familiar to social media users. The woman builds anticipation by naming platforms, leading the husband to anticipate another app name, only to hear 'I love You,' creating a sweet surprise. When she then says 'I love Youtube,' his deadpan confusion—highlighted by the subtitle about a trick question—breaks the pattern again. The final situational comedy comes from the child's off-camera intervention demanding a kiss, turning a private couple moment into a family-directed performance. The contrast between the man's stoic delivery and the woman's giggly persistence makes the brief cheek kiss feel earned and endearing rather than forced, fitting common couple-comedy tropes on Reels.
Author 【entity-Vanessa Andrea¦handle=@cherrydreamy¦author_id=user-709985875605426681857】
AuthorURL https://www.instagram.com/cherrydreamy
Verified
180K Followers
Language en


【a000】
URL https://www.instagram.com/reel/DeGqJcMvS_U/
Type video
Created 2026-10-05 07:21:09 UTC
17K Likes
340 Comments
Summary: A young man in a maroon button-down shirt and dark jeans stands with a young woman in a pale yellow sleeveless top and wide-leg blue jeans on an empty paved road at dusk, with hills and streetlights in the background. They face each other and engage in animated, playful conversation, frequently smiling and laughing. The woman holds a small black object against her chest and gestures while speaking; the man keeps his hands in his pockets, occasionally looking down shyly or responding. On-screen text reads 'Nickname or what ..? 😂😅🤌' and '@tinaaa.ly'. After several moments of back-and-forth, they both turn and walk away from the camera down the road together, with the man playfully raising his arm as he follows her. The overall tone is lighthearted, flirtatious, and comedic, depicting a friendly or romantic interaction.
Humor type=Situational; explanation=The humor comes from the everyday awkwardness of defining a partner's nickname, with exaggerated hesitation and mutual teasing. The woman prompts the man, he deflects, and both react with smiles and mock seriousness, building anticipation that pays off when she walks away and he chases her. This situational dynamic mirrors common couple interactions, making it relatable without relying on punchlines or insults. The on-screen text 'Nickname or what ..?' frames the ambiguity, and the 'wait for end' cue rewards viewers with the physical comedy of the chase, reinforcing the light, affectionate tone typical of Indian social-media couple reels.
Author 【entity-श्रेया🦋¦handle=@tinaaa.ly_¦author_id=user-504937971685479103655】
AuthorURL https://www.instagram.com/tinaaa.ly_
22K Followers
Language en",hook,true,strong,"户外散步我对镜头说'看我找到了谁',女友入镜,我一本正经介绍'这是我前女友 Naomi',她大笑捶我, on-screen '求生欲测试'",duo-couple-banter-intro,1,true,,false,,unknown,"英语黑白片,无地域线索",false
2026-10-06,general,25,https://www.instagram.com/reel/DeIt0ishabU,@ohh.itz.suneetha,110,34,0,110.0,0.0,0,2026-10-06,2026-10-06,0,true,"A woman with long dark hair stands facing the camera inside a Chuck E. Cheese restaurant, ...","A woman with long dark hair stands facing the camera inside a Chuck E. Cheese restaurant, identifiable by the illuminated floor graphic reading 'CHUCK E. CHEESE' and arcade game machines in the background. She is wearing a dark, short-sleeved midi dress with a white floral pattern and dark sandals, and she maintains a slight smile throughout the clip. The setting is brightly lit with overhead fluorescent lights and colorful purple-pink lighting from the interactive floor. An upbeat song with female vocals in an Indian language plays in the background. The video is static, with no significant action, dialogue, or movement beyond the subject holding her pose.
Culture moment=Jim Jim Tara remix trend; significance=References a popular South Indian song remixed for reels, signaling participation in regional viral culture.; origin=Telugu film music repurposed on social platforms
Entities places=Chuck E. Cheese
Author 【entity-Suneetha Smiley¦handle=@ohh.itz.suneetha¦author_id=user-033273291735099067803】
AuthorURL https://www.instagram.com/ohh.itz.suneetha
10K Followers
Language en


【b9bc】
URL https://www.instagram.com/reel/DeHMZ-EyN2_/
Type video
Created 2026-10-05 12:24:48 UTC
1.6K Likes
34 Comments
Summary: In a modern living room at night, a woman in a white tank top and beige pants performs the 'Invisible danger' prank on her husband, who is sitting on a mustard-colored sectional couch looking at his phone. On-screen text states she is doing it to get his reaction. She walks toward him, then suddenly acts as if being struck by an invisible force, flailing her arms, ducking, and screaming. The husband looks up startled, then breaks into laughter, stands up, places a hand on his chest in mock shock, and continues smiling. The woman continues the exaggerated performance before walking out of frame. The video ends with the husband sitting back down, laughing heartily and giving a thumbs-up to the camera. The tone is lighthearted, playful, and domestic.
Culture moment=Invisible danger prank; significance=References a popular social media trend where creators pretend to be attacked by an invisible force to elicit reactions.; origin=TikTok/Reels viral challenge format
Entities people=Chontel Duncan (Author Name)
Humor type=Situational; explanation=The humor comes from the absurdity of the woman acting out being attacked by nothing while the husband is initially absorbed in his phone. His genuine confusion turning into realization and laughter creates a relatable domestic comedy moment. It leverages the well-known 'invisible danger' meme format where the performer commits fully to an imaginary threat, making the victim's delayed reaction the punchline. The contrast between her dramatic physical performance and his calm-to-shocked shift drives the situational comedy without dialogue.
Author 【entity-CHONTEL DUNCAN¦handle=@chontelduncan¦author_id=user-694935626787285393751】
AuthorURL https://www.instagram.com/chontelduncan
Verified
1.2M Followers
Language en",audio_meme,true,none,,static-pose-audio-trend,1,true,,false,,non-us,印度语歌曲 Jim Jim Tara 混音趋势,false
2026-10-06,general,26,https://www.instagram.com/reel/DeGwslJMaEX,@_lemonadewithsugar_,78,4,0,78.0,0.0,0,2026-10-06,2026-10-05,1,true,"At night in an outdoor commercial plaza parking lot, approximately 14 young men and women ...","At night in an outdoor commercial plaza parking lot, approximately 14 young men and women stand in a single line facing the camera. Dressed in casual evening outfits, they initially pose together, then simultaneously turn to face sideways. The group performs a coordinated comedic bit centered on repeatedly saying 'eh' with exaggerated facial expressions and gestures, highlighted by on-screen text reading 'EH?!' and 'EHHH?!'. The audio consists of the repeated 'eh' sounds over a simple beat. The participants laugh and interact playfully throughout. The overall tone is lighthearted, friendly, and typical of a social media reels trend among friends, with no risky behavior, conflict, or mature content depicted.
Culture moment=Eh trend / viral 'eh' audio meme; significance=Reflects 2026 short-form humor relying on repetitive vocal memes for group participation.; origin=TikTok/Reels viral audio trend
Humor type=Situational; explanation=The humor comes from the absurd commitment to a very simple premise: a large group synchronizing a meaningless 'eh' sound with deadpan confusion. The comedy builds through repetition and collective exaggeration, where each person leans into the awkwardness more than the last, creating a contrast between the serious lineup pose and the silly vocalization. This aligns with the 2026-era 'eh' meme template popular on Reels, where the joke is not a punchline but the shared willingness to look ridiculous together. The on-screen text amplifies the mock-surprise, and the friends' genuine laughter signals in-group bonding, making viewers laugh at the relatability of friends doing something dumb for fun rather than at any clever wordplay.
Author 【entity-_lemonadewithsugar_¦handle=@_lemonadewithsugar_¦author_id=user-929170624931207044075】
AuthorURL https://www.instagram.com/_lemonadewithsugar_
86 Followers
Language en


【1f18】
URL https://www.instagram.com/reel/DeEyFF7MQtK/
Type video
Created 2026-10-04 14:17:23 UTC
48K Likes
86 Comments
Summary: This is a fast-paced compilation video showcasing multiple people experiencing fits of extremely loud, distinctive, and often uncontrolled laughter. Clips include a man in a tan hoodie whose laugh shocks his girlfriend's parents; a woman doubled over at a dinner table; a dog staring wide-eyed at the noise; friends laughing hysterically in a car at night; a woman claiming she 'won the ugly laugh trend'; a boyfriend collapsing onto a bed laughing; a woman at a restaurant yelling with laughter; a man carrying a large tire while laughing; a daughter trying to make her mom laugh in a Walmart aisle; a cat reacting to weird laughing; a man on a couch labeled 'Best. Laugh. Ever.'; and archival footage of someone who 'doesn't laugh you scream.' The tone is lighthearted and comedic, using on-screen captions to contextualize each person's unique laugh as surprising, contagious, or socially awkward. The video celebrates the humor found in genuine, unfiltered human reactions.
Culture moment=ugly laugh trend; significance=References the TikTok/Reels trend where users film people's uncontrollable, unattractive laughs.; origin=Social media short-form video platforms
Entities places=Walmart
Humor type=Situational; explanation=The comedy arises from the situational incongruity of a normal social setting being disrupted by an unexpectedly loud, distorted, or animal-like laugh. Each clip sets up an expectation of a typical chuckle, then delivers a visceral, full-body laugh that causes others to double over, cover their faces, or stare in disbelief. The repetition across different contexts—parents meeting a boyfriend, a friend in a car, a mom in Walmart, a cat watching—reinforces the universal relatability of hearing someone's 'true' laugh for the first time. The text overlays frame it as a trend ('ugly laugh trend'), inviting viewers to compare and judge, which amplifies the shared amusement. No punchline is needed; the laugh itself is the joke.
Author 【entity-memity nation¦handle=@memitynation¦author_id=user-557203875920498264828】
AuthorURL https://www.instagram.com/memitynation
24K Followers
Language en


【b816】
URL https://www.instagram.com/reel/DeBNr0wA7tj/
Type video
Created 2026-10-03 04:39:37 UTC
4.2K Likes
110 Comments
Summary: This is a short-form social media comedy reel posted by @rishi_bundela_02 titled 'Trend Gone Wrong.' The video begins with a close-up of a shirtless young man with dark hair and a beard wearing a red thread necklace, looking at the camera with an on-screen 'Wait 😂' sticker. It then cuts to a brief clip of a male singer on stage performing the well-known Indian song about 'ek kachori do samosa.' The majority of the video features a different man in a red button-down shirt standing outdoors next to a large tree in a rural setting with green fields behind him. He performs an enthusiastic, exaggerated lip-sync and dance to the song, using wide hand gestures, pointing, clapping, prayer-like hands, and expressive facial movements throughout. The video ends with a quick shot of a young boy laughing while holding a drink. The overall tone is lighthearted, humorous, and intentionally overacted for comedic effect.
Culture moment=Ek Kachori Do Samosa viral trend; significance=The song is a widely circulated Indian folk meme used for comedic lip-syncs across social platforms.; origin=Popularized through regional music and social media reposts
Humor type=Situational; explanation=The humor derives from the classic bait-and-switch structure common in Indian Reels: the creator teases 'Wait' then delivers an unexpectedly earnest, over-acted rural performance to a beloved folk song about food and trust. The contrast between the casual intro and the full-commitment dancing, combined with the cultural familiarity of the 'Ek Kachori Do Samosa' audio, creates situational comedy. Viewers expect a polished trend but get an amateur, high-energy interpretation, which is the intended punchline. The exaggerated facial expressions, repeated hand-to-chest gestures, and final laughing boy reinforce the self-aware, communal joke without relying on sarcasm or satire.
Author 【entity-Rishi Raja Bundela¦handle=@rishi_bundela_02¦author_id=user-061982892051352002820】
AuthorURL https://www.instagram.com/rishi_bundela_02
3.8K Followers
Language en


【8b93】
URL https://www.instagram.com/reel/DeCZL1zxC_5/
Type video
Created 2026-10-03 15:37:13 UTC
1.6K Likes
23 Comments
Summary: This is a POV comedy reel posted by @husseinarnaoott titled 'Why they always mad?' with on-screen text 'POV: That one sibling who gets mad easily.' A bearded man in a light green t-shirt, dark shorts, white socks, and a backwards beige cap is shown outside carrying large cardboard boxes labeled 'xlarge extra grande.' From the POV of a sibling inside, he repeatedly asks them to open the sliding door, growing increasingly frustrated as they delay. Later, he is lounging on a bed looking at his phone before getting up angrily. Downstairs, the POV holder holds out a white phone charger, accusing him of taking it. He reacts with wide-eyed, loud indignation, denying it, saying 'Stop wearing my stuff,' and declaring 'I hate this family, I hate all of y'all bro, I'm finna leave y'all today.' He then storms back up the stairs. The entire piece is played for humor, depicting an easily irritated sibling archetype through exaggerated facial expressions and vocal escalation, set in a modern home during daylight.
Entities products=cardboard moving box, white phone charger
Humor type=Situational; explanation=The humor derives from situational exaggeration of a common family dynamic where one sibling has a hair-trigger temper. The comedy builds through three escalating triggers—door opening, ride request, charger accusation—that would normally warrant mild annoyance but provoke theatrical outrage. The performer uses physical comedy (wide eyes, leaning into camera, storming off) combined with profanity-lite exclamations ('freaking') to stay accessible while amplifying relatability. This aligns with the popular 'POV: that one...' TikTok/Reels format that invites viewers to project their own family member onto the character, making the absurd overreaction funny because audiences recognize the kernel of truth in everyday sibling pettiness.
Author 【entity-Hussein Arnaoot¦handle=@husseinarnaoott¦author_id=user-829462983259265336072】
AuthorURL https://www.instagram.com/husseinarnaoott
1.2M Followers
Language en


【ec25】
URL https://www.instagram.com/reel/DeFk-OrgP89/
Type video
Created 2026-10-04 21:15:06 UTC
150 Likes
6 Comments
Summary: In an outdoor grassy area in front of a large blue barn, two young women attempt a viral 'kissing the circle' trend. The woman on the left wears a red-and-white gingham crop top and denim mini skirt; the woman on the right wears a blue corset-style crop top and red ruffled mini skirt. Both have long brown hair and visible arm tattoos. Speaking to the camera, they explain they are trying the trend and decide who goes first. They then attempt to lean backward while holding each other's heads to form a circle with their bodies, but lose balance, tangle their hair, and collapse into laughter. The sequence repeats several times with exaggerated bending, head-touching, and giggling, ending with both covering their faces and laughing uncontrollably. The tone is cheerful, spontaneous, and focused on friendship and shared humor rather than polished execution. Audio consists of their conversation and natural outdoor sounds, with no music or offensive language.
Culture moment=kissing the circle trend; significance=Reflects ongoing social media pattern of friends attempting coordinated physical challenges for comedic effect.; origin=Referenced directly in spoken dialogue as a known trend.
Humor type=Situational; explanation=The humor arises from the situational mismatch between the intended graceful 'kissing the circle' pose and the actual clumsy execution. Viewers expect a smooth romantic or aesthetic moment common in viral couple/friend trends, but instead watch the two women wobble, tangle hair, and collapse while laughing. The comedy is amplified by their genuine reactions—uncontrolled giggles, hands to face, and self-aware commentary—that signal they are not performing for perfection but enjoying failure. This aligns with the broader TikTok/Reels culture where 'outtake > perfect take' is celebrated, making the awkwardness relatable rather than embarrassing. No punchline is delivered; the situation itself is the joke.
Author 【entity-Livi Roberts¦handle=@livlaughfarm¦author_id=user-376663330955069584513】
AuthorURL https://www.instagram.com/livlaughfarm
480K Followers
Language en


【e391】
URL https://www.instagram.com/reel/DeIH1f1TIJj/
Type video
Created 2026-10-05 21:00:00 UTC
3K Likes
46 Comments
Summary: A young woman films herself in an outdoor courtyard at dusk/night, with illuminated historic architecture in the background. Speaking to the camera, she explains she doesn't have a boyfriend but wants to ask a stranger to make a video with her for a social media trend. She approaches a man in a white shirt, asks if he'd be comfortable shooting a reel, and he agrees. After a brief explanation and a countdown, they perform the trend — walking toward each other and looking at one another — while smiling. On-screen text notes she is 'kinda nervous' and comments 'okay the chemistry tho.' The video ends with both laughing, presenting a lighthearted, consensual street-interaction social media clip.
Culture moment=stranger chemistry reel trend; significance=Participates in popular Instagram Reels format where creators test spontaneous romantic chemistry with strangers.; origin=social media platforms like Instagram Reels
Entities products=patterned sleeveless top, long skirt, snake pendant necklace, men's casual shirt
Humor type=Situational; explanation=The humor comes from the awkwardness of approaching a complete stranger for a romantic-style video, the creator's self-aware nervousness, and the unexpected positive response. The situational comedy builds as she explains the trend off-camera, the countdown creates anticipation, and the final lingering looks are framed with the text '(okay the chemistry tho)' which exaggerates a fleeting connection into a mock-romantic moment. This plays on the common social media trope of manufacturing 'meet-cute' scenarios, making the viewer's secondhand embarrassment part of the entertainment.
Author 【entity-kakul¦handle=@kakulsharma321¦author_id=user-558873751094335374576】
AuthorURL https://www.instagram.com/kakulsharma321
23K Followers
Language en


【30d3】
URL https://www.instagram.com/reel/DeEyP-CvSIH/
Type video
Created 2026-10-04 13:53:34 UTC
17K Likes
190 Comments
Summary: This short-form social media reel, posted October 4, 2026 by @arman_.s3, is a lighthearted comedy skit about internet trends. The first half features a young man with dark hair and a goatee, wearing a black ribbed shirt, outdoors against green foliage. He performs a series of posed shots—looking down, adjusting clear-framed glasses, smirking at the camera, and smiling broadly—mimicking a typical 'trendy' influencer aesthetic. The video then cuts to a second scene featuring a different young man in a patterned grey shirt standing beside a yellow railing on a roadside. He is holding a smartphone and laughing uncontrollably, mouth wide open, eyes squeezed shut, reacting to what he sees on the screen. The creator's caption 'Trend Ka end' frames the entire clip as a joke: the polished, cool pose is instantly ended by someone else's hysterical laughter, suggesting the trend is ridiculous. The tone is playful and self-deprecating, with natural outdoor lighting and casual audio of laughter. No policy-violating content is present.
Humor type=Bait-and-switch; explanation=The humor relies on setting up an expectation of a cool, trendy selfie and then switching to an unrelated, exaggerated laugh that mocks that effort. Viewers anticipate a stylish continuation, but the abrupt cut to hysteria creates surprise and incongruity, which is the core of bait-and-switch comedy. The caption 'Trend Ka end' explicitly signals this reversal, framing the pose as outdated the moment someone laughs at it. This format is common in short-form platforms where creators juxtapose self-serious aesthetics with self-aware ridicule to generate relatability. The laughter itself is contagious and visually emphatic, reinforcing the joke without needing dialogue. The simplicity makes it accessible across audiences familiar with influencer culture.
Author 【entity-⭐ ROSTER_BABA⭐¦handle=@arman_.s3¦author_id=user-896923762561724903832】
AuthorURL https://www.instagram.com/arman_.s3
97K Followers
Language en


【76e3】
URL https://www.instagram.com/reel/DeGWqBKCWo8/
Type video
Created 2026-10-05 04:32:03 UTC
32 Likes
3 Comments
Summary: This is a 90-second compilation video posted October 4, 2026, remixed by relationship coach Dea Rocha-Viola, showcasing multiple couples participating in the viral 'do something weird to see if he matches your energy' trend. Across various settings—a living room, modern kitchen, car interior, Target store aisle, front walkway, wooden deck, backyard, and gazebo—women initiate sudden, absurd behavior (flopping off furniture, screaming, running away, pretending to see something scary). In each clip, the male partner immediately mirrors the energy with equally exaggerated reactions: shouting 'what?', jumping up, chasing, flailing arms, or falling over. On-screen text repeatedly asks 'CAN YOU SEE IT?' with laughing emojis. Audio includes loud exclamations, laughter, and crashing sounds. The tone is lighthearted, comedic, and affectionate, demonstrating playful couple dynamics. No sexual content, nudity, or graphic violence is present; the humor relies on surprise and synchronized silliness.
Culture moment=do something weird to see if he matches your energy trend; significance=Reflects popular social media relationship compatibility tests popularized on TikTok and Instagram Reels.; origin=TikTok couple challenge format
Entities products=Dunkin' Donuts paper bag
Humor type=Situational; explanation=The humor derives from the predictable yet surprising pattern where a woman initiates absurd behavior and the man instantly copies it without question, creating situational comedy through mismatched expectations. Each clip builds tension by showing normal couple activity then breaking it with sudden weirdness, and the payoff is the man's over-the-top commitment to matching energy, often involving physical comedy like falling off furniture. This aligns with the well-known TikTok trend that tests relationship synchronicity, making it funny because viewers recognize the genuine affection beneath the silliness and enjoy seeing partners willing to look foolish together. The repetition across diverse couples reinforces the universal appeal.
Author 【entity-Dea Rocha-Viola¦handle=@coachingwithdea¦author_id=user-642008270266277819570】
AuthorURL https://www.instagram.com/coachingwithdea
42K Followers
Language en


【f21a】
URL https://www.instagram.com/reel/DeDuuYQTbBH/
Type video
Created 2026-10-04 04:04:11 UTC
130 Likes
10 Comments
Summary: Two young men stand side-by-side in front of a pink roller shutter with a bright green vertical stripe. On-screen text reads 'Wrong trend 👎 Right trend 📈'. The man on the left wears a red and white striped polo shirt and dark cargo pants; the man on the right wears an all-black t-shirt and pants. They interact conversationally, smiling, laughing, and gesturing toward each other and their own hair, appearing to act out the contrast between a 'wrong' and 'right' trend. The video uses several stylized visual transitions including heavy blur, overexposure, and color grading (green tint, high contrast) while maintaining the same pose. The overall tone is casual, humorous, and friendly, typical of short-form social media trend content.
Culture moment=wrong trend right trend meme format; significance=Uses a common TikTok/Reels template to compare behaviors.; origin=Social media trend comparison format
Entities products=polo shirt, t-shirt, cargo pants
Humor type=Situational; explanation=The humor comes from the exaggerated confusion of one friend who insists something is wrong, while the other tries to explain the 'right trend,' leading to physical comedy like head-scratching and dramatic posing. The repeated back-and-forth, combined with the visual gag of switching between normal and overexposed stylized shots, creates a situational comedy typical of Indian Reels where friends play off each other's misunderstandings. It relies on relatable peer correction rather than punchlines, making it accessible to audiences familiar with trend-chasing culture.
Author 【entity-arbuurex7¦handle=@arbuure_x7¦author_id=user-919133630683123863060】
AuthorURL https://www.instagram.com/arbuure_x7
230 Followers
Language en


【bf97】
URL https://www.instagram.com/reel/DeFJE07qDbE/
Type video
Created 2026-10-04 17:16:37 UTC
1.2K Likes
64 Comments
Summary: This short-form comedy reel from October 2026 features two people in separate indoor settings. A woman with short hair, wearing a colorful tie-dye shirt, stands in a room with yellow walls and repeatedly gathers the shirt material at her chest while speaking to the camera. The scene cuts to a man wearing a grey durag, black t-shirt, and chain necklace, who responds with exaggerated pleading gestures, clasped hands, wide smiles, and laughter, eventually bowing his head down out of frame. The on-screen caption frames the interaction as a joke about being 'killed by BOOBS,' indicating the video's intent is humorous sexual innuendo centered on breast-focused attention. The tone is lighthearted and performative, typical of viral relationship-comedy content, with no nudity, violence, or other high-risk elements beyond the sustained chest-focused innuendo.
Humor type=Situational; explanation=The humor arises from the classic situational trope of male helplessness in the face of female attractiveness, amplified by exaggeration. The woman does nothing overtly sexual except hold fabric to her chest, yet the caption declares this mundane action lethal ('don't kill me with BOOBS'), creating absurd hyperbole. The man's performance sells the joke: clasped hands, pleading eyes, nervous laughter, and finally collapsing out of frame signal mock terror. This contrast between a harmless gesture and an extreme reaction is inherently funny and aligns with popular 'thirst trap' and 'boyfriend vs girlfriend' skits common on Reels and TikTok. The use of coded spelling 'B00BS' and emojis adds internet-native playfulness, making the innuendo clear without explicit imagery, which fits platform norms for PG-13 comedy.
Author 【entity-VINCENT🏂🇳🇬¦handle=@trophy.bwoy¦author_id=user-549785127515666867052】
AuthorURL https://www.instagram.com/trophy.bwoy
740K Followers
Language en


【771b】
URL https://www.instagram.com/reel/DeGDJFYRkFT/
Type video
Created 2026-10-05 01:39:45 UTC
70K Likes
330 Comments
Summary: A woman with long dark wavy hair, wearing an olive-green collared shirt and sunglasses pushed up on her head, films herself selfie-style outdoors against a backdrop of green grass and trees. She smiles broadly, talks and sings expressively to the camera, occasionally gesturing with her hand. On-screen text at the top reads 'दिलवा के हाल.. 💯🫶🙈' (Hindi for 'the condition of the heart'), and a small animated American flag sticker is visible on her shirt. The audio features her singing a melodic Hindi song. The overall tone is cheerful, personal, and casual, consistent with a social media vlog or music clip.
Culture moment=Trending Bhojpuri song; significance=Participates in ongoing Indian regional music reel trend popular on Instagram Reels.; origin=Indian social media music culture
Entities people=neha singh (Author Name)
Author 【entity-neha singh¦handle=@neharajput_____¦author_id=user-563934562388093313101】
AuthorURL https://www.instagram.com/neharajput_____
74K Followers
Language en


【e643】
URL https://www.instagram.com/reel/DeHlcyHMpAr/
Type video
Created 2026-10-05 16:01:17 UTC
140 Likes
3 Comments
Summary: A short, shaky selfie video filmed at night in an apartment with city lights visible through a window behind. Creator @theyugsoni (Mumbai) in a red long-sleeve shirt holds the camera while a young woman in a white tank top stands behind him. Both lip-sync energetically to a popular rap audio repeating ""I just wanna rollie rollie with a dabberant..."" about designer clothes and jewelry. They make playful facial expressions, point at the camera, touch their hair, and pose closely together throughout the clip. The caption labels it a ""twin,"" ""Friends Bestfriends lipsync reel TikTok trend viral reel,"" indicating it is a lighthearted, relatable friendship trend recreation posted October 5, 2026. The tone is casual, youthful, and humorous with no explicit, violent, or otherwise restricted content.
Culture moment=TikTok lipsync trend; significance=Reflects ongoing social media friendship content culture where duos recreate viral audios.; origin=TikTok/Reels platform trends
Humor type=Situational; explanation=The humor comes from the exaggerated, slightly awkward performance typical of friend-duo lip-sync trends. The pair intentionally overact—puckering lips, pointing, making goofy faces—to match the repetitive braggadocious lyrics about jewelry and designer clothes. There is no punchline or scripted joke; the comedy is situational, relying on the contrast between the serious swagger of the audio and the casual, intimate bedroom setting with two friends hamming it up for the camera. This aligns with the broader TikTok/Reels 'best friends' meme format where relatability and shared silliness replace polished production, making viewers laugh at the earnestness rather than a crafted gag.
Author 【entity-yugsoni¦handle=@theyugsoni¦author_id=user-220328406884031056669】
AuthorURL https://www.instagram.com/theyugsoni
14K Followers
Language en",audio_meme,true,none,,group-audio-meme,1,false,"需十几人列队配合,情侣两人拍不出",false,,unknown,"英语,无明确地域线索",false
2026-10-06,general,27,https://www.instagram.com/reel/DeDOOZdB53m,@jaymelamm,54,8,5,5.0,0.286,2,2026-10-04,2026-10-03,3,true,"A short social media reel posted by creator Jayme Lamm (@jaymelamm) from Denver, Colorado,...","A short social media reel posted by creator Jayme Lamm (@jaymelamm) from Denver, Colorado, shows her husband in a modern home with wood floors. He is wearing a beige jacket, dark jeans, and white sneakers. He bends over and opens multiple pieces of furniture—a sideboard console and then a TV stand—pretending to search inside them. The on-screen text explains the joke: 'My husband looking for where it says in our marriage vows that he has to be in these reels,' framing his reluctance to be filmed as a literal search for contractual obligation. The tone is lighthearted and playful, typical of couple comedy content. Upbeat background music plays throughout. No risky, explicit, or disturbing content is present.
Humor type=Situational; explanation=The humor arises from situational irony: treating a metaphorical complaint about being filmed as a literal legal search. Viewers recognize the common dynamic where one partner, often the wife who creates content, enlists the other for reels, and the husband's deadpan physical performance—opening drawers as if consulting a contract—makes the abstract grievance concrete. It taps into the widespread 'reluctant spouse' trope popular in couple-comedy reels, where everyday annoyances are dramatized for laughs. The joke works because it subverts expectations of what marriage vows contain, replacing solemn promises with mundane influencer labor, and because the husband's earnestness contrasts with the absurd premise, creating gentle schadenfreude without cruelty.
Author 【entity-⠀⠀Jayme Lamm | The Blonde Side | Digital Marketing¦handle=@jaymelamm¦author_id=user-457143476587879197621】
AuthorURL https://www.instagram.com/jaymelamm
Verified
25K Followers
Language en


【84a2】
URL https://www.instagram.com/reel/DeCC3_-vcWN/
Type video
Created 2026-10-03 12:27:25 UTC
14K Likes
190 Comments
Summary: A man and a woman perform a short, playful dance skit on a concrete rooftop against an urban residential backdrop under clear daylight. The man wears a white button-down shirt, dark jeans, and sneakers; the woman wears a long black dress with a peach-colored scarf and is barefoot. To an upbeat Hindi pop track, they begin with a theatrical mock struggle — holding hands, leaning back, making exaggerated surprised faces — before transitioning into coordinated, joyful dancing. They smile, laugh, gesture expressively, and move in sync, ending with raised arms and celebratory movements. The tone is light, romantic-comedic, and family-friendly, with no dialogue, only music.
Entities products=white button-up shirt, dark jeans, light sneakers, black long dress, peach scarf
Humor type=Situational; explanation=The humor comes from the exaggerated physical comedy of a fake argument turning into dance. The man adopts overly dramatic poses—wide stance, clutching his stomach, feigning pain—while the woman responds with mock sternness then affectionate pats, creating a relatable domestic-play dynamic. Their timing, mutual laughter, and the contrast between pretend aggression and immediate reconciliation make it funny without dialogue. The setting on a plain rooftop heightens the amateur charm, and the upbeat Hindi music frames the interaction as celebratory rather than confrontational, inviting viewers to enjoy the silliness of everyday couple banter performed for the camera.
Author 【entity-Sameermalik¦handle=@sameer1820malik¦author_id=user-247883051686381538694】
AuthorURL https://www.instagram.com/sameer1820malik
1M Followers
Language en


【5f86】
URL https://www.instagram.com/reel/DeCUC85yLB4/
Type video
Created 2026-10-03 14:51:25 UTC
17K Likes
85 Comments
Summary: A short indoor social media reel filmed in 2026 shows a young man in a light plaid shirt and grey pants sitting next to a young woman dressed in a bright red traditional saree with gold embroidery, bangles, and jewelry. Against a plain beige wall with a white wardrobe, they perform a playful, conversational skit set to an upbeat Indian folk song. Throughout the clip, the woman talks animatedly, laughs, touches the man's shoulder, leans toward him, and makes expressive hand gestures, while the man listens, smiles, reacts with exaggerated facial expressions, and occasionally gestures back. Their interaction is affectionate and comedic, typical of couple content popular on Indian platforms. The creator's caption in Hindi asks viewers where they are traveling, and the post is tagged to Bihar/West Bengal, indicating regional social media content. The overall tone is cheerful, romantic, and casual.
Humor type=Situational; explanation=The humor arises from the familiar, exaggerated dynamics of a young couple playfully teasing each other in a domestic setting. The woman's animated expressions, mock scolding, and physical closeness contrast with the man's over-the-top reactions and feigned exasperation, creating a relatable situational comedy that resonates with audiences accustomed to Indian social-media couple content. There is no punchline or satire; the amusement comes from observing authentic-feeling romantic banter amplified for the camera, a common trope in regional reels where everyday intimacy is performed as entertainment. The upbeat folk music further frames the scene as lighthearted rather than serious, reinforcing the comedic intent without relying on wordplay or cultural references beyond the shared understanding of couple tropes.
Author 【entity-Rajiv Ranjan Kumar¦handle=@br_rajeev999¦author_id=user-790073029071715665625】
AuthorURL https://www.instagram.com/br_rajeev999
170K Followers
Language en


【bc52】
URL https://www.instagram.com/reel/DeCAtIkialJ/
Type video
Created 2026-10-03 12:01:36 UTC
1.4K Likes
4 Comments
Summary: The video opens outdoors in a snowy backyard in front of a beige house. A woman in a dark Canada Goose-style parka, light blue ripped jeans, and black high-heeled boots sits atop a snow-covered wooden planter box, struggling to put on the boots. On-screen text frames it as 'lifestyle of the cold & stupid.' An off-camera man narrates and teases her, questioning why she's sitting there, calling the boots 'travel boots, photo boots,' and making jokes including 'Have you wet yourself to keep warm?' and 'It's okay, don't be shamed.' She laughs throughout. She removes one boot, revealing a bare foot in the snow, and playfully calls the boots 'booty booty.' He initially refuses to help, then does. When she stands, he points out her feet look 'broken' because she put the boots on the wrong feet, which is the punchline. The scene cuts indoors to the same couple; the man now has a cartoon avatar filter over his face, and both smile, point at the camera, and give thumbs up, confirming the lighthearted, self-deprecating nature of the skit.
Entities products=black high-heeled lace-up ankle boots, black insulated snow boots, Canada Goose parka, light blue ripped skinny jeans
Humor type=Situational; explanation=The humor arises from the absurd contrast between a glamorous influencer pose and freezing winter conditions. The man frames the scene as 'lifestyle of the cold & stupid,' treating the woman's choice of high-heeled photo boots as foolish performance art. His running commentary—asking if she's embarrassed, suggesting she wet herself to stay warm, and pretending the boots must be summoned like pets with 'booty booty booty'—creates a sustained roast that is clearly affectionate rather than cruel. The punchline that she put the boots on the wrong feet resolves the visual gag of her awkward stance in deep snow. The joke relies on shared cultural knowledge of influencers prioritizing aesthetics over practicality, making the situation relatable and cringe-funny without needing slapstick or profanity.
Author 【entity-TRID¦handle=@therealindiandad¦author_id=user-870801129559450520279】
AuthorURL https://www.instagram.com/therealindiandad
Verified
1.8M Followers
Language en


【b1d5】
URL https://www.instagram.com/reel/DeES1Fls0YR/
Type video
Created 2026-10-04 09:18:54 UTC
200K Likes
660 Comments
Summary: The video is a short, lighthearted social media reel filmed indoors, likely at a dessert shop indicated by an 'ALICE IN GELATOLAND' poster and a screen showing food. A young man in a light denim shirt over a white tank top and a young woman in a red long-sleeve top interact playfully while using a smartphone. He photographs her, she reviews the image, they exchange the phone, and both smile and pose for additional shots. The audio includes background music, comedic boom sound effects, and laughter, reinforcing a casual, fun tone. No sexual content, violence, substance use, or other policy-risk elements are present. The overall narrative is a simple, benign depiction of two people creating content together.",hook,true,strong,"我翻箱倒柜找东西, on-screen '老公在找:誓词里哪条说他必须出镜拍 reel',女友在旁边偷笑掌镜,最后我掏出一张白纸说'找到了,没有'",duo-couple-meta-creator,1,true,,false,,us-likely,"Denver, Colorado+英语",false
2026-10-06,general,28,https://www.instagram.com/reel/DeAwwuix2HN,@krystiana,230000,260,0,0.0,0.429,3,2026-10-03,2026-10-03,3,true,"In a modern, spacious living room with large tile floors and a wall-mounted TV showing a v...","In a modern, spacious living room with large tile floors and a wall-mounted TV showing a video game, on-screen text reads 'POV: you have a teenage daughter.' A young woman, presumably the teenage daughter, emerges from a hallway wearing a cropped orange top and baggy ripped jeans. She performs an energetic, exaggerated dance directly toward a man (the father), including dropping to her hands and knees, whipping her long dark hair, and shaking her hips before running off-camera, leaving one checkered slipper behind. The father, dressed in black, watches, then turns and mimics her by getting down on all fours and crawling after her into the hallway. He then gets up and runs back out. A second younger girl in a pink sweatsuit then walks calmly into the room. The video is set to upbeat rock music and is posted by creator @krystiana with hashtags #moms #dads #parents #daughter, playing on the comedic trope of dramatic teenage behavior being 'scary' for parents.
Culture moment=POV teenage daughter skit; significance=Reflects widespread social media trend where parents humorously portray teenagers as unpredictable and intimidating.; origin=Originates from TikTok/Reels family comedy genre popularized by parent creators.",hook,true,none,,parent-teen-pov,1,false,"核心梗依赖青少年子女出演,两人拍不出",false,,unknown,"英语,无明确地域线索",false
2026-10-06,general,29,https://www.instagram.com/reel/DeDfhZfywDL,@abid09339,38000,57,0,0.0,0.286,2,2026-10-04,2026-10-04,2,true,"This is a short-form Instagram Reel posted in October 2026 by creator Abid Khan, featuring...","This is a short-form Instagram Reel posted in October 2026 by creator Abid Khan, featuring a two-person comedic skit. A young woman with long dark hair, wearing a black-and-white floral top and jeans, sits on a bed holding her phone and speaks to a young man shown in alternating cuts. In Hindi, she asks why he is angry and whether he won't eat; he says he won't. She replies she also won't eat, he tells her to put the phone down, and she defiantly says she will eat because she is a little hungry. After hanging up, she places her phone down and begins eating roti dipped in curry from a bowl on a plate in front of her, taking bites while looking at the camera. The tone is light, playful, and relatable couple humor about stubbornness and food, underscored by the caption calling her a glutton. No explicit, violent, or adult content is present.
Humor type=Situational; explanation=The humor derives from a classic relationship trope where partners pretend to punish each other by skipping meals, only for hunger to win. The setup creates expectation of mutual stubbornness, then the punchline subverts it visually as the woman immediately starts eating roti with curry after declaring she won't. This situational irony is amplified by the caption labeling her a glutton, making the behavior self-aware and relatable to audiences familiar with South Asian couple dynamics. The contrast between the serious tone of the argument and the mundane act of eating provides comedic release without relying on slapstick or insult.
Author 【entity-Abid Khan 🇮🇳¦handle=@abid09339¦author_id=user-968577298894999469409】
AuthorURL https://www.instagram.com/abid09339
26K Followers
Language en


【71e9】
URL https://www.instagram.com/reel/DeBgkNJgJT5/
Type video
Created 2026-10-03 07:25:04 UTC
110K Likes
520 Comments
Summary: In a warmly lit cafe setting, three people participate in a casual interview-style exchange. A woman in a yellow top and denim skirt asks, 'What's your favourite snack?' while holding a mug. A second woman in a maroon long-sleeve top, holding a single french fry, answers with the flirtatious line, 'You in that outfit.' Finally, a man in a white open-collar shirt also holding a french fry replies, 'Mine is french fries.' The interaction is lighthearted and playful, centered on the double meaning of 'snack' as both food and an attractive person, with no explicit content, profanity, or other risk factors present.
Entities people=Shagun Sharma (Author Name); products=french fry, mug
Humor type=Bait-and-switch; explanation=The humor comes from violating the expected literal answer to 'favorite snack.' Viewers anticipate a food item, but the second speaker answers with a flirtatious compliment, reframing 'snack' as slang for an attractive person. This bait-and-switch creates surprise and mild embarrassment, amplified by the third speaker then giving the literal answer ('french fries') while holding a fry, which restores the literal meaning and completes the comedic triangle. The joke works because it plays on common internet slang where calling someone a 'snack' means they look good, making the innuendo instantly recognizable to a social-media-savvy audience without needing explicit explanation.
Author 【entity-Shagun Sharma¦handle=@shagun__sharma¦author_id=user-670731582246835714201】
AuthorURL https://www.instagram.com/shagun__sharma
Verified
560K Followers
Language en


【9b32】
URL https://www.instagram.com/reel/DeH5X6_Psyz/
Type video
Created 2026-10-05 18:54:23 UTC
52K Likes
1.9K Comments
Summary: A New York City Police Department officer, identified by his name tag as Sullivan, enters the 'Jerk House Caribbean Restaurant' during its grand opening, as indicated by on-screen text 'When a Cop tries Jamaican food for the first time.' Inside the modern restaurant with a buffet line of stews, rice, and vegetables, he puts on gloves and samples a piece of jerk chicken. His reaction is highly theatrical—he widens his eyes, opens his mouth, fans himself, and exclaims in Jamaican patois, including the phrase 'Bumbaclot Babylon.' He then dances energetically in the kitchen and in front of the food counter, poses outside holding a plate of food under the 'GRAND OPENING' banner, and pretends to cook on a flaming grill. Staff members playfully tell him he needs to leave. The video is set to upbeat dancehall music and is presented as a lighthearted, comedic cultural experience.
Culture moment=Jamaican jerk food popularity; significance=Leverages cultural curiosity around Caribbean cuisine and police-community interaction for entertainment.; origin=Caribbean culinary tradition
Entities people=Sullivan (Vision Model Only); products=jerk seasoning sauce, prepared Jamaican food; places=Jerk House Caribbean Restaurant
Humor type=Situational; explanation=The comedy arises from the contrast between the officer's authoritative uniform and his vulnerable, childlike reaction to spice. His physical performance—eyes widening, mouth agape, hand on head, hip movements, and celebratory pose outside the restaurant—amplifies the situational irony. The premise 'when a cop tries Jamaican food for the first time' sets expectation vs reality, playing on cultural stereotypes about spice tolerance without malice. The repeated dancing in the kitchen and exaggerated pain-then-pleasure expression creates a relatable, lighthearted moment that fits viral food-reaction trends.
Author 【entity-Jacob Berger¦handle=@jacobbergeractor¦author_id=user-378982948589231088646】
AuthorURL https://www.instagram.com/jacobbergeractor
Verified
1.4M Followers
Language en",hook,true,strong,"和女友冷战互相说'不吃了',挂电话后她立刻拿起饭大口吃 roti 蘸咖喱,镜头怼脸拍她真香, on-screen '嘴上说不吃'",duo-couple-stubborn-food,1,true,,false,,non-us,印地语+roti/curry,false
