scan_date,niche,rank,url,author,likes,comments,likes_gained_since_last,velocity_per_day,velocity_confidence,days_tracked,first_seen_date,posted_date,recency_days,is_fresh,title,description,mechanic,replicable,niche_fit,angle_idea,format_cluster,spread_count,feasible,feasible_note,saturated,saturation_reason,geo_fit,geo_note,picked_for_tomorrow
2026-10-08,general,1,https://www.instagram.com/reel/DeNGqmiSAZo,@marvinachi,430000,3700,0,430000.0,0.0,0,2026-10-08,2026-10-07,1,True,"Two men walk together along an empty paved road bordered by tall grass under an overcast sky. One wears a black t-shirt and dark pants holding an orange cloth; the other wears a white floral kurta, li","Two men walk together along an empty paved road bordered by tall grass under an overcast sky. One wears a black t-shirt and dark pants holding an orange cloth; the other wears a white floral kurta, light trousers, and an orange scarf draped over his shoulders. They interact playfully before approaching a wooden cycle rickshaw. The man in the kurta climbs into the passenger seat, reclines dramatically, and begins shouting directions while gesturing. The man in black takes the handlebars and begins pulling the rickshaw forward. After a brief exchange where the passenger continues to yell and gesture expansively, he suddenly leaps out of the moving rickshaw, grabs his orange cloth, and sprints down the road. The puller immediately drops the rickshaw and chases after him, ending the clip with both running away from the camera down the empty road.
Entities people=Marvin Achi (Author Name)
Humor type=Situational; explanation=The humor arises from the role reversal and exaggerated performance: one man acts as a demanding passenger in a rickshaw while the other struggles to pull him, complete with theatrical gestures and mock negotiation over 'paisa.' The comedy builds through physical actions—climbing onto the rickshaw, lounging dramatically, then abruptly abandoning it and running down the empty road, prompting a chase. This situational absurdity, set against an ordinary rural backdrop, creates a lighthearted, relatable sketch without dialogue-dependent punchlines, relying instead ",personality,False,weak,,duo-road-chase-skit,1,False,Q3 需人力车道具、空旷乡间道路，家里无法复刻,False,,non-us,印度 kurta+人力车+'paisa'讨价,False
2026-10-08,general,2,https://www.instagram.com/reel/DeLXfukM7N2,@lifewfarzy,420000,3600,0,420000.0,0.0,0,2026-10-08,2026-10-07,1,True,"The video follows two young men illustrating the 'love and hate' friend dynamic across three settings. In a kitchen, one man in a black t-shirt and grey sweatpants yells and points at his bearded frie","The video follows two young men illustrating the 'love and hate' friend dynamic across three settings. In a kitchen, one man in a black t-shirt and grey sweatpants yells and points at his bearded friend in a black hoodie, who responds with defensive gestures, before they break into laughter and shake hands. Later, sitting side-by-side on a couch, they look at phones, drink water simultaneously, share jokes, and laugh together while viewing a phone screen. Finally, outdoors at night on a brick sidewalk, they continue their animated back-and-forth, gesturing emphatically, briefly grabbing hands, then reconciling by putting an arm around each other's shoulders and walking away together. On-screen text throughout reads 'That one duo that loves and hates each other,' framing the entire piece as a relatable, lighthearted portrayal of close male friendship marked by frequent bickering and quick forgiveness.
Entities people=Farzaan Aleem (Author Name); products=plastic water bottle, smartphone, hoodie with R logo
Humor type=Situational; explanation=The humor comes from the exaggerated oscillation between hostility and affection that many viewers recognize in close friendships. The setup in the kitchen with shouting and pointing, followed immediately by shared laughter on the couch and synchronized walking arm-in-arm at night, creates a situational contrast. The on-screen text frames the behavior as universal, inviting viewers to map their own experience onto the performance. No punch",template,True,strong,两人分披萨+屏幕字'That one duo that loves and hates each other'：他抢她最后一块，她瞪眼，下一幕她喂他吃，结尾勾肩一起走,duo-love-hate-text-skit,1,True,,False,,unknown,无明确标记,False
2026-10-08,general,3,https://www.instagram.com/reel/DeIJerrubxT,@shoeb.khan_zd,1100000,3300,0,366666.7,0.0,0,2026-10-08,2026-10-05,3,True,"The video follows three young men in a comedic food-sketch. It opens at an outdoor street-food cart named 'Time To Time' where a man with long hair orders two samosas from a vendor. Two friends, one i","The video follows three young men in a comedic food-sketch. It opens at an outdoor street-food cart named 'Time To Time' where a man with long hair orders two samosas from a vendor. Two friends, one in a red sweater and one in a blue-black plaid shirt, arrive and criticize the stall's hygiene, saying the samosas look dirty and suggesting they eat elsewhere. The group moves to a bright indoor gelato shop with pink-and-blue striped walls. A female staff member in a green dress and hairnet serves them the same samosas on plates. They eat and make exaggerated disgusted faces. At the counter, they look at a computer showing YouTube videos while discussing the cost. The long-haired man returns carrying a large blue duffel bag and hands it over, implying he has ordered 100 samosas for cleanliness. The video ends with a series of black-and-white extreme close-ups of the men's faces making funny, wide-eyed expressions. The tone is playful and humorous, centered on Indian street-food culture and the contrast between cheap roadside snacks and perceived cleanliness.
Entities people=Shoeb K khan (Author Name); products=samosa, duffel bag
Humor type=Situational; explanation=The humor comes from the relatable contrast between cheap, unhygienic street food and an overpriced but clean cafe version. The setup builds expectation that the friends will save money, but the punchline subverts it by revealing they paid ₹200 for just two samosas and then dramatically offer a bag full of cash for 100 ",template,True,weak,,food-hygiene-duo-skit,1,False,Q1 需三人出镜，Q3 需街边摊+甜品店两处场景,False,,non-us,印度街边 samosa 摊+'Time To Time',False
2026-10-08,general,4,https://www.instagram.com/reel/DeKMTHppsPz,@pandasanos,560000,560,0,280000.0,0.0,0,2026-10-08,2026-10-06,2,True,This is a compilation video following a viral TikTok/Reels trend where multiple different men are fed by their girlfriends or wives using the partner's hands. Each clip shows a man sitting at a table ,"This is a compilation video following a viral TikTok/Reels trend where multiple different men are fed by their girlfriends or wives using the partner's hands. Each clip shows a man sitting at a table with fast food (Chick-fil-A waffle fries, Taco Bell nachos, McDonald's burgers, wings, pizza, Subway sandwich, cinnamon rolls, milk) while an off-screen woman with long manicured nails holds the food to his mouth. The comedy comes from the clumsiness — he bites her fingers, misses his mouth, spills milk down his chin, gets sauce on his beard, and reacts with exaggerated enjoyment ('Mmm, that's good'). On-screen text reinforces the joke: 'Eat with my girlfriend's hand,' 'Eating using my fiancée's hands,' 'An inelegant way of drinking milk,' 'Can't waste any food stuck on the fingers,' 'A new way to clean fingers,' 'Rebellious Hands,' 'Hands that haven't adapted to the new body.' The tone is lighthearted, playful couple content focused on messy, relatable eating fails rather than romance or sexuality. Audio consists of casual commentary, chewing sounds, and positive reactions, with no profanity or music lyrics driving the narrative.",template,True,strong,他坐在餐桌前张嘴，她伸手喂他炸鸡/薯条，他咬到她手指、酱料弄撒，屏幕字'Eat with my girlfriend\u0027s hand',couple-feed-me-trend,1,True,,False,,us-likely,Chick-fil-A/Taco Bell/麦当劳+英语,False
2026-10-08,general,5,https://www.instagram.com/reel/DeOYETGsBRP,@orry,250000,1100,0,250000.0,0.0,0,2026-10-08,2026-10-08,0,True,"The video features a man and a young girl in an indoor setting against a plain white wall. Initially, the man sits on a stool wearing a purple hoodie and black shorts, with his mouth covered by silver","The video features a man and a young girl in an indoor setting against a plain white wall. Initially, the man sits on a stool wearing a purple hoodie and black shorts, with his mouth covered by silver tape and his hands bound in front of him with red rope. The girl, wearing a pale yellow t-shirt with a blue 'S' and denim shorts, stands next to him, striking various poses with her hand on her hip and smiling at the camera. After several seconds, the scene transitions to both individuals in elaborate matching outfits: bright neon green and hot pink suits/dresses with large black polka dots. The girl wears a puffy dress with bows in her hair, and the man wears a split-color suit. They sit together, pose for the camera, make playful facial expressions, and interact affectionately—the man hugs the girl from behind and they both laugh. The tone is lighthearted and comedic, centered on a costume transformation and playful bonding between the two.
Entities people=Orhan Awatramani (Author Name); products=purple hoodie, yellow graphic t-shirt, polka dot suit, polka dot dress
Humor type=Situational; explanation=The humor comes from the stark contrast between the first scene, where the man is comically restrained with duct tape over his mouth and rope on his wrists while the girl stands confidently beside him, and the sudden second scene where both are dressed in identical loud neon green and pink polka-dot outfits. The absurdity of the restraint setup followed by the coordinated, exagge",hook,True,none,,costume-transformation-skit,1,False,Q1/Q2 需小孩出镜，剧情依赖孩子,False,,unknown,无明确标记,False
2026-10-08,general,6,https://www.instagram.com/reel/DeMXhq8OyRx,@saddu_s2__,170000,1200,0,170000.0,0.0,0,2026-10-08,2026-10-07,1,True,"This is a short comedic skit alternating between two speakers. A young man in a red t-shirt sits outdoors against artificial grass, reacting with wide-eyed shock, pointing, and exaggerated facial expr","This is a short comedic skit alternating between two speakers. A young man in a red t-shirt sits outdoors against artificial grass, reacting with wide-eyed shock, pointing, and exaggerated facial expressions. Intercut is a woman wearing a pink patterned sari with head covering, speaking directly to camera indoors with text 'WAIT FOR END 😂' overlaid. The Hindi dialogue centers on her claiming she came to his room alone at 2 AM, leading to accusations of spreading bad reputation, with the man denying and reacting dramatically. The video uses color-to-desaturated cuts for emphasis on his reactions. It concludes with a popular meme clip of an older man laughing hysterically, serving as the punchline. The tone is lighthearted, playful, and relies on implied sexual tension for humor without showing any explicit content.
Entities products=red crewneck t-shirt with white oval logo
Humor type=Bait-and-switch; explanation=The humor relies on expectation versus reality. The woman sets up a scandalous claim about meeting at 2am, leading the viewer to expect a romantic or dramatic confession. The man initially plays along with shock, then flips the narrative by threatening to tell the truth that she came to his room, turning the accusation back on her. This reversal creates situational irony. The 'WAIT FOR END' text primes viewers for a payoff, which arrives with his over-the-top pointing and the cut to a classic laughing man meme, amplifying the comedic release through shared cultural re",luck,False,weak,,bait-and-switch-hindi-skit,1,True,,False,,non-us,Hindi 对话+纱丽+2AM 八卦梗,False
2026-10-08,general,7,https://www.instagram.com/reel/DeLu7HkxcxV,@_nav_yoshita,150000,99,0,150000.0,0.0,0,2026-10-08,2026-10-07,1,True,"The video is a short, romantic music-style clip set outdoors in a park-like area with greenery. It opens on a young woman with long dark hair in a ponytail, wearing an orange floral traditional Indian","The video is a short, romantic music-style clip set outdoors in a park-like area with greenery. It opens on a young woman with long dark hair in a ponytail, wearing an orange floral traditional Indian outfit (salwar kameez with dupatta) and colorful bangles, sitting on a wooden bench. She gestures expressively with her hands while appearing to sing or lip-sync, smiling gently. The scene then cuts to a young man sitting on dry grass, wearing a red-and-white plaid shirt and dark jeans. He rests his head on his hand, looking off-camera with a wistful, affectionate expression. On-screen text displays Hindi lyrics in sequence: 'Mere pyar mein jab tum,' 'Khoye khoye se rehte ho,' and 'Ache lagte ho,' translating to sentiments about being lost in love and looking good. The audio features a female vocalist singing a gentle, melodic Hindi song. The overall tone is sweet, sentimental, and non-controversial, focusing on youthful romance.",audio_meme,True,weak,,romantic-lipsync-duo,1,True,,False,,non-us,Hindi 情歌+印度传统服饰,False
2026-10-08,general,8,https://www.instagram.com/reel/DeOfPcbNTII,@tijara_vines01,120000,800,0,120000.0,0.0,0,2026-10-08,2026-10-08,0,True,"The video takes place inside a busy, modern Indian restaurant with brick walls and thali meals on metal plates. An older man wearing a large white turban and white traditional clothing is seated and e","The video takes place inside a busy, modern Indian restaurant with brick walls and thali meals on metal plates. An older man wearing a large white turban and white traditional clothing is seated and eating with his hands, pouring liquid from a small steel cup onto his food and drinking from it. A younger man in a light blue shirt films himself selfie-style as he walks through the restaurant, speaking in Hindi and joking that the elder has come to the hotel without brushing his teeth that morning. The camera alternates between close-ups of the elder eating and the younger man's commentary. The clip ends abruptly with an unrelated, low-resolution insert of a different man in a grey suit and gold chains laughing heartily while holding a colorful mug — a widely used reaction meme. The overall tone is casual, humorous, and observational, capturing everyday dining with playful intergenerational teasing.
Entities products=metal thali plate, metal drinking cup
Humor type=Situational; explanation=The humor comes from the contrast between a formal hotel restaurant setting and the elderly father's uninhibited, traditional way of eating with his hands, mixing food directly on the thali and drinking from a small steel cup. The younger creator frames this as 'bhola' (innocent/simple) behavior, highlighting generational differences in dining etiquette. Viewers familiar with Indian family meals recognize the authenticity—eating dal with fingers, pouring extra ghee or water, and focusing inte",personality,False,weak,,restaurant-observational-skit,1,False,Q1 需老人演员出镜，Q3 需餐厅实景拍摄,False,,non-us,印度餐厅+thali 手抓饭+Hindi,False
2026-10-08,general,9,https://www.instagram.com/reel/DeIyYOwoEBz,@sofimanassyan,220000,2200,0,110000.0,0.0,0,2026-10-08,2026-10-06,2,True,"A young woman performs a three-scene skit illustrating 'that one friend who hates repeating themselves.' First, seated at an outdoor cafe holding a coffee cup, she is asked 'can I try yours?' and resp","A young woman performs a three-scene skit illustrating 'that one friend who hates repeating themselves.' First, seated at an outdoor cafe holding a coffee cup, she is asked 'can I try yours?' and responds with increasingly annoyed repetitions before yelling 'try.' Second, standing by a parking meter, she is asked 'do you have a card?' and after two confused replies, shouts 'are you broke.' Third, sitting on a park bench at sunset, she is told 'so pretty,' mishears it, and after repeating 'I said it's so pretty,' finally screams 'it's so ugly! The trees, the sky's all ugly, can you not hear?' Her expressions shift from patient smiles to wide-eyed exasperation and open-mouthed yelling. The video uses on-screen text to set up the premise and captions the dialogue throughout.
Entities people=Sofi Manassyan (Author Name); products=disposable coffee cup
Humor type=Situational; explanation=The humor comes from situational exaggeration of a universally recognized social irritation. The video sets up an expectation of normal friendly conversation, then subverts it by having the same character respond with increasing hostility instead of simply repeating herself. The comedy builds through three distinct scenarios—asking to try coffee, asking for a card, and commenting on scenery—each starting politely and ending in loud, over-the-top declarations like 'It's so ugly!' and 'Are you broke?' This escalation mirrors real-life experiences where people snap after being asked to repeat themsel",template,True,strong,三幕：餐厅里她问'让我尝一口'→他复述问话→她暴躁吼'TRY!'，屏幕字'That one friend who hates repeating',friend-pet-peeve-text-skit,1,True,,False,,unknown,无明确标记,False
2026-10-08,general,10,https://www.instagram.com/reel/DeLVtD9x0ls,@thecassandrabowman,100000,560,0,100000.0,0.0,0,2026-10-08,2026-10-07,1,True,"A young person with curly hair, wearing a navy blue 'coldculture' hoodie and light-colored pants, sits in a cream armchair in a modern indoor space with exposed beams and large windows. On-screen text","A young person with curly hair, wearing a navy blue 'coldculture' hoodie and light-colored pants, sits in a cream armchair in a modern indoor space with exposed beams and large windows. On-screen text reads 'POV moms refusing to answer hypothetical questions.' The performer acts out a dialogue between a child and their mother. The child asks, 'If you were famous, who would you marry?' The mother character repeatedly refuses, stating fame is evil, she loves her husband, and she doesn't want to be famous. When asked who she'd call if arrested, she again refuses the hypothetical, insisting she would never commit a crime, has never touched drugs, and is a responsible mother and safe driver. The performance uses expressive hand gestures, facial reactions, and shifts in tone to portray both roles. The tone is humorous and relatable, capturing a common parent-child interaction without any sexual, violent, or profane content.",template,True,weak,,parent-child-pov-skit,1,True,,False,,unknown,无明确标记,False
2026-10-08,general,11,https://www.instagram.com/reel/DeLdFgIiGXK,@anwar,130000,680,97000,97000.0,0.143,1,2026-10-07,2026-10-07,1,True,"In a restaurant with red walls and white tablecloths, a woman in a black top sits across from a man in a dark polo shirt. A waiter in a white shirt and black tie serves her chicken and broccoli fettuc","In a restaurant with red walls and white tablecloths, a woman in a black top sits across from a man in a dark polo shirt. A waiter in a white shirt and black tie serves her chicken and broccoli fettuccine alfredo. She immediately apologizes, stating she cannot have cheese because it upsets her stomach. The waiter apologizes and returns with the same dish without cheese. She again apologizes, saying she cannot have dairy. After another apology, he brings plain fettuccine with no sauce. She asks if it contains dairy (no) and gluten (yes, wheat), explaining she cannot have gluten either. The man scoffs, 'Raw pasta?' She confirms she wants raw pasta. The waiter then brings increasingly absurd plates: first a pile of flour with a basil leaf, then wheat stalks, then a small bowl of ice with a basil leaf. Meanwhile, the man receives a plate of fried chicken, which the woman eventually reaches over and takes. The dialogue is entirely focused on the escalating dietary restrictions and the man's sarcastic commentary throughout.
Entities products=fettuccine alfredo with chicken and broccoli, wine glass, red flowers in vase, fried chicken
Humor type=Situational; explanation=The humor comes from the realistic setup of ordering pasta and the increasingly unreasonable modifications. Each removal—cheese for stomach upset, sauce for lactose intolerance, broccoli because 'everyone hates it,' cooked pasta for texture, then wheat for gluten concerns—builds expectation vs reality. The waiter’s de",template,True,strong,约会点餐：她逐项挑刺无奶无麸质→服务员端来生面粉+罗勒叶→她伸手抢他炸鸡，他翻白眼，屏幕字'The impossible order',restaurant-dietary-escalation-skit,1,True,,False,,unknown,无明确标记,False
2026-10-08,general,12,https://www.instagram.com/reel/DeL3FyuTmXx,@karannn.09,93000,180,0,93000.0,0.0,0,2026-10-08,2026-10-07,1,True,"At dusk/night outdoors, a young man in a black shirt and a young woman in a black lace top stand by a car hood with fast food (burgers/wraps and fries) and drinks. They interact playfully, smiling, ta","At dusk/night outdoors, a young man in a black shirt and a young woman in a black lace top stand by a car hood with fast food (burgers/wraps and fries) and drinks. They interact playfully, smiling, talking, and doing rock-paper-scissors to decide turns. The man eats enthusiastically, taking large bites, drinking from the bottles, and making expressive faces; the woman also eats, laughs, and reacts. The scene is intercut with unrelated popular meme clips for comedic effect. The overall tone is casual, humorous, and friendly, depicting a typical social media food challenge without any explicit, violent, or adult content.
Entities products=glass bottle of red soft drink, wrapped burger or sandwich, bag of french fries
Humor type=Situational; explanation=The humor comes from the exaggerated, messy way both people eat large burgers, their competitive reactions, and the contrast with inserted meme clips like Mr Bean checking his watch, a screaming family, and a witch stirring a cauldron. These non-sequitur cuts amplify the absurdity of a simple food challenge, making it feel like a classic Indian comedy reel where everyday actions become over-the-top performances. The laughter and playful teasing between the man and woman create relatable situational comedy rather than scripted jokes.",luck,False,weak,,car-hood-food-challenge,1,True,,False,,non-us,印度式 meme 剪辑+快餐挑战,False
2026-10-08,general,13,https://www.instagram.com/reel/DeMj9DpyVQj,@trend.tdka,88000,160,0,88000.0,0.0,0,2026-10-08,2026-10-07,1,True,The video is a short comedy skit set at an outdoor rooftop cafe with warm yellow filtering. A bearded man in a green shirt and white headband sits at a table waiting. A female staff member wearing a h,"The video is a short comedy skit set at an outdoor rooftop cafe with warm yellow filtering. A bearded man in a green shirt and white headband sits at a table waiting. A female staff member wearing a hairnet brings him a pizza box. He opens it to reveal a heavily burnt, unappetizing flatbread-like item and reacts with disbelief and frustration. He calls over the staff, and a male manager in a dark green shirt arrives. The customer argues and points at the burnt pizza, explaining the problem. After discussion, the manager takes the box, closes it, and opens a second identical box which contains a normal, well-cooked pizza with toppings. The customer is shocked, then relieved and amused, holding his head in disbelief while the staff smile. The video ends with a cutaway clip of a young boy laughing heartily while holding a cup, serving as the punchline reaction. On-screen text throughout reads 'Wait for end 😊'.
Entities people=Naved Hasan (Post Caption)
Humor type=Situational; explanation=The humor arises from expectation versus reality: the customer expects a normal pizza but is served something resembling a burnt flatbread, leading to an over-the-top complaint. The tension builds as he calls the manager, only for the manager to swap boxes and reveal a perfectly normal pizza underneath, making the customer's outrage look foolish. The final cut to a boy laughing hysterically acts as a meta-punchline, inviting the audience to share his amusement. It plays on common experiences of ",luck,False,weak,,burnt-food-complaint-skit,1,False,Q3 需咖啡馆店员配合演戏+烤焦披萨道具,False,,unknown,无明确地理标记,False
2026-10-08,general,14,https://www.instagram.com/reel/DeMfSUOtl86,@marwanwsahar,72000,360,0,72000.0,0.0,0,2026-10-08,2026-10-07,1,True,The video opens with a man and woman reacting to an inset clip of someone eating a saucy stuffed onion dish. The main segment features the woman in a modern white kitchen demonstrating how to make 'on,"The video opens with a man and woman reacting to an inset clip of someone eating a saucy stuffed onion dish. The main segment features the woman in a modern white kitchen demonstrating how to make 'onion mahshi' with noodles. She peels large onions, boils them whole, then cooks two blocks of instant noodles in a pan, adding chicken stock powder, cream cheese, tomato paste, and shredded mozzarella, mixing until creamy. Separately, she prepares a red sauce by melting butter, adding spices and tomato paste with water. After draining the boiled onions, she carefully separates the layers, stuffs each with the noodle mixture using gloves, arranges them in a red baking dish, and pours the sauce over top before baking. Once cooked, she garnishes with chopped parsley. The man returns, they plate several pieces, and both taste the dish together, expressing surprise and enjoyment at the flavor combination. The overall tone is cheerful, collaborative, and focused on home cooking.
Entities products=white onion, instant noodles, chicken stock powder, nonstick frying pan, red ceramic baking dish
Humor type=Situational; explanation=Humor arises from the couple's exaggerated reactions to the spiciness and their playful dynamic while cooking. The man's initial skeptical face in the picture-in-picture, followed by both hosts' wide-eyed surprise after tasting, creates a relatable 'expectation vs reality' moment common in food challenge videos. Their banter about adding more spice and the messy e",template,True,weak,,couple-viral-recipe-taste,1,True,,False,,unknown,无明确地理标记；菜品偏中东,False
2026-10-08,general,15,https://www.instagram.com/reel/DeIlwBHMP7I,@alanpowell10,140000,2100,0,70000.0,0.0,0,2026-10-08,2026-10-06,2,True,"A man with a gray beard, wearing a black hoodie, dark pants, and a backward black cap, stands leaning over a counter in a modern, well-lit home interior with a chandelier visible behind him. On-screen","A man with a gray beard, wearing a black hoodie, dark pants, and a backward black cap, stands leaning over a counter in a modern, well-lit home interior with a chandelier visible behind him. On-screen text reads 'Trying to do this trend with a straight face.' He attempts to maintain a neutral expression while looking at the camera. Two young blonde boys intermittently jump up into the lower part of the frame in front of him, making loud, exaggerated yelling faces with mouths wide open. The man visibly struggles to suppress laughter, his facial muscles twitching, eyes closing, and head tilting back. After several attempts by the children, he breaks composure, smiling broadly and laughing. The video captures a playful parent-child moment centered on the popular 'keep a straight face' trend.",challenge,True,none,,straight-face-family-challenge,1,False,Q1/Q2 需小孩出镜,False,,unknown,无明确标记,False
2026-10-08,general,16,https://www.instagram.com/reel/DeK6ZZzxQPR,@kristy.sarah,130000,3900,0,65000.0,0.0,0,2026-10-08,2026-10-06,2,True,"A single person performs a short comedic skit in a modern home kitchen and garage. Dressed in a black cowboy hat, drawn-on mustache, cream hoodie, oversized blue-and-white puffer jacket with 'TEXANS' ","A single person performs a short comedic skit in a modern home kitchen and garage. Dressed in a black cowboy hat, drawn-on mustache, cream hoodie, oversized blue-and-white puffer jacket with 'TEXANS' on the back, layered gray shorts, and black cowboy boots, they move with exaggerated confidence to a hip-hop track. On-screen text reads 'how I feel when I take out my own trash.' The person dances, poses, opens a cabinet to retrieve a white trash bag with red ties, carries it through the house, walks past a red SUV in the garage, and then strides outside onto a sunny patio. They swing the bag dramatically and toss it into a large black outdoor trash bin before walking away with a swaggering gait. The overall tone is humorous, self-aware, and celebratory of doing a simple chore with maximum attitude.
Entities people=Kristy Sarah (Author Name); products=puffer jacket, cowboy hat, cowboy boots, layered shorts
Humor type=Situational; explanation=The humor arises from the incongruity of treating a routine household task—taking out the trash—as a heroic, hyper-masculine performance. The creator adopts full cowboy regalia, including a large black hat, oversized blue-and-white jacket with 'TEXANS' on the back, fake mustache, and boots, then walks with exaggerated swagger, poses, and finally tosses the bag dramatically. This situational irony plays on common social media tropes where mundane activities are framed as epic moments, amplified by the confident body language and the contrast ",audio_meme,True,none,,chore-glam-skit,1,True,,False,,us-likely,英语+TEXANS 队夹克,False
2026-10-08,general,17,https://www.instagram.com/reel/DeIckNIRfws,@jakesing_,120000,300,0,60000.0,0.0,0,2026-10-08,2026-10-06,2,True,Two creators perform a short comedy skit in an indoor room. A woman with a hair roller on her forehead and a man wearing a blue cowboy hat and racing-style jacket present multiple jars of Vaseline pet,"Two creators perform a short comedy skit in an indoor room. A woman with a hair roller on her forehead and a man wearing a blue cowboy hat and racing-style jacket present multiple jars of Vaseline petroleum jelly. On-screen text sets up the premise: 'POV: Asians who only know one english phrase.' The woman holds up a standard jar labeled 'BASELINE,' then four jars labeled 'BASELINE S,' then several mini jars labeled 'mini BASELINE.' The man reacts with over-the-top pronunciations captioned as 'NI HOW YU DOIN' and 'ni haolleluja.' A wider shot reveals a desk area with dozens of Vaseline jars scattered on the floor. The woman then presents a giant novelty Vaseline jar labeled 'MEGA BASELINE,' prompting surprised reactions. They swap the cowboy hat, and the woman wears it while the text 'VASELINE' with American flags appears. The tone is playful and absurd, centered entirely on the repeated visual gag of the product and the phonetic joke, with no dialogue beyond the stylized pronunciations and no other plot elements.",template,True,weak,,pov-phrase-pun-skit,1,True,,False,,us-likely,亚裔创作者+美式发音梗,False
2026-10-08,general,18,https://www.instagram.com/reel/DeNfXO2J72p,@amarixkamari,52000,1600,0,52000.0,0.0,0,2026-10-08,2026-10-07,1,True,"A young woman and a young man play a 'you make the face, I make the sound' game indoors against a plain wall. On-screen text reads 'You make the face, I make the sound 😭😂'. The woman, wearing a beige ","A young woman and a young man play a 'you make the face, I make the sound' game indoors against a plain wall. On-screen text reads 'You make the face, I make the sound 😭😂'. The woman, wearing a beige tank top with a necklace and chest tattoo, takes turns making exaggerated faces—pouting, sticking out her tongue, scrunching her nose—while the man, in a white football jersey with dreadlocks, responds with matching silly vocal sounds. They switch roles, with the man making faces and the woman providing the sounds. Both laugh throughout, reacting to each other's performances. The interaction is playful and consensual, with no dialogue beyond the game prompts and sound effects. The video maintains a casual, humorous tone typical of social media couple challenges.",challenge,True,strong,"面对面坐：她做鬼脸他配音，轮换角色，屏幕字'You make the face, I make the sound'",couple-face-sound-game,1,True,,False,,unknown,无明确标记,False
2026-10-08,general,19,https://www.instagram.com/reel/DeM34O6xCa4,@youcan_this,49000,2800,0,49000.0,0.0,0,2026-10-08,2026-10-07,1,True,"A man wearing a neon yellow safety vest, black shirt, studded pants, and a durag performs a comedic skit in an outdoor parking lot set to a rap track titled 'This Is How We Boot It.' He dances toward ","A man wearing a neon yellow safety vest, black shirt, studded pants, and a durag performs a comedic skit in an outdoor parking lot set to a rap track titled 'This Is How We Boot It.' He dances toward the camera, then approaches a white Ford F-150, places a red and yellow wheel boot on its front tire, and interacts with the driver who exits the truck. From inside the car, the driver is shown playing the Stake gambling app on his phone and wins $71.96, reacting excitedly through the window while the booter watches. The booter then hands the driver a yellow ticket/paper, talks and gestures emphatically, holds up a 'NO PARKING ANY TIME' sign, and resumes dancing alone in the lot. The tone is humorous and performative, centered on parking enforcement.
Entities products=wheel boot, Ford F-150 pickup truck, smartphone, safety vest, boots
Humor type=Situational; explanation=The humor comes from the absurd contrast between official-looking safety gear and a toy plastic boot used to immobilize a truck, combined with the performer's over-the-top dance moves and confrontational yet playful dialogue. The skit leans on relatable urban experience—getting booted for unpaid parking—and flips it into a musical performance where the booter justifies his actions with swaggering rap lyrics. The driver's reaction, looking at a gambling app win to pay the fee, adds a modern twist that heightens the ridiculousness. Repetition of the phrase 'this is how we boot it' turns a mundane enforcement act int",luck,False,none,,parking-enforcement-skit,1,False,Q3 需停车场+拖车靴道具,False,,us-likely,Ford F-150+英语,False
2026-10-08,general,20,https://www.instagram.com/reel/DeMh_bvvKpw,@rjashishsharma,49000,850,0,49000.0,0.0,0,2026-10-08,2026-10-07,1,True,"A man and a woman sit across from each other at a small outdoor cafe table during evening hours, with glass storefronts behind them. The woman, wearing a dark polo and wide-leg pants, initiates a conv","A man and a woman sit across from each other at a small outdoor cafe table during evening hours, with glass storefronts behind them. The woman, wearing a dark polo and wide-leg pants, initiates a conversation in Hindi about why he changed her contact name. He explains he originally saved her as 'Chirag' because she brought light into his life, but now calls her 'Angar Chand' (burning coal) because she causes him trouble and misfortune. They engage in a lively, expressive exchange with hand gestures, laughing at times while maintaining the playful blame narrative. At one point a brief AI-filter image of a man in white robes is overlaid on the table. The interaction remains lighthearted and conversational throughout, ending with both looking toward the camera.
Entities people=Ashish Sharma (Author Name); products=smartphone, drinking glass, flower vase; places=Lavender
Humor type=Situational; explanation=The comedy arises from an everyday relationship situation—changing a partner's phone contact name—and exaggerates it into a poetic metaphor. The woman accuses the man of renaming her from 'Chirag' (a lamp symbolizing brightness) to 'Angaar Chand' (burning ember with moon), demanding an explanation. The man responds with mock-philosophical lament, claiming her presence was light and her absence is darkness, so he is literally living among embers. The humor works because it takes a petty digital habit and inflates it into dramatic, self-pitying poetry, delivered with earnest faci",template,True,weak,,couple-contact-name-joke,1,True,,False,,non-us,Hindi 对话+Chirag/Angaar 文化梗,False
2026-10-08,general,21,https://www.instagram.com/reel/DeLJDQ1tb7M,@michelleyoung,43000,500,0,43000.0,0.0,0,2026-10-08,2026-10-07,1,True,"A man and woman are shown moving into an apartment, presented as a short comedy sketch. The video opens with on-screen text 'ELEVATOR' as they stand holding a cardboard box marked 'kitchen' and a pott","A man and woman are shown moving into an apartment, presented as a short comedy sketch. The video opens with on-screen text 'ELEVATOR' as they stand holding a cardboard box marked 'kitchen' and a potted plant; they look around, talk, and then duck down out of frame as if riding up. The scene cuts to the kitchen view under the text 'ELEVATOR,' where they reappear from below the counter, smiling. Next, under 'STAIRS,' they struggle together to carry a large rolled rug up, again emerging from below the counter into the kitchen, laughing. Under 'ESCALATOR,' the man carries a large Home Depot box while the woman talks on her phone, both rising into the kitchen. Finally, under 'TRAP DOOR,' they hold smaller items (bubble wrap and a box of Ziploc bags), look down, and pop up through the counter level. Throughout, they interact playfully, conveying the effort and humor of moving furniture and boxes into a modern kitchen with wood cabinets and a three-light pendant.
Entities products=cardboard moving box, potted houseplant, rolled area rug, bubble wrap roll, Home Depot moving box
Humor type=Situational; explanation=The humor comes from exaggerating the mundane difficulty of moving furniture into an apartment. By labeling each attempt—ELEVATOR, STAIRS, ESCALATOR, TRAP DOOR—the creators turn ordinary logistics into a mock-epic quest. The contrast between the easy-looking elevator entrance and the laborious stair carry with a rolled rug creates visual slapstick, while the deadpan deliver",template,True,weak,,moving-day-duo-skit,1,True,,False,,us-likely,英语+Home Depot 纸箱,False
2026-10-08,general,22,https://www.instagram.com/reel/DeLrr69PMOG,@divyamishra811,42000,160,0,42000.0,0.0,0,2026-10-08,2026-10-07,1,True,"In a bright, modern home hallway, a woman in a black dress with white puffy sleeves and knee-high boots walks in and confronts a barefoot man standing on the stairs in a striped sweater and shorts. On","In a bright, modern home hallway, a woman in a black dress with white puffy sleeves and knee-high boots walks in and confronts a barefoot man standing on the stairs in a striped sweater and shorts. On-screen text reads 'Ye kya naya shauk hai' (What new hobby is this?). Through Hindi dialogue, she reveals she has gambled him away to their friend Shweta for one month. The man reacts with disbelief ('Pagal ho kya?'), then resigned acceptance, asking how long and agreeing to go, adding the comedic line that next time she should bet him for Sonia. The interaction is playful and staged like a domestic skit, ending with the man walking upstairs and the woman left alone looking exasperated. The tone is lighthearted comedy focused on marital banter and an absurd gambling premise.
Entities products=black mini dress with white puff sleeves, knee-high boots, black handbag, striped quarter-zip sweater, black shorts
Humor type=Situational; explanation=The humor comes from the absurd premise of treating a spouse as a gambling stake, a common trope in Indian domestic comedy. The wife's deadpan delivery of 'I lost you to Shweta for a month' contrasts with the husband's mock outrage 'who bets a husband?', creating situational irony. The punchline where he agrees to go but requests next time be for Sonia escalates the ridiculousness, playing on familiar tropes of friendly competition among wives. The relatability of playful spousal teasing makes it funny without relying on slapstick.",template,True,weak,,spouse-bet-skit,1,True,,False,,non-us,Hindi 对话+印度家庭 skit,False
2026-10-08,general,23,https://www.instagram.com/reel/DeMvvOgBmfx,@lionfieldmusic,41000,120,0,41000.0,0.0,0,2026-10-08,2026-10-07,1,True,"The video alternates between two scenes: a kitchen where women attempt to flip an uncooked pizza with a large peel, and a living room where three judges score each attempt. In the kitchen, a woman in ","The video alternates between two scenes: a kitchen where women attempt to flip an uncooked pizza with a large peel, and a living room where three judges score each attempt. In the kitchen, a woman in a white top first tries and fails to lift the pizza, followed by others including a woman in a striped shirt, a woman in black, and finally a chef in a green apron who is on her phone. Each attempt is met with cheering or laughter from onlookers. After each kitchen attempt, the scene cuts to the three judges — a woman in red, a man in white, and a man in a blue Italy jersey — who hold up handwritten scores. Early attempts receive low scores like 2/10 and 3/10, improving to 5/10 and 6.5/10, until the chef's successful one-handed flip earns unanimous 10/10 scores and celebratory reactions. The entire clip is set to an upbeat Italian song about a baker, creating a playful, competitive atmosphere.
Entities products=pizza peel
Humor type=Situational; explanation=The humor comes from the contrast between confident attempts and low scores, building expectation until the final effortless success. The judges' deadpan low ratings (2/10, 3/10) followed by increasingly higher scores create a classic escalation pattern. Physical comedy of the pizza sliding off the peel, combined with the participants' exaggerated reactions and applause, reinforces the situational absurdity. The punchline—achieving 10/10 only when the chef performs the task distractedly on a phone call—subverts expectations ab",challenge,True,weak,,judged-cooking-challenge,1,False,Q1 需至少 4 人出镜（厨师+3 评委）,False,,unknown,无明确标记,False
2026-10-08,general,24,https://www.instagram.com/reel/DeLNKrWx-mk,@neharajput_____,41000,150,0,41000.0,0.0,0,2026-10-08,2026-10-07,1,True,"A woman with long dark hair, wearing a black top and sunglasses on her head, films herself selfie-style outdoors on a sunny day in what appears to be a US parking lot (indicated by an American flag st","A woman with long dark hair, wearing a black top and sunglasses on her head, films herself selfie-style outdoors on a sunny day in what appears to be a US parking lot (indicated by an American flag sticker). She smiles broadly, laughs, and sings or lip-syncs expressively to a Hindi/Bhojpuri song, with the on-screen text 'पियवा हमार.. 🙈❤️😍' (meaning 'My beloved husband...') displayed throughout. Her demeanor is joyful and affectionate, placing a hand on her chest at times while performing. The background shows parked cars, green trees, and bright daylight. The overall tone is cheerful, personal, and celebratory of her relationship.",audio_meme,True,none,,parking-lot-lipsync,1,True,,False,,us-likely,美国停车场+国旗贴纸（唱 Hindi 歌）,False
2026-10-08,general,25,https://www.instagram.com/reel/DeICiyNxS2J,@funny.trolling.pranks,120000,180,0,40000.0,0.0,0,2026-10-08,2026-10-05,3,True,This is a fast-paced compilation video titled 'POV: FUNNIEST REACTIONS IN UNITED STATES' presented as a countdown from 10 to 1. It stitches together multiple short prank clips where people are startle,"This is a fast-paced compilation video titled 'POV: FUNNIEST REACTIONS IN UNITED STATES' presented as a countdown from 10 to 1. It stitches together multiple short prank clips where people are startled by unexpected appearances. Early clips show outdoor scenes with beer kegs falling and men reacting with shock. A recurring gag uses an AI-style filter to place a smiling older man in a blue hoodie behind victims, prompting screams and confusion, including one where a boyfriend asks 'how'd you get a picture of my dad.' Other segments include a woman reacting to a failed beauty filter, a man in a yellow shirt jumping back indoors, a couple outdoors being startled, a young man in a car unaware of a large insect on his cheek, and a man arguing before being scared. The tone is lighthearted, comedic, and designed for viral reaction humor, with loud audio, laughter, and exaggerated physical responses throughout.",luck,False,none,,prank-reaction-compilation,1,False,Q1 需多组人恶搞片段，合集类不可复拍,False,,us-likely,标题 'FUNNIEST REACTIONS IN UNITED STATES',False
2026-10-08,general,26,https://www.instagram.com/reel/DeKvoJ3SUXD,@suburban_prince,79000,790,0,39500.0,0.0,0,2026-10-08,2026-10-06,2,True,A man wearing a brown wig and black t-shirt sits at a restaurant table with a large bowl of food topped with avocado. The on-screen text reads 'POV: When Your Order Is Wrong But You're Too Shy To Say ,"A man wearing a brown wig and black t-shirt sits at a restaurant table with a large bowl of food topped with avocado. The on-screen text reads 'POV: When Your Order Is Wrong But You're Too Shy To Say Anything.' Throughout the clip, he performs an exaggerated internal monologue through facial expressions—screaming silently, forcing a smile, looking distressed—while verbally telling the off-camera server 'Thank you! This is great!' and pretending to enjoy the meal. The audio reveals his inner thoughts are furious about the wrong order, including the line 'hush your mouth and zip your asshole,' while he externally remains polite. He takes bites, makes pained faces, and continues the charade. The video ends with a promotional poster for 'King Bo's King of the Block Comedy Tour' listing dates from late 2026 into early 2027.
Entities people=King Bo (Post Caption)
Humor type=Situational; explanation=The comedy comes from the universal experience of wanting to complain but choosing politeness to avoid confrontation. The performer amplifies this by playing both the outwardly grateful customer and the frustrated inner voice, creating a contrast between his exaggerated happy face and his internal panic. His over-the-top expressions—wide eyes, forced smiles, mouthing words without sound—make the internal struggle visible and absurd. The punchline lands when another person finally speaks up for him, and he immediately contradicts himself by saying he likes the wrong dish, highlighting how",personality,False,none,,pov-internal-monologue-skit,1,True,,False,,us-likely,英语+King Bo 喜剧巡演海报,False
2026-10-08,general,27,https://www.instagram.com/reel/DeLgMS_h8GC,@bihariladka,38000,130,0,38000.0,0.0,0,2026-10-08,2026-10-07,1,True,"A group of six young men stand outside a restaurant called 'Pandit Ji Bistro' in an urban area with high-rise buildings behind them. One man, dressed in a black sleeveless dress and curly brown wig ho","A group of six young men stand outside a restaurant called 'Pandit Ji Bistro' in an urban area with high-rise buildings behind them. One man, dressed in a black sleeveless dress and curly brown wig holding a yellow phone, approaches them playing the role of their absent friend 'Naveen.' The friends react with exaggerated surprise and then engage in a playful conversation where each describes himself as a different Lay's potato chip flavor - Classic Salted, India's Magic Masala, Spanish Tomato Tango, American Style Cream & Onion, and West Indies Hot & Sweet Chili. The skit cuts between outdoor shots of the group and indoor shots where individual members sit on a couch wearing sunglasses and eating the corresponding Lay's bags. The tone is comedic and friendly, ending with the group laughing together and then playfully running toward the camera as if to chase the 'Naveen' character.
Entities products=Lay's Classic Salted potato chips, Lay's India's Magic Masala potato chips, Lay's Spanish Tomato Tango potato chips, Lay's American Style Cream & Onion potato chips; places=Pandit Ji Bistro
Humor type=Situational; explanation=The humor comes from the unexpected appearance of a male friend dressed as a woman interrupting the group, and the subsequent comparisons of each friend to a Lay's flavor personality. The comedy is situational rather than punchline-driven, relying on exaggerated reactions, the contrast between masculine group dynamics and the flamboyant character, and the fami",luck,False,none,,snack-personality-skit,1,False,Q1 需六人出镜,False,,non-us,Lay\u0027s India 口味+Pandit Ji Bistro,False
2026-10-08,general,28,https://www.instagram.com/reel/DeLPVsTiaxM,@nikkita_xx6,38000,590,0,38000.0,0.0,0,2026-10-08,2026-10-07,1,True,"The video depicts a short comedy sketch set in a restaurant, featuring two men sitting across from each other. The man in the red graphic t-shirt and the man in the black t-shirt with a circular logo ","The video depicts a short comedy sketch set in a restaurant, featuring two men sitting across from each other. The man in the red graphic t-shirt and the man in the black t-shirt with a circular logo engage in an escalating, humorous debate about ordering food. Their conversation, in Hindi, revolves around the classic dilemma of neither wanting to choose first, with each repeatedly saying 'whatever you say, I'll eat that.' The interaction is highly expressive, with pointing, hand-waving, face-palming, and exaggerated facial expressions conveying mock frustration and amusement. A third person is visible in the background. The tone is lighthearted and relatable, portraying typical friend dynamics over a meal decision, ending with laughter.
Humor type=Situational; explanation=The humor arises from the circular logic of the argument where neither friend will state a preference, leading to increasingly absurd reasons for rejecting cuisines like Italian, Chinese, Mexican, Punjabi, South Indian, and Bengali tied to personal anecdotes. The repetition of 'whatever you eat I will eat' creates a comedic loop, amplified by exaggerated facial expressions, hand gestures, and vocal escalation typical of relatable friend banter. It taps into the universal experience of dining indecision, making the situation funny through recognition rather than punchlines.",template,True,weak,,food-ordering-duo-skit,1,True,,False,,non-us,Hindi 对话+点餐循环梗,False
2026-10-08,general,29,https://www.instagram.com/reel/DeNAfvKRqXE,@wilfredwebsterofficial,38000,190,0,38000.0,0.0,0,2026-10-08,2026-10-07,1,True,"A male street interviewer in London (outside St Pancras area, with police car visible) conducts a 'Finish the Meme' challenge with various pedestrians. He holds a microphone and phone, playing short v","A male street interviewer in London (outside St Pancras area, with police car visible) conducts a 'Finish the Meme' challenge with various pedestrians. He holds a microphone and phone, playing short viral TikTok audio clips for participants to complete. Clips shown include 'Okay Let's go,' 'It's not funny / Really funny?', 'Steven! I thought you were dead!' (paired with video of a horse lying down), 'Brother... Hood of man,' 'Oh, what a day. It's all a bit much, isn't it?' (BBC clip), 'Daddy?', 'Can I pet that dawg?' (child asking to pet a dog), 'She said she was twelve!', and repeated 'Brother.' Participants, including a blonde woman in a denim dress and several young men, laugh and respond. The tone is lighthearted, comedic street content centered on internet meme culture.
Entities people=Wilfred Webster (Author Name); products=handheld microphone, smartphone, orange and white sneakers
Humor type=Situational; explanation=Humor arises from the gap between the host's expectation and participants' varied familiarity with niche viral clips like 'Okay Let's go,' 'I thought you were dead' horse video, 'Can I pet that dawg,' and the repeated 'Brother.' The comedy is situational rather than scripted jokes, relying on authentic confusion, delayed recognition, and exaggerated delight when someone gets it right. The format leverages shared internet culture, making viewers feel in-group when they recognize the same memes, while outsiders' blank stares create cringe-funny moments. The h",challenge,True,none,,street-meme-challenge,1,False,Q1/Q3 需街头采访多名路人,False,,non-us,伦敦 St Pancras 街采+英式 meme,False
2026-10-08,general,30,https://www.instagram.com/reel/DeLOQ1GNT6U,@mrs_savannahrj,37000,1500,0,37000.0,0.0,0,2026-10-08,2026-10-07,1,True,"At night outdoors, a man and a woman stand behind a wooden table set with a large platter of seasoned crab legs, corn on the cob, and potatoes, plus a bottle of lemonade and an empty white bowl. Both ","At night outdoors, a man and a woman stand behind a wooden table set with a large platter of seasoned crab legs, corn on the cob, and potatoes, plus a bottle of lemonade and an empty white bowl. Both wear black clothing; the man wears a backward cap and cross necklace. They explain they are playing a game where rock-paper-scissors determines who eats next. Throughout the clip they repeatedly play, laugh, and react as the winner picks a piece of seafood, puts it in the white bowl, and eats it messily with their hands. On-screen text captures their banter ('WE GONNA DO ROCK PAPER SCISSORS SHOOT', 'I'M NOT ABOUT TO', 'YOU WASTING CRAB CLAWS OH', 'DAMN HUNGRY HOE', 'I'M ABOUT TO PASS OUT'). The tone is playful, competitive, and comedic, with both participants teasing each other, making exaggerated faces, and enjoying the food together in a casual backyard setting.
Entities products=seafood boil platter, bottled lemonade
Humor type=Situational; explanation=Humor arises from the simple stakes of the rock-paper-scissors game combined with messy seafood eating. The comedy is situational: one person must sprint to a hedge while the other gets to eat freely, leading to exaggerated complaints about long nails, wasted crab claws, and being 'too fast.' Repeated phrases like 'I'm not about to do it,' 'it's distracting me,' and 'damn hungry hoe' become running jokes. Physical comedy includes leaning over the bowl, struggling with shells, and mock frustration when losing. The laughter is gen",challenge,True,strong,后院桌上摆海鲜拼盘，石头剪刀布决定谁吃下一只蟹钳，输家只能看，屏幕字'ROCK PAPER SCISSORS SHOOT',couple-rps-food-game,1,True,,False,,unknown,无明确标记,False
2026-10-08,general,31,https://www.instagram.com/reel/DeOkpgmpb2S,@alifhiafitri,36000,320,0,36000.0,0.0,0,2026-10-08,2026-10-08,0,True,"A man and woman are in a modern kitchen where the woman, wearing a white hijab, beige cardigan, and light pants, is cooking at the stove. The man, in a black long-sleeve shirt and white pants, approac","A man and woman are in a modern kitchen where the woman, wearing a white hijab, beige cardigan, and light pants, is cooking at the stove. The man, in a black long-sleeve shirt and white pants, approaches her from behind as she stirs a pot. She offers him a taste from a spoon; he accepts, tastes it, and immediately reacts with a comically pained expression. She looks surprised by his reaction. He then turns and walks away from the kitchen, moving through a well-decorated living area with light wood floors and white walls, and exits the house. Outside under a carport, he begins a theatrical performance, leaning against a decorative wall, gesturing dramatically toward the sky, and appearing to sing or wail loudly. The woman follows him outside and stands nearby with her arms crossed, watching him with an unimpressed, annoyed expression as he continues his exaggerated lament.
Entities products=black long-sleeve henley shirt, white pants, beige sandals, beige striped cardigan, white hijab, white satin pants with lace
Humor type=Situational; explanation=The humor arises from the relatable situation of a spouse tasting food and the husband's wildly disproportionate, theatrical reaction. He moves from the kitchen to outside, clutching himself and gesturing to the sky as if overcome, while the wife stands with arms crossed looking unimpressed. This contrast between his melodrama and her deadpan annoyance creates situational comedy familiar to many couples, amplified by the exaggerated",template,True,strong,她做饭让他试吃→他表情痛苦→跑出门扶墙仰天哀嚎→她抱臂冷眼看，屏幕字'When he tastes her cooking',wife-cooking-reaction-skit,1,True,,False,,unknown,无明确地理标记；hijab 出镜,False
2026-10-08,general,32,https://www.instagram.com/reel/DeMy4UiOac6,@ndaro__,35000,1200,0,35000.0,0.0,0,2026-10-08,2026-10-07,1,True,"A man dressed entirely in red with a flat cap sits in a restaurant called 'Shishi Food,' identifiable by the waitress's uniform and neon signage. He begins by washing his hands, then is served a whole","A man dressed entirely in red with a flat cap sits in a restaurant called 'Shishi Food,' identifiable by the waitress's uniform and neon signage. He begins by washing his hands, then is served a whole fried fish with sides of rice and sauces, which he eats enthusiastically with his hands. After finishing, he orders a second meal of grilled meat with ugali and vegetables. Throughout, he repeatedly calls the waitress over, engaging in playful banter in Swahili. He touches her hairnet affectionately and leans in close, creating a comedic flirtatious tone. After eating, he reclines on the booth, appears full, and is presented with the bill. He pays using a wallet, stands up, and walks out of the restaurant at night past the illuminated 'Shishi Food' sign. The video ends with an unrelated clip of a young boy laughing hysterically. The setting features warm wooden interiors, orange seating, and modern lighting.
Entities products=whole fried fish, ugali with meat; places=Shishi Food
Humor type=Situational; explanation=Humor arises from the relatable situation of extreme hunger escalating into absurd consumption. The man orders multiple distinct dishes—fish with lime, meat platter with ugali, and another saucy dish—eating each messily with his hands, then feigning exhaustion and lying down. The waitress's deadpan reactions and the final exaggerated threat implied by the caption ('punishment of hanging until death for dying of hunger') create a bait-and-switch expectation versus reali",personality,False,none,,restaurant-eating-skit,1,False,Q3 需餐厅实景+服务员配合,False,,non-us,Swahili 对话+Shishi Food 餐厅,False
2026-10-08,general,33,https://www.instagram.com/reel/DeMQQJcOOyP,@naniandsachu,35000,88,0,35000.0,0.0,0,2026-10-08,2026-10-07,1,True,"A young woman in a black A$AP Rocky graphic t-shirt and brown cargo pants stands in a sparsely furnished room with light green walls, wooden floating shelves, and a metal ladder. With the on-screen ca","A young woman in a black A$AP Rocky graphic t-shirt and brown cargo pants stands in a sparsely furnished room with light green walls, wooden floating shelves, and a metal ladder. With the on-screen caption 'POV: Trying to fit in with the trend 😅', she attempts to dance to an upbeat background track, moving her hips and arms awkwardly while smiling and laughing at herself. The camera then cuts to a young man with curly hair and a beard, also smiling broadly, who waves at the camera, indicating he is filming. The woman briefly peeks from behind a door before returning to continue her playful, unpolished dancing. The overall tone is lighthearted, self-aware, and humorous, capturing a relatable moment of trying to participate in a social media trend without skill.",audio_meme,True,weak,,trend-fit-in-pov,1,True,,False,,unknown,无明确标记,False
2026-10-08,general,34,https://www.instagram.com/reel/DeIpOgkRzYd,@neharajput_____,69000,330,0,34500.0,0.0,0,2026-10-08,2026-10-06,2,True,"A woman with long dark hair, wearing green medical scrubs with a stethoscope around her neck and sunglasses pushed up on her head, films herself outdoors in a sunny parking lot with trees and cars in ","A woman with long dark hair, wearing green medical scrubs with a stethoscope around her neck and sunglasses pushed up on her head, films herself outdoors in a sunny parking lot with trees and cars in the background. She smiles broadly, talks and mouths along to a fast-paced Hindi/Bhojpuri pop song playing in the background. An on-screen text box at the top reads ""तोहरा ब्यूटी पे.. 💯🙈❤️"" (a compliment about beauty), and a small animated U.S. flag sticker appears on her chest. The overall tone is cheerful, confident, and casual, presenting a healthcare worker sharing a lighthearted moment.",audio_meme,True,none,,parking-lot-lipsync,1,True,,False,,us-likely,美国停车场+国旗贴纸（唱 Hindi 歌）,False
2026-10-08,general,35,https://www.instagram.com/reel/DeNlmN-CdL3,@jeenie.weenie,32000,78,0,32000.0,0.0,0,2026-10-08,2026-10-07,1,True,"A single actress plays multiple roles in an airplane cabin skit. Dressed as a flight attendant in a red uniform, she delivers a pre-ordered vegetarian meal (rice with vegetables) to herself as a passe","A single actress plays multiple roles in an airplane cabin skit. Dressed as a flight attendant in a red uniform, she delivers a pre-ordered vegetarian meal (rice with vegetables) to herself as a passenger wearing a brown sweater and plaid scarf. A second passenger, a blonde woman in a gray sweater, comments that meals will be out shortly. The first passenger begins eating immediately, prompting the blonde to scold her for poor etiquette, saying she should wait until the whole row is served and asking 'where are your manners?' The first passenger sarcastically agrees, says she'll make it up, and invites the blonde to follow her. She leads her to the lavatory area near an EXIT sign, gestures 'after you ma'am,' and the scene cuts to stock footage of a person in light clothing falling through the sky away from an airplane. The tone is comedic and exaggerated, using the relatable annoyance of in-flight dining order to deliver an absurd, violent punchline.
Humor type=Situational; explanation=The humor arises from a mundane real-world frustration — someone eating before others on a plane — escalated to an absurd extreme. The blonde passenger enforces an unwritten social rule about waiting for the whole row, treating an airplane like a formal dinner party. The protagonist initially defends herself, then sarcastically agrees to 'make it up,' leading viewers to expect an apology, but instead delivers a cartoonish punishment by ejecting her from the aircraft. This bait-and-switch from p",luck,False,none,,airplane-cabin-skit,1,False,Q3 需飞机舱场景/制服戏服,False,,unknown,无明确标记,False
2026-10-08,general,36,https://www.instagram.com/reel/DeKGy4OILvF,@khwahish_gal,63000,220,0,31500.0,0.0,0,2026-10-08,2026-10-06,2,True,"At night, a white Jeep Compass stops on a dark road. A woman with long black hair, wearing a pink strapless heart-print dress and large red hoop earrings, is driving. A man in a light-colored button-d","At night, a white Jeep Compass stops on a dark road. A woman with long black hair, wearing a pink strapless heart-print dress and large red hoop earrings, is driving. A man in a light-colored button-down shirt approaches and asks for help getting to his girlfriend's house, saying she is home alone. The woman agrees and lets him in. After driving to a modern house, the man gets out and they walk together to the door. A younger woman with long hair opens the door. The driver confronts the man, revealing she is his actual partner, having caught him attempting to go to another woman. The skit ends with the man's shocked expression and the driver's angry confrontation, playing on themes of cheating and comeuppance.
Entities people=Khwahish Gal (Author Name); products=Jeep Compass SUV
Humor type=Situational; explanation=Humor arises from situational irony: the man convinces a stranger to drive him to his girlfriend, only for the audience to realize the situation is more complicated when another woman answers the door. The comedy relies on misdirection and the man's panicked reaction, typical of Indian short-form relationship skits where expectations of infidelity are played for laughs. The exaggerated expressions, the use of familial insults like 'behen ki bachi,' and the deadpan delivery of the female lead amplify the awkwardness, making the twist feel both surprising and culturally familiar to audiences who consume couple-comedy content on Instagram Reels.",template,True,weak,,cheating-catch-skit,1,False,Q3 需汽车+住宅外景两处场景,False,,non-us,印度式关系 skit+Hindi 对白,False
2026-10-08,general,37,https://www.instagram.com/reel/DeJXxo9Assi,@wipe100k,61000,270,0,30500.0,0.0,0,2026-10-08,2026-10-06,2,True,"This is a compilation video of the viral 'me and my friend' / 'calling my boyfriend my friend' TikTok trend. Multiple different young couples are shown in various settings — bedrooms, living rooms, ki","This is a compilation video of the viral 'me and my friend' / 'calling my boyfriend my friend' TikTok trend. Multiple different young couples are shown in various settings — bedrooms, living rooms, kitchens, and cars — where the woman tells the camera she is with her 'friend,' referring to her actual boyfriend standing next to her. On-screen text explains the premise ('POV - you try to do the ""me and my friend"" trend,' 'calling my bf my ""friend"" to see how he reacts'). Each boyfriend reacts with playful, exaggerated jealousy: looking shocked, saying 'I'm leaving,' walking away, turning his back, pouting, or dramatically correcting her ('She's with her boyfriend'). The women laugh throughout. The tone is consistently lighthearted, comedic, and affectionate, showcasing the couples' chemistry through a harmless prank designed to elicit funny reactions. No serious conflict occurs; all interactions end with laughter, hugs, or kisses.",challenge,True,strong,她对镜头说'和我朋友出门'，男友在旁边假装受伤大喊'我是男朋友！'，屏幕字'me and my friend',call-him-friend-trend,1,True,,False,,unknown,无明确标记,False
2026-10-08,general,38,https://www.instagram.com/reel/DeHCVpMJRTh,@pathuuseeyy,89000,500,0,29666.7,0.0,0,2026-10-08,2026-10-05,3,True,A short comedic video set at an outdoor food stall. A young woman in a navy blue dress with a white cardigan stands at the counter looking into her cream-colored handbag; on-screen text reads ':Why my,"A short comedic video set at an outdoor food stall. A young woman in a navy blue dress with a white cardigan stands at the counter looking into her cream-colored handbag; on-screen text reads ':Why my wallet is always empty'. She opens the bag to show it is empty. The scene cuts to text 'The reason...' and reveals a young man in a black zip-up jacket and sunglasses standing beside her, holding two small glasses of tea/coffee and a piece of bread in his mouth. He hands her one drink. The implication is that she spends her money buying snacks and drinks for him, which is why her wallet is always empty. The video has an upbeat musical track and a casual, everyday street-food setting with another vendor visible behind the counter.
Entities products=handbag, disposable beverage cup
Humor type=Situational; explanation=The humor comes from a classic expectation-reversal setup common in couple comedy reels. The opening text frames a universal frustration—an always-empty wallet—and invites viewers to anticipate a financial explanation. The cut to the man calmly holding tea and a snack reframes the cause as personal rather than economic, implying the partner is consuming her funds. This situational irony works because it relies on shared experience of small daily expenses adding up through a significant other, delivered without dialogue and resolved visually in under ten seconds. The deadpan presentation by both actors enhances the relatability, making the punchline feel like an inside",template,True,strong,她打开空钱包对镜头叹气→切到他嘴里叼着面包手拿奶茶递她一杯，屏幕字'The reason...',empty-wallet-couple-skit,1,True,,False,,unknown,无明确标记,False
2026-10-08,general,39,https://www.instagram.com/reel/DeK0x9shRE_,@eva.pepaj,59000,1000,0,29500.0,0.0,0,2026-10-08,2026-10-06,2,True,"A short comedic skit titled 'When the thief feels bad for you' opens with a masked robber demanding a safe from a couple kneeling on the floor. Instead of fear, the husband laments his marriage ('My l","A short comedic skit titled 'When the thief feels bad for you' opens with a masked robber demanding a safe from a couple kneeling on the floor. Instead of fear, the husband laments his marriage ('My life's already ended. I'm MARRIED'), prompting the thief to lower his toy gun and offer to listen. The thief then ties up and gags the wife, sits with the husband, and hears complaints: he's not allowed to game, she doesn't 'put out,' and she doesn't do dishes. The two men bond — riding a bike together with arms outstretched (parodying Titanic's 'Don't let me go Jack / I won't let go'), playing video games side-by-side while the wife remains bound beside them, and building a blanket fort with a 'NO GIRLS ALLOWED' sign to play 'floor is lava.' When the wife tries to talk, the thief refuses and points to the sign. The skit ends with the bound wife retrieving a red gas can and pouring its contents onto the fort, implying retaliation. The tone is lighthearted, absurd, and relies on the trope of marriage being worse than a robbery.
Entities products=toy pistol, white rope, red gas can, motorbike
Humor type=Situational; explanation=The comedy arises from the absurd situation where a criminal becomes a therapist for a miserable husband. The thief enters expecting violence but is disarmed by the husband's declaration that his life is already ruined by marriage, leading to shared grievances about gaming restrictions, chores, and intimacy. The humor escalates as the thief and husband bond o",template,True,none,,thief-marriage-skit,1,False,Q1 需三人出镜（蒙面劫匪+夫妻），Q3 需玩具枪/摩托道具,False,,unknown,无明确标记,False
2026-10-08,general,40,https://www.instagram.com/reel/DeMoBO3pSXN,@prashu__baby,29000,95,0,29000.0,0.0,0,2026-10-08,2026-10-07,1,True,"A man and a woman are seated across from each other at a white table in an outdoor or semi-outdoor restaurant at night, illuminated by hanging pendant lights with glass panels behind them. The woman, ","A man and a woman are seated across from each other at a white table in an outdoor or semi-outdoor restaurant at night, illuminated by hanging pendant lights with glass panels behind them. The woman, wearing a black-and-white striped shirt and gold necklaces, eats from a black bowl with a fork. The man, with a beard and wearing a black t-shirt, eats fries from a small plate. They interact casually—she feeds him a bite, he offers her a fry, and they talk and gesture while eating. The video cuts to close-ups of the woman making an exaggerated, wide-eyed shocked expression for comedic effect, which repeats several times. The audio features background music that builds dramatically before cutting to a loud, comedic scream/laugh at the end. The overall tone is lighthearted and humorous, depicting a relatable couple dining moment turned into a short visual gag.
Humor type=Situational; explanation=The humor comes from the everyday situation of sharing food escalating into theatrical overreaction. The woman's deadpan feeding followed by her sudden, cartoonishly wide-eyed stare creates an expectation-reality gap that is classic situational comedy. The man's calm chewing contrasted with her intense reaction amplifies the absurdity. It plays on familiar couple tropes where small gestures become dramatic, making it relatable without dialogue dependence. The timing of the close-up inserts punctuates the joke visually rather than verbally.",hook,True,strong,餐厅里她喂他一口→她突然瞪大眼对镜头定格+夸张音效，他淡定嚼东西，屏幕字'The stare says it all',couple-dining-stare-gag,1,True,,False,,unknown,无明确标记,False
2026-10-08,general,41,https://www.instagram.com/reel/DeJiVFHqOwQ,@3bdullah_kamel7,55000,680,0,27500.0,0.0,0,2026-10-08,2026-10-06,2,True,A young man in a dark hoodie performs a short-form comedy skit labeled 'POV: AI videos in short.' He alternates between two AI filters against an indoor home background with a green sofa and ceiling f,"A young man in a dark hoodie performs a short-form comedy skit labeled 'POV: AI videos in short.' He alternates between two AI filters against an indoor home background with a green sofa and ceiling fan. First, a blue cat filter gives him feline features as he sings dramatically and waves his hand. Then he switches to a distorted-face filter that enlarges his mouth and eyes, sticking out his tongue and making goofy, exaggerated expressions directly to the camera. Midway, he picks up a wooden stick and lunges forward aggressively while still filtered, before returning to the cat filter. The entire clip is set to an energetic Arabic pop song with female vocals. The tone is absurd and humorous, intended to mock the strange aesthetic of viral AI-filter videos.",audio_meme,True,none,,ai-filter-skit,1,True,,False,,non-us,阿拉伯语流行歌+中东/印度家居,False
2026-10-08,general,42,https://www.instagram.com/reel/DeJXmPfRqYp,@_nav_yoshita,55000,100,0,27500.0,0.0,0,2026-10-08,2026-10-06,2,True,A young man in a plaid shirt and jeans and a young woman in a red traditional embroidered outfit sit together on an orange bench outdoors with greenery behind them. The woman is initially focused on h,"A young man in a plaid shirt and jeans and a young woman in a red traditional embroidered outfit sit together on an orange bench outdoors with greenery behind them. The woman is initially focused on her phone. The man looks over, then pulls out his own white smartphone and shows it to her. She leans in, reacts with wide-eyed surprise, then smiles while holding her phone to her ear as they interact. The on-screen text 'Tag your wife 😂' suggests the clip is intended as relatable couple humor for social media sharing. The audio includes a repetitive vocalization ('pare pare...') but no clear dialogue or music lyrics. The overall tone is casual, affectionate, and comedic.
Entities products=smartphone
Humor type=Situational; explanation=The humor comes from a common everyday situation—partners checking each other's phones—and exaggerating the reaction. The man leans in, takes the phone, and holds it up to the woman's face, prompting a surprised then smiling response. This situational irony is amplified by the caption 'Tag your wife,' inviting viewers to recognize themselves or their partners in the scenario. It relies on shared cultural understanding of playful marital teasing rather than punchlines, making it broadly relatable and lighthearted without targeting anyone maliciously.",hook,True,weak,,phone-checking-couple-gag,1,True,,False,,non-us,印度传统服饰+Hindi 音频,False
2026-10-08,general,43,https://www.instagram.com/reel/DeMhWf3uRcC,@stephbarkley,27000,1500,0,27000.0,0.0,0,2026-10-08,2026-10-07,1,True,"A woman in an all-white sparkly blazer, mini skirt, and white stilettos rides an electric scooter down a sunny residential street carrying a takeout bag. She enters a modern home with wood floors and ","A woman in an all-white sparkly blazer, mini skirt, and white stilettos rides an electric scooter down a sunny residential street carrying a takeout bag. She enters a modern home with wood floors and dark cabinets, unpacks a large burrito in the kitchen, and begins a playful, self-narrated 'house tour' while eating. She walks through hallways, a closet, and living room, hiding the burrito on a shelf, sitting on a fireplace hearth to eat, and removing her blazer to tie around her waist. Her tone is energetic and comedic, referencing Labor Day and sneaking food. Another person briefly peeks from a doorway. The video ends with her leaving the house and riding the scooter away down the street. The overall tone is lighthearted, performative, and focused on lifestyle/fashion presentation.
Entities people=Steph Barkley (Author Name); products=electric scooter, sequined blazer, sequined mini skirt, high heels, burrito, plastic water bottle
Humor type=Situational; explanation=The humor comes from the relatable conflict between professional realtor duties and personal hunger. The creator performs a polished house tour in full glam—white sequined blazer, mini skirt, and stilettos—while covertly carrying and eating a messy carne asada burrito. The comedy builds through physical contrast: she glides on an e-scooter in heels, attempts to hide the burrito in pantries and closets, takes bites mid-sentence, and worries about dropping rice, all while maintaining sales patter. Her exaggerated r",personality,False,none,,eating-house-tour-skit,1,True,,False,,us-likely,英语+Labor Day+住宅街区,False
2026-10-08,general,44,https://www.instagram.com/reel/DeMoeIwB5_M,@danmendesoficial,27000,700,0,27000.0,0.0,0,2026-10-08,2026-10-07,1,True,"A young Black man wearing glasses and a white polo shirt with red trim performs a comedic skit outdoors. An on-screen Portuguese caption reads, 'That person who eats the world and says they eat little","A young Black man wearing glasses and a white polo shirt with red trim performs a comedic skit outdoors. An on-screen Portuguese caption reads, 'That person who eats the world and says they eat little and is on a diet in front of others.' He is presented with a large plate of food including rice, meatballs in sauce, and salad, reacts with mock shock placing his hand on his chest, then proceeds to eat enthusiastically. He pours and drinks orange Fanta soda, continues eating multiple servings, and later is given a large cup of a creamy dessert or milkshake which he also eats with a spoon. The setting appears to be a home patio with a tablecloth, other people are visible at the table, and a car is parked in the background. The tone is humorous and self-deprecating, playing on the common social behavior of downplaying one's appetite.
Entities products=orange soda bottle, plate of food, creamy drink
Humor type=Situational; explanation=The humor comes from dramatic irony: the on-screen text explicitly labels the character as someone who eats the world but claims to eat little, and the video then shows him doing exactly that. He verbally insists his stomach is small, he only takes 'pouquinho,' and he doesn't drink soda except on weekends, while simultaneously holding a full plate of rice, meat, and sauce, pouring a large glass of Fanta, and accepting a big cup of canjica. The comedy is amplified by his earnest facial expressions and repeated denials, making the gap between words and",template,True,none,,big-appetite-diet-skit,1,True,,False,,non-us,葡萄牙语字幕,False
2026-10-08,general,45,https://www.instagram.com/reel/DeLorfQztyr,@gurpreetsajjan52,27000,100,0,27000.0,0.0,0,2026-10-08,2026-10-07,1,True,"The video is a short, comedic home skit set in a modern Indian household. A young man wearing a white 'POLO' shirt, camouflage pants, and a blue turban enters and interacts with a young woman in a bei","The video is a short, comedic home skit set in a modern Indian household. A young man wearing a white 'POLO' shirt, camouflage pants, and a blue turban enters and interacts with a young woman in a beige salwar kameez who is preparing pani puri in the kitchen. They engage in playful, rapid-fire banter in Punjabi about who will get to eat the golgappe, with the man initially demanding them and the woman refusing. After some back-and-forth, both sit on a bed with a pink floral cover to eat the pani puri together, using a red bowl of water and small metal bowls for filling. An older woman in a teal outfit enters the room, speaks to them, and the younger woman becomes emotional, crying and covering her face while seated on the bed. The man stands up and talks with the older woman as the skit ends. The overall tone is humorous and relatable, portraying everyday family dynamics around food.
Entities people=Gurpreet Sajjan (Author Name); products=white polo shirt, golgappe pani puri, red plastic bowl, toy ride-on car
Humor type=Situational; explanation=The humor comes from an everyday domestic scenario blown out of proportion: a husband demanding golgappe, the wife preparing them meticulously, and both accusing each other of eating them. The comedy builds through repetitive back-and-forth, exaggerated claims like 'my heart will break if golgappe are broken,' and the classic mother-in-law entrance that escalates the blame game. Physical acting—hand gestures, sitting on the bed with fo",template,True,weak,,home-food-duo-skit,1,True,,False,,non-us,Punjabi 对话+印度家庭,False
2026-10-08,general,46,https://www.instagram.com/reel/DeMP8LxPwcN,@_nickandcarrie_,27000,49,0,27000.0,0.0,0,2026-10-08,2026-10-07,1,True,"In a modern apartment kitchen, a woman in a pink heart-patterned hoodie and wide-leg jeans prepares to leave for shopping. A man in a black 'MCM LXXXVII' sweatshirt and cargo jeans approaches, they ex","In a modern apartment kitchen, a woman in a pink heart-patterned hoodie and wide-leg jeans prepares to leave for shopping. A man in a black 'MCM LXXXVII' sweatshirt and cargo jeans approaches, they exchange 'Are you going now?' / 'Yeah,' share multiple kisses and hugs, and say 'Love you!' As she walks down the hallway toward the door, she says 'Bye bye mo mo' to their small fluffy white dog resting in a bed near a bee-striped tent. After she exits, the man turns, holds her denim jacket behind his back, and whispers 'I saw you!' to the dog, then 'Bye bye!' He inspects the jacket pockets, finds cash, counts it with a satisfied smile, and walks away. On-screen text gives the dog the line 'If I can talk, I'll tell on you!' The tone is playful and domestic, using the pet as a comedic narrator for the man's sneaky act.
Entities products=pink heart pattern cropped hoodie, light blue wide-leg jeans, black sweatshirt with white text, light blue cargo jeans, light blue denim shorts
Humor type=Situational; explanation=The humor comes from the contrast between the sweet, romantic goodbye and the boyfriend's sneaky opportunism once the partner leaves. Viewers expect a tender moment, but the payoff subverts that expectation by revealing his true motive—taking her cash—which aligns with the caption's 'men's money saving hack.' The small dog acting as a witness adds an extra layer of situational comedy, implying guilt and secrecy. This type of relatable couple dynamic, where one partner joke",template,True,strong,"她出门他温柔送别→门一关他翻她外套口袋数钱→狗对镜头字幕'If I can talk, I\u0027ll tell on you!'",sneaky-partner-dog-narrator,1,True,,False,,unknown,无明确标记,False
2026-10-08,general,47,https://www.instagram.com/reel/DeKDMZoJu2K,@memityfever,54000,320,0,27000.0,0.0,0,2026-10-08,2026-10-06,2,True,"This is a compilation video following a popular social media trend where partners ask men, 'Would you be gay for one hour (or one day) for one billion dollars?' Each segment shows a different couple i","This is a compilation video following a popular social media trend where partners ask men, 'Would you be gay for one hour (or one day) for one billion dollars?' Each segment shows a different couple in a home setting. After the question, the men initially respond verbally, then cut to them re-entering the room dressed in exaggerated feminine attire — including bright wigs (red, black), makeup, crop tops, short shorts, rompers, high heels, and handbags — and performing playful, flamboyant dances and poses. On-screen text repeats the question across clips. The tone is comedic and lighthearted, intended as a prank between couples, with reactions ranging from laughter to mock seriousness. The video contains incidental alcohol props and one use of strong profanity.",challenge,True,none,,billion-dollar-prank-compilation,1,True,,False,,unknown,无明确标记,False
2026-10-08,general,48,https://www.instagram.com/reel/DeIqfq8MgsE,@jvillanuevabebe,48000,790,0,24000.0,0.0,0,2026-10-08,2026-10-06,2,True,A man wearing a dark hoodie sits at a granite kitchen counter at night. On-screen text reads 'POV: she's wakes up in the middle of the night.' He is focused on a piece of aluminum foil with a pile of ,"A man wearing a dark hoodie sits at a granite kitchen counter at night. On-screen text reads 'POV: she's wakes up in the middle of the night.' He is focused on a piece of aluminum foil with a pile of white powder, using a green card to chop and arrange it. He looks up nervously, glances around the room, and reacts with wide-eyed panic as if hearing someone approach. He quickly tries to conceal the evidence—folding the foil, picking up the card, and even putting the card in his mouth—before abruptly getting up and running out of frame. Throughout, he repeatedly shouts 'I knew it!' in a loud, panicked voice. The tone is comedic and exaggerated, portraying the classic guilty-partner-caught-in-the-act scenario.
Entities people=Jose Villanueva (Author Name)
Humor type=Situational; explanation=The humor derives from the classic 'caught in the act' scenario amplified by the POV framing. Viewers recognize the universal anxiety of being discovered doing something forbidden late at night. The man's over-the-top physical performance—wide-eyed stares, frantic gestures, stuffing the powder and card into his mouth, and abruptly fleeing—creates slapstick escalation. The repetition of 'I knew it!' mimics an internal monologue of guilt, making the situation absurdly dramatic for a simple kitchen scene. This aligns with popular TikTok/Reels POV memes where mundane moments are treated as high-stakes drama, relying on shared cultural understanding of secrecy and partner dynamics rather than dial",hook,True,none,,caught-in-act-pov,1,True,,False,,unknown,无明确标记,False
2026-10-08,general,49,https://www.instagram.com/reel/DeGDJFYRkFT,@neharajput_____,72000,360,0,24000.0,0.0,0,2026-10-08,2026-10-05,3,True,"A woman with long dark wavy hair, wearing an olive-green collared shirt and sunglasses pushed up on her head, films herself selfie-style outdoors against a backdrop of green grass and trees. She smile","A woman with long dark wavy hair, wearing an olive-green collared shirt and sunglasses pushed up on her head, films herself selfie-style outdoors against a backdrop of green grass and trees. She smiles broadly, talks and sings expressively to the camera, occasionally gesturing with her hand. On-screen text at the top reads 'दिलवा के हाल.. 💯🫶🙈' (Hindi for 'the condition of the heart'), and a small animated American flag sticker is visible on her shirt. The audio features her singing a melodic Hindi song. The overall tone is cheerful, personal, and casual, consistent with a social media vlog or music clip.",audio_meme,True,none,,parking-lot-lipsync,1,True,,False,,us-likely,草地+国旗贴纸（唱 Hindi 歌）,False
2026-10-08,general,50,https://www.instagram.com/reel/DeNFyuXpXob,@iamjordiofficial,23000,23,0,23000.0,0.0,0,2026-10-08,2026-10-07,1,True,"A young woman with long dark braids, wearing a maroon crop top and black jacket, films herself in her bedroom holding a phone. On-screen text reads 'POV: You have a picture of me from...' followed by ","A young woman with long dark braids, wearing a maroon crop top and black jacket, films herself in her bedroom holding a phone. On-screen text reads 'POV: You have a picture of me from...' followed by changing years. For '2026' and '2024' she smiles and reacts playfully. For '2003-2010' she looks confused and touches her forehead, acknowledging a baby/childhood photo. When the text changes to '2019-2022,' her demeanor shifts dramatically—she screams, points at the phone, throws it, and collapses onto her pink bed in exaggerated horror and crying. A male voiceover accompanies the skit, panicking and repeatedly demanding 'delete this from your phone right now' and asking 'how do you have this?' The tone is comedic and relatable, portraying the fear of embarrassing teenage photos being shared.
Entities products=smartphone with triple-camera
Humor type=Situational; explanation=The humor comes from the universally relatable situation of someone finding an unflattering old photo of you. The comedy is built through escalation: she is fine with a future photo, mildly annoyed by a recent one, confused by a childhood photo, and completely hysterical about the awkward teenage years (2019-2022). Her over-the-top physical reactions—screaming, throwing herself on the bed, clutching her head—amplify the mundane fear into absurdity. This fits the popular 'POV' meme format where viewers project themselves into the scenario, making the situational embarrassment feel personal and funny rather th",hook,True,none,,old-photo-panic-pov,1,True,,False,,unknown,无明确标记,False
2026-10-08,general,51,https://www.instagram.com/reel/DeINXlosTRD,@funmaxowners,69000,82,0,23000.0,0.0,0,2026-10-08,2026-10-05,3,True,"Three young men stand behind a marble countertop in a modern kitchen with recessed yellow lighting, facing the camera with three different stuffed bread items displayed on plates. They engage in a tur","Three young men stand behind a marble countertop in a modern kitchen with recessed yellow lighting, facing the camera with three different stuffed bread items displayed on plates. They engage in a turn-based eating game, pointing at each other before one person steps forward to eat. The man in the yellow polo shirt eats first, taking large messy bites while the others watch and react. The man in the black-and-white striped shirt goes next, followed by the man in the beige t-shirt, each eating with similar enthusiasm. Between turns, they gesture, raise their hands, and interact playfully. The video is edited with several unrelated meme clips inserted for comedic effect, including a close-up of a shocked man with glasses, a waving chimpanzee, and a cartoon vampire face. The tone is lighthearted, energetic, and focused on competitive eating humor.
Entities products=chicken filled bun
Humor type=Situational; explanation=The humor is situational and relies on the contrast between a simple eating task and the participants' wildly exaggerated physical comedy. Each man takes turns devouring large buns messily, making intense eye contact with the camera, and reacting with mock shock or triumph. The comedy is amplified by non-sequitur meme inserts—a screaming man, a grinning monkey, a vampire face—which function as punchline reactions familiar to short-form video audiences. This bait-and-switch structure, where the expectation of a normal food review is subverted by slapstick performan",template,True,strong,两人轮流大口啃面包夹肉，配屏幕字'谁吃得最脏谁洗碗'，穿插表情包反应,duo-food-challenge,3,True,,False,,unknown,无明确标记,True
2026-10-08,general,52,https://www.instagram.com/reel/DeNFdbeBPN7,@josh_andjenny,23000,240,0,23000.0,0.0,0,2026-10-08,2026-10-07,1,True,"The video is a short comedic skit set in a modern kitchen. A man wearing a grey hoodie, pink shorts, and a black durag holds a wooden spatula and repeatedly annoys his wife, who is cooking at the stov","The video is a short comedic skit set in a modern kitchen. A man wearing a grey hoodie, pink shorts, and a black durag holds a wooden spatula and repeatedly annoys his wife, who is cooking at the stove in a brown outfit. On-screen text sets the premise: 'POV: when you annoy your wife when she is overstimulated.' After tolerating the teasing, the woman turns, takes the spatula, and playfully pins her husband against a white door, grabbing him by the neck in a mock-chokehold. He responds with exaggerated, wide-eyed smiling and laughing, raising his hands and even lifting his feet off the ground to show he is not resisting. The interaction is clearly staged for humor, portraying a lighthearted, relatable moment of marital annoyance escalating into physical comedy, with no actual harm depicted.
Entities people=Josh Mukendi (Author Name), Jenny Mukendi (Author Name); products=wooden spatula, grey zip-up hoodie, pink sweatpants, black and white sneakers, brown t-shirt
Humor type=Situational; explanation=The humor comes from the exaggerated escalation of a common domestic annoyance. The setup uses the familiar POV format to establish expectation: a husband lightly teasing his wife with a spatula while she is busy cooking. The payoff subverts the expected verbal scolding by having the wife physically lift him off the ground by the neck in a theatrical, non-harmful way. His over-the-top reactions—wide eyes, big smile, dangling feet—signal that it is consensual play, making the violenc",hook,True,strong,女朋友在灶台做饭时他拿锅铲故意捣乱，屏幕字'POV: 她做饭时你非要犯贱'，最后她拿锅铲反杀,relationship-pov,3,True,,False,,unknown,英语，无城市/口音标记,True
2026-10-08,general,53,https://www.instagram.com/reel/DeKG_I5haV1,@gilliedaking,43000,3800,0,21500.0,0.0,0,2026-10-08,2026-10-06,2,True,"This is a comedic skit titled 'The City of Brotherly Love' starring Wallo 267 and Gillie The King, promoting their 'Million Dollaz Worth of Game' brand. The video opens indoors where Gillie is loungin","This is a comedic skit titled 'The City of Brotherly Love' starring Wallo 267 and Gillie The King, promoting their 'Million Dollaz Worth of Game' brand. The video opens indoors where Gillie is lounging eating a burger when Wallo enters visibly upset with a torn shirt and face marks, claiming he was jumped by six large men. They argue loudly, with Gillie initially wanting to call for backup before deciding to confront the attackers themselves. The scene cuts to exterior shots in Philadelphia showing a branded van, a street party, and the two playing chess and play-wrestling in front of the LOVE statue. The final act takes place in a wood-paneled bar with a pool table, where the pair continue arguing, kick over a chair, scatter peanuts, and confront another patron. A woman and another man enter through a back door, leading to more tense dialogue. The tone is loud, exaggerated, and comedic, centered on brotherhood, street credibility, and over-the-top reactions to conflict.",personality,False,none,,street-brand-skit,1,False,Q1/Q3 不通过：需品牌厢车、酒吧、多外景+群演,False,,us-likely,费城市区+LOVE雕塑，英语,False
2026-10-08,general,54,https://www.instagram.com/reel/DeKsIr1zWeh,@ali.hereee,70000,690,19000,19000.0,0.143,1,2026-10-07,2026-10-06,2,True,"The video is a short comedic skit set in a casual eatery, overlaid with the text 'TRUE FRIEND!'. A young woman in a brown top sits at a black table eating a wrap from a green plate, with a glass of li","The video is a short comedic skit set in a casual eatery, overlaid with the text 'TRUE FRIEND!'. A young woman in a brown top sits at a black table eating a wrap from a green plate, with a glass of light-colored beverage beside her. In the background, a man in a dark shirt walks behind a counter. She takes bites, pauses to look at her phone which displays an image of a man on a motorcycle, then continues eating. The scene cuts to a young man with glasses standing outside near a display case of fried snacks, talking on his phone and smiling. Returning to the woman, she looks directly at the camera with an annoyed expression, picks up her plate and drink, and extends them forward as if sarcastically offering them to the caller. The tone is lighthearted and relatable, playing on the idea of a friend calling at an inconvenient time while you are eating.
Entities products=wrapped food item, green plate, glass of beverage, smartphone
Humor type=Situational; explanation=The humor comes from the contrast between the label 'TRUE FRIEND!' and the woman's behavior. Viewers expect generosity, but she takes a bite, checks her phone to see her friend calling, and continues eating while feigning innocence. The irony is heightened by her holding the plate out at the end as if offering, despite having already eaten most of it. This situational irony resonates because many people have experienced a friend claiming food or vice versa, making the small betrayal both recognizable and funny withou",hook,True,strong,她边吃wrap边接到闺蜜电话，屏幕字'真正的好朋友!'，对着镜头翻白眼把盘子递向镜头,pov-text-skit,7,True,,False,,unknown,无明确标记,True
2026-10-08,general,55,https://www.instagram.com/reel/DeJbjcPNlo4,@divyamomoo,38000,130,0,19000.0,0.0,0,2026-10-08,2026-10-06,2,True,"The video shows a young man and woman walking through a busy Indian street-food market lined with stalls selling pani puri, kulfi, shakes, and coffee. An on-screen graphic reads 'Boyfriend X papa ✓'. ","The video shows a young man and woman walking through a busy Indian street-food market lined with stalls selling pani puri, kulfi, shakes, and coffee. An on-screen graphic reads 'Boyfriend X papa ✓'. The man, in a white t-shirt and jeans, walks arm-in-arm with the woman in a colorful blouse and black pants, buying her food at multiple stalls — he films her eating pani puri, gets her a drink, and hands her a kulfi. Later, away from the market near a scooter, the woman speaks directly to the camera and says in Hindi that she suddenly feels like calling him 'papa' today. The man, sitting on the scooter, reacts with surprise. The tone is playful and affectionate, presenting a common social-media trope where a caring boyfriend is humorously compared to a father.
Entities products=white graphic t-shirt, blue loose jeans, colorful patterned blouse, black trousers, pani puri, boba tea, blue scooter
Humor type=Situational; explanation=The humor comes from the familiar situation where a boyfriend's caring actions—asking what she wants to eat, filming her, paying, and staying with her—are exaggerated to resemble a father's overprotectiveness. The on-screen 'Boyfriend ❌ papa ✅' sets up expectation vs reality, and the punchline when she calls him 'Papa' confirms the joke. It resonates because many young couples experience this nurturing dynamic, making it relatable rather than scripted slapstick. The market setting adds authenticity, and the casual delivery enhances the situational comedy",template,True,strong,男朋友带女朋友逛夜市一路投喂，屏幕字'Boyfriend❌老父亲✅'，结尾她笑着喊他'爸',duo-food-skit,5,True,,False,,non-us,印度街市+印地语对话+街头小吃文化,False
2026-10-08,general,56,https://www.instagram.com/reel/DeL7nBJTe_r,@its__akash__.ox,18000,51,0,18000.0,0.0,0,2026-10-08,2026-10-07,1,True,"The video is a two-part social media meme clip set to upbeat Indian music. First, a young woman stands outside an open car door on a roadside with greenery behind her. She wears an orange patterned ku","The video is a two-part social media meme clip set to upbeat Indian music. First, a young woman stands outside an open car door on a roadside with greenery behind her. She wears an orange patterned kurta, white pants, and sunglasses, holds a phone, and speaks/gestures emphatically while on-screen text reads 'LE: BHAI AB SUN LE'. The scene then cuts to a young boy standing on the edge of a pond or canal in a semi-urban area with buildings in the background. He wears a red t-shirt and dark jeans and performs confident dance moves and poses. On-screen text over this segment reads 'AA GAI OKAT ME' with laughing and eagle emojis. The overall tone is playful and comedic, presenting a classic 'sassy response' meme format.",template,True,none,,attitude-meme,1,True,,False,,non-us,印地语字幕+印度音乐+kurta,False
2026-10-08,general,57,https://www.instagram.com/reel/DeMocRlBG_N,@corporate.bro,17000,54,0,17000.0,0.0,0,2026-10-08,2026-10-07,1,True,"The video opens with on-screen text: 'POV: your boss shows you a ""funny"" video but promotion season is coming.' In a modern office kitchen area, two men stand at a counter. The man on the right, holdi","The video opens with on-screen text: 'POV: your boss shows you a ""funny"" video but promotion season is coming.' In a modern office kitchen area, two men stand at a counter. The man on the right, holding a smartphone and a coffee cup, shows something to the man on the left who is at a laptop. Initially, the left man has a pained, uncomfortable expression. He then forces a wide smile and begins laughing loudly, pointing at the phone and leaning in as if highly amused, while the right man also laughs. The left man's laughter becomes increasingly exaggerated until he bends over the counter. The camera angle then shifts to show him looking directly into the lens with a flat, deadpan, resigned expression while continuing to type, as the boss behind him keeps laughing heartily. A gentle solo piano piece plays throughout the clip, providing ironic contrast to the comedic tension.
Entities products=laptop computer, smartphone, coffee cup
Humor type=Situational; explanation=The humor arises from the universally recognized workplace situation where an employee must feign amusement at a superior's mediocre joke to protect career prospects. The text overlay explicitly names the tension—'your boss shows you a funny video but promotion season is coming'—and the performance sells it: the left actor moves from pained concentration to over-the-top, teeth-baring laughter, then collapses onto the counter in exhaustion, while the right actor (the boss) beams with satisfaction. The final beat, whe",hook,True,weak,,pov-text-skit,7,True,,False,,unknown,无明确标记,False
2026-10-08,general,58,https://www.instagram.com/reel/DeHnduetn8u,@rebeccajlive,49000,1400,0,16333.3,0.0,0,2026-10-08,2026-10-05,3,True,The video presents a short comedic skit labeled 'American Wife Vs Colombian Wife' set in a luxurious modern home with a grand foyer and chandelier. A blonde woman in a black halter dress with fringe e,"The video presents a short comedic skit labeled 'American Wife Vs Colombian Wife' set in a luxurious modern home with a grand foyer and chandelier. A blonde woman in a black halter dress with fringe emerges first from double doors, portraying the 'American Wife'—she leans forward, speaks animatedly, and scolds an off-camera husband for missing their daughter's fifth birthday and smelling of liquor, telling him to clean up and calling him a 'sicko.' After she exits, a dark-haired woman in a tight white crop top and black shorts emerges as the 'Colombian Wife'—she walks out with arms open, smiles warmly, and affectionately greets the husband as 'mi amor' and 'papi,' saying she was worried sick, acknowledges he smells like rum, but invites him inside with love. The skit relies on exaggerated cultural tropes about marital reactions to contrast a critical versus nurturing response, delivered in a lighthearted, performative tone.",personality,False,none,,cultural-trope-skit,1,False,Q2/Q3 不通过：需两名女演员+豪宅大厅/吊灯布景,False,,us-likely,英文+American Wife标签+美国家庭布景,False
2026-10-08,general,59,https://www.instagram.com/reel/DeMx5_gsB8P,@abramputtan,16000,220,0,16000.0,0.0,0,2026-10-08,2026-10-07,1,True,"In an outdoor urban alleyway setting, a man dressed as an elderly beggar with a white turban, long white fake beard, and white kurta stands outside a doorway holding a cloth-wrapped bundle. A young wo","In an outdoor urban alleyway setting, a man dressed as an elderly beggar with a white turban, long white fake beard, and white kurta stands outside a doorway holding a cloth-wrapped bundle. A young woman in a brown salwar kameez emerges from the house. They engage in a comedic dialogue in Hindi where the beggar asks for alms, claiming she is wealthy because she has a gold pot hidden in her home, which she denies. She eventually brings him a roti on a disposable plate. When he lifts the roti, sliced onions and tomatoes are revealed underneath. He uses this to humorously point out that if he couldn't see the simple vegetables under the bread, how could he know about a hidden gold pot? The woman reacts with exaggerated surprise and then laughter, ending the skit on a friendly note. The tone is playful and theatrical, typical of social media street comedy.
Entities products=flatbread with vegetables
Humor type=Situational; explanation=The humor arises from the role reversal and absurd premise: a seemingly destitute beggar claims the woman has hidden gold under her bathroom, turning a typical charity request into a con-artist negotiation. The woman plays along, pretending poverty while being accused of wealth, then satisfies him with a simple roti. The punchline is visual—when he lifts the roti expecting nothing, he finds sliced onion and tomato underneath, reacting with exaggerated shock. This bait-and-switch, combined with expressive facial acting and the cultural familiarity of",template,True,weak,,street-roleplay-comedy,1,True,,False,,non-us,印地语对话+kurta+印度街景,False
2026-10-08,general,60,https://www.instagram.com/reel/DeL1a_1SEQN,@kutty___zoya___05,16000,9,0,16000.0,0.0,0,2026-10-08,2026-10-07,1,True,"In an outdoor campus-like setting with paved walkways, hedges, and trees, a young woman in a long white embroidered dress and a young man in a striped shirt and brown trousers perform a social media '","In an outdoor campus-like setting with paved walkways, hedges, and trees, a young woman in a long white embroidered dress and a young man in a striped shirt and brown trousers perform a social media 'best friend' trend. On-screen text reads '-Trend with best bestest friend be like 🥰💖'. They begin dancing separately, then mirror each other's movements. The man playfully lunges forward as if being pulled, exits the frame, and the woman continues alone, adding a blue glowing visual effect around her hands. He then re-enters and gives her a playful hug from behind, resting his head on her shoulder as they both laugh and walk off together. The tone is affectionate, comedic, and friendly, with upbeat background music featuring male vocals. No dialogue, profanity, or risky behavior is present.",challenge,True,weak,,friend-dance-trend,1,True,,False,,unknown,无明确标记,False
2026-10-08,general,61,https://www.instagram.com/reel/DeKGCYzPvl6,@fauxfresh,30000,930,0,15000.0,0.0,0,2026-10-08,2026-10-06,2,True,"The video is a first-person POV comedy skit featuring a young Black man in a bedroom with blue walls, Pokémon and Rush Hour posters visible behind him. He wears a dark hoodie, baseball cap, and white ","The video is a first-person POV comedy skit featuring a young Black man in a bedroom with blue walls, Pokémon and Rush Hour posters visible behind him. He wears a dark hoodie, baseball cap, and white earphones while drinking from a bottle with red liquid. On-screen text reads 'POV: The homie Black N Mild went missing.' He speaks directly to the camera, reacting with disbelief and anger after learning someone named Shane threw away his Black & Mild cigarillo that he kept in the bathroom. He explains in explicit, profanity-laden terms that he relies on the cigarillo every morning to have a bowel movement, calling it his 'bathroom black and mild' and 'bowel mouth.' His tone is frustrated and animated, using hand gestures and looking upward as he complains that Shane disrupted his routine and demands he get another one. The overall tone is casual, humorous, and intentionally crude.
Entities products=red sports drink bottle
Humor type=Situational; explanation=The humor derives from the absurd specificity of treating a Black & Mild cigarillo as an essential tool for defecation, framing a mundane bathroom routine as a crisis. The creator leans into the POV format popular on social media where viewers imagine themselves in an awkward interpersonal conflict. By naming 'Shane' and accusing him of throwing the cigar away, the skit creates a faux-serious confrontation over something trivial, which amplifies the comedy. The repeated emphasis on 'bowel mouth' and inability to 'shit without",personality,False,none,,crude-pov-rant,1,True,,False,,us-likely,美式俚语+Black & Mild+卧室美式海报,False
2026-10-08,general,62,https://www.instagram.com/reel/DeLsjoUyVX1,@funn.yvideos0009,15000,40,0,15000.0,0.0,0,2026-10-08,2026-10-07,1,True,"Three young women walk along an outdoor corridor and enter a casual restaurant. Inside, they sit at a wooden table with black plates. A male waiter in a white shirt and black apron brings them a menu;","Three young women walk along an outdoor corridor and enter a casual restaurant. Inside, they sit at a wooden table with black plates. A male waiter in a white shirt and black apron brings them a menu; the woman in the white outfit studies it and places an order while talking with her friends. The waiter returns with a tray carrying a sizzling plate of what looks like chili potatoes or fries. The woman in white takes the dish, uses a napkin to pick at it, finds a small item inside, and reacts with surprise and disgust after tasting. Her friends watch her reaction. Shortly after, the group gets up and leaves the restaurant. The video concludes with an unrelated meme clip showing men at a judging panel laughing, overlaid with text reading 'Please Subscribe.'
Entities products=saucy fried potato dish, laminated restaurant menu
Humor type=Situational; explanation=The humor comes from the awkwardness of pretending to be experienced diners while clearly being nervous first-timers. The girls whisper conspiratorially outside, fumble with the door, overreact to the menu prices, and make exaggerated faces while eating spicy fries. The contrast between their attempted coolness and their obvious inexperience creates situational comedy that many young viewers find relatable. The waiter's deadpan professionalism against their giggling adds to the comedic tension without any punchline jokes.",luck,False,weak,,food-outing-vlog,1,True,,False,,unknown,无明确标记,False
2026-10-08,general,63,https://www.instagram.com/reel/DeJsuz8tZOy,@giannistudiert,29000,150,0,14500.0,0.0,0,2026-10-08,2026-10-06,2,True,"A young man with curly hair in a teal tracksuit performs a POV skit outdoors on a university campus, portraying an 'Ersti' (first-year student) who is over 20. Throughout the clip he walks, sits on be","A young man with curly hair in a teal tracksuit performs a POV skit outdoors on a university campus, portraying an 'Ersti' (first-year student) who is over 20. Throughout the clip he walks, sits on benches and bike racks while acting out interactions with off-camera younger students. The dialogue, in German, consists of them making age-related jokes: offering the elevator, claiming they thought he didn't have WhatsApp, asking what he did before studying (he says he worked), joking he chose study 'instead of retirement,' suggesting he join aqua-fitness rather than football, inviting him to a late-night freshman party but noting an earlier 'Omas gegen Rechts' event might suit him better, questioning his alcohol use due to supposed dementia medication, and commenting on his lack of gray hair. The interaction escalates to name-calling, including 'du dumme Fotze.' The tone is comedic but relies on persistent age-based mockery and exclusion, ending with the character looking frustrated and confused.",personality,False,none,,campus-character-skit,1,True,,False,,non-us,德语对白+德国大学场景,False
2026-10-08,general,64,https://www.instagram.com/reel/DeMhkISiFeA,@jessicamarchi,14000,170,0,14000.0,0.0,0,2026-10-08,2026-10-07,1,True,"The video is a first-person POV comedy set inside a crowded art museum, likely the Galleria dell'Accademia in Florence given the presence of Michelangelo's David statue. A woman in a brown halter jump","The video is a first-person POV comedy set inside a crowded art museum, likely the Galleria dell'Accademia in Florence given the presence of Michelangelo's David statue. A woman in a brown halter jumpsuit plays 'that one friend' who is overly reverent about museum etiquette. She repeatedly shushes her companion Jess, declaring 'you are in a museum!', 'museums are like churches, you respect the art,' and 'you do not touch history.' She oscillates between dramatic awe ('look so beautiful I'm gonna cry'), feigned expertise ('the craftsmanship! the details!'), and boredom ('I would be so bored'). When Jess suggests touching a statue, she reacts with horror, calling the idea 'stupid.' The skit relies on her loud hypocrisy—she demands silence while yelling—and her exaggerated emotional performance in front of classical sculptures and paintings, with other tourists visible in the background throughout.
Entities people=Jessica Marchi (Author Name); products=brown halter jumpsuit, white drop earrings, gold chain necklace, brown crossbody bag
Humor type=Situational; explanation=The humor comes from situational irony: the character demands silence and reverence in a museum while being the loudest person there, shushing others repeatedly. She oscillates between claiming she'd be bored and then becoming overly emotional, crying at paintings she admits 'all look the same.' The contrast between her self-appointed role as guardian of art ('you do not touch history') and her own performative,",template,True,weak,,pov-text-skit,7,True,,False,,non-us,佛罗伦萨美术馆+意大利地标,False
2026-10-08,general,65,https://www.instagram.com/reel/DeLJfsVxvGx,@therobdon567,14000,330,0,14000.0,0.0,0,2026-10-08,2026-10-07,1,True,"A young man in a black sweater performs a POV comedy skit titled 'Those managers that treat work like it's life or death.' Speaking directly to camera in an indoor setting, he adopts an intense, wide-","A young man in a black sweater performs a POV comedy skit titled 'Those managers that treat work like it's life or death.' Speaking directly to camera in an indoor setting, he adopts an intense, wide-eyed managerial persona to deliver a mock team meeting. He opens by saying he has 'major concerns' that need remedy ASAP or 'this place might as well be a sinking ship.' His three main complaints are: 1) employees logging in at 9:03 instead of 9:00, which he calculates equals 'two days worth of work' stolen per year; 2) improper use of Slack status, insisting it should only show 'unavailable' during meetings or out-of-office, not all day to avoid responsibility; and 3) outdated email signatures, demanding they be updated by end of day or he will remove inbox access. He repeatedly emphasizes his personal investment in the company ('this place is all I think about'), demands seriousness from both in-office and remote workers, and concludes with 'Great let's move on.' The performance is theatrical and satirical, highlighting toxic micromanagement culture.",template,True,none,,workplace-pov-skit,3,True,,False,,unknown,无明确标记,False
2026-10-08,general,66,https://www.instagram.com/reel/DeMa-ZRgsfr,@ksenia_velart,14000,270,0,14000.0,0.0,0,2026-10-08,2026-10-07,1,True,"In a home kitchen, a man in a black shirt and a woman in a white shirt sit at a table with two inverted white bowls over plates. The woman sets up the scene, then brings glasses and a green can of spa","In a home kitchen, a man in a black shirt and a woman in a white shirt sit at a table with two inverted white bowls over plates. The woman sets up the scene, then brings glasses and a green can of sparkling beverage. She lifts her bowl to reveal shrimp skewers on a plate, while the man's bowl stays covered. She proceeds to eat the shrimp, dipping them in a small dish of red sauce, and drinks the beverage, making audible chewing and slurping sounds. The man watches, occasionally pouring himself a drink, resting his head on his hand, and displaying expressions of boredom and disappointment. After she finishes eating and leaves the frame, the man finally lifts his own bowl to find it empty except for wooden skewers, reacting with surprise and resignation. The video is a short, silent (aside from eating sounds) comedic skit about a food prank.
Entities products=shrimp skewers, red dipping sauce, sparkling water can, drinking glass, white ceramic bowl
Humor type=Situational; explanation=The humor arises from the expectation versus reality setup common in couple challenge videos. The woman is set up with a desirable reward—multiple shrimp skewers, sauce, and a drink—while the man is left waiting with identical covered bowls, building anticipation. His patient, slightly bored demeanor contrasts with her enthusiastic eating, amplifying the payoff when he finally lifts his bowl to find only empty skewer sticks. This visual punchline relies on social dynamics rather than dialogue, maki",template,True,strong,两人各扣一个碗，他揭开只有签子、她揭开满碗虾串，屏幕字'今晚的爱心晚餐'，他翻白眼定格,duo-food-prank,2,True,,False,,unknown,无明确标记,False
2026-10-08,general,67,https://www.instagram.com/reel/DeKxVSIyz3_,@jojosim,24000,3,14000,14000.0,0.143,1,2026-10-07,2026-10-06,2,True,"In a modern kitchen, a young man and woman play a game titled 'How To Choose Salad Date Night' to build a pasta salad. They start by tossing dry pasta (Ronzoni elbow macaroni vs Barilla rotini) toward","In a modern kitchen, a young man and woman play a game titled 'How To Choose Salad Date Night' to build a pasta salad. They start by tossing dry pasta (Ronzoni elbow macaroni vs Barilla rotini) toward an orange square on the counter; the man's pasta lands in the square, so he cooks it. Next they toss heads of lettuce; the woman's romaine wins, she washes, chops, and spins it dry in a salad spinner. For protein, they choose between steak and chicken breast; the chicken wins, is seasoned, pan-fried, sliced, and added to the bowl with the cooked pasta and lettuce. They then add croutons and shaved parmesan cheese. For dressing, they play a ping-pong ball toss into a red cup; the woman wins and pours Chosen Foods Steakhouse Caesar dressing over the salad and tosses it. Finally, they each serve themselves a bowl and eat together at the island, reacting positively to the taste. The tone is playful, casual, and collaborative.
Entities products=dry elbow macaroni pasta, romaine lettuce, raw chicken breast, croutons, shredded Parmesan cheese, Caesar salad dressing, salad spinner
Humor type=Situational; explanation=The humor comes from treating mundane ingredient choices as competitive games—tossing dry pasta onto a taped square, dropping lettuce heads, spinning a bottle for protein—and reacting with exaggerated surprise and delight when items land. The contrast between the seriousness of a 'challenge' and the silliness of the methods creates situational comedy. Their genuine chemistry",template,True,strong,两人用扔乒乓球/抛食材决定今晚吃什么，屏幕字'晚饭听天由命'，赢的人下厨,duo-food-challenge,3,True,,False,,us-likely,美国品牌食材Ronzoni/Barilla/Chosen Foods,False
2026-10-08,general,68,https://www.instagram.com/reel/DeJimYHs9Zl,@achayanarmyfamily,28000,360,0,14000.0,0.0,0,2026-10-08,2026-10-06,2,True,A man in a red t-shirt and a woman in a black patterned dress sit at a glass-topped dining table. A plate of green food sits between them. The man is focused on his smartphone while eating. The woman ,"A man in a red t-shirt and a woman in a black patterned dress sit at a glass-topped dining table. A plate of green food sits between them. The man is focused on his smartphone while eating. The woman holds a small black tub with a green lid, which she accidentally drops to the floor. She bends down to retrieve it, then sits back up, holding the container. She leans toward the man, places her hand on his arm, hugs him affectionately, and kisses his cheek. He smiles briefly while still looking at his phone. She then stands, takes the container, and walks away into another room. After she leaves, the man looks up, appears surprised, places his hand on his chest, and continues to look around as the clip ends. The setting is a home interior with natural lighting, and background music plays throughout.
Entities people=Justine Mathirappillil (Author Name); products=small black tub with green lid, plate of green food, smartphone
Humor type=Situational; explanation=The humor arises from the familiar domestic scenario where one partner is distracted by a phone while eating, and the other creates a small disruption by dropping and retrieving a container, then seeking affection. This mirrors the classic Tom and Jerry dynamic referenced in the caption—playful chase and annoyance followed by reconciliation. The comedy is situational rather than verbal, relying on exaggerated facial reactions, the man's oblivious phone use, and the woman's over-the-top affectionate interruption. Viewers rec",luck,False,weak,,couple-domestic-skit,6,True,,False,,unknown,无明确标记,False
2026-10-08,general,69,https://www.instagram.com/reel/DeMQN8yAbnv,@changalacci,13000,19,0,13000.0,0.0,0,2026-10-08,2026-10-07,1,True,"A man and woman sit at a wooden table eating McDonald's (burgers, fries, chicken nuggets) while watching something on a laptop and a small white tablet. On-screen Vietnamese text introduces the theme:","A man and woman sit at a wooden table eating McDonald's (burgers, fries, chicken nuggets) while watching something on a laptop and a small white tablet. On-screen Vietnamese text introduces the theme: 'Our relationship can be like this.' In the first scenario, the man eats his burger quickly while the woman picks at food and then gets up and leaves. Thirty minutes later, he is still cleaning up the wrappers. The woman returns holding the tablet, complaining that he ate everything and let it get cold, saying 'then you rewind and watch, I have to watch while you eat?' He responds playfully. In the second scenario introduced by 'or like this:', they start eating together again. The man stops, waits for her, and she pauses the movie on the tablet so they can eat simultaneously. They smile, talk, and eat their burgers together in sync, ending the skit on a happy, cooperative note. The tone is lighthearted and relatable, portraying common couple dynamics around shared meals.
Entities products=McDonald's hamburger, McDonald's french fries, Apple MacBook laptop, white tablet device
Humor type=Situational; explanation=The humor arises from the exaggerated contrast between two relationship models shown with McDonald's food. First, the man eats voraciously while the woman watches, then leaves, prompting her complaint about cold food and needing to watch together. The second scenario flips roles, where she waits and even pauses the movie for him, leading to his surprised delight. The com",template,True,strong,麦当劳摆桌上拍两种吃法对比，屏幕字'我们的感情可以这样/也可以这样'，第二幕两人同步咬汉堡相视笑,duo-food-skit,5,True,,False,,unknown,越南语字幕+麦当劳，无法判定地域,False
2026-10-08,general,70,https://www.instagram.com/reel/DeHohgqRC_-,@glo.twinz,34000,410,0,11333.3,0.0,0,2026-10-08,2026-10-05,3,True,A young man with curly hair and glasses performs a solo comedic skit in an apartment living room and kitchen. On-screen text reads 'The Memories My Mom Seems To Forget:' throughout. He wears a dark gr,"A young man with curly hair and glasses performs a solo comedic skit in an apartment living room and kitchen. On-screen text reads 'The Memories My Mom Seems To Forget:' throughout. He wears a dark graphic t-shirt and shorts, acting out exaggerated loud memories—yelling with mouth wide open, pointing, flailing arms, and moving energetically between rooms. At one point a second person in a white shirt briefly enters frame. Later he sits on a black couch wearing large headphones, looking at his phone with a surprised expression before removing the headphones. The video ends with him jumping in the air and the camera falling or being dropped, showing a blurry ceiling view. The tone is energetic, playful, and self-deprecating, portraying typical noisy kid behavior that parents claim to forget.
Humor type=Situational; explanation=The humor arises from the universally recognizable situation where children remember parental discipline vividly while parents claim amnesia. The performer amplifies this by physically embodying multiple roles—himself yelling, reacting, and collapsing—creating a slapstick portrayal of escalating household chaos. The on-screen text sets expectation versus reality, and the rapid cuts between rooms mimic how memories flash back abruptly. No punchline dialogue is needed; the exaggerated facial expressions, body language, and the contrast between calm domestic setting and wild behavior deliver the comedy. This aligns with popular 'my mom doesn't remember' tren",template,True,none,,memory-flashback-skit,1,True,,False,,unknown,无明确标记,False
2026-10-08,general,71,https://www.instagram.com/reel/DeMq1-4BA_B,@chahat_gold09,11000,170,0,11000.0,0.0,0,2026-10-08,2026-10-07,1,True,"The video opens with a brief shot of trees before cutting to a man with a beard, wearing a red graphic t-shirt under a light plaid shirt, standing in a doorway. A woman in a vibrant red and yellow tra","The video opens with a brief shot of trees before cutting to a man with a beard, wearing a red graphic t-shirt under a light plaid shirt, standing in a doorway. A woman in a vibrant red and yellow traditional saree with gold jewelry enters the frame. On-screen text reads 'Aap Kaha Ja Rahe H 😎'. The pair engage in a playful, affectionate exchange set to an upbeat Hindi film-style song. She appears to question him about leaving, gesturing expressively, while he responds with smiles, laughter, and gentle physical contact—holding her hands, touching her chin and cheek, adjusting her hair, and pulling her close. Their interaction is warm, teasing, and clearly staged as a romantic comedy skit, with both actors maintaining eye contact and expressive facial reactions throughout. The setting is a simple home entrance with a pink interior visible behind them. The overall tone is cheerful, flirtatious, and family-friendly.
Entities products=red graphic t-shirt, plaid button-up shirt, traditional saree, gold necklace, bangles, wristwatch
Humor type=Situational; explanation=The humor comes from the familiar domestic scenario of one partner trying to leave while the other dramatically prevents it. The woman’s exaggerated expressions—wide eyes, open mouth, pleading hands—and the man’s mock-serious then softening demeanor create a relatable push-pull dynamic common in Indian couple content. Their synchronized pointing, shared laughter, and tender touches turn a simple 'where are you going' q",template,True,weak,,couple-domestic-skit,6,True,,False,,non-us,印地语对白+纱丽+印度家庭布景,False
2026-10-08,general,72,https://www.instagram.com/reel/DeIB-QLvbEg,@niyah.wanya,33000,140,0,11000.0,0.0,0,2026-10-08,2026-10-05,3,True,"A young Black couple sits at a kitchen table in a modern home with black cabinets. The woman, wearing a bright multicolor chunky knit sweater, initiates the viral 'invisible card game' on her fiancé, ","A young Black couple sits at a kitchen table in a modern home with black cabinets. The woman, wearing a bright multicolor chunky knit sweater, initiates the viral 'invisible card game' on her fiancé, who wears a gray 'LAKERS ESSENTIALS' hoodie and a black baseball cap. On-screen text reads 'Doing the invisible card game on my fiancé'. She mimes dealing cards while he plays along, asking 'What game was we playing?' and counting cards ('How many cards you got? Seven?'). He claims to have two cards left, she says she has three, then they reverse roles. Their interaction escalates into genuine, contagious laughter as he teases 'I got your crazy mind' and she laughs uncontrollably, leaning over the table. The tone is warm, silly, and competitive in a loving way, matching the creator's caption about being 'unserious together.' The video captures a relatable, joyful moment of couple playfulness without any risky content.",challenge,True,weak,,couple-challenge,1,True,,False,,us-likely,Lakers卫衣+美式厨房+英语,False
2026-10-08,general,73,https://www.instagram.com/reel/DeOhwHxCJIU,@mum_and_a_mic,9200,340,0,9200.0,0.0,0,2026-10-08,2026-10-08,0,True,"The video features two women performing a comedic skit at a coastal location with stone walls, a rocky shoreline, and a historic stone tower overlooking the sea. Throughout the clip, on-screen text re","The video features two women performing a comedic skit at a coastal location with stone walls, a rocky shoreline, and a historic stone tower overlooking the sea. Throughout the clip, on-screen text reads 'POV: You're a millennial and the key change is about to hit! 🚀'. Set to an emotional pop ballad with a prominent key change, the women act out exaggerated, theatrical reactions — leaning against rocks, hugging themselves, walking barefoot through shallow water, dancing on rocks, and striking dramatic poses with arms outstretched on the tower ramparts. Their expressions and movements mimic the intense feeling associated with hearing a classic power-ballad key change. The tone is playful, nostalgic, and relatable, capturing a shared millennial cultural moment without dialogue, relying on music and physical comedy.",audio_meme,True,none,,audio-reaction-skit,1,False,Q3 不通过：需海岸石塔外景,False,,unknown,无明确标记,False
2026-10-08,general,74,https://www.instagram.com/reel/DeIGZDOTZMG,@aura.mogg,27000,110,0,9000.0,0.0,0,2026-10-08,2026-10-05,3,True,"The video is a short outdoor comedy clip structured as a 'fake vs real' comparison. In the first segment labeled 'THE FAKE,' a young woman stands behind a folding table with snacks and drinks in a gra","The video is a short outdoor comedy clip structured as a 'fake vs real' comparison. In the first segment labeled 'THE FAKE,' a young woman stands behind a folding table with snacks and drinks in a grassy area near apartment buildings. Several other people are seen running across the lawn toward her; as they arrive, they swarm the table and grab the food while she reacts with surprise. The second segment labeled 'THE REAL' shows two women outside at dusk. One holds up a large chocolate chip cookie, both are laughing and dancing playfully. One woman then runs down a paved path while the other continues eating. A final brief shot shows a close-up of someone eating with another person running in the background near parked cars. The tone is playful and humorous, emphasizing genuine enjoyment of food over a staged performance.
Entities products=chocolate chip cookie, disposable drink cup, small snack containers
Humor type=Situational; explanation=The humor comes from the situational contrast labeled 'THE FAKE' versus 'THE REAL'. In the fake portion, a woman stands by a table of cookies while others run away dramatically, implying disinterest. In the real portion, the same group rushes back eagerly, laughs, holds up cookies, and eats with exaggerated delight. The comedy is amplified by the participants' expressive faces, playful running, and the casual, unpolished filming style that feels like a genuine friend-group moment rather than a polished production. No punchline is delivered",template,True,strong,同一包饼干拍两段对比，屏幕字'THE FAKE: 他说减肥不吃 / THE REAL: 半夜偷吃被抓包',duo-food-skit,5,True,,False,,unknown,无明确标记,False
2026-10-08,general,75,https://www.instagram.com/reel/DeJ-z8cSg9X,@evelynchrestella,88000,710,9000,9000.0,0.143,1,2026-10-07,2026-10-06,2,True,"In a bright modern home kitchen, a man and woman participate in a viral-style eating challenge where both have large white PVC pipes taped to their forearms, preventing them from bending their elbows.","In a bright modern home kitchen, a man and woman participate in a viral-style eating challenge where both have large white PVC pipes taped to their forearms, preventing them from bending their elbows. On the counter are a burger, a plate of fried chicken, and a glass of water. They take turns trying to pick up food and drink using only the pipe ends, resulting in clumsy, messy attempts, dropped chicken, and spills. The man gets sauce on his striped shirt, and the woman struggles to lift the glass to her mouth, tilting her head back dramatically. They laugh throughout, interact playfully, and at one point the man leans down to drink directly from the glass on the table. On-screen Indonesian text captions their reactions ('*CAPEK BGT*', 'i love u..', '*Makan tuh ayam bekas jatoh!*'). The tone is consistently cheerful, affectionate, and comedic, showing a couple enjoying a silly domestic challenge together.
Entities products=fried chicken pieces, burger sandwich, glass of water
Humor type=Situational; explanation=The humor comes from the absurd constraint of wearing long rigid tubes instead of hands, making simple actions like picking up fried chicken or drinking water extremely difficult. The couple's exaggerated facial expressions, failed attempts, and mutual teasing create situational comedy typical of couple challenge trends. Their laughter and on-screen captions like 'capek bgt' and 'mulai error' amplify the relatability of struggling together, turning a mundane meal into s",challenge,True,strong,两人手臂绑纸筒吃炸鸡汉堡，屏幕字'残疾人干饭挑战'，比谁先喝到水,duo-food-challenge,3,True,,False,,non-us,印尼语字幕+caption梗,False
2026-10-08,general,76,https://www.instagram.com/reel/DeMZm6bKx08,@whoispiperpresley2.0,9000,440,0,9000.0,0.0,0,2026-10-08,2026-10-07,1,True,"A young blonde woman performs a short Star Wars-themed comedy sketch in a modern home kitchen. Wearing a white tank top, very short plaid shorts, white knee-high socks, and oven mitts, she first dons ","A young blonde woman performs a short Star Wars-themed comedy sketch in a modern home kitchen. Wearing a white tank top, very short plaid shorts, white knee-high socks, and oven mitts, she first dons a Luke Skywalker X-wing pilot helmet. On-screen text reads 'this is rogue leader,' 'I'm going in,' and 'how you doing back there R2' as she opens the oven door and leans in, mimicking a pilot entering a cockpit. The scene cuts to her wearing an R2-D2 helmet, kneeling on a kitchen island next to a running blender filled with a light-colored smoothie, smiling and looking at the camera. The tone is playful and performative, using recognizable Star Wars imagery for humor, while the visual presentation emphasizes her body through tight, revealing clothing and poses focused on chest and glutes. No dialogue beyond the quoted lines, and the video ends with a loud scream sound effect.",personality,False,none,,cosplay-kitchen-skit,1,True,,False,,unknown,无明确标记,False
2026-10-08,general,77,https://www.instagram.com/reel/DeH27g2SKwW,@kalebaustinmusic,26000,130,0,8666.7,0.0,0,2026-10-08,2026-10-05,3,True,"This is a short-form comedic skit posted by creator @kalebaustinmusic (Kaleb Austin) on October 5, 2026, captioned 'Wow way to turn that one around.' Set in a modern home kitchen with wood cabinets, a","This is a short-form comedic skit posted by creator @kalebaustinmusic (Kaleb Austin) on October 5, 2026, captioned 'Wow way to turn that one around.' Set in a modern home kitchen with wood cabinets, a woman with blonde hair in a black off-the-shoulder shirt and shorts tells her male partner, 'Babe that needs to be your last beer of the night.' He opens the fridge, pulls out a beer can, and asks 'This one??' She confirms, 'Yeah that one.' He responds 'Okayy,' then explains his logic: 'If that's my last one I have to save it for last,' placing the unopened can on the counter instead of drinking it. The woman reacts with exasperation, crosses her arms, asks 'What are you doing?' and then walks away. The tone is playful and relatable, playing on literal interpretation of language in relationships, with upbeat country-rock background music throughout.
Entities people=Kaleb Austin (Post Caption); products=beer can
Humor type=Situational; explanation=The humor derives from situational irony and literalism within a familiar domestic negotiation. The audience expects the man to either obey or sneak another drink, but instead he exploits the semantics of 'last'—treating the designated final beer as a precious object to be preserved, not consumed. This creates a bait-and-switch payoff common in couple-sketch content, where the tension is not about drinking but about communication failure. The deadpan performance, contrasted with the woman's growing exasperation, amplifies the comedy wit",template,True,strong,她说'这是你今晚最后一杯奶茶'，他把杯子供起来说'那得留着'，屏幕字'POV: 男朋友的中文听力',relationship-pov,3,True,,False,,us-likely,英语+美式厨房+乡村摇滚BGM,False
2026-10-08,general,78,https://www.instagram.com/reel/DeIxfq9K_jc,@supanut,17000,150,0,8500.0,0.0,0,2026-10-08,2026-10-06,2,True,"A single creator performs a short comedic skit playing two roles in a conversation about what to eat. One character, wearing a black zip-up top, asks 'What do you wanna eat?' The second character, wea","A single creator performs a short comedic skit playing two roles in a conversation about what to eat. One character, wearing a black zip-up top, asks 'What do you wanna eat?' The second character, wearing a bright pink shirt and sunglasses, replies 'I don't know.' This initiates a circular exchange where the first character presses for a decision ('Tell me what you want,' 'Is it up to me?') and the second deflects ('No, you choose,' 'I can't choose, you choose'). After being told 'It's up to you,' the first character suggests options — pizza, burger, fried chicken — which are all rejected with 'No...' The skit ends with the question repeated, 'So what do you want to eat?' and the answer 'I don't know...' The tone is playful and exaggerated, capturing a familiar indecisive dynamic, filmed indoors against simple home backgrounds.
Humor type=Situational; explanation=The humor comes from the universally recognizable situation where one person asks what to eat and the other refuses to decide, creating an endless loop of deflection. Both characters escalate politely but firmly, with exaggerated facial reactions and hand gestures that amplify the frustration. The comedy relies on timing, repetition, and the shared experience of couples or friends struggling with simple choices, rather than punchlines or wordplay. The addition of specific food suggestions like pizza, burger, and fried chicken followed by immediate rejection heightens the absurdity, making the mundane interaction feel",template,True,strong,两人分饰'想吃什么'无限循环，他提披萨汉堡她全说No，最后屏幕字'第47分钟，还没决定',duo-food-skit,5,True,,False,,unknown,无明确标记,False
2026-10-08,general,79,https://www.instagram.com/reel/DeMvjoiMLfM,@princessfrombabylon,8300,190,0,8300.0,0.0,0,2026-10-08,2026-10-07,1,True,"In a modern kitchen, a woman with long dark hair in a green shirt and maroon leggings is cooking when a shirtless, muscular man enters carrying a toddler girl in pajamas. He playfully pretends not to ","In a modern kitchen, a woman with long dark hair in a green shirt and maroon leggings is cooking when a shirtless, muscular man enters carrying a toddler girl in pajamas. He playfully pretends not to know them, asking 'Who are you?' and 'Who's this?' The woman replies 'I'm your husband' and the child says 'Mommy,' which he confirms with 'Yeaashh.' On-screen text states 'YUP THAT'S ME YOU MAY HAVE MISSED A FEW CHAPTERS SO LET ME CATCH YOU UP A BIT.' The video then cuts to a montage showing their family history: pink gender-reveal smoke outdoors, the couple with a newborn and a small cake, and selfies holding the baby. Returning to the present, the three stand together smiling, with text labeling them 'FAMAWii (family)' with hearts. The tone is light, affectionate, and comedic, portraying a young family sharing a staged 'reintroduction' moment.
Humor type=Situational; explanation=The humor arises from a staged misunderstanding of identity within a familiar domestic setting. The husband, shirtless and holding the child, asks 'Who are you?' prompting the wife to deadpan 'I'm your husband.' The toddler then interjects with 'Mommy,' resolving the absurdity and confirming the family roles. This role-reversal setup plays on audience expectations of normal family interactions, creating situational comedy through exaggerated confusion followed by the child's innocent clarification. The subsequent text 'you may have missed a few chapters' reinforces the joke as an inside-family narrativ",template,True,weak,,family-montage-skit,1,False,Q1/Q3 不通过：需幼儿演员+家庭历史影像剪辑,False,,unknown,无明确标记,False
2026-10-08,general,80,https://www.instagram.com/reel/DeHQzffoxeW,@lukehamnett,24000,870,0,8000.0,0.0,0,2026-10-08,2026-10-05,3,True,"A young man with curly hair, wearing a blue Nike hoodie and shorts, sits in the driver's seat of a parked car during daylight. On-screen text reads 'Pov she leaves her perfumed up shirt in your car.' ","A young man with curly hair, wearing a blue Nike hoodie and shorts, sits in the driver's seat of a parked car during daylight. On-screen text reads 'Pov she leaves her perfumed up shirt in your car.' He notices a red shirt on his lap, picks it up, brings it to his nose and inhales deeply with a pleased expression, then looks around thoughtfully before placing it down and gripping the steering wheel as if to drive. The scene cuts to a view from inside the car looking out the passenger window at a residential street. A second man in a brown sweatshirt and sunglasses walks up to the window, removes his sunglasses, stares in briefly, then turns and walks away. Throughout, an upbeat pop song with male vocals plays in the background. The tone is lighthearted and humorous, playing on the relatable teenage experience of being attached to a crush's belongings.
Entities products=blue hoodie, red shirt, blue shorts
Humor type=Situational; explanation=The humor derives from the universally understood awkwardness of keeping a romantic partner's scented item and being caught enjoying it. The first half builds expectation of private indulgence—he sniffs the red shirt, looks around guiltily, and settles back—then the abrupt cut to a second man staring into the car subverts the moment, implying he has been observed. This bait-and-switch structure is typical of POV reels, relying on viewers filling in the backstory rather than explicit jokes. The lack of dialogue forces reliance on facial expr",hook,True,weak,,pov-text-skit,7,True,,False,,unknown,无明确标记,False
2026-10-08,general,81,https://www.instagram.com/reel/DeJuB_fTc_I,@thejesvin_jose,16000,140,0,8000.0,0.0,0,2026-10-08,2026-10-06,2,True,"A young man in a yellow t-shirt lies on a bed against a tiled wall, holding his phone. On-screen text reads 'Pov:- Every reel changes your personality 💀'. As he scrolls, the video cycles through label","A young man in a yellow t-shirt lies on a bed against a tiled wall, holding his phone. On-screen text reads 'Pov:- Every reel changes your personality 💀'. As he scrolls, the video cycles through labeled personas: first 'Funny 😂' where he laughs loudly at his phone; then 'Mass Attitude 😈' where the lighting turns red and he adopts a serious, intense stare and poses; then 'Romantic 🥰' where he smiles dreamily, touches his face, and looks lovesick; then 'FUNK Edits 🤔👊' where he bobs his head to music with a cool expression; and finally a neutral smiley face where he appears calm and content. The video uses quick cuts, lighting changes, and his physical acting to humorously illustrate how social media content can influence mood and behavior.",template,True,none,,persona-cycle-meme,1,True,,False,,unknown,无明确标记,False
2026-10-08,general,82,https://www.instagram.com/reel/DeHqDCEtat7,@justchris,23000,68,0,7666.7,0.0,0,2026-10-08,2026-10-05,3,True,"In a modern home kitchen with stainless steel refrigerators covered in magnets, a woman with long brown hair in a black top and jeans stands beside a seated man in a white t-shirt eating a bowl of pas","In a modern home kitchen with stainless steel refrigerators covered in magnets, a woman with long brown hair in a black top and jeans stands beside a seated man in a white t-shirt eating a bowl of pasta. On-screen Arabic text asks viewers to predict the husband's reaction to his wife's cooking. After taking a large bite, the man reacts with theatrical delight, standing up to perform an energetic victory celebration — fist-pumping, shadowboxing, and dancing around the table while the woman cheers him on, laughing and clapping. They share a high-five and a warm hug before he returns to his meal. A green energy drink can sits on the wooden table throughout. The tone is playful, affectionate, and comedic, portraying a couple's exaggerated celebration of a successful home-cooked meal. The video is posted by @justchris, identified as co-founder of elmaestroproducts.
Entities products=energy drink can
Humor type=Situational; explanation=The humor arises from situational incongruity: a mundane act of tasting pasta is treated with the intensity of a sports championship win. The husband's sudden shift from quiet eating to full-body fist-pumping, shadowboxing, and shouting subverts the expected polite compliment, turning domestic approval into physical spectacle. The wife's delighted encouragement reinforces the shared joke, making the overreaction relatable to anyone who has wanted validation for cooking. This fits common couple-comedy tropes on social media where everyday moments are ",hook,True,strong,她做一碗面他吃一口，突然起身绕桌影子拳击+欢呼，屏幕字'当他第一次吃到你做的饭'，最后击掌拥抱,duo-food-skit,5,True,,False,,non-us,阿拉伯语屏幕字,False
2026-10-08,general,83,https://www.instagram.com/reel/DeLA9BMxrvW,@ahoopinhornet,15000,180,0,7500.0,0.0,0,2026-10-08,2026-10-06,2,True,"A man in a camouflage shirt and tan cap sits at a desk with a laptop and coffee mug, performing a single-person skit labeled 'POV: you teach in a small town.' Speaking directly to camera as if respond","A man in a camouflage shirt and tan cap sits at a desk with a laptop and coffee mug, performing a single-person skit labeled 'POV: you teach in a small town.' Speaking directly to camera as if responding to students, he cycles through typical small-town teacher interactions: asking Ashley about her sister's divorce, demanding a Diet Coke for late arrivals, sending Ryan and Tyler to change a flat tire instead of doing classwork, inquiring whether Casey is pregnant, warning about a rumored fifth-hour bathroom fight, asking Remington why his brother was ejected from a game, gossiping that Miss Maples drank too many margaritas, confirming Riley works at the restaurant, questioning Tyler about a dead deer in his truck, collecting $15 for camo class shirts, and telling Jeremy to turn down his loud car stereo. He ends with unsolicited relationship advice about a boyfriend who wears pajamas to school. The delivery is conversational, humorous, and meant to capture the nosy, interconnected nature of teaching in a close-knit community.",personality,False,none,,workplace-pov-skit,3,True,,False,,us-likely,美国小镇教师梗+卡车/迷彩文化,False
2026-10-08,general,84,https://www.instagram.com/reel/DeKqAxLq5LD,@piperrockelle,14000,180,0,7000.0,0.0,0,2026-10-08,2026-10-06,2,True,"A young woman with long brown hair, wearing a tight white spaghetti-strap dress and carrying a small light-colored purse, performs a POV skit at a modern home entrance. On-screen text reads 'pov: he's","A young woman with long brown hair, wearing a tight white spaghetti-strap dress and carrying a small light-colored purse, performs a POV skit at a modern home entrance. On-screen text reads 'pov: he's expecting a freak cuz I do OF but i'm actually really shy.' She peeks from behind a door, accepts a bouquet of white flowers, then moves through the house—posing against a wall, walking barefoot across wood floors, standing in a living room with a large sectional sofa and TV, sitting on the couch, ascending a staircase while looking back and smiling, and finally sitting and lying on a bed in a bedroom with colorful ambient lighting. Throughout, she maintains a shy, smiling demeanor while the camera lingers on her figure. Background audio is a soft female vocal pop song with romantic lyrics. The tone is lighthearted, flirtatious, and self-aware, playing on the contrast between her online persona and portrayed shyness.",personality,False,none,,persona-pov-skit,1,True,,False,,unknown,无明确标记,False
2026-10-08,general,85,https://www.instagram.com/reel/DeKIIc3RKWq,@soyjoshuapauta,14000,120,0,7000.0,0.0,0,2026-10-08,2026-10-06,2,True,The video is a short comedic skit featuring a couple at their front door. On-screen text reads 'Mi Esposa: Cuando estamos en la calle' (My wife: When we are on the street). The blonde woman in a black,"The video is a short comedic skit featuring a couple at their front door. On-screen text reads 'Mi Esposa: Cuando estamos en la calle' (My wife: When we are on the street). The blonde woman in a black sports bra and leggings is cheerful, hugging the doorframe, waving goodbye, and smiling broadly while her tattooed husband in a white t-shirt stands behind her grinning. They enter the house, and the text changes to 'Mi esposa: Cuando llegamos a la casa' (When we get home). Inside, against a white door, the woman's demeanor shifts instantly—she crosses her arms, looks annoyed, speaks briefly to her husband, then walks away. The husband is left standing alone, looking bewildered and shrugging with his hands out. The clip ends with his confused reaction and the audible exclamation 'What the fuck?' The tone is lighthearted and relatable marital humor, playing on the stereotype of public affection versus private indifference.
Entities people=Joshua Reyes (Author Name), Carmen Luvana (Tagged User); products=black sports bra, black leggings, white t-shirt, ripped blue jeans
Humor type=Situational; explanation=The humor derives from the situational contrast between the wife's warm, flirtatious demeanor while leaving the house and her abrupt coldness upon returning. Viewers recognize the trope of performing affection for others but dropping it at home, which creates a punchline without dialogue explaining it. The man's exaggerated happy reaction outside followed by his bewildered stare ",template,True,strong,门口拍两段：出门时她抱着门框挥手撒娇，屏幕字'在外面'；进门瞬间变脸抱臂走开，屏幕字'回到家'，他对着镜头耸肩,relationship-pov,3,True,,False,,unknown,西班牙语字幕，无法判定地域（美拉丁裔亦常见）,False
2026-10-08,general,86,https://www.instagram.com/reel/DeIjfbiMF90,@mmmjoemele,14000,100,0,7000.0,0.0,0,2026-10-08,2026-10-06,2,True,"The video begins with a still photograph of a teenage boy in a tan military-style uniform and garrison cap, overlaid with the text 'Sorry you're not my type.' This is followed by a black screen displa","The video begins with a still photograph of a teenage boy in a tan military-style uniform and garrison cap, overlaid with the text 'Sorry you're not my type.' This is followed by a black screen displaying '16 Missed Calls.' The scene then cuts to a present-day indoor setting where a younger adult man wearing a backward black cap, pink shirt, and black puffer jacket is filming himself. An older man with curly hair in a white polo shirt enters the frame, speaking loudly and confrontationally. The younger man explains he is 'just doing the trend,' and the older man replies, 'Nah nah nah nah nah it's supposed to be glow up not a glow down,' implying the younger man's current appearance is worse than his teenage photo. The interaction is presented as humorous, familial banter with no violence, nudity, profanity, or other explicit content.",template,True,none,,photo-trend-skit,1,True,,False,,unknown,无明确标记,False
2026-10-08,general,87,https://www.instagram.com/reel/DeNhKLHDujJ,@carterfolian,6700,44,0,6700.0,0.0,0,2026-10-08,2026-10-07,1,True,A young man with brown hair wearing a grey sweatshirt performs a comedic POV skit directly to camera. On-screen text reads 'POV: you take my...' followed by different items. He reacts with exaggerated,"A young man with brown hair wearing a grey sweatshirt performs a comedic POV skit directly to camera. On-screen text reads 'POV: you take my...' followed by different items. He reacts with exaggerated expressions: for 'V-Card' he threatens to kill the viewer; for 'photo' he is shocked; for 'air fryer' he stares intensely in black-and-white; for 'deodorant' he dismissively offers it; for 'phone' he pleads dramatically about doomscrolling; for 'food' he offers a bite; for 'sibling' he waves them off; for 'money' he laments losing his last $20 needed to gift subscriptions to Kai Cenat; and for 'PS5' the scene shifts to red lighting where he stands holding a glowing red lightsaber-like object, delivering a final threat: 'You will pay for what you've done.' The audio features two voices in a playful, confrontational dialogue. The overall tone is humorous, over-the-top, and meme-driven.",hook,True,none,,pov-list-meme,1,True,,False,,unknown,无明确标记,False
2026-10-08,general,88,https://www.instagram.com/reel/DeNX16jx4BZ,@killakabo,6700,33,0,6700.0,0.0,0,2026-10-08,2026-10-07,1,True,"A man in a black t-shirt films himself indoors using a heavy face-distorting filter that gives him large cartoonish eyes and a wide grin. Holding a white smartphone, he performs an exaggerated reactio","A man in a black t-shirt films himself indoors using a heavy face-distorting filter that gives him large cartoonish eyes and a wide grin. Holding a white smartphone, he performs an exaggerated reaction to something on the screen, repeatedly exclaiming 'Oh my God!' and 'You're not gonna believe what just happened.' On-screen text reads 'POV: People that act like this but still won't tell you what happened.' He builds suspense by telling the viewer to sit down, then repeatedly refuses to reveal the information, saying 'I don't think I can tell you bro' and 'This is freaking nuts man,' while gesturing wildly, pointing at the camera, and laughing. The entire clip is a short-form comedy sketch parodying friends who dramatically hint at gossip without sharing it.
Entities products=smartphone
Humor type=Situational; explanation=The humor comes from recognizing a familiar social situation: someone receives exciting news, performs dramatic physical reactions—wide eyes, open mouth, jumping, gesturing—and verbally insists they cannot share, creating tension between expression and withholding. The face filter amplifies the absurdity, making the character look cartoonishly eager. Viewers laugh because they have encountered friends who build suspense without payoff, turning an everyday annoyance into exaggerated performance. It fits the 'POV' meme format popular on Reels/TikTok where creators embody a stereotype for identification.",hook,True,none,,pov-text-skit,7,True,,False,,unknown,无明确标记,False
2026-10-08,general,89,https://www.instagram.com/reel/DeLfLs6OrND,@shrutii.dxb,6600,110,0,6600.0,0.0,0,2026-10-08,2026-10-07,1,True,"A man and woman, dressed in matching shades of blue traditional Indian attire, stand in a home hallway and perform a short comedic skit. On-screen text reads 'Just a wife asking her husband for a birt","A man and woman, dressed in matching shades of blue traditional Indian attire, stand in a home hallway and perform a short comedic skit. On-screen text reads 'Just a wife asking her husband for a birthday gift' with laughing emojis. The woman initiates the conversation, gesturing animatedly while asking for a gift. The husband responds with exaggerated reluctance, using hand gestures to explain he has no money, joking about gold prices being high ('sona kitna mehenga ho gaya'), and suggesting she ask for anything else. The interaction escalates playfully with both actors using dramatic facial expressions, mock pleading, and laughter. The woman alternates between sweet persuasion, feigned offense, and playful frustration, at one point pushing the husband who bends over laughing. The entire exchange is performed in Hindi with a light, humorous tone, ending with continued banter and smiles, clearly intended as relatable couple comedy rather than a serious argument.
Entities products=women's saree, men's kurta
Humor type=Situational; explanation=The humor comes from the familiar domestic scenario where a wife expects a lavish birthday present and the husband dramatically claims financial inability while offering his 'heart.' The comedy is amplified by exaggerated facial expressions, theatrical pleading, and the back-and-forth escalation typical of South Asian couple reels. It plays on the cultural trope of husbands being teased for spending, making it instantly recognizable and r",template,True,weak,,couple-domestic-skit,6,True,,False,,non-us,印地语对白+纱丽/kurta+金价梗,False
2026-10-08,general,90,https://www.instagram.com/reel/DeMXOUrONZN,@chiragjoshi_official_,6100,50,0,6100.0,0.0,0,2026-10-08,2026-10-07,1,True,"In an indoor room with patterned wallpaper, a woman dressed in an ornate blue saree with gold jewelry adjusts her necklace and bangles while standing next to a man in an orange shirt and white pants. ","In an indoor room with patterned wallpaper, a woman dressed in an ornate blue saree with gold jewelry adjusts her necklace and bangles while standing next to a man in an orange shirt and white pants. They perform a short acted exchange in Hindi: she says, 'Listen, after marriage you don't love me like before,' and he replies, 'I told you already, I don't like married women.' Their expressions shift from pouting to surprise and mock frustration, with the man rolling his sleeves and putting his hands behind his head. The clip ends with an English voiceover saying, 'Was at this moment that he knew he fucked up,' followed by a brief black-and-white filter on the final frame. The overall tone is lighthearted and comedic, portraying a playful marital disagreement.
Entities people=Chirag Joshii (Author Name); products=embroidered saree, blouse, choker necklace, bangles, long-sleeve shirt, trousers
Humor type=Situational; explanation=The humor arises from the everyday scenario of a wife feeling unloved after marriage and the husband's deadpan reply that he never liked married women, which subverts romantic expectations. The physical comedy—both characters adjusting clothing in sync, the woman's pouty expressions, and the man's exaggerated head-scratching—amplifies the situational irony. The final English meme audio, 'Was at this moment that he knew he fucked up,' acts as a bait-and-switch punchline, reframing the husband's statement as an immediate regret, a widely recognized templat",audio_meme,True,weak,,couple-domestic-skit,6,True,,False,,non-us,印地语对白+纱丽+印度家庭布景,False
2026-10-08,general,91,https://www.instagram.com/reel/DeNJsr5EZFx,@danaandthewolf,6100,110,0,6100.0,0.0,0,2026-10-08,2026-10-07,1,True,"Two women are in a home setting, one seated at a wooden table eating rice and meat from a floral plate, the other standing nearby. The seated woman with long brown hair in a black sleeveless top begin","Two women are in a home setting, one seated at a wooden table eating rice and meat from a floral plate, the other standing nearby. The seated woman with long brown hair in a black sleeveless top begins speaking, saying 'This is embarrassing, but we had just finished when you called.' She explains she was trying to get out of bed but it was 'hard.' The standing blonde woman in a red-and-white gingham top reacts with surprise and laughter. The seated woman confirms they 'did it again' and reveals they have a bet with her partner's friend about who can have sex more times in a month, currently at 16 times. The blonde woman responds with 'Wow' and says she's going to rinse the plate, then walks to the kitchen sink, rinses the dish under running water, and stands there looking thoughtful and slightly uncomfortable. The tone is conversational and confessional, with underlying awkwardness and humor derived from the frank discussion of sexual frequency.
Entities products=floral patterned dinner plate, metal dinner fork, red gingham sleeveless top, kitchen sink faucet
Humor type=Situational; explanation=The humor arises from the uncomfortable social situation where an intimate detail is overshared casually during a meal. The first speaker's embarrassed admission that she 'just finished' having sex when called, followed by the euphemism 'it was hard' to explain difficulty getting out of bed, creates cringe comedy. The escalation to revealing a competitive bet with her boyfriend's frien",personality,False,none,,cringe-confessional,1,True,,False,,unknown,无明确标记,False
2026-10-08,general,92,https://www.instagram.com/reel/DeND6llosZc,@kellen_jenkins,6000,58,0,6000.0,0.0,0,2026-10-08,2026-10-07,1,True,"In an outdoor paved area next to a brick wall and grassy slope, a man in a red t-shirt and black pants is talking to two women who are walking a small light-colored dog. On-screen text reads 'POV - Yo","In an outdoor paved area next to a brick wall and grassy slope, a man in a red t-shirt and black pants is talking to two women who are walking a small light-colored dog. On-screen text reads 'POV - You Get Anxious Mid Convo'. After gesturing while speaking, the man suddenly bends his knees and falls backward onto the pavement, landing flat on his back. He remains lying on the ground, looking up and making repeated exaggerated sighing and groaning sounds ('ahh'). The two women pause, look down at him with expressions of surprise and amusement, then continue walking away with the dog. The man stays on the ground alone for the remainder of the clip, continuing his vocalizations. The tone is comedic and relatable, portraying an over-the-top reaction to social anxiety.
Entities products=yellow shopping bag
Humor type=Situational; explanation=The humor comes from the sudden contrast between a normal casual conversation and an extreme, theatrical collapse. The setup uses the common POV format to invite viewers to imagine themselves in the situation, then subverts expectations by having the man drop to the pavement instead of continuing to talk. His over-the-top groaning while remaining fully conscious, combined with the women's genuine confused reactions and their decision to simply walk away with the dog, creates secondhand embarrassment that is played for laughs rather than concern. The caption reinforces the self-aware nature of the joke, acknowledging it didn't go as planned but",hook,True,none,,pov-text-skit,7,True,,False,,unknown,无明确标记,False
2026-10-08,general,93,https://www.instagram.com/reel/DeOUsrEtans,@dhirajjjjj_,5700,0,0,5700.0,0.0,0,2026-10-08,2026-10-08,0,True,"A short comedic skit set in what appears to be a doctor's office, with a man and woman sitting at a desk with a stethoscope, papers, and phone visible. The man speaks to an off-camera 'Doctor,' insist","A short comedic skit set in what appears to be a doctor's office, with a man and woman sitting at a desk with a stethoscope, papers, and phone visible. The man speaks to an off-camera 'Doctor,' insisting there is definitely something wrong with the woman's eyes and asking for them to be checked. The woman looks confused and distressed, asking what happened and hoping her new eyeshadow isn't reacting. The 'doctor' responds that her vision is absolutely clear and nothing is wrong, having checked twice. The man persists, asking for one last check, then delivers the punchline: 'How can her eyes be fine, she can't see her mistakes.' The woman reacts with anger, hitting him on the head, while he laughs and ducks. The tone is lighthearted relationship humor playing on literal versus figurative vision.
Entities people=Dhiraj sanap (Author Name); products=stethoscope
Humor type=Situational; explanation=The humor comes from subverting expectations of a medical drama into a relationship complaint. The audience expects a genuine health issue, but the man reveals he means emotional blindness to his errors, a common couple trope. The woman's escalating distress followed by the deadpan doctor confirmation builds tension, released by the punchy wordplay. The physical slap at the end reinforces the playful dynamic, making it relatable to anyone in a partnership where small faults are ignored. It fits the popular 'tag your partner' meme format on Instagram Reels.",template,True,weak,,couple-domestic-skit,6,True,,False,,unknown,无明确地域标记（仅作者名）,False
2026-10-08,general,94,https://www.instagram.com/reel/DeMflJxPcij,@zainanwarrr,5600,130,0,5600.0,0.0,0,2026-10-08,2026-10-07,1,True,"A man with glasses and a beard, wearing a black t-shirt with a lemon graphic, is reclining on a blue couch with his head on a pillow while holding a phone to his ear. On-screen text reads 'That One Di","A man with glasses and a beard, wearing a black t-shirt with a lemon graphic, is reclining on a blue couch with his head on a pillow while holding a phone to his ear. On-screen text reads 'That One Diet Ka Dushman In Every Group Pt4'. Throughout the clip, he speaks animatedly in Hindi, portraying the classic 'diet enemy' friend. He describes in detail a tempting kathi roll made with crispy paratha, two fried eggs stuck to it, vinegar onions, tomato sauce, chili sauce, secret sauce, and a generous amount of double chicken, plus tandoori mayonnaise. He emphasizes how good it will be ('crispy crispy paratha, soft soft chicken') and offers to pay and bring his scooter to go get it. His tone is playful and persuasive, using hand gestures to emphasize the food description. The video is a relatable comedy sketch about peer pressure around dieting.",template,True,weak,,food-comedy-mono,1,True,,False,,non-us,印地语+印度小吃kathi roll,False
2026-10-08,general,95,https://www.instagram.com/reel/DeI9bEKvs_W,@viniandjai,11000,180,0,5500.0,0.0,0,2026-10-08,2026-10-06,2,True,"The video alternates between two scenes. In the first, a man in a white patterned shirt stands beside a woman in a bright yellow t-shirt sitting on a brown ottoman; he wraps a green tourniquet around ","The video alternates between two scenes. In the first, a man in a white patterned shirt stands beside a woman in a bright yellow t-shirt sitting on a brown ottoman; he wraps a green tourniquet around her upper arm as if preparing for a blood draw, while on-screen text reads 'YEH KYA HUA?' ('What happened?'). The woman looks at the camera with exaggerated expressions of pain and resignation. In the second scene, a different man with a beard, wearing a black shirt, sits on a maroon couch and speaks directly to the camera, gesturing as he delivers the punchline in Hindi: asking whether a blood test report can reveal what benefits his partner is getting from drinking his blood. The tone is lighthearted and absurd, using a mock-medical setup to deliver a dark-humor joke about blood consumption.
Humor type=Situational; explanation=The humor comes from treating a mundane medical procedure as a way to scientifically validate a fantastical, intimate act—drinking a spouse's blood. The contrast between clinical blood-test imagery and the absurd vampire-marriage premise creates surprise. The man's earnest delivery while the woman endures the mock draw heightens the situational irony, and the narrator's direct-to-camera questioning mimics common Indian 'bhai' advice videos, making the ridiculous premise feel familiar. No external meme template is used; the comedy relies on domestic relatability and taboo exaggeration rather than wordplay.",luck,False,none,,absurd-couple-skit,1,True,,False,,non-us,印地语笑点+印度创作者,False
2026-10-08,general,96,https://www.instagram.com/reel/DeMB5pCsd6R,@syedazoyazaidi,5400,60,0,5400.0,0.0,0,2026-10-08,2026-10-07,1,True,"The video is a short comedic skit presented from a first-person point of view, with on-screen text reading 'POV: when you forget your towel.' A person with long dark hair wearing a bright blue hoodie ","The video is a short comedic skit presented from a first-person point of view, with on-screen text reading 'POV: when you forget your towel.' A person with long dark hair wearing a bright blue hoodie walks toward a white interior bathroom door, opens it, and steps inside. After closing the door, they reopen it slightly and peek out, appearing to call for help. The audio consists of a drawn-out vocalization sounding like 'Mummy.' As they lean out, their face is digitally replaced with a meme-style image of a middle-aged man with a mustache, eyes closed and mouth open as if singing or calling out. The clip plays on the relatable awkwardness of being stuck in the bathroom without a towel, using the absurd face-swap for comedic effect. The setting is a typical home bathroom with warm lighting visible inside.",hook,True,none,,pov-text-skit,7,True,,False,,unknown,无明确标记,False
2026-10-08,general,97,https://www.instagram.com/reel/DeNjH41B7OW,@bmoney_enterprise,5200,12,0,5200.0,0.0,0,2026-10-08,2026-10-07,1,True,A single young man performs a POV comedy skit on a sunny sidewalk next to a stone building with metal shutters. On-screen text reads 'POV: your math teacher sees you outside of school based on your gr,"A single young man performs a POV comedy skit on a sunny sidewalk next to a stone building with metal shutters. On-screen text reads 'POV: your math teacher sees you outside of school based on your grade.' He portrays the teacher reacting to different grades labeled F, D, C, B, and A. For F through B, he approaches aggressively, hands on hips, with angry facial expressions, mocking the student for poor performance, asking if he works at McDonald's, and using repeated strong profanity. In one segment he makes an inappropriate sexual comment about having intercourse with the student's mother after joking she works at a strip club. When the grade is A, his demeanor flips to excessively friendly and praising, calling the student his 'star student' and asking about family. The video is shot in bright daylight with no other people visible, relying entirely on the actor's changing expressions and dialogue for the joke.
Humor type=Situational; explanation=Humor derives from the relatable fear of running into a teacher outside school, amplified by the absurd escalation: the teacher is openly hostile, insulting, and sexually inappropriate toward low-grade students, then instantly switches to saccharine praise for the A student. The contrast between the D/C/B treatment (mocking McDonald's job, accusing classroom sex, threatening to sleep with the student's mother) and the A treatment (repetitive 'so good' pleasantries) creates cringe comedy. The performance relies on over-the-top facial",personality,False,none,,workplace-pov-skit,3,True,,False,,unknown,无明确标记,False
2026-10-08,general,98,https://www.instagram.com/reel/DeLTxY3SEt_,@arpita.jeevankeremoole,5200,64,0,5200.0,0.0,0,2026-10-08,2026-10-07,1,True,The video shows a man and a woman standing side-by-side outdoors against a backdrop of dense green foliage and palm trees. The woman on the left wears a red t-shirt reading 'LIFE IS SHORT BUY ART' and,"The video shows a man and a woman standing side-by-side outdoors against a backdrop of dense green foliage and palm trees. The woman on the left wears a red t-shirt reading 'LIFE IS SHORT BUY ART' and patterned blue pants; she keeps her hands clasped and reacts with smiles and attentive listening. The man on the right wears a light green graphic t-shirt, dark shorts, a teal cloth wrapped around his waist, and a white headband; he performs with animated facial expressions, open-mouthed exclamations, and hand gestures while speaking. Their interaction appears to be a scripted comedic dialogue, with the man leading the performance and the woman responding. The clip ends with an audible burst of laughter, reinforcing the humorous tone. The overall presentation is casual, family-friendly, and clearly intended as entertainment.
Humor type=Situational; explanation=The humor arises from a classic domestic scenario where one partner questions the other's knowledge, here specifically about English, playing on common cultural expectations around language proficiency in relationships. The man's exaggerated facial expressions, open-mouthed reaction, and hand-on-hip stance contrast with the woman's calm, slightly amused demeanor, creating a visual comedy dynamic. The punchline is not verbal complexity but the shared, infectious laughter at the end, which signals the absurdity of the exchange rather than a sharp insult. This situational setup relies on relatable marital teasing without mali",luck,False,weak,,couple-domestic-skit,6,True,,False,,unknown,无明确标记（棕榈树+英语梗，不足以判定）,False
2026-10-08,general,99,https://www.instagram.com/reel/DeHRMNbhNmh,@admhrscha,24000,130,5000,5000.0,0.143,1,2026-10-07,2026-10-05,3,True,"In a modern home kitchen at night, a man wearing a white 'FACILITY' t-shirt stands at a table preparing food in a small dish. A woman in a white fitted t-shirt and jeans joins him. He tastes the food,","In a modern home kitchen at night, a man wearing a white 'FACILITY' t-shirt stands at a table preparing food in a small dish. A woman in a white fitted t-shirt and jeans joins him. He tastes the food, then playfully offers her a bite from his spoon. After she accepts, he picks up a large wooden bowl from the table and gently presses it against her face, covering her nose and mouth, while she continues to hold another bowl. She remains standing with the bowl on her face, appearing amused. The scene is set to background music that ends with a loud scream. The overall tone is casual, affectionate, and comedic, portraying a married couple sharing a silly moment together, consistent with the post's 'sharing' theme and comedy hashtags.
Humor type=Situational; explanation=The humor arises from the everyday domestic situation of sharing food escalating into absurd physical comedy. Viewers expect a simple feeding moment between partners, which is common in couple content, but the payoff subverts that expectation by turning it into a slapstick gag with the bowl stuck to the woman's face. This bait-and-switch from tender to silly creates situational comedy without dialogue, relying on visual timing and the woman's amused reaction. It fits the popular social media trope of 'marriage humor' where mundane interactions become exaggerated for laughs, making it relatable to audiences familiar with playful partner dynamics.",hook,True,strong,他喂她吃一口后把大木碗扣她脸上定格，屏幕字'分享的快乐'，配尖叫音效结尾,duo-food-prank,2,True,,False,,unknown,无明确标记,False
2026-10-08,general,100,https://www.instagram.com/reel/DeJa08hs_NR,@abraz.khan_91,95000,710,5000,5000.0,0.143,1,2026-10-07,2026-10-06,2,True,"The video takes place outside an outdoor cafe named 'Alice in Gelato Land' (signage in English and Hindi). A man with long hair wearing a brown sweater stands promoting food, repeatedly shouting in Hi","The video takes place outside an outdoor cafe named 'Alice in Gelato Land' (signage in English and Hindi). A man with long hair wearing a brown sweater stands promoting food, repeatedly shouting in Hindi about a deal: one plate of biryani with two plates free for 200 rupees. A young couple—a man in a black-and-white striped t-shirt with glasses and a woman in a red patterned top—approaches him. After brief interaction, they sit at a small blue table. The vendor brings them one foil plate filled with what appears to be biryani rice, then places two additional empty foil plates beside it, revealing the punchline that the 'two free plates' are literally just empty plates. The couple reacts with exaggerated surprise and amusement, shown in close-up shots with wide eyes and open mouths, while the vendor smiles. The tone is playful and comedic, typical of Indian street-food prank skits, with no profanity, violence, or sexual content.
Entities places=Alice in Gelato Land
Humor type=Situational; explanation=The humor arises from literal interpretation of a common marketing phrase. The vendor shouts 'one plate biryani, two plates free,' which the customer expects to mean three full plates. The payoff shows the vendor placing one plate of rice and two empty disposable plates, treating the empties as the 'free' items. This bait-and-switch relies on everyday Indian street-food bargaining culture, making the absurd literalism relatable. Exaggerated close-up reactions—wide eyes, open mouth",hook,True,weak,,food-prank-skit,1,True,,False,,non-us,印地语叫卖+卢比+印度街头咖啡馆,False
