scan_date,niche,rank,url,author,likes,comments,likes_gained_since_last,velocity_per_day,velocity_confidence,days_tracked,first_seen_date,posted_date,recency_days,is_fresh,title,description,mechanic,replicable,niche_fit,angle_idea,format_cluster,spread_count,feasible,feasible_note,saturated,saturation_reason,geo_fit,geo_note,picked_for_tomorrow
2026-10-10,general,1,https://www.instagram.com/reel/DeQLBZWMmo-,@morrischestnutofficial,300000,31000,,300000.0,0.0,0,,2026-10-09,1,True,"This is a split-screen video call between comedian Mojo Brookzz (main frame, wearing black shirt and chain) and actor Morris Chestnut (inset, wearing dark jacke","This is a split-screen video call between comedian Mojo Brookzz (main frame, wearing black shirt and chain) and actor Morris Chestnut (inset, wearing dark jacket over white shirt). An on-screen text overlay reads 'Mojo Brookzz Teaches Morris Chestnut How To Say GoofAss.' Throughout the clip, Mojo coaches Morris on pronouncing the slang term 'goof ass,' repeatedly demonstrating the phrase 'get your goof ass out of here.' Both men are animated, laughing, gesturing, and engaging in back-and-forth repetition as Morris practices the delivery. The tone is lighthearted and comedic, with no music, just their conversation. The setting for Mojo appears to be indoors at home, while Morris is in front of a branded backdrop. The entire interaction focuses on this single linguistic joke.",personality,False,weak,,duo-dialogue-comedy,3,True,,False,,us-likely,美国名人(Morris Chestnut/喜剧演员Mojo Brookzz)英文俚语对白,False
2026-10-10,general,2,https://www.instagram.com/reel/DeQPJZJBPdg,@f.r3n,560000,1400,,290000.0,0.143,1,,2026-10-09,1,True,"The video takes place inside a casual Mexican fast-food restaurant kitchen, identifiable by menu boards for tacos, burritos, and plates above the counter. Two y","The video takes place inside a casual Mexican fast-food restaurant kitchen, identifiable by menu boards for tacos, burritos, and plates above the counter. Two young male employees wearing blue aprons are the focus. The man in the white t-shirt with arm tattoos interacts directly with the camera while conversing with his coworker in a black shirt. Their dialogue centers on a forgotten order of fries, with one saying ""I'm still waiting on my fries"" and the other responding ""Oh I forgot to make them."" This leads to playful, profanity-laced teasing including ""Go fucking do the fries"" and ""dumbass,"" delivered with laughter and animated hand gestures. The tone is lighthearted and performative, resembling a social media skit about workplace dynamics, with both participants smiling and engaging in exaggerated expressions throughout the exchange.",personality,False,strong,我和女朋友演'餐厅打工忘做薯条'：一个人催单、一个人装忙互飙中文垃圾话，on-screen text 写内心OS,duo-skit,3,True,,False,,unknown,英文对白但无明确地域标记，作者信息不足,False
2026-10-10,general,3,https://www.instagram.com/reel/DeOYETGsBRP,@orry,420000,1700,,210000.0,0.0,0,,2026-10-08,2,True,"The video is a short, upbeat comedic skit featuring a man and a young girl in an indoor setting. In the first half, the man sits on a stool with his wrists boun","The video is a short, upbeat comedic skit featuring a man and a young girl in an indoor setting. In the first half, the man sits on a stool with his wrists bound by red rope and his mouth sealed with silver tape, looking at the camera with wide eyes while the girl, wearing a pale yellow t-shirt and denim shorts, stands next to him posing and gesturing playfully. The scene transitions to both wearing matching vibrant outfits split down the middle in neon green and bright red with large black polka dots — the girl in a puffy dress with bows in her hair, the man in a matching suit. They sit together, pose for the camera, dance slightly, and share affectionate moments including the man hugging the girl from behind as she laughs. The tone is lighthearted and performative, set to energetic background music, with no dialogue, profanity, or harmful content.",template,True,weak,,duo-outfit-transition,1,True,,False,,unknown,无明确语言/地域文化标记,False
2026-10-10,general,4,https://www.instagram.com/reel/DeSeoZaIs3M,@rosairis,180000,6100,,180000.0,0.0,0,,2026-10-09,1,True,"Two young women perform a short comedic skit indoors in front of a white door. The woman on the right, wearing a white sports bra and olive cargo pants, holds a","Two young women perform a short comedic skit indoors in front of a white door. The woman on the right, wearing a white sports bra and olive cargo pants, holds a handwritten sign above her head that reads 'Mejor AMIGA' (Best Friend). The woman on the left, in a black crop top and beige shorts, leans in and animatedly argues, repeatedly asking 'tú y yo qué somos?' (what are you and I?). She cycles through guesses, including the insults 'putas' and 'chismosa,' while gesturing emphatically. The interaction is loud and theatrical. After several exchanges, the woman in black snatches the sign, and the woman in white reacts with a raised hand as a slap sound plays. The tone is confrontational but performed for humor, centered on the irony of calling someone your 'best friend' while hurling insults.",personality,False,strong,我和女朋友各举一张纸条，一个写'好闺蜜'一个写'塑料姐妹'，用中文互相揭短看谁先翻脸,duo-dialogue-comedy,3,True,,False,,non-us,全程西班牙语对白，拉美文化标记明显,False
2026-10-10,general,5,https://www.instagram.com/reel/DePlAc6I4zl,@maisvault,350000,740,,175000.0,0.0,0,,2026-10-08,2,True,The video is a comedic skit titled 'Growing up with siblings be like:' showing a young man in a blue France soccer jersey and a young woman in a pink shirt enga,"The video is a comedic skit titled 'Growing up with siblings be like:' showing a young man in a blue France soccer jersey and a young woman in a pink shirt engaging in classic sibling rivalry. First, he meticulously pours orange juice from a pitcher into two glasses while she watches intently to ensure perfect equality, leading to a brief argument. Next, he eats a plate of food (appears to be rice with meat sauce) at a table while she sits on a couch in the background, then gets up to complain that he took too much, pointing at his plate. Later, he prepares to leave the house with a bag, prompting both her and an older woman (likely their mother) to confront him at the front door in a chaotic exchange. After he steps outside, she reacts dramatically on the couch. He returns moments later holding a small dessert cup, which he hands to her, ending the conflict. The tone is lighthearted and exaggerated, portraying the petty, competitive, yet affectionate dynamics of growing up with siblings.",template,True,strong,我和女朋友演'和兄弟姐妹长大日常'：分橙汁必须一样多、抢饭吃，最后拿小甜点和好收场,duo-skit,3,True,,False,,unknown,穿法国球衣，英文，无明确地域标记,True
2026-10-10,general,6,https://www.instagram.com/reel/DeLSYf6yRmb,@toninlana,430000,190,,143333.3,0.0,0,,2026-10-07,3,True,"The video consists of two short clips featuring a young Black couple in a home environment. In the first clip, filmed in daylight, the woman in a blue Champion ","The video consists of two short clips featuring a young Black couple in a home environment. In the first clip, filmed in daylight, the woman in a blue Champion t-shirt rests her head on her hand while the man beside her holds a lighter up to the camera and flicks it on, producing a small flame near her face. She reacts with mock surprise and then smiles and laughs. In the second clip, filmed at night in dimmer lighting, both are eating takeout from cardboard containers. The woman, now in a pink heart-patterned robe, eats noodles with a fork, while the man, wearing a dark jacket over his gray shirt, eats a loaded sandwich. They look at the camera intermittently while eating. The overall tone is casual, affectionate, and lighthearted, depicting everyday couple moments.",personality,False,weak,,couple-lifestyle,2,True,,False,,us-likely,美国黑人情侣日常vlog风格，英文,False
2026-10-10,general,7,https://www.instagram.com/reel/DeQFKy4vN3M,@mariarosevlog,330000,4400,,140000.0,0.143,1,,2026-10-08,2,True,The video is a short comedic compilation set primarily in a home kitchen with wood cabinets. A muscular man in a green t-shirt struggles to open a plastic water,"The video is a short comedic compilation set primarily in a home kitchen with wood cabinets. A muscular man in a green t-shirt struggles to open a plastic water bottle. A woman in a blue tank top and patterned pajama pants enters, gestures for him to stop, and he takes a sip anyway. They interact playfully; he laughs, pulls out cash from his pocket, counts several bills on the kitchen island, and hands them to her. She accepts the money and walks away smiling. The scene cuts to a different setting where a blonde woman in a leopard-print shirt sits at a table eating from a plate. She reacts with an intense, tearful laugh while chewing, throwing her head back and gesturing dramatically. The video cuts back to the man, who is still laughing heartily at the counter. The overall tone is light, domestic humor focused on playful betting and exaggerated reactions.",personality,False,weak,,couple-domestic-comedy,2,True,,False,,unknown,英文对白，无明确地域标记,False
2026-10-10,general,8,https://www.instagram.com/reel/DeRGr2fOSjx,@dannyypandit,310000,3100,,140000.0,0.143,1,,2026-10-09,1,True,"This is a comedic skit set in a rural Dutch-like landscape with green fields, canals, and a traditional windmill under a cloudy sky. A persistent yellow text ov","This is a comedic skit set in a rural Dutch-like landscape with green fields, canals, and a traditional windmill under a cloudy sky. A persistent yellow text overlay reads 'Dead wife's memory in hollywood movies be like.' One man, dressed as the 'dead wife' in a white dress, long dark wig, and fake beard, performs idealized romantic flashbacks. He leans on a wooden fence, sits in the grass, smiles wistfully, and reaches out dramatically. A second man, dressed as the husband in a black leather jacket, light blue shirt, and brown fedora, interacts with him — they hold hands and run down a path, lie together on the grass laughing, embrace from behind, and share affectionate moments. Audio includes dialogue referencing the wife dying of cancer and asking her husband to find another woman, which he refuses. The tone is lighthearted and satirical, mimicking melodramatic Hollywood romance tropes through exaggerated acting and visual clichés. Culture moment=Hollywood dead wife trope; significance=Parodies a common film cliché where deceased wives are idealized as perfect memories.; origin=Hollywood cinema storytelling convention",hook,True,weak,,duo-parody-skit,1,True,,False,,unknown,荷兰风田园布景+好莱坞套路讽刺，地域不明,False
2026-10-10,general,9,https://www.instagram.com/reel/DeRyKpHR-FA,@lingandlamb,140000,3600,,139410.0,0.143,1,,2026-10-09,1,True,"In a modern kitchen with light wood cabinets, a man in a white t-shirt and red cap and a woman in a brown crop top stand behind a marble island displaying sever","In a modern kitchen with light wood cabinets, a man in a white t-shirt and red cap and a woman in a brown crop top stand behind a marble island displaying several items: lipsticks, car keys, cash, a plate with a fried food item, and a small blue speaker. On-screen text reads 'Pick your favorite thing.' The woman reaches for and picks up the cash. The man reacts with theatrical dismay, telling her he was joking and that choosing money proves 'that is the real you,' while claiming he would have chosen her instead of the food. They engage in playful back-and-forth, with the woman laughing, hugging him from behind, and trying to placate him as he continues his mock-complaint. The interaction remains affectionate and comedic throughout, ending with them embracing and laughing together.",template,True,strong,我和女朋友在厨房摆一桌：口红、零食、现金、手机，让对方'选最喜欢的东西'并演受伤反应，on-screen text 写'你选钱就是真实的你',duo-choice-game,1,True,,False,,us-likely,@lingandlamb 为美国情侣创作者，英文对白,False
2026-10-10,general,10,https://www.instagram.com/reel/DeMsdGlTSia,@hisukriti,410000,3400,,136666.7,0.0,0,,2026-10-07,3,True,"A woman with long dark hair wearing a black embroidered top sits at a wooden dining table in a home setting, reacting to being served food at a friend's house w","A woman with long dark hair wearing a black embroidered top sits at a wooden dining table in a home setting, reacting to being served food at a friend's house where the host is on a diet. On-screen text reads 'Having roti in someone's house who is on a diet.' She is first shown a dark brown ragi roti, which she presents with exaggerated enthusiasm while saying it's 'very healthy.' She then shows a bright yellow besan ki roti, followed by a plain jowar/bajra roti, each time acting out polite surprise. The scene cuts to her standing in a kitchen doorway, gesturing toward bags of specialty flours including Organic Jowar Flour, Bajra Flour, Rajgiri Atta (Amaranth), Kuttu Atta, and Singhara Atta. She also shows steel containers labeled 'Red Rice' and 'Black Rice.' Back at the table, she is offered two small containers labeled 'Oat Ragi Brownie' and 'Gluten free Brownie,' and a glass of yellow liquid poured from a bottle, which she tastes with a pained expression. She also holds up small jars labeled 'Ragi Zeher' and 'Oats Zeher.' Throughout, her performance is highly expressive and comedic, conveying the universal experience of being fed ultra-healthy alternatives instead of regular food.",hook,True,weak,,onscreen-text-reaction,1,True,,False,,non-us,印度饮食(ragi/besan roti)文化背景，明显非美国,False
2026-10-10,general,11,https://www.instagram.com/reel/DeOU3BKSAcL,@gpstarrr1m,860000,2200,,130000.0,0.143,1,,2026-10-08,2,True,"Two young men enter 'DEENO'S CLUB,' a brightly lit fast-food restaurant with glass doors and digital menu boards advertising burgers and snacks. One wears a red","Two young men enter 'DEENO'S CLUB,' a brightly lit fast-food restaurant with glass doors and digital menu boards advertising burgers and snacks. One wears a red-and-white plaid shirt left open at the chest, the other a dark denim shirt. They approach the counter where a waiter in a white shirt and loosened black tie greets them. After sitting at a wooden table with a colorful paper menu, they engage in exaggerated conversation, pretending to be big spenders who belong there while dismissing smaller customers. They tell the waiter to bring one of every item on the menu. When asked for payment, the man in the plaid shirt pulls out a wallet and reveals a novelty gold-colored American Express card with the name 'C F FROST.' He hands it to the stunned waiter. The skit ends with the two friends smiling and posing together at the table, emphasizing the comedic, harmless nature of their pretend-rich act.",personality,False,strong,我和女朋友扮'土豪'去快餐店，点单一整页菜单，结账掏出一张玩具金卡，on-screen text 写'装有钱人的快乐',duo-skit,3,True,,False,,unknown,英文对白，无明确地域标记,False
2026-10-10,general,12,https://www.instagram.com/reel/DeRqBw9oIWc,@neeshustories,110000,420,,110000.0,0.0,0,,2026-10-09,1,True,"In a modern living room with striped wallpaper, a TV, and a blue sofa, a man in a white polo shirt and olive pants and a woman in a blue-and-white gingham top a","In a modern living room with striped wallpaper, a TV, and a blue sofa, a man in a white polo shirt and olive pants and a woman in a blue-and-white gingham top and white pants stand facing each other. They play a rhythmic counting game, saying numbers in Hindi/English ('ek, do, teen') while mirroring hand movements including pointing, placing hands on chest, and bringing palms together in a namaste gesture. The interaction becomes increasingly theatrical as both bow deeply toward each other. The man then drops to his knees and fully prostrates on the floor, forehead to the ground, while the woman laughs, leans over him, and places her hands on his back. Digital stickers (a pink bow and peacock feathers) appear briefly during the bowing. Upbeat Indian folk music plays as the clip ends. The overall tone is playful, affectionate, and comedic, depicting a couple engaging in a silly domestic ritual.",challenge,True,strong,我和女朋友玩'数数游戏'：边数边加夸张鞠躬动作，最后一个人直接五体投地，配中文数数+搞笑BGM,duo-challenge-game,1,True,,False,,non-us,印地语数数+印度民间音乐，非美国,False
2026-10-10,general,13,https://www.instagram.com/reel/DeSV9ZJoTCo,@nattaliajz,110000,1800,,110000.0,0.0,0,,2026-10-09,1,True,"A young woman sits at an outdoor restaurant table during the day, wearing a beige jacket over a white shirt. In front of her is a plate with a slice of cake top","A young woman sits at an outdoor restaurant table during the day, wearing a beige jacket over a white shirt. In front of her is a plate with a slice of cake topped with cream, chocolate shavings, and mint, plus a scoop of ice cream. On-screen Spanish text reads, 'Cuando creíste que compartir el postre sería romántico.' Initially she smiles while eating, but as another person's hand enters the frame repeatedly to take large spoonfuls of both the cake and ice cream, her expression shifts to disappointment, then visible annoyance and disbelief. She continues to eat small bites while watching the other person consume most of the dessert. Her frustration grows until she makes exaggerated wide-eyed faces, sighs, wipes her mouth, and finally pushes the nearly empty plate away and turns her back to the camera in exasperation. The audio consists of ambient outdoor noise and prominent chewing/eating sounds.",hook,True,weak,,onscreen-text-relatable,1,True,,False,,non-us,屏幕西班牙语文字，疑似拉美/西语区,False
2026-10-10,general,14,https://www.instagram.com/reel/DeOPmYhh4ZY,@nandu_ji_ydv,200000,610,,100000.0,0.0,0,,2026-10-08,2,True,"The video follows a young man working at an outdoor food stall called 'Foodies Park,' wearing a white polo shirt with a fork-and-leaf logo and a grey Jordan cap","The video follows a young man working at an outdoor food stall called 'Foodies Park,' wearing a white polo shirt with a fork-and-leaf logo and a grey Jordan cap. He is cooking when his phone rings, showing an incoming call from 'Sapna ❤️🫶'. He answers and explains he is busy working. Another male colleague tells him to go take the order of a lady sitting inside. The scene cuts to a young woman in a light green traditional outfit seated at a table in a restaurant with red booth seating. The worker approaches, takes her order for noodles, and brings her water and then a plate of noodles topped with sev, along with two small chocolate packets which he offers from himself. After she eats, he presents the bill. She asks how much he earns per day (he says 300-400 rupees) and what the bill is (200 rupees). She hands him 500 rupees and tells him to keep the change. As she leaves, she delivers the punchline that people don't come to a shop only to eat, sometimes they come as an excuse to meet someone. The skit ends with her smiling at him.",personality,False,weak,,mini-drama-skit,1,False,需要街边摊位布景和多人配合，半天搞不定,False,,non-us,卢比计价+印度街边摊背景,False
2026-10-10,general,15,https://www.instagram.com/reel/DeQPBwRhrs0,@poperajay,270000,240,,90000.0,0.143,1,,2026-10-09,1,True,The video is a short comedy skit filmed inside a brightly lit restaurant with decorative walls and floral backdrops. A bearded man wearing a blue-and-white polo,"The video is a short comedy skit filmed inside a brightly lit restaurant with decorative walls and floral backdrops. A bearded man wearing a blue-and-white polo shirt and a red-checkered cloth tied around his head approaches the counter and speaks animatedly in Hindi, insisting he wants to eat first before paying. He then moves to a booth, is served a whole pizza on a stone platter, and eats it with highly exaggerated, joyful expressions. Interspersed are cutaways to a second man in a dark blazer sitting against a patterned wall, who reacts by smiling and laughing heartily. The video concludes with a separate clip of two men in a radio studio (watermarked 'VLIPSY') laughing uncontrollably, reinforcing the comedic tone. The overall narrative is a simple, harmless gag about hunger and impatience, presented with energetic performances and no risky content.",personality,False,weak,,solo-gag-reaction,1,True,,False,,non-us,印地语对白，印度背景,False
2026-10-10,general,16,https://www.instagram.com/reel/DeSrd5KPm1p,@k.prezzi,89000,270,,89000.0,0.0,0,,2026-10-09,1,True,"A young man with curly hair and a mustache, wearing a black tank top and patterned shorts, performs a comedic POV skit. On-screen text reads: 'POV: When you see","A young man with curly hair and a mustache, wearing a black tank top and patterned shorts, performs a comedic POV skit. On-screen text reads: 'POV: When you see the funniest reel ever but you accidentally refresh your page.' He begins smiling, then his expression shifts to shock and despair as he opens his front door. Each time he opens it, the view outside changes to an absurd, unrelated scene: first two men in suits looking up at the sky, then a man in a forest holding a stick, then a man standing in flowers, and finally a man riding a yellow lawnmower on grass. The main character reacts with escalating dramatics—crossing his arms, screaming, clutching his head, and kneeling on the floor in mock agony—visually portraying the intense frustration of losing a perfect piece of online content. The video uses simple indoor lighting and quick cuts for comedic effect, with no dialogue, only background music.",template,True,strong,我一人分饰两角演'刷到神级reel却手滑刷新'：每次开门外面换一个荒诞场景，表情层层崩溃，on-screen text 写POV文案,pov-relatable,8,True,,False,,unknown,英文POV文案，无明确地域标记,True
2026-10-10,general,17,https://www.instagram.com/reel/DePQrCARG4T,@treylytes,200000,3500,,80000.0,0.143,1,,2026-10-08,2,True,The video opens at dusk outdoors with two young men sitting on a low stone wall in front of a building with utility boxes. On-screen text reads 'POV: That ONE f,"The video opens at dusk outdoors with two young men sitting on a low stone wall in front of a building with utility boxes. On-screen text reads 'POV: That ONE friend you can't stop laughing with.' Both are dressed casually in sweatpants and tops (one in white t-shirt and black cap, one in green hoodie and black beanie) and are overcome with intense, contagious laughter. They lean into each other, grab arms, double over, and physically react to their amusement, with one eventually standing up and walking away while still laughing. The scene cuts to a different clip of an older man with a beard on a dark stage under a spotlight, seated and then bending over laughing hysterically, followed by a wide shot showing him alone on stage. The overall tone is joyful, lighthearted, and relatable, capturing the universal experience of uncontrollable shared laughter between friends. Culture moment=POV meme format; significance=Uses the popular 'POV:' framing to invite viewers to project themselves into the scenario.; origin=TikTok/Reels POV trend",template,True,strong,我和女朋友/朋友坐一起，一个人先笑到失控传染另一个，全程实拍无台词，on-screen text 写'那个一对视就笑场的朋友',pov-friendship,3,True,,False,,us-likely,英文，美国创作者语境,True
2026-10-10,general,18,https://www.instagram.com/reel/DePyxEnMIlT,@isthatbelly,160000,250,,80000.0,0.0,0,,2026-10-08,2,True,"The video is a short comedy skit titled 'POV: how fast people become Friends in school,' filmed outdoors on a sunny day in front of a building with columns and ","The video is a short comedy skit titled 'POV: how fast people become Friends in school,' filmed outdoors on a sunny day in front of a building with columns and a grassy area. Three young men are shown across seven labeled days. On Day 1 they stand apart awkwardly as strangers. By Day 2 they begin interacting and walking together. Each subsequent day shows increasing familiarity—laughing, gesturing, putting arms around each other, and engaging in casual conversation. Audio reveals them introducing themselves (names like Burke/Chuck are used), asking about classes ('You got a class with him?'), and joking about an English test. By Day 5-7 they are acting like close friends, doing handshakes, pointing at the camera, smiling broadly, and filming selfie-style. The tone is upbeat, relatable, and humorous, illustrating the common experience of rapidly bonding with classmates.",template,True,strong,我和女朋友分饰'Day1陌生到Day7老熟人'：第一天保持距离尴尬对视，第七天勾肩搭背自拍，on-screen text 按天标注,pov-friendship,3,True,,False,,us-likely,美国校园场景，英文对白,False
2026-10-10,general,19,https://www.instagram.com/reel/DeNXTiOPmPF,@carloandsarah,210000,1300,,70000.0,0.0,0,,2026-10-07,3,True,"The video is filmed from a first-person perspective at an airport baggage claim area. A woman films her husband, who is wearing a light grey t-shirt and a large","The video is filmed from a first-person perspective at an airport baggage claim area. A woman films her husband, who is wearing a light grey t-shirt and a large dark blue Nike backpack with 'USA' printed on it. On-screen text reads, 'My husband when I try to carry literally anything at all ever.' The husband immediately takes a large black duffel bag and a red rolling suitcase from her, gesturing that she should not carry anything. He speaks to her in a playful, accented English, saying things like 'Absolutely not,' 'You are really one,' and later 'Do your business' and 'Mind your business actually' while smiling at the camera. Another caption appears: '*gets distracted by our baby*' as he looks off-camera and smiles broadly. He continues to manage all the luggage himself, pulling the suitcases while carrying the duffel, embodying the 'work smart no hard' caption. The setting is a busy terminal with other travelers and baggage carousels visible in the background. The overall tone is affectionate, comedic, and relatable, portraying a common dynamic where one partner insists on doing all the heavy lifting.",template,True,strong,在机场/商场拍'老公不让我拎任何东西'：女朋友假装拎包，我夸张冲上前全抢过来，on-screen text 写'我老公vs我拿包',couple-pov-skit,2,True,,False,,us-likely,USA字样背包，@carloandsarah 为美国情侣账号,False
2026-10-10,general,20,https://www.instagram.com/reel/DeP0ohRTh7_,@olliemuhl,130000,320,,65000.0,0.0,0,,2026-10-08,2,True,"A young man in a black sequined shirt performs a comedic skit on a Paris metro platform, framed by the text 'POV: Bros at the next stop got a mission.' He first","A young man in a black sequined shirt performs a comedic skit on a Paris metro platform, framed by the text 'POV: Bros at the next stop got a mission.' He first leans toward a stopped train and appears to pass something through the window to an older seated passenger. He then turns to the camera and launches into an expressive, musical-theater-style performance, singing and dancing while moving along the platform. The camera follows him past station signage identifying 'Bir-Hakeim' station. The scene cuts to views from the moving elevated train at night, showcasing the illuminated Eiffel Tower over the Seine River and Parisian buildings. The train arrives at 'Passy' station, where two other young men are waiting — one in a light blue outfit and one in a black hoodie with glasses. They stand facing the camera with neutral expressions as the video ends. The entire clip is set to an upbeat pop song and has a playful, travel-vlog-meets-performance-art tone.",personality,False,weak,,pov-performance,1,False,需要巴黎地铁/Eiffel Tower取景，布景不可复制,False,,non-us,巴黎地铁站实拍,False
2026-10-10,general,21,https://www.instagram.com/reel/DeSkhmlRmrw,@tristanleandergreen,53000,200,,53000.0,0.0,0,,2026-10-09,1,True,"A young man with curly hair performs a skit titled 'pov: that friend that is sarcastic for no reason.' In three vignettes, he responds to obvious statements wit","A young man with curly hair performs a skit titled 'pov: that friend that is sarcastic for no reason.' In three vignettes, he responds to obvious statements with extreme sarcasm. First, at a store door, after being told to pull instead of push, he sarcastically says his next move would be to shove the handle inside his ass and let it fuck him. Second, sitting outside eating chips, when asked 'are you eating?' he replies 'nothing gets past you sherlock holmes.' Third, lying in bed under a blanket, when asked 'are you sleeping?' he groggily claims he was 'suffocating a gnat behind my eyelids,' then asks if he was woken up just to be asked that, before calling the asker 'baboon teeth—pickle breath b*tch.' The tone is comedic, edgy, and intentionally rude, relying on profanity and sexual innuendo for humor. Culture moment=POV meme format; significance=Uses the popular 'pov:' framing to make relatable social humor about annoying friends.; origin=TikTok/Reels POV trend",template,True,strong,我和女朋友分饰'没事就阴阳怪气的朋友'：一个问傻问题，另一个夸张阴阳回答，中文版on-screen text 写'POV：那个没事就爱抬杠的朋友',pov-skit,3,True,,False,,us-likely,英文对白，美国俚语风格,False
2026-10-10,general,22,https://www.instagram.com/reel/DeSiv0bNKdT,@r0dn3y__,53000,100,,53000.0,0.0,0,,2026-10-09,1,True,A single male creator performs a multi-role comedy skit titled 'POV: How I see secondary school kids.' He first appears as an adult on the phone wearing a black,"A single male creator performs a multi-role comedy skit titled 'POV: How I see secondary school kids.' He first appears as an adult on the phone wearing a black and green sports jersey and cap, labeled 'Now :', smiling as he observes. He then switches to portraying a current secondary school student in a white shirt, Akatsuki-patterned tie, glasses, and backpack, walking confidently down a hallway. The perspective shifts to 'When I was in secondary school:' where he plays his younger self in the same uniform, acting cool, adjusting his tie, and posing seriously. Finally, under 'When I was in primary school:', he plays an even younger, excited child who idolizes older kids, shown both as a cheerful student and as an exaggeratedly muscular teen holding a bat over his shoulder and flexing. The skit ends with a close-up of the child character saying, 'Wow...I'd be like him when i grow up,' highlighting the nostalgic gap between childhood admiration and adult observation. The tone is humorous and relatable, set to upbeat Spanish-language background music, with no offensive content.",template,True,weak,,solo-multirole,2,True,,False,,unknown,英文，无明确地域标记,False
2026-10-10,general,23,https://www.instagram.com/reel/DeQXkSTRm1x,@neharajput_____,160000,570,,50000.0,0.143,1,,2026-10-09,1,True,"A woman with long dark hair, wearing a blue-and-white striped top and a gold necklace, films herself in a selfie-style video outdoors on a sunny day. Behind her","A woman with long dark hair, wearing a blue-and-white striped top and a gold necklace, films herself in a selfie-style video outdoors on a sunny day. Behind her are trees, parked cars, and daylight. She smiles broadly, laughs, and moves her head to the rhythm while an upbeat Hindi/Bhojpuri folk song plays in the background. On-screen text at the top reads 'सईया बिहार वाला.. 💯🫶😎' (Saiya Bihar wala), expressing pride in having a husband from Bihar, and a small animated US flag sticker appears in the lower right corner. The overall tone is joyful, casual, and celebratory, typical of a personal social media post sharing cultural identity.",personality,False,none,,selfie-dance,1,True,,False,,non-us,印地语配文+Bihar文化身份,False
2026-10-10,general,24,https://www.instagram.com/reel/DeRbH96sEuo,@alirezababaei__official,48000,1500,,48000.0,0.0,0,,2026-10-09,1,True,"This is a short-form comedic skit filmed from a first-person perspective. A young man with a beard, wearing a white t-shirt, films himself reacting to his mothe","This is a short-form comedic skit filmed from a first-person perspective. A young man with a beard, wearing a white t-shirt, films himself reacting to his mother, who is wearing a white headscarf and a patterned cardigan. An on-screen text reads 'POV: When your mom lives on Instagram.' The mother moves through a modern home kitchen and living room, demonstrating various bizarre 'hacks' she appears to have learned online: she prepares a mixture of Coca-Cola and yellow dish soap to water a large potted tree; she places a pair of brown sneakers inside a microwave oven; she trims a small potted plant with scissors and then mixes a brown paste with shampoo in a jar; and she repeatedly peeks out from behind a door while speaking. The son responds throughout with facial expressions ranging from bewilderment to exasperation and amusement. The tone is playful and relatable, satirizing how older generations adopt questionable trends from social media.",template,True,strong,我和女朋友分饰母子：'妈妈'复刻网上离谱生活妙招(可乐浇花、微波炉烤鞋)，另一个人全程崩溃表情，on-screen text 写'POV：我妈住在小红书里',pov-family-skit,1,True,,False,,unknown,英文对白，作者疑似伊朗裔，地域不明,False
2026-10-10,general,25,https://www.instagram.com/reel/DeRchOVMbyU,@belgaumwala_razzak,47000,340,,47000.0,0.0,0,,2026-10-09,1,True,The video is a short compilation of two separate clips. The first and longer segment takes place in a home kitchen with shelves of spices and metal cookware. A ,"The video is a short compilation of two separate clips. The first and longer segment takes place in a home kitchen with shelves of spices and metal cookware. A man wearing a black patterned shirt is fed from a spoon by a person in a bright pink headscarf. He tastes the food and reacts with highly exaggerated pleasure—closing his eyes, touching his cheek, smiling broadly, and gesturing as if the flavor is amazing. The interaction appears playful and affectionate. The video then cuts abruptly to a second clip showing two men sitting at a table with microphones in what appears to be a radio studio (with 'BREAKFAST CLUB' visible). Both men are laughing hysterically; one in a white hoodie leans back and bends over laughing while the other also laughs loudly. The overall tone is comedic and lighthearted, focused on exaggerated reactions to food and shared laughter.",personality,False,weak,,food-reaction,1,True,,False,,unknown,英文，无明确地域标记,False
2026-10-10,general,26,https://www.instagram.com/reel/DePljhjzf0Q,@chloeiscrazy,90000,3800,,45000.0,0.0,0,,2026-10-08,2,True,"A woman with long blonde hair, wearing a bright red turtleneck and black pants, performs a horror-themed street skit. With heavy dark eye makeup creating an unn","A woman with long blonde hair, wearing a bright red turtleneck and black pants, performs a horror-themed street skit. With heavy dark eye makeup creating an unnaturally wide-eyed stare and a fixed smile, she repeatedly emerges from hiding spots — between blue and green recycling bins, from behind a tree trunk, behind an orange traffic barrel next to a red truck, and around a brick building corner. White on-screen text reading 'WHAT NIGHTMARES ARE MADE OF' appears throughout the early shots. Set to tense, suspenseful orchestral music, she then walks directly toward the camera down a sunny city sidewalk lined with trees and storefronts (including a barber shop), maintaining intense eye contact. The video ends with an extreme close-up of her face, emphasizing the creepy expression. The overall tone is playful horror/jump-scare comedy designed to startle viewers.",hook,True,weak,,solo-street-skit,1,True,,False,,unknown,英文街头实拍，无明确地域标记,False
2026-10-10,general,27,https://www.instagram.com/reel/DeQLuIqsjee,@theblondebrewer,57000,45,,43000.0,0.143,1,,2026-10-09,1,True,"The video opens outdoors where a blonde woman in a pink t-shirt and denim shorts stands by a black-framed glass door holding a yellow-handled hammer, looking ex","The video opens outdoors where a blonde woman in a pink t-shirt and denim shorts stands by a black-framed glass door holding a yellow-handled hammer, looking expectant. On-screen text begins a story: ""My father used to tell me, if you forget something when leaving your house..."" A bearded man in a red tank top, colorful shorts, and backward cap emerges barefoot, adjusts his shorts, and steps back inside. The scene cuts to the interior of a modern home with white cabinetry and a marble island. The man leans on the counter and continues the narration: ""...and you have to run back inside to get it, he said, hang out for a few. It's your guardian angel protecting you from what could have happened if you rushed out."" He sits and looks out the large windows while the woman remains visible outside. The tone is lighthearted and instructional, using the initial threatening visual as a humorous hook to deliver a sentimental piece of parental advice about pausing when you forget something.",hook,True,weak,,couple-storytime,1,True,,False,,us-likely,@theblondebrewer 为美国创作者，英文,False
2026-10-10,general,28,https://www.instagram.com/reel/DeTAW8tAdH6,@joeymorof,39000,52,,39000.0,0.0,0,,2026-10-10,0,True,"A young man with curly hair and glasses, wearing a white t-shirt with a colorful butterfly graphic, performs a comedic workout skit in a bedroom setting with a ","A young man with curly hair and glasses, wearing a white t-shirt with a colorful butterfly graphic, performs a comedic workout skit in a bedroom setting with a ring light visible behind him. On-screen text establishes the premise: 'POV: you're a Roman taking a pilates class pt. 2.' He acts as an enthusiastic instructor, bending forward and shouting counts in Roman numerals (I through VI, then later X, IX, VIII) while making exaggerated exertion faces. He transitions to miming lifting heavy weights for bicep curls, saying 'Let's grab those heavy set of weights,' 'Let's do some curls,' and 'Last push here we go. Let's do it for Zeus.' The tone is high-energy, silly, and self-aware, playing on the absurdity of combining ancient Roman culture with modern Pilates/fitness class tropes.",personality,False,none,,solo-character-skit,1,True,,True,cluster 在近2日库中重复出现,unknown,英文，无明确地域标记,False
2026-10-10,general,29,https://www.instagram.com/reel/DeOarGpyGTO,@sreyaandsouravofficial,78000,78,,39000.0,0.0,0,,2026-10-08,2,True,"A young man and woman are in a residential hallway, presented as a couple. The video opens and closes with black-and-white shots of them standing together, with","A young man and woman are in a residential hallway, presented as a couple. The video opens and closes with black-and-white shots of them standing together, with the text 'One day You and me' overlaid. In color sequences, the man, wearing a green shirt and holding a metal bowl and lid, approaches a closed white door and presses the bowl against it to listen, mimicking eavesdropping. The woman, in a dark green top and glasses, stands beside him watching and reacting with amusement and conversation. They interact playfully, turning to talk to each other after listening. The setting is a simple home interior with tiled floors and wooden doors. The tone is sweet, humorous, and romantic, portraying a relatable moment of a couple imagining their future life together.",personality,False,strong,我和女朋友演'偷听邻居八卦'：一个人把碗扣在门上偷听，另一个在旁边又紧张又兴奋，on-screen text 写浪漫字幕,couple-skit,1,True,,False,,non-us,印度情侣账号，印度家居+英文口音,False
2026-10-10,general,30,https://www.instagram.com/reel/DePq8zuJztB,@minton__jr,78000,360,,32000.0,0.143,1,,2026-10-08,2,True,The video is a two-part comedic skit about social awkwardness in a marriage. It opens with a woman at a restaurant smiling as she pulls apart a fried cheese sti,"The video is a two-part comedic skit about social awkwardness in a marriage. It opens with a woman at a restaurant smiling as she pulls apart a fried cheese stick, creating a long cheese stretch. On-screen text reads 'POV: your husband never reads the room,' and subtitles capture what her husband says out loud: 'oh my ex would hate this' and 'she's so healthy,' followed by her reaction that 'that's an inside thought.' The scene cuts to a man in a brown hoodie (identified as Kevin) who reacts with exaggerated dismay, shouting 'Kevin!' and stating 'that's not even an inside thought. That is a violation of your relationship and snack time. Come on, Kevin!' The tone is lighthearted and self-deprecating, using the common trope of a partner saying the wrong thing at the wrong time to generate humor without any sexual content, violence, profanity, or other policy-risk elements.",template,True,strong,我和女朋友拍'老公永远不会读空气'：一个人吃芝士拉丝正开心，另一个脱口而出'我前任最讨厌这个'，再切反应位大喊名字，on-screen text 写POV文案,couple-food-skit,4,True,,False,,us-likely,英文，美式约会文化梗,False
2026-10-10,general,31,https://www.instagram.com/reel/DePAz2QJzFY,@umedbhat_2,62000,130,,31000.0,0.0,0,,2026-10-08,2,True,The video features a young man in a brown t-shirt and blue jeans and a young woman in a light-blue patterned top and wide-leg jeans standing side-by-side outdoo,"The video features a young man in a brown t-shirt and blue jeans and a young woman in a light-blue patterned top and wide-leg jeans standing side-by-side outdoors against a low wall, with green hills and a small building in the background under a clear sky. The clip opens with a heavy blur/bokeh effect that gradually sharpens. The pair engage in an expressive, theatrical interaction consistent with lip-syncing to an upbeat Indian pop/folk song playing in the audio track. The woman initially gestures while speaking, then crosses her arms with an annoyed expression; the man responds with animated hand movements, placing his hand on his chest, pointing, and making pleading gestures. Their dynamic shifts from mock tension to reconciliation, ending with both smiling and laughing together. The overall tone is casual, comedic, and performative, typical of social media couple skits.",audio_meme,True,weak,,couple-lipsync,1,True,,False,,non-us,印度流行/民间歌曲对口型,False
2026-10-10,general,32,https://www.instagram.com/reel/DeQcB6Btu94,@alexxjaa__,63000,160,,30000.0,0.143,1,,2026-10-09,1,True,This is a short-form comedic skit filmed outdoors on a residential sidewalk. The video opens with a group of about seven young men surrounding the camera (POV).,"This is a short-form comedic skit filmed outdoors on a residential sidewalk. The video opens with a group of about seven young men surrounding the camera (POV). The central figure, a heavily tattooed man with curly hair wearing a black t-shirt, acts aggressively, demanding to know what the POV person is doing on 'this block,' asking to check his pockets, and repeatedly demanding his wallet while his friends back him up with shouts. The on-screen text reads 'POV: that one dude who only acts tough in groups.' The scene then cuts to the same man alone in a different location, now wearing a black tank top and star-patterned shorts. His demeanor completely changes—he appears nervous, talks fast, denies involvement ('I didn't do anything man'), and pleads ('please please, I'm sorry'). After stammering excuses, he turns and runs away down the street. The audio captures the full exchange, including the group's taunts and the man's panicked backtracking, illustrating the classic trope of bravado in a crowd collapsing when isolated. Culture moment=POV meme format; significance=Uses the popular 'POV:' caption structure to frame a recognizable social archetype for humor.; origin=TikTok/Reels POV trend",template,True,weak,,pov-skit,3,False,群戏需要约7个男生撑场面，两人拍不出对比效果,False,,us-likely,英文，美式街头语境,False
2026-10-10,general,33,https://www.instagram.com/reel/DeOYoKmyhK-,@swaggersharmaa,60000,150,,30000.0,0.0,0,,2026-10-08,2,True,"In a warmly lit restaurant with brick walls, a man in a pink hoodie sits at a table with a large bowl of pasta and bread, eating enthusiastically. On-screen tex","In a warmly lit restaurant with brick walls, a man in a pink hoodie sits at a table with a large bowl of pasta and bread, eating enthusiastically. On-screen text reads 'A real man can't see his girl starving.' The camera cuts to a woman in a purple t-shirt sitting opposite him with an empty white plate, resting her chin on her hands and looking expectantly, then annoyed, at him. She gestures toward herself and checks her watch, indicating hunger and waiting. The man continues eating, occasionally glancing at her, then turns away. The clip plays as a short, relatable comedy about dating dynamics, with background music featuring a male vocalist singing in Hindi/Urdu.",hook,True,strong,我和女朋友在餐厅拍'真男人看不得女朋友饿'：一个人狂吃意面，另一个盯着空盘看表，on-screen text 写中文版文案,couple-food-skit,4,True,,False,,non-us,背景印地/乌尔都语歌曲，文化标记非美,False
2026-10-10,general,34,https://www.instagram.com/reel/DePdQW8Pviv,@sahallzone,85000,1200,,28000.0,0.143,1,,2026-10-08,2,True,The video is a short comedy skit set in what appears to be a salon or cafe with teal walls. On-screen text reads 'POV: you have an influencer friend.' A young m,"The video is a short comedy skit set in what appears to be a salon or cafe with teal walls. On-screen text reads 'POV: you have an influencer friend.' A young man in a light blue t-shirt (the influencer) stands at a reception counter with a friend in a black polo shirt. The influencer gestures expectantly while the friend interacts with the receptionist, who is seated behind a marble counter. The influencer brings his hands together in a pleading gesture, and the receptionist hands over cash or a receipt. The scene briefly turns black-and-white for emphasis before returning to color. The video then cuts to a different man sitting on a couch against the same teal wall, smiling while talking on his phone. An overlay shows his Instagram profile 'momadtalks' (Muhammed pv), identifying him as a digital creator with 126K followers focused on motivation and foodspots. The overall tone is lighthearted and satirical, poking fun at influencer behavior.",template,True,strong,我和女朋友演'有个网红朋友'：一个人摆拍凹造型求免单，另一个尴尬掏钱，on-screen text 写'POV：你有个网红朋友',pov-skit,3,True,,False,,unknown,英文对白，无明确地域标记,False
2026-10-10,general,35,https://www.instagram.com/reel/DeMmL34PC4g,@fauxfresh,78000,5500,,26000.0,0.0,0,,2026-10-07,3,True,The video is a short-form POV comedy skit titled 'POV: The DJ from Paid In Full sees EVERYTHING.' A young Black man in a black hoodie and baseball cap portrays ,"The video is a short-form POV comedy skit titled 'POV: The DJ from Paid In Full sees EVERYTHING.' A young Black man in a black hoodie and baseball cap portrays the omniscient DJ character from the film 'Paid In Full.' The video cuts between three settings: first, he stands in a kitchen holding a mug, looking around knowingly; second, he is outside looking up at the sky and exhaling vapor; third, he sits in a bedroom with blue walls using a sticker-covered laptop (Supreme, Gallery Dept.). Throughout, he lip-syncs to a hip-hop track where the narrator calls out various people in the neighborhood — 'Fresh drinking that good coffee,' someone 'waking bake,' and others heading 'uptown' — mimicking the original movie's observational style. The tone is casual and humorous, relying on cultural recognition of the meme rather than explicit action. Culture moment=Paid In Full DJ meme; significance=References iconic film character known for observing street life; origin=2002 film Paid In Full",audio_meme,True,none,,movie-audio-meme,1,True,,False,,us-likely,美国电影《Paid In Full》+嘻哈文化梗,False
2026-10-10,general,36,https://www.instagram.com/reel/DeRkc9DBRFS,@frutiguptavlogs1,25000,90,,25000.0,0.0,0,,2026-10-09,1,True,"In an indoor mall walkway with a high metal-truss ceiling, a young woman and a young man pose together for the camera. On-screen text reads 'Bestfriends goal 🥺❤","In an indoor mall walkway with a high metal-truss ceiling, a young woman and a young man pose together for the camera. On-screen text reads 'Bestfriends goal 🥺❤️'. The woman wears a black 'BADLIE' t-shirt and blue jeans; the man wears a brown shirt, white pants with red designs, a face mask, and headphones around his neck. They smile, embrace briefly, and perform a short synchronized dance. The man then drops to one knee in a mock proposal gesture. The woman reacts with surprise, covering her mouth, then laughs and playfully pushes him away before running off-screen. He gets up and chases after her. The clip ends on an empty shot of the mall corridor with a tongue-out emoji overlay. The audio includes ambient mall noise and a brief cartoonish laugh at the end. The overall tone is cheerful, comedic, and wholesome, portraying close platonic friendship. Culture moment=bestfriends goal proposal trend; significance=Leverages popular social media trope of romanticizing platonic friendship.; origin=TikTok/Reels friendship-proposal memes",personality,False,strong,我和女朋友在商场拍'好闺蜜目标'：同步小舞蹈+突然单膝跪地假求婚，对方推开就跑，on-screen text 写'Bestfriends goal',duo-dance-skit,1,True,,False,,non-us,印度创作者账号,False
2026-10-10,general,37,https://www.instagram.com/reel/DeQX3zXPkOo,@mo.bentley,32000,150,,24400.0,0.143,1,,2026-10-09,1,True,A young woman performs a POV comedy sketch titled 'the most unfunny person you know' across multiple outdoor and indoor locations. She begins outside in a court,"A young woman performs a POV comedy sketch titled 'the most unfunny person you know' across multiple outdoor and indoor locations. She begins outside in a courtyard, dancing goofily in a white crop tank and baggy camo cargo pants, then moves to sit at a table where she shows her phone displaying a distorted meme image. She continues the bit indoors at a water fountain, drinking awkwardly, then walks up metal stairs while talking to the camera, proceeds down a hallway with orange lockers, and ends seated at a drum kit in a practice room. Throughout she delivers self-aware, intentionally bad jokes about forgetting pants (a camo pun), offering to show her cat (the meme), and imagining falling during a drum solo. The video is lighthearted, cringey, and designed to embody socially awkward humor.",personality,False,none,,solo-cringe,1,True,,False,,us-likely,英文，美国校园走廊场景,False
2026-10-10,general,38,https://www.instagram.com/reel/DePzVgCBuG_,@jessandquinn,110000,760,,24000.0,0.143,1,,2026-10-08,2,True,"At night in a narrow alleyway between brick buildings illuminated by green light, two people are filming what is labeled 'Behind the scenes 🐕'. A man in a tan j","At night in a narrow alleyway between brick buildings illuminated by green light, two people are filming what is labeled 'Behind the scenes 🐕'. A man in a tan jacket and a woman in a dark jacket and jeans are attempting a take involving an open black briefcase on the asphalt. The woman holds a small LED light. They count down, react with laughter, jump around, crouch to inspect the briefcase, and repeatedly reset after failing to get the shot right. Their interaction is playful and collaborative, with frequent laughing, bending over, and physical comedy as they bump into each other while trying to position themselves. The background includes a 'PRIVATE PARKING' sign. The overall tone is casual, humorous, and self-deprecating, showcasing the outtakes of a production.",personality,False,weak,,bts-outtakes,1,False,需要夜晚小巷+手提箱道具+灯光布置，布景不简单,False,,unknown,英文，无明确地域标记,False
2026-10-10,general,39,https://www.instagram.com/reel/DeP5MMkOM-L,@suburban_prince,55000,600,,24000.0,0.143,1,,2026-10-08,2,True,"The video is a POV comedy sketch titled 'POV: Waking Up Your Mom From A Nap.' It features a single performer dressed as a mother, wearing a blonde wig and a col","The video is a POV comedy sketch titled 'POV: Waking Up Your Mom From A Nap.' It features a single performer dressed as a mother, wearing a blonde wig and a colorful patterned nightshirt, lying in a hotel-style bed. After being woken, the character reacts with extreme, theatrical anger—screaming, flailing, kicking a leg into the air (revealing red shorts), sitting up, and leaning aggressively toward the camera. The audio consists of rapid, confused, and loud dialogue where the 'mom' demands her backpack for school, claims her father/grandpa is dead despite being told he died 15 years ago, and repeatedly asks 'Are you okay?' The performance is intentionally over-the-top and chaotic. The video ends with a static promotional graphic for 'King Bo's King of the Block Comedy Tour' listing dates from late 2025 through early 2027.",personality,False,none,,solo-multirole,2,True,,False,,us-likely,英文，美式家庭喜剧风格,False
2026-10-10,general,40,https://www.instagram.com/reel/DeRS1jUNtni,@kareemabarry,24000,200,,24000.0,0.0,0,,2026-10-09,1,True,"The video is presented as a POV skit titled 'POV: 2 mins into the girls night,' set at an outdoor restaurant/bar at night. Three young women are seated at a tab","The video is presented as a POV skit titled 'POV: 2 mins into the girls night,' set at an outdoor restaurant/bar at night. Three young women are seated at a table. The central character, in a white lace-trimmed top, is holding a cocktail and resisting drinking more, saying 'I'm not 25 anymore.' Her friends — one in a dark halter top and one in a pink blouse — immediately pressure her, insisting 'It's one fucking shot' and 'Take. The. Shot.' The conversation shifts to food orders; the woman in white wants asparagus, prompting the friend in pink to exclaim, 'Who the fuck likes asparagus?' They debate ordering desserts, with one noting they've already ordered 'the jam thing.' The banter continues with comments that a dish 'literally tasted like morning breath' and a joke about everyone wearing skirts and not telling 'Sakshi.' The clip captures fast-paced, profanity-laced friend-group dynamics centered on alcohol peer pressure and food choices, with warm ambient lighting and background street noise.",personality,False,weak,,group-banter,2,True,,False,,us-likely,英文，美国酒吧闺蜜局语境,False
2026-10-10,general,41,https://www.instagram.com/reel/DePs2caOE4v,@theblondebrewer,49000,330,,24000.0,0.143,1,,2026-10-08,2,True,"In a home kitchen, a bearded man in a yellow shirt and backward cap excitedly shows an 'Ice Cream Lock' product, with on-screen text explaining he is putting a ","In a home kitchen, a bearded man in a yellow shirt and backward cap excitedly shows an 'Ice Cream Lock' product, with on-screen text explaining he is putting a lock on his wife's ice cream to help her diet. He retrieves a pint of ice cream from the stainless steel refrigerator, secures the black plastic lock onto the container, and returns it to the freezer. His blonde wife, wearing a pink ribbed shirt, later opens the freezer, finds the locked pint, and reacts with confusion and annoyance. Unable to open it normally, she places the pint on a cutting board and uses a large kitchen knife to saw around the lid, eventually breaking through enough to scoop and eat the ice cream directly from the container while the lock remains attached. The husband re-enters, laughing at her workaround, and they exchange words as she continues eating, looking exasperated but amused. The tone is lighthearted domestic prank comedy focused on diet control within a marriage.",hook,True,strong,我和女朋友拍'冰淇淋锁'：一个人给冰淇淋上锁说帮对方减肥，另一个直接拿刀锯开盖子照吃，on-screen text 写'减肥锁vs吃货',couple-domestic-comedy,2,True,,False,,us-likely,@theblondebrewer 为美国创作者，英文,False
2026-10-10,general,42,https://www.instagram.com/reel/DePknoBu6tN,@bjsm1tty_,43000,1900,,21500.0,0.0,0,,2026-10-08,2,True,"In a daylight apartment complex parking lot, a group of five young men gather around a blue sedan. An on-screen caption reads 'POV: the girl you mess with On th","In a daylight apartment complex parking lot, a group of five young men gather around a blue sedan. An on-screen caption reads 'POV: the girl you mess with On the low name get brought up.' One man sits on the car's hood while his friends stand around him, loudly teasing him about a secret girl. The seated man reacts with laughter, disbelief, covering his face, and animated hand gestures denying the claim. The others point at him, shout, and laugh together, escalating the playful confrontation. At one point, another man gets into the driver's seat of a nearby gray Toyota and talks from inside before returning outside. The interaction is entirely verbal and physical gesturing—no violence occurs—and remains lighthearted despite the loud tone and heavy profanity. The video ends with the group still engaged in the back-and-forth banter.",personality,False,weak,,group-banter,2,False,需要5个男生群戏，两人拍不了,False,,us-likely,英文，美式兄弟群戏语境,False
2026-10-10,general,43,https://www.instagram.com/reel/DeOTNtXITtW,@kashishkapoor302,43000,96,,21500.0,0.0,0,,2026-10-08,2,True,"In what appears to be an airport or mall food court (with a 'The Green House' bar visible), a young man in an open blue striped shirt sits and begins to ask som","In what appears to be an airport or mall food court (with a 'The Green House' bar visible), a young man in an open blue striped shirt sits and begins to ask someone off-camera, 'bro do you want to go to...' A young woman in a dark blue Calvin Klein bralette and brown pants, holding a beer bottle, immediately cuts him off with 'let's go.' The man reacts with confusion ('uhhh...'), then protests 'bro I didn't even finish speaking,' while she repeats 'let's go' and walks away drinking. He stands up, now holding two beers, and exclaims with frustration, 'f*ck u mean let's go?!' The clip is a short comedic skit built on the interruption and exaggerated reaction, featuring revealing clothing, alcohol use, and strong language.",hook,True,strong,我和女朋友在美食广场拍'话没说完就被打断'：一个人刚开口'要不要去…'，另一个立刻'走！'，反复几次把人气炸，on-screen text 写POV文案,duo-dialogue-comedy,3,True,,False,,unknown,英文对白，作者地域不明,False
2026-10-10,general,44,https://www.instagram.com/reel/DeTX2JazLOD,@baravalentino_,20000,160,,20000.0,0.0,0,,2026-10-10,0,True,"A young man and woman sit side-by-side at a wooden table indoors, each holding a large glass mug of iced coffee with straws. The setting is a simple room with w","A young man and woman sit side-by-side at a wooden table indoors, each holding a large glass mug of iced coffee with straws. The setting is a simple room with white walls and a colorful framed picture in the background. Throughout the clip, they sip their drinks, exchange glances, and engage in playful non-verbal communication. The man, wearing a beige t-shirt with black lettering, leans his head onto the woman's shoulder; she, in a white sleeveless top, smiles and gently pats his head. He then reclines back in his chair with eyes closed, feigning sleep, while she stands up behind the chair and begins to dance energetically, moving her arms and flipping her long hair. The entire sequence is set to a continuous Russian-language pop song with male vocals. The overall tone is casual, affectionate, and comedic, depicting a relatable moment of couple banter.",personality,False,weak,,couple-lifestyle,2,True,,False,,unknown,俄语流行歌曲，地域不明,False
2026-10-10,general,45,https://www.instagram.com/reel/DeOkpgmpb2S,@alifhiafitri,120000,1600,,20000.0,0.286,2,,2026-10-08,2,True,The video shows a young couple in a modern home kitchen. A woman wearing a hijab and beige cardigan is cooking at the stove. A man in a black shirt approaches f,"The video shows a young couple in a modern home kitchen. A woman wearing a hijab and beige cardigan is cooking at the stove. A man in a black shirt approaches from behind, and she offers him a taste from a spoon. After tasting, he reacts with a smile, then walks away from the kitchen through a living area and out to the front driveway. Outside, he begins a highly theatrical, comedic performance — leaning against a wall, gesturing dramatically to the sky, and making an exaggerated high-pitched vocalization as if overcome by the food's flavor. The woman follows him outside and stands leaning against the wall with her arms crossed, watching him with a flat, unimpressed expression. The tone is playful and humorous, portraying a relatable domestic moment where the husband overacts to tease his wife about her cooking.",personality,False,strong,我和女朋友拍'试吃反应'：一个人做菜让对方尝，尝的人跑到门外浮夸表演'好吃到升天'，做菜的一脸无语抱臂看，on-screen text 写内心OS,couple-food-skit,4,True,,False,,unknown,英文对白，作者戴hijab疑似东南亚，地域不明,False
2026-10-10,general,46,https://www.instagram.com/reel/DePUBtSp25T,@itsqcp,84000,510,,18000.0,0.143,1,,2026-10-08,2,True,A woman arrives home carrying brown paper grocery bags from Bristol Farms and asks a man at the door to make her pasta carbonara. Inside their modern white kitc,"A woman arrives home carrying brown paper grocery bags from Bristol Farms and asks a man at the door to make her pasta carbonara. Inside their modern white kitchen, he begins preparing the dish—dicing pancetta, frying it, grating cheese, and whisking eggs with cheese and pepper—while she becomes distracted. She kneels to play with two dogs, then walks to a garage, gets into a white McLaren convertible, and later dances through hallways and up stairs, calling down 'it smells great.' While he drains the cooked pasta, she retreats to a music studio, puts on headphones, and blasts loud electronic music, dancing enthusiastically, which frustrates him. After he combines the pasta with the egg-cheese sauce and plates it, she returns, shaves fresh truffle over the dish, and they share the meal together at the counter, both smiling and eating. The video concludes with a clip from the TV show 'Victorious' featuring the same actress. Culture moment=Love Zombie by Victoria Justice; significance=References Victoria Justice's music release, tying the skit to her artist persona.; origin=Victoria Justice music",high_cost,False,weak,,couple-cooking-skit,1,False,需要超跑、音乐工作室等高成本布景，不可复制,False,,us-likely,Bristol Farms购物袋，@itsqcp 美国语境,False
2026-10-10,general,47,https://www.instagram.com/reel/DePWR4zxuSr,@katstickler,100000,450,,17000.0,0.143,1,,2026-10-08,2,True,"A woman performs a comedic POV skit as 'the friend who'll do anything to not let you get back with your toxic ex.' Outdoors near a building and fountain, she re","A woman performs a comedic POV skit as 'the friend who'll do anything to not let you get back with your toxic ex.' Outdoors near a building and fountain, she reacts dramatically to a text from 'Justin,' deletes his number from her phone, and refuses to let a car voice assistant call him, saying 'he's not good for you.' She then gets into a car with a drink, drives the friend away, and claims they arrived at the ex's location before ordering them out. The skit culminates outside a house where she handcuffs the friend's wrist, pulls them away while saying 'better your wrist than your dignity' and 'I love you,' physically preventing them from seeing the ex. The tone is exaggerated, playful, and protective, with expressive facial reactions and gestures throughout.",template,True,strong,我一人分饰两角或和女朋友拍'阻止你和前任复合的朋友'：删号码、抢方向盘、最后拿手铐铐住，on-screen text 写'POV：那个不让你吃回头草的闺蜜',pov-friendship,3,True,,False,,us-likely,英文，@katstickler 美国创作者,False
2026-10-10,general,48,https://www.instagram.com/reel/DeO0pU1RPwW,@lilduval,34000,6800,,17000.0,0.0,0,,2026-10-08,2,True,The video is shot from a fixed camera angle in a cluttered living room with an electric fireplace. A man in a gray hoodie sits on the floor playing a video game,"The video is shot from a fixed camera angle in a cluttered living room with an electric fireplace. A man in a gray hoodie sits on the floor playing a video game. A woman in a black hoodie and pink sweatpants stands nearby holding a long object, then approaches and attacks him. A physical struggle erupts, with both falling to the rug and wrestling near a beige couch. A second woman in a black crop top and patterned pajama pants emerges from behind the couch and tries to break up the fight. The man eventually overpowers the first woman, lifts her, and drags her across the room and out the front door. The on-screen text presents the scene as a humorous 'POV' about ending a polyamorous relationship, but the visual content is a chaotic, aggressive domestic altercation.",personality,False,none,,staged-fight,1,False,内容是肢体冲突式'玩笑'，不适合账号调性且有安全风险,False,,us-likely,@lilduval 为美国喜剧人,False
2026-10-10,general,49,https://www.instagram.com/reel/DeTMvkXO8Yg,@theshaderoom,17000,1200,,17000.0,0.0,0,,2026-10-10,0,True,"A man and woman sit on a white couch in a bright living room, presented as 'quality time during football season.' The man wears a brown Cleveland Browns #1 jers","A man and woman sit on a white couch in a bright living room, presented as 'quality time during football season.' The man wears a brown Cleveland Browns #1 jersey and holds a football, intensely watching and loudly reacting to a game off-camera with animated facial expressions and vocalizations. The woman, wearing a light gray 'CLEVELAND' sweatshirt and denim shorts, sits beside him with a bowl of popcorn, initially trying to engage but increasingly showing boredom, eye-rolls, and deadpan stares at the camera. She eats popcorn throughout. At one point the man stands up celebrating, she claps sarcastically, and they share a brief laugh before he sits back down still focused on the game. On-screen text reads 'POV: quality time with my man during football season' and '#TSRCutTheFoolery 😂🏈'. The tone is lighthearted, comedic, and relatable, depicting the common dynamic of a sports-obsessed partner. Culture moment=NFL football season; significance=References common cultural experience of partners being ignored during games.; origin=American football fandom culture",template,True,strong,我和女朋友拍'球赛季的高质量陪伴'：一个人看球赛激动大喊，另一个抱着爆米花翻白眼对镜头，on-screen text 写'POV：球赛季和男朋友的二人世界',couple-pov-skit,2,True,,False,,us-likely,Cleveland Browns球衣，@theshaderoom 美国语境,False
2026-10-10,general,50,https://www.instagram.com/reel/DeP2Uoqhmk-,@antxana,40000,99,,17000.0,0.143,1,,2026-10-08,2,True,"In a dimly lit Mexican restaurant with purple-blue ambient lighting and a black tufted booth, a man with curly hair and a beard wearing a black t-shirt sits at ","In a dimly lit Mexican restaurant with purple-blue ambient lighting and a black tufted booth, a man with curly hair and a beard wearing a black t-shirt sits at a table with chips and a large margarita. On-screen text reads, ""who you looking good for your boyfriends?"" He gestures while speaking. The camera cuts to a woman with long dark hair in a red and yellow ""Daddy's"" shirt, eating elote (Mexican street corn) on a stick. She replies ""yeah!"" The man then has a plate with a burrito-like dish topped with sauce and pickled onions. The woman later asks, ""who you looking good for your girlfriends?"" while holding a quesadilla, and he answers ""yeah!"" while cutting his food. After more eating and gesturing, the woman stands up and walks away from the booth, leaving the food on the table. The background audio is an upbeat pop song with female vocals. The tone is casual, comedic, and conversational, centered on food and playful relationship teasing.",personality,False,strong,我和女朋友在墨西哥餐厅拍'打扮给谁看'：互相问'你打扮这么好看给谁看'，边吃边斗嘴，on-screen text 写问答文案,couple-food-skit,4,True,,False,,us-likely,美国墨西哥餐厅，英文对白,False
2026-10-10,general,51,https://www.instagram.com/reel/DeO1l_jChxc,@aaditi_ingle07,31000,230,,15500.0,0.0,0,,2026-10-08,2,True,A short-form social media clip features a young man and woman posing in front of a dense wall of red and white flowers. On-screen text reads 'Before eating 😩'. ,"A short-form social media clip features a young man and woman posing in front of a dense wall of red and white flowers. On-screen text reads 'Before eating 😩'. In this segment, the man is smiling broadly at the camera while the woman beside him looks away with an annoyed, pouty expression, eventually crossing her arms and looking upward impatiently. The scene transitions to text reading 'After eating 🥰'. The woman is now seated at a table, happily taking large bites of a burger. Later, the setting shifts to an outdoor nighttime location with curtains in the background. Both are smiling; the man, now wearing glasses, films selfie-style as the woman embraces him from behind, laughs, and kisses his cheek. The overall tone is lighthearted and comedic, playing on the relatable idea that food improves mood and affection in a relationship.",hook,True,strong,和女朋友拍'吃饭前黑脸 vs 吃完笑脸'前后对比，on-screen text 写 Before eating / After eating,duo-food-skit,8,True,,True,cluster 在近2日库中重复出现,unknown,作者疑似印度背景，无明确美国标记,False
2026-10-10,general,52,https://www.instagram.com/reel/DeQMLV0B-BL,@preston4ndersonn,25000,72,,15000.0,0.143,1,,2026-10-09,1,True,The video is a short comedic skit presented as a POV meme. It opens in color with a young man in a white tank top and Spider-Man pajama pants cooking chicken nu,"The video is a short comedic skit presented as a POV meme. It opens in color with a young man in a white tank top and Spider-Man pajama pants cooking chicken nuggets in a kitchen while laughing at his phone. On-screen text reads: 'POV: How it feels sending Reels to the same person every morning.' The scene then shifts to black-and-white to depict the metaphor: the same man, now dressed as a paperboy on a bicycle, rides down a suburban street and throws a rolled-up newspaper onto a front door mat. A second young man opens the door, picks up the paper, and begins reading it with exaggerated excitement and laughter. The 'newspaper' is revealed to be pages filled with printed Instagram Reel thumbnails. The audio features a playful voiceover saying, 'Extra extra read all about it. Hot off the press. Frankie boy oh boy this one's real knee slapper. Wow that's funny,' reinforcing the joke that receiving daily Reels feels like getting a personalized morning newspaper. The tone is wholesome, relatable, and humorous. Culture moment=POV meme format; significance=Leverages the popular 'POV:' structure to make everyday digital interaction feel cinematic and relatable.; origin=TikTok/Reels short-form comedy trend",template,True,strong,我和朋友演'每天给同一个人发 20 条 reel'，POV 是他收到'早报'的夸张反应,pov-relatable,8,True,,False,,us-likely,英语+郊区街道+美国文化梗,False
2026-10-10,general,53,https://www.instagram.com/reel/DePkDZEzN2-,@iamsajidshahid,67000,200,,15000.0,0.143,1,,2026-10-08,2,True,"The video shows a man and woman inside a car, likely in a parking garage at night. The man, wearing a white t-shirt with a red maple leaf, is driving and buckle","The video shows a man and woman inside a car, likely in a parking garage at night. The man, wearing a white t-shirt with a red maple leaf, is driving and buckled in. The woman in the passenger seat holds a white COACH shopping bag and wears a blue embroidered top. They have an animated, humorous argument in Hindi. The woman repeatedly asks for money/a bag, claiming she needs it, while the man insists he has no money. She escalates by jokingly blaming him for getting her pregnant 'by deceit,' referencing their child. He responds defensively and playfully, denying responsibility and making jokes. At one point she exits the frame briefly, then returns. The interaction ends with both laughing together, indicating the exchange was staged comedic banter rather than a serious conflict. The tone is lighthearted, domestic, and relatable couple humor.",hook,True,strong,和女朋友在车里演'要买包 vs 没钱'的中文版情侣斗嘴,duo-couple-dialogue,5,True,,False,,non-us,全 Hindi 对白+印度语境,False
2026-10-10,general,54,https://www.instagram.com/reel/DeS0ETpTNdR,@simjazz8,15000,450,,15000.0,0.0,0,,2026-10-10,0,True,"A man and a woman stand together indoors, likely in a hotel room, with the text 'Someone please tell her 😂' overlaid at the top. The man wears an olive turtlene","A man and a woman stand together indoors, likely in a hotel room, with the text 'Someone please tell her 😂' overlaid at the top. The man wears an olive turtleneck sweater, white pants, and a black head covering, while the woman wears a green floral cardigan over a dark top and a purple polka-dot skirt. Throughout the clip, they interact playfully as if posing for a picture—the woman adjusts her stance, looks at the camera, talks, laughs, and glances up at the man, who mostly stands still with his hands clasped in front of him before eventually smiling. A small child in a matching green top appears at the bottom of the frame, reaching up to hold the man's hands. The overall tone is affectionate and humorous, capturing a candid, relatable family moment.",personality,False,weak,,candid-couple-moment,1,True,,False,,unknown,无明确地域标记,False
2026-10-10,general,55,https://www.instagram.com/reel/DeSdK_lS45o,@brookemonk,15000,61,,15000.0,0.0,0,,2026-10-09,1,True,"A young woman films a POV-style prank titled 'Pranking my boyfriend that I can cook.' She begins by telling her boyfriend she's hungry, then moves to the kitche","A young woman films a POV-style prank titled 'Pranking my boyfriend that I can cook.' She begins by telling her boyfriend she's hungry, then moves to the kitchen where she prepares a meal using store-bought Bibigo Cooked Sticky White Rice (microwaved for 90 seconds), ground beef browned in a pan with taco seasoning, and toppings including guacamole, shredded cheese, sour cream, and salsa. She assembles everything in a white bowl and presents it to her boyfriend, who is sitting at a table on his phone. He tastes the dish, reacts positively saying it looks good and tastes great, and asks why the rice is so good. She laughs and reveals the rice was pre-made, holding up the package. He expresses exaggerated shock and amusement, calling her out playfully. The tone is cheerful, affectionate, and comedic, typical of couple content on social media.",hook,True,strong,拍'假装我会做饭'prank——用预制米饭+调料冒充厨艺，看男朋友反应,couple-prank,2,True,,False,,us-likely,英语，Brooke Monk 为美国创作者,False
2026-10-10,general,56,https://www.instagram.com/reel/DeMnBsWA_Fu,@rakshit_wahi_official,44000,1100,,14666.7,0.0,0,,2026-10-07,3,True,A young man wearing a green 'ILLINOIS' polo shirt performs a nighttime outdoor skit against a wall marked 'NO PARKING'. On-screen text identifies him as 'That o,"A young man wearing a green 'ILLINOIS' polo shirt performs a nighttime outdoor skit against a wall marked 'NO PARKING'. On-screen text identifies him as 'That one self proclaimed dark humour friend' (@rakshit_wahi_official). Throughout the clip, he delivers an energetic, panicked monologue in Hindi with highly animated expressions—eyes wide, mouth open, hands clutching his head—and moves between standing by the wall and near bushes. His performance mimics someone telling a shocking dark joke, using rapid speech and physical comedy to convey mock horror and excitement. The tone is comedic and intentionally over-the-top, designed to embody the stereotype of a friend who proudly tells edgy jokes.",hook,True,weak,,character-stereotype,4,True,,False,,non-us,Hindi+印度语境,False
2026-10-10,general,57,https://www.instagram.com/reel/DeLy40vsDy9,@ashif_star,44000,86,,14666.7,0.0,0,,2026-10-07,3,True,"The video depicts a casual outdoor dining scene, likely at a street-food stall in South Asia. A young man wearing a blue 'FORCE' t-shirt and a backward pink cap","The video depicts a casual outdoor dining scene, likely at a street-food stall in South Asia. A young man wearing a blue 'FORCE' t-shirt and a backward pink cap sits at a table under colorful umbrellas, eating rice and curry from a green leaf plate. He talks animatedly, gestures, and drinks water from a plastic bottle, showing expressive reactions. Another young man in a beige 'BURBERRY LONDON' t-shirt stands nearby holding a menu for 'SPICY PARK,' engaging in conversation with him. The setting includes brick walls, greenery, and simple plastic furniture. The tone is informal and comedic. The video concludes with cutaway clips of men laughing heartily into microphones, including one recognizable as footballer Zinedine Zidane, serving as a punchline reaction to the preceding dialogue.",hook,True,none,,streetfood-comedy,2,True,,False,,non-us,南亚街头小吃摊场景,False
2026-10-10,general,58,https://www.instagram.com/reel/DeNxXg_xXNR,@neharajput_____,29000,71,,14500.0,0.0,0,,2026-10-08,2,True,"A woman with long dark hair, wearing a black ribbed top and sunglasses perched on her head, films herself selfie-style outdoors in a sunny grassy park with tree","A woman with long dark hair, wearing a black ribbed top and sunglasses perched on her head, films herself selfie-style outdoors in a sunny grassy park with trees in the background. Throughout the clip she lip-syncs energetically to a fast-paced Hindi/Bhojpuri track, displaying a range of expressive facial reactions — smiling broadly, opening her mouth wide, sticking out her tongue playfully, winking, and laughing. On-screen text at the top reads ""बात मानी धनिया के.."" followed by monkey-covering-eyes, heart, and heart-eyes emojis. A small animated American flag sticker is overlaid in the lower right corner. The overall tone is lighthearted, affectionate, and performative, consistent with a casual social media lip-sync video.",audio_meme,True,none,,lip-sync-performance,1,True,,False,,unknown,Hindi 内容+美国旗贴纸，diaspora 不明,False
2026-10-10,general,59,https://www.instagram.com/reel/DePLdgHhVS5,@nicky.cass,27000,180,,13500.0,0.0,0,,2026-10-08,2,True,"A man in a pink button-down shirt performs a short comedy sketch in a dining room, captioned 'THE RESTAURANT OWNER WHEN HE WANTS YOU TO TRY FOOD.' He carries a ","A man in a pink button-down shirt performs a short comedy sketch in a dining room, captioned 'THE RESTAURANT OWNER WHEN HE WANTS YOU TO TRY FOOD.' He carries a small plate with a block of cheese to a wooden table, sets it down, and speaks directly to the camera as if addressing a customer. He encourages the viewer to try the cheese, takes a bite himself, and then reveals with a laugh that while it tastes like authentic Parmigiano-Reggiano from Italy, it is actually from Kentucky. His performance includes animated hand gestures, leaning over the table, and expressive facial reactions typical of a pushy but well-meaning restaurateur. The setting is a domestic interior with a chandelier, plants, and mirrors in the background. The overall tone is playful and relatable, poking fun at hospitality culture.",hook,True,none,,character-stereotype,4,True,,False,,us-likely,英语+美国餐饮文化梗,False
2026-10-10,general,60,https://www.instagram.com/reel/DeLMge1OPjX,@buildbyjessy,39000,840,,13000.0,0.0,0,,2026-10-07,3,True,"The video is a split-screen POV skit captioned 'POV: the flirting got a little too real 😭'. On the left, a young man in a blue-lit room wearing headphones and a","The video is a split-screen POV skit captioned 'POV: the flirting got a little too real 😭'. On the left, a young man in a blue-lit room wearing headphones and a black hoodie reacts to a video call. On the right, a woman in a pink-lit room wearing a light pink long-sleeve shirt engages in flirtatious interaction. They exchange smiles and singing, with background music playing. The flirtation escalates when the woman leans in, licks her lips, and then drops to her hands and knees, turning her back to the camera to prominently display her rear end. The man reacts with wide-eyed shock, leans back, then gets down on the floor himself, laughing. The clip ends with both laughing, and the man shouting loudly, 'We are too grown! Yo, your neighbors hate me, my nigga, that ass!' The tone is comedic and awkward, portraying online flirting that becomes physically suggestive.",hook,True,weak,,duo-split-screen,1,True,,False,,us-likely,英语+美国俚语,False
2026-10-10,general,61,https://www.instagram.com/reel/DeR4sR8gRKD,@fitdadceo,13000,360,,13000.0,0.0,0,,2026-10-09,1,True,A single creator performs a multi-character comedy sketch about generational reactions to 'nasty' music. Opening as 'Dad' in a Philadelphia Eagles hoodie and 'D,"A single creator performs a multi-character comedy sketch about generational reactions to 'nasty' music. Opening as 'Dad' in a Philadelphia Eagles hoodie and 'DADDY' hat, he reacts with shock and amusement to loud hip-hop playing, with on-screen text setting up the premise. He then switches to portray 'Millennials' in a pink t-shirt, sitting at a desk, listening with a knowing smirk before removing his glasses. Finally, he appears as 'Gen X' in a plaid shirt, dancing energetically with exaggerated expressions in front of a framed Tyrese Maxey jersey. Throughout, the audio is dominated by a high-energy rap track filled with sexual euphemisms about bodies and drinking. The skit uses quick cuts, physical comedy, and props like Lego figures and a Spider-Man statue to emphasize the humorous disconnect between generations hearing the same provocative lyrics. Culture moment=Generational music debate meme; significance=Plays on the common trope that each generation thinks the next's music is too explicit, flipping it to show older generations embraced explicit content first.; origin=Viral TikTok/Reels format comparing Gen Z, Millennial, and Gen X reactions",template,True,none,,multi-character-skit,2,True,,False,,us-likely,费城老鹰队+美国代际文化,False
2026-10-10,general,62,https://www.instagram.com/reel/DeT6FHNoIKn,@4everjoeyy,13000,280,,13000.0,0.0,0,,2026-10-10,0,True,The video is a short comedic skit presented as 'POV: YOU HAVE A CRUSH ON YOUR FRIEND'S MUM.' A young man named Joey/Sam arrives at a home and is greeted by his ,"The video is a short comedic skit presented as 'POV: YOU HAVE A CRUSH ON YOUR FRIEND'S MUM.' A young man named Joey/Sam arrives at a home and is greeted by his friend's mother, a woman with long wavy hair wearing a tight black dress and a floral robe. While she moves around the kitchen making tea and talking on the phone, the young man sits on the couch and narrates his internal thoughts. He describes her as exceptionally beautiful, saying 'beauty does lie in the eyes of the beholder' and 'I am a proud beholder,' and fantasizes about marrying her, changing his last name, and overcoming his childhood trauma because of her. He notes she is 46 years old and jokes 'age is just a number.' The woman remains unaware of his thoughts, eventually asking him for help with the Wi-Fi password. The tone is lighthearted and flirtatious, relying on the taboo premise and the contrast between his exaggerated internal admiration and the mundane domestic setting.",hook,True,none,,pov-relatable,8,True,,False,,us-likely,英语,False
2026-10-10,general,63,https://www.instagram.com/reel/DeSwf4ZsRHV,@_justjessiiii,12000,25,,12000.0,0.0,0,,2026-10-10,0,True,"In a hair extension store identifiable by wall displays of tape-in products and a neon 'tape ins' sign, a muscular man in a white tank top, black cap, and short","In a hair extension store identifiable by wall displays of tape-in products and a neon 'tape ins' sign, a muscular man in a white tank top, black cap, and shorts sits on a curved bench holding papers and a pen, acting as an assistant. Next to him, a woman in a cream sweater, black leggings, and sunglasses talks animatedly while gesturing. On-screen text reads 'when your boyfriend doubles as your assistant.' The audio reveals they are discussing post-New York plans to contact someone named Leslie to minimize press coverage of 'another divorce' that will be 'splashed across page six,' with the woman imagining what will be written about her. The interaction is lighthearted and staged for social media, portraying a relatable couple dynamic where personal life and business overlap.",hook,True,strong,和女朋友演'男朋友=私人助理'，讨论奇葩计划时他一本正经记笔记,duo-couple-dialogue,5,True,,False,,us-likely,英语+纽约/Page Six 梗,False
2026-10-10,general,64,https://www.instagram.com/reel/DeSF5_NNvQ0,@zakiusthegreat,12000,680,,12000.0,0.0,0,,2026-10-09,1,True,"The video is a staged comedy skit set in an ornate, red-walled dining room resembling a colonial plantation house. On-screen text reads 'POV: The First White Sl","The video is a staged comedy skit set in an ornate, red-walled dining room resembling a colonial plantation house. On-screen text reads 'POV: The First White Slave To Try Soul Food 😂🍗'. A shirtless white man with a beard sits at a long table eating fried chicken and cornbread with extreme enthusiasm. Around him, Black actors dressed in 18th-century costumes (tricorn hats, lace coats, period dresses) play masters and fellow slaves. The dialogue is modern and profane, with characters arguing, threatening to whip the white man, and repeatedly using the slur 'wigger.' One character delivers a sexual innuendo about preferring to 'get between her breasts' instead of the spicy chicken. Women fan themselves, hold babies, and react with shock or amusement. The scene plays as a satirical role-reversal about slavery and soul food, using exaggerated reactions, anachronistic language, and confrontational humor.",high_cost,False,none,,satire-skit,1,False,需要多演员+古装+场地，半天拍不完,False,,us-likely,美国奴隶制讽刺题材,False
2026-10-10,general,65,https://www.instagram.com/reel/DeSJ3uZC8IR,@comestayawhile,12000,180,,12000.0,0.0,0,,2026-10-09,1,True,"On a sunlit front porch with stacked firewood in the background, a man sits in a wooden rocking chair while two young blonde boys stage a pretend restaurant. Th","On a sunlit front porch with stacked firewood in the background, a man sits in a wooden rocking chair while two young blonde boys stage a pretend restaurant. The younger boy, wearing a red hoodie and shorts, acts as the primary server, holding a printed 'Restaurant Order' menu and a green pen. He approaches the man to take his order, confirming he got the salad and asking if he's ready to eat. The older boy, in a black shirt and pants, also participates as a server, bringing toy food items from a colorful plastic basket. Their dialogue, captured in subtitles, plays out the joke of bad service: the customer notes his Diet Coke is missing, corrects the drink order to 'strawberry and lemon,' and complains that he ordered carrots 'a long time ago.' The children earnestly respond, checking the menu, offering ketchup or ranch, and running back and forth to fulfill the order. The tone is warm, playful, and familial, capturing a candid moment of childhood imagination during what appears to be late afternoon.",personality,False,none,,kids-roleplay,1,False,需要小孩演员，成人无法还原,False,,us-likely,美国郊区门廊,False
2026-10-10,general,66,https://www.instagram.com/reel/DeS0ajug_ur,@naznotfunny,11000,76,,11000.0,0.0,0,,2026-10-10,0,True,"A young man wearing glasses and a dark cap holds a phone to his ear in a room with blue LED strip lighting, performing a POV comedy skit. On-screen text reads, ","A young man wearing glasses and a dark cap holds a phone to his ear in a room with blue LED strip lighting, performing a POV comedy skit. On-screen text reads, 'POV: those voicemails that made you think you were talking to someone.' He acts out listening to a voicemail, repeatedly asking 'what time are you free?' and responding as if in a live conversation, showing confusion when there is no answer. The audio reveals the joke: the voicemail is one-sided, and another voice eventually says, 'Stupid guy, look at you, you're not talking to nobody.' The tone is humorous and relatable, capturing the awkward experience of mistaking a recorded message for an interactive call.",hook,True,weak,,pov-relatable,8,True,,False,,us-likely,英语,False
2026-10-10,general,67,https://www.instagram.com/reel/DeOfjO6OSgy,@nicholasflannery,21000,390,,10500.0,0.0,0,,2026-10-08,2,True,A single performer presents a comedic skit framed by on-screen text 'POV: the girl your boyfriend told you not to worry about.' The performer appears male (visi,"A single performer presents a comedic skit framed by on-screen text 'POV: the girl your boyfriend told you not to worry about.' The performer appears male (visible mustache and beard) but wears a long blonde wig, a tight low-cut gray vest over large prosthetic breasts, and light jeans, with tattoos on both arms. Speaking directly to the camera as if addressing a boyfriend's girlfriend, he adopts an overly friendly, flirtatious persona named 'Josh's friend,' referencing how they met, claiming closeness ('like brother and sister in Alabama'), and commenting on the viewer's appearance. Throughout, he maintains eye contact, smiles, touches his hair, and holds a beer bottle, taking sips. Midway he puts on a black pinstripe blazer over the vest while continuing the banter. The tone is playful and satirical, leaning into the trope of the threateningly attractive 'other woman,' using exaggerated femininity and sexualized body presentation for humor. No other people appear; background is a plain indoor room with abstract wall art.",hook,True,none,,character-stereotype,4,True,,False,,us-likely,英语,False
2026-10-10,general,68,https://www.instagram.com/reel/DePv5tkSWjE,@kiocyr,67000,230,,10000.0,0.143,1,,2026-10-08,2,True,"A young man with dark curly hair, wearing a tight black t-shirt and dark cargo pants, stands in a modern kitchen holding a small green food item (appears to be ","A young man with dark curly hair, wearing a tight black t-shirt and dark cargo pants, stands in a modern kitchen holding a small green food item (appears to be a grape). On-screen text reads 'POV: you remember something embarrassing you did years ago.' He chews thoughtfully, then his expression shifts to realization and discomfort. He looks upward, grimaces, turns his back to the camera with hands on his hips, and stands still as if frozen by the memory. He then turns back to face forward, maintains a pained expression, and finally shouts 'FUCK!' loudly. The video is a short, comedic skit portraying the visceral, cringe reaction to recalling a past embarrassment, ending with the expletive as the emotional release.",hook,True,weak,,pov-relatable,8,True,,False,,us-likely,英语,False
2026-10-10,general,69,https://www.instagram.com/reel/DeMXhq8OyRx,@saddu_s2__,190000,1400,,10000.0,0.286,2,,2026-10-07,3,True,"This is a short comedic skit alternating between two speakers. A young man in a red t-shirt sits outdoors against artificial grass, reacting with wide-eyed shoc","This is a short comedic skit alternating between two speakers. A young man in a red t-shirt sits outdoors against artificial grass, reacting with wide-eyed shock, pointing, and exaggerated facial expressions. Intercut is a woman wearing a pink patterned sari with head covering, speaking directly to camera indoors with text 'WAIT FOR END 😂' overlaid. The Hindi dialogue centers on her claiming she came to his room alone at 2 AM, leading to accusations of spreading bad reputation, with the man denying and reacting dramatically. The video uses color-to-desaturated cuts for emphasis on his reactions. It concludes with a popular meme clip of an older man laughing hysterically, serving as the punchline. The tone is lighthearted, playful, and relies on implied sexual tension for humor without showing any explicit content.",hook,True,strong,情侣演'凌晨两点来我房间'的误会斗嘴，我翻白眼她一本正经,duo-couple-dialogue,5,True,,False,,non-us,Hindi+印度语境,False
2026-10-10,general,70,https://www.instagram.com/reel/DeNB9ajs8Wx,@abraz.khan_91,130000,600,,10000.0,0.143,1,,2026-10-07,3,True,"A young man in a pink t-shirt and a young woman in a yellow floral top sit at a colorful outdoor cafe table with ice cream, a slice of cake, a smartphone, car k","A young man in a pink t-shirt and a young woman in a yellow floral top sit at a colorful outdoor cafe table with ice cream, a slice of cake, a smartphone, car keys, and a stack of Indian 500-rupee notes. The woman explains a game in Hindi: each will put their hand on their own favorite items on the table. After counting 'One, two, three,' the video cuts to a close-up of hands over the cash, then to the man's shocked face. The scene shifts to the woman indoors looking angrily at her phone. The final scene shows the man in bed, heavily bandaged on his head, arm, and leg, with a red-painted nose and fake blood, portraying a comedic consequence of the game. The tone is lighthearted and skit-like.",challenge,True,strong,和女朋友玩'手按最爱的东西'游戏，桌上摆零食和现金，输家搞笑受罚,duo-food-skit,8,True,,True,cluster 在近2日库中重复出现,non-us,Hindi+卢比现金,False
2026-10-10,general,71,https://www.instagram.com/reel/DeLxXPeqmyV,@sirfmridul,130000,460,,10000.0,0.143,1,,2026-10-07,3,True,A man in a green-and-white striped shirt and a woman in a yellow-and-black striped shirt sit at a glass dining table eating a meal of flatbread and curry from p,"A man in a green-and-white striped shirt and a woman in a yellow-and-black striped shirt sit at a glass dining table eating a meal of flatbread and curry from plates. An on-screen text reads 'Never interrupt while eating.' The woman repeatedly tries to talk to the man while he is eating, leading to a comedic, escalating argument in Hindi. She insists she will eat only one piece and is trying to control her intake, while he complains that she interrupts him and points out she has already eaten multiple pieces. Both gesture expressively, show exaggerated frustration, and trade lines about hunger, portion size, and being disturbed during meals. The interaction is playful but tense, typical of a relatable couple skit about mealtime etiquette, ending with the man standing up from the table.",hook,True,strong,和女朋友演'吃饭时别打断我'的斗嘴，on-screen text 写内心 OS,duo-food-skit,8,True,,True,cluster 在近2日库中重复出现,non-us,Hindi 对白,False
2026-10-10,general,72,https://www.instagram.com/reel/DeRg0bQh6Xm,@ruhiiiiiiiiii,9300,1,,9300.0,0.0,0,,2026-10-09,1,True,"The video presents a two-scene comedic skit set in a home. In the first daytime scene, a man in a light blue polo shirt and white shorts stands by a dining tabl","The video presents a two-scene comedic skit set in a home. In the first daytime scene, a man in a light blue polo shirt and white shorts stands by a dining table talking to a woman seated there in a black-and-white striped outfit who is looking at her phone. He gestures while speaking, hands her some cash, and she takes it, stands up, and walks out of the room through a wooden door. The setting includes a dining table with flowers and wall decor reading 'Eat'. In the second nighttime scene, the same woman is asleep in bed under a blanket. The man enters the dark bedroom and leans over her holding a phone with its flashlight on, playing back an audio clip. The audio features Hindi dialogue where he asks how many snores she makes at night, she denies snoring, and he responds 'okay, here' before a loud snoring sound effect plays, implying he recorded her. The tone is playful and relatable, depicting a common couple dynamic about snoring.",hook,True,strong,半夜录下女朋友打呼声，第二天放给她听看她反应,couple-prank,2,True,,False,,non-us,Hindi 对白,False
2026-10-10,general,73,https://www.instagram.com/reel/DeP7hbVDLl0,@cam2r,34000,50,,9000.0,0.143,1,,2026-10-08,2,True,A young man and woman sit at a white kitchen counter for a 'Don't Eat The Wasabi' challenge. On a wooden board are about 15 small fried nuggets. The man uses a ,"A young man and woman sit at a white kitchen counter for a 'Don't Eat The Wasabi' challenge. On a wooden board are about 15 small fried nuggets. The man uses a tube to place green wasabi on one nugget without the woman seeing. They then alternate taking turns wearing a black sleep mask, using a fork to pick a nugget and eat it, trying to avoid the wasabi. The woman goes first, eats safely, then the man, also blindfolded, picks and eats a safe nugget. They continue rearranging the nuggets and taking turns, with the woman removing her blindfold between turns to move pieces around. The man eventually eats the wasabi nugget, reacting with surprise and heat, while the woman laughs. The game continues with them lining up remaining nuggets and picking again until only a few are left. The tone is playful and casual, set in a modern home interior, with no sexual content, violence, or profanity.",challenge,True,strong,和女朋友玩'别吃到芥末'盲吃挑战，食材换成水饺或寿司,challenge-game,3,True,,False,,us-likely,英语,False
2026-10-10,general,74,https://www.instagram.com/reel/DeSXTk8BmX6,@colejernstedt,8500,26,,8500.0,0.0,0,,2026-10-09,1,True,"Four young men stand against a plain white wall indoors. On-screen text reads 'Aura.' A man in the center wearing a black polo shirt, gray pants, and a mustache","Four young men stand against a plain white wall indoors. On-screen text reads 'Aura.' A man in the center wearing a black polo shirt, gray pants, and a mustache stands with hands in his pockets maintaining a serious expression. The three men around him react with loud laughter, pointing, clapping, and bending over. The video transitions to black and white to emphasize the comedic moment. The tone is playful and lighthearted, depicting friends teasing one member for his confident, unbothered demeanor while the background features a hip-hop track with male vocals. Culture moment=aura meme; significance=References the internet slang where 'aura' denotes personal charisma or vibe, used here for comedic effect.; origin=TikTok/Reels slang trend",template,True,weak,,friend-group-meme,1,True,,False,,us-likely,英语+aura 美国俚语梗,False
2026-10-10,general,75,https://www.instagram.com/reel/DeQT2IQsOE7,@lianev,8200,150,,8200.0,0.0,0,,2026-10-09,1,True,The video presents a first-person perspective skit set in a casual restaurant. A woman wearing a light blue baseball cap and white sweatshirt sits at a table wi,"The video presents a first-person perspective skit set in a casual restaurant. A woman wearing a light blue baseball cap and white sweatshirt sits at a table with a large salad and sweet potato fries, looking visibly annoyed and eating silently. The scene cuts to a man in a red and white trucker hat and white graphic tee at the same table, also eating quietly and refusing to engage. After a brief moment where he turns his back to her, the camera reveals they have moved to separate booths across the dining room, continuing to eat alone while pointedly ignoring each other. The persistent on-screen text 'POV: You made plans but argued on the way there' frames the entire clip as a humorous, relatable depiction of post-argument tension during what was supposed to be a shared meal. The tone is lighthearted and observational, with no dialogue, only background instrumental music, emphasizing the uncomfortable silence between the two people.",hook,True,strong,和女朋友演'吵完架去吃饭'——全程零对话，on-screen text 写 POV: 你们在去的路上吵了一架,duo-food-skit,8,True,,True,cluster 在近2日库中重复出现,us-likely,英语+美国餐厅场景,False
2026-10-10,general,76,https://www.instagram.com/reel/DeRZNhBOrUC,@ayaannn_indori_09_,8100,81,,8100.0,0.0,0,,2026-10-09,1,True,The video is a short comedic skit filmed outdoors during late afternoon. A young man wearing a white graphic sweatshirt and a backward brown cap sits on a black,"The video is a short comedic skit filmed outdoors during late afternoon. A young man wearing a white graphic sweatshirt and a backward brown cap sits on a black scooter and addresses the camera directly. He enthusiastically invites viewers to his house that evening for a lavish meal including chilli chicken, mutton, korma, ras malai, burger, pizza, and momos, then jokes that he will explain the harms of eating them. The on-screen caption reads 'Muh Me Pani Agaya Tha' with crying-laughing emojis, referencing the mouth-watering effect of the food list. The video cuts between his animated monologue and reaction shots of two other young men squatting on the ground, eating and laughing together, followed by a black-and-white clip of them laughing hard, and finally a separate clip of a young boy laughing hysterically while holding a small food cup. The overall tone is humorous and relatable, playing on the common experience of craving street food while knowing it may be unhealthy.",hook,True,none,,food-monologue,1,True,,False,,non-us,Hindi+印度街头,False
2026-10-10,general,77,https://www.instagram.com/reel/DeMwe-fJmZ2,@wockkingdaggerr,24000,160,,8000.0,0.0,0,,2026-10-07,3,True,"The video is a short POV skit about relationship betrayal. A man dressed in all red with a red headwrap walks down a hallway toward a door, with on-screen text ","The video is a short POV skit about relationship betrayal. A man dressed in all red with a red headwrap walks down a hallway toward a door, with on-screen text reading 'POV: you go to surprise her at the Halloween party she went to.' His expression shifts from hopeful to shocked as he peeks inside. The video cuts to a clip of another man calling out 'Sarah' before embracing and kissing a woman, implying the protagonist's partner is cheating. The scene returns to the man in red, who stares at the camera with a hurt, stunned expression before turning away. The tone is comedic-tragic, playing on the familiar meme of arriving to surprise a partner only to discover infidelity. Background audio is a smooth R&B-style song with male vocals.",hook,True,none,,pov-relatable,8,True,,False,,us-likely,英语,False
2026-10-10,general,78,https://www.instagram.com/reel/DeSVoUPSuu2,@kylanedwardss,8000,8,,8000.0,0.0,0,,2026-10-09,1,True,"On a sunny day at an outdoor American football field, a man in black athletic wear kneels on the turf acting as a holder for a field goal. The on-screen text re","On a sunny day at an outdoor American football field, a man in black athletic wear kneels on the turf acting as a holder for a field goal. The on-screen text reads 'POV: trying things that look MAD easy,' setting up the premise that kicking a football is harder than it looks. From the kicker's point-of-view, the holder adjusts the football repeatedly, with audio dialogue instructing him to turn the laces outward and tilt the ball for better leverage ('Give me a little bit of leverage...'). The camera pans across the field showing the goalposts and distant kicker, then returns to the holder who smiles after the adjustments. The clip captures a brief, relatable moment of attempting a professional-looking sports skill and finding it challenging. Culture moment=POV trying things that look easy trend; significance=Participates in viral social media format where creators test deceptively simple tasks.; origin=TikTok/Reels POV challenge culture",challenge,True,weak,,pov-challenge,1,True,,False,,us-likely,美式足球场景,False
2026-10-10,general,79,https://www.instagram.com/reel/DeMocRlBG_N,@corporate.bro,23000,140,,7666.7,0.0,0,,2026-10-07,3,True,"The video opens with on-screen text: 'POV: your boss shows you a ""funny"" video but promotion season is coming.' In a modern office kitchen area, two men stand a","The video opens with on-screen text: 'POV: your boss shows you a ""funny"" video but promotion season is coming.' In a modern office kitchen area, two men stand at a counter. The man on the right, holding a smartphone and a coffee cup, shows something to the man on the left who is at a laptop. Initially, the left man has a pained, uncomfortable expression. He then forces a wide smile and begins laughing loudly, pointing at the phone and leaning in as if highly amused, while the right man also laughs. The left man's laughter becomes increasingly exaggerated until he bends over the counter. The camera angle then shifts to show him looking directly into the lens with a flat, deadpan, resigned expression while continuing to type, as the boss behind him keeps laughing heartily. A gentle solo piano piece plays throughout the clip, providing ironic contrast to the comedic tension.",hook,True,weak,,workplace-skit,1,True,,False,,us-likely,英语+美国职场文化,False
2026-10-10,general,80,https://www.instagram.com/reel/DeLNC45RZCE,@neharajput_____,22000,280,,7333.3,0.0,0,,2026-10-07,3,True,"A woman with long dark hair, wearing green medical scrubs with a stethoscope around her neck and sunglasses perched on her head, films herself selfie-style outd","A woman with long dark hair, wearing green medical scrubs with a stethoscope around her neck and sunglasses perched on her head, films herself selfie-style outdoors in a sunny parking lot with trees and cars in the background. An American flag sticker is overlaid on her chest, and Hindi text at the top reads ""राजा याद आवता.. 💯🫶🙈"" (roughly ""The king comes to mind..""). Throughout the clip she displays a range of expressive facial reactions—smiling broadly, laughing, making playful faces, and appearing to sing or speak along to a lively male-vocal folk song playing in the background. The overall tone is cheerful, nostalgic, and casual, consistent with a personal social media post. Culture moment=Bhojpuri trending song reel; significance=Leverages popular regional music to connect with diaspora audience.; origin=Bhojpuri music trend on Instagram",audio_meme,True,none,,lip-sync-performance,1,True,,False,,unknown,Hindi+美国旗贴纸，diaspora 不明,False
2026-10-10,general,81,https://www.instagram.com/reel/DeLM8ZWxNs3,@neharajput_____,22000,91,,7333.3,0.0,0,,2026-10-07,3,True,"A woman with long dark hair, wearing a black ribbed top and sunglasses pushed up on her head, films herself selfie-style in a sunny green park with trees behind","A woman with long dark hair, wearing a black ribbed top and sunglasses pushed up on her head, films herself selfie-style in a sunny green park with trees behind her. She smiles broadly, laughs, and appears to be singing or speaking enthusiastically to the camera. Persistent on-screen text at the top reads 'नवरात्र आईल हो.. 🙏🙏' (Hindi for 'Navratri has arrived'), and a small American flag emoji is in the lower right corner, suggesting she is part of the Indian diaspora in the US. The audio features an upbeat traditional Indian folk song with male vocals, consistent with Navratri celebrations. The overall tone is warm, festive, and welcoming, marking the start of the Navratri festival. Culture moment=Navratri; significance=Navratri is a major nine-night Hindu festival celebrating the goddess Durga, widely observed by Indian diaspora.; origin=India",audio_meme,True,none,,lip-sync-performance,1,True,,False,,unknown,Hindi+国旗 emoji，diaspora 不明,False
2026-10-10,general,82,https://www.instagram.com/reel/DeOvxkhCeMV,@_gogo2728,13000,8,,6500.0,0.0,0,,2026-10-08,2,True,"In an outdoor urban plaza at dusk, a woman with long reddish-brown hair wearing a dark striped top sits on a magenta Suzuki scooter, while a man with styled hai","In an outdoor urban plaza at dusk, a woman with long reddish-brown hair wearing a dark striped top sits on a magenta Suzuki scooter, while a man with styled hair and a beard, wearing a white t-shirt under a black-and-grey plaid shirt, stands leaning on the hood of a red car. Behind them are trees, parked scooters, cars, and a stone pedestal with a horse statue. The two perform a short comedic dialogue in Hindi. She initiates by asking for his Rapido OTP; he responds by jokingly offering his ATM card instead of the code. Their banter continues about spending habits — she claims women spend on those they love, he counters by offering a joint account, she notes she spent more on her previous boyfriend, and he concludes he will marry her. Both use expressive facial reactions, smiles, and hand gestures throughout. The tone is playful and romantic-comedic, ending with mutual smiling.",hook,True,strong,和女朋友演'要打车验证码 vs 直接给银行卡'的中文版情侣斗嘴,duo-couple-dialogue,5,True,,False,,non-us,Hindi+Rapido，印度语境,False
2026-10-10,general,83,https://www.instagram.com/reel/DePmkq0PvTy,@eva.pepaj,43000,2300,,6000.0,0.143,1,,2026-10-08,2,True,"A woman in a red top and blue jeans stands outside a storefront and interacts with four different men, each introduced by on-screen text referencing penis size:","A woman in a red top and blue jeans stands outside a storefront and interacts with four different men, each introduced by on-screen text referencing penis size: 'Guys with 2 inches,' '5 inches,' '8 inches,' and '11 inches.' In the first scenario, a man lies on the ground at the doorway and she steps over him, saying 'thanks baby.' In the second, a man in a black sleeveless shirt holds the door open for her as she passes through. In the third, the same man holds the door, she approaches, and they share a brief kiss before entering together. In the fourth, a barefoot man in a white tank top carrying shoes walks ahead of her into the store. The audio includes casual dialogue ('Thank you so much baby,' 'You're sexy,' 'Damn a little faster next time'). The entire clip is a comedic skit using sexual innuendo about male anatomy to structure the interactions, with no nudity or explicit acts shown.",hook,True,none,,suggestive-skit,1,False,需要多位男演员+店面场景，内容偏露骨,False,,us-likely,英语,False
2026-10-10,general,84,https://www.instagram.com/reel/DeMa-ZRgsfr,@ksenia_velart,31000,500,,6000.0,0.286,2,,2026-10-07,3,True,"In a home kitchen, a man in a black shirt and a woman in a white shirt sit at a table with two inverted white bowls covering plates. The woman initially arrange","In a home kitchen, a man in a black shirt and a woman in a white shirt sit at a table with two inverted white bowls covering plates. The woman initially arranges the setup, then brings water glasses and a green can of beverage. She lifts her bowl to reveal several cooked shrimp on wooden skewers, dips them in a small dish of red sauce, and eats them while making audible chewing sounds. The man does not lift his bowl; he rests his head on his hand, watches her, sips his drink, and occasionally gestures. The woman continues eating all the shrimp from her plate. After she finishes and leaves the frame, the man finally lifts his own bowl to reveal an empty plate with only leftover skewer sticks, looking surprised and disappointed. The video has a casual, lighthearted tone focused on the contrast between her eating and his waiting.",hook,True,strong,和女朋友玩'掀碗'游戏——她掀开是虾，我掀开是空盘,duo-food-skit,8,True,,True,cluster 在近2日库中重复出现,unknown,无语言/地域标记，东欧风格名字,False
2026-10-10,general,85,https://www.instagram.com/reel/DeSPhvwxgqt,@jcmartinez.pr,5900,520,,5900.0,0.0,0,,2026-10-09,1,True,"A young couple films a playful shopping challenge inside a Marshalls department store. The woman, wearing a yellow polka-dot romper, starts by covering her eyes","A young couple films a playful shopping challenge inside a Marshalls department store. The woman, wearing a yellow polka-dot romper, starts by covering her eyes while the man selects items for her. He picks a white-and-black striped t-shirt, silver sequined pants, brown platform sandals, a brown-and-white cow-print duffel bag, and sunglasses, which she later tries on. The man, wearing a gray striped polo and blue cap, then shops for himself, selecting a dark skull-pattern button-up shirt, studded jeans, neon green sunglasses, GAP slippers, and a green plaid bucket hat. In the fitting room area, they model their chosen outfits together — she in the striped tee, sparkly pants, and cow bag; he in the skull shirt, jeans, hat, and neon glasses — laughing and posing for the camera. The tone is cheerful, affectionate, and comedic throughout. Culture moment=couples blindfold outfit-picking trend; significance=Participates in viral social media challenge where partners choose clothes for each other.; origin=TikTok/Reels couples challenge format",challenge,True,strong,和女朋友去商场玩'蒙眼给对方挑衣服'，试穿展示,challenge-game,3,True,,False,,us-likely,Marshalls+英语,False
2026-10-10,general,86,https://www.instagram.com/reel/DeNQSm6Ofas,@yurilamasbella,50000,90,,5000.0,0.143,1,,2026-10-07,3,True,This is a POV comedy skit titled 'POV: YOU DIDN'T REACT RIGHT TO YOUR GF'S GESTURE.' A woman in light gray pajamas and a pink headband attempts several thoughtf,"This is a POV comedy skit titled 'POV: YOU DIDN'T REACT RIGHT TO YOUR GF'S GESTURE.' A woman in light gray pajamas and a pink headband attempts several thoughtful acts for her partner. First in the kitchen, she places a mug of coffee on the island and says 'Oh, I made you coffee,' but after his muted response she takes it back. Next, outside, she wheels a large trash bin down the driveway, explaining she was doing it because he was sleeping, and again accepts his indifferent reply before putting the bin away. Inside by the front door, she brings in a takeout bag and says she got him food since she didn't cook, then walks away when he declines. Finally, at a gas station wearing a brown jumpsuit, she pumps gas into his red car while he's on the phone, saying she wanted to get a head start, and he tells her she didn't have to. The video ends with her saying 'Babe, relax.' The tone is lighthearted and relatable, highlighting how small gestures can fall flat without enthusiastic appreciation.",hook,True,strong,演'女朋友的好意总被冷淡回应'——倒咖啡、倒垃圾、买外卖、加油四个小场景串剪,pov-relatable,8,True,,False,,us-likely,英语,False
2026-10-10,general,87,https://www.instagram.com/reel/DeQggnpCASX,@the_xo_team,4900,4,,4900.0,0.0,0,,2026-10-09,1,True,"In a modern interior lit with blue and purple ambient light, a young woman and a young man sit side-by-side at a wooden table. The woman, wearing a white tank t","In a modern interior lit with blue and purple ambient light, a young woman and a young man sit side-by-side at a wooden table. The woman, wearing a white tank top under a white zip-up hoodie with her hair in a bun, eats orange cheese puffs from a large wooden bowl. The man, wearing a white graphic hoodie and a black smartwatch, eats from a small white bowl with a spoon. He picks up one of her cheese puffs, inspects it closely, brings it to his nose, and reacts with an exaggerated look of distaste without eating it. The woman watches him, then takes a napkin and wipes his fingers. She then takes the puff from him, holds it up triumphantly, and eats it herself while he continues eating from his own bowl. The tone is casual, playful, and comedic, set to upbeat background music.",hook,True,strong,和女朋友吃零食演'嫌弃对方的零食又忍不住偷吃'，on-screen text 写内心 OS,duo-food-skit,8,True,,True,cluster 在近2日库中重复出现,us-likely,英语,False
2026-10-10,general,88,https://www.instagram.com/reel/DeSGskKPf6U,@iamcreesummer,4800,55,,4800.0,0.0,0,,2026-10-09,1,True,"Two people perform a short comedic skit indoors in front of an arched doorway with red curtains. On the left, a person with braided hair wears a white collared ","Two people perform a short comedic skit indoors in front of an arched doorway with red curtains. On the left, a person with braided hair wears a white collared shirt, patterned sweater vest, and dark trousers. On the right, a person with long braids wears a wide-brimmed tan hat, a red and cream satin jacket, and a gold feathered skirt, accessorized with multiple bracelets and necklaces. They begin by leaning toward the camera with exaggerated surprised expressions, mouths open. The woman speaks, saying 'I'm so sorry I'm late. Traffic was crazy.' As she speaks, on-screen text reading 'The Traffic' appears at the bottom. Both then strike poses—hands on hips, arms crossed, looking off-camera with playful annoyance—while a brief comedic musical sting plays. The tone is theatrical and humorous, playing on the familiar excuse of traffic for tardiness.",hook,True,strong,和女朋友演'迟到借口'，on-screen text 打出'The Traffic'，夸张摆拍,duo-couple-skit,1,True,,False,,us-likely,英语,False
2026-10-10,general,89,https://www.instagram.com/reel/DePqghRy0Xk,@swayy.2500,8200,190,,4100.0,0.0,0,,2026-10-08,2,True,"A young man with dreadlocks and arm tattoos films himself in a mirror, wearing a black t-shirt and a black cloth over his head like a bonnet, performing a POV s","A young man with dreadlocks and arm tattoos films himself in a mirror, wearing a black t-shirt and a black cloth over his head like a bonnet, performing a POV skit titled 'POV: that one girl answering questions on IG.' He holds his phone and reacts to Instagram question stickers that say 'Don't be shy 😏.' He responds playfully to compliments ('Thank you girly 💕💕'), flirtatious messages ('Wtm 👀' answered with 'Idk you tell me 🤔'), invitations ('Club on Friday? 😉' answered enthusiastically), and crude comments ('I'll suck a fart out yo ass 😂' answered with 'Boy Don't you got a girlfriend? 🤔'). The video cuts between mirror selfies and him lying down, with changing background music from artists like Yung Miami, Future, Sexyy Red, and GloRilla. The tone is comedic, flirtatious, and intentionally over-the-top, using slang, emojis, and exaggerated facial expressions to parody how some users engage in IG Q&As.",hook,True,none,,character-stereotype,4,True,,False,,us-likely,英语+美国俚语,False
2026-10-10,general,90,https://www.instagram.com/reel/DePKLclPeuK,@official_funcho_,23000,17,,4000.0,0.143,1,,2026-10-08,2,True,"A young man with curly hair, a beard, glasses, and a brown leopard-print shirt is featured throughout a daytime outdoor video set on city sidewalks and at stree","A young man with curly hair, a beard, glasses, and a brown leopard-print shirt is featured throughout a daytime outdoor video set on city sidewalks and at street food stalls in India. The persistent on-screen text 'IS IT JUST ME OR.....' frames the clip as a relatable social observation. He begins seated at a table, then proceeds to interact with multiple people to sample their food. He is fed a bite by an off-camera hand, then approaches a man in a brown shirt and blue cap holding a sandwich, asks for a piece, and eats it with enjoyment. He later holds a newspaper cone filled with bhel puri, picks out pieces, and eats them while smiling. At a food cart, he talks with a vendor in a white t-shirt, receives a vada pav loaded with fried toppings, and takes large bites. In another scene, he accepts a small item (likely pani puri) from the same vendor and eats it. The final segment shows him inside a shop with colorful Hindi posters about pani puri on the wall, where he is served a plate of pani puri, eats one, and reacts with exaggerated delight. The audio consists of casual Hindi conversation about ordering food ('samose khaega?', 'pav dena', 'cornato khaega na') and background ambient street noise with occasional music. The overall tone is cheerful, playful, and focused on the joy of sharing and tasting Indian street food.",personality,False,none,,streetfood-comedy,2,True,,False,,non-us,Hindi+印度街头小吃,False
2026-10-10,general,91,https://www.instagram.com/reel/DeQCWKEhRAt,@pasmagic,7900,81,,3950.0,0.0,0,,2026-10-08,2,True,"Two young men sit at a white marble table indoors and perform a series of quick, lighthearted magic-style demonstrations for the camera. First, they split a Dou","Two young men sit at a white marble table indoors and perform a series of quick, lighthearted magic-style demonstrations for the camera. First, they split a Double Stuf Oreo and show each half, then pretend to magically reassemble it. Next, one holds a scrambled Rubik's Cube and claims he can solve it instantly; the other shows a picture of a solved cube, and the first man then displays a now-solved cube. They repeat the gag with packs of Trident and Juicy Fruit gum, making them appear and disappear. A handwritten note reading 'YOU SUCK' is shown as part of the joke. They continue with a red lollipop that changes to blue, and a small red ball that changes to green. The final trick involves a black box where one man pretends to put his fingers inside and make them vanish, culminating in him raising his middle finger. Throughout, both react with exaggerated surprise and laughter, maintaining a playful, friendly tone.",hook,True,weak,,duo-magic-gag,1,True,,False,,us-likely,英语,False
2026-10-10,general,92,https://www.instagram.com/reel/DeQClLGOVHu,@stephany.liriano,11000,330,,3500.0,0.143,1,,2026-10-08,2,True,"A Spanish-speaking couple presents a skit about marriage, framed by the recurring text 'ESTAR CASADO ES'. In alternating scenes inside a car at a McDonald's dri","A Spanish-speaking couple presents a skit about marriage, framed by the recurring text 'ESTAR CASADO ES'. In alternating scenes inside a car at a McDonald's drive-thru and on a couch at home, they debate their different ways of finishing an iced coffee. The woman explains she can't leave the 'fondito' (last sip) and enjoys it slowly for over an hour, stirring the ice and making sounds. The man says he drinks his immediately, removes the lid, and finishes it 'like a normal person.' They playfully accuse each other of being strange and envious, ending by asking the audience how they drink their 'fondito.' The tone is comedic, affectionate, and conversational, with no profanity, violence, or mature content. Culture moment=relatable marriage humor; significance=Taps into widespread social media trend of couples sharing everyday disagreements for comedy.; origin=Latin American couple-sketch format popular on Instagram Reels",hook,True,strong,和女朋友演'冰咖啡最后一口怎么喝'的中文版夫妻斗嘴，车里+沙发两场景,duo-food-skit,8,True,,True,cluster 在近2日库中重复出现,non-us,西语+拉美情侣格式,False
2026-10-10,general,93,https://www.instagram.com/reel/DeSz-4ypk7V,@ownitbabe,3500,52,,3500.0,0.0,0,,2026-10-10,0,True,"In a brightly lit grocery store frozen food aisle, a woman with long dark hair wearing a white cardigan, maroon top, and dark jeans opens a freezer door. On-scr","In a brightly lit grocery store frozen food aisle, a woman with long dark hair wearing a white cardigan, maroon top, and dark jeans opens a freezer door. On-screen text shows her asking, ""do you wanna share this with me?"" The scene cuts to a man in a green jacket holding a red shopping basket who responds, ""no I'm good. but you should get it."" The woman then holds up a box of ""Premium"" ice cream sandwiches, smiles at the camera, turns, places the item back in the freezer, closes the door, and walks away down the aisle past other freezers labeled ""ICEBOX SIMPLE SOLUTIONS."" The tone is casual and lightly flirtatious, depicting a common retail interaction.",hook,True,weak,,retail-food-skit,1,True,,False,,us-likely,美国超市+英语,False
2026-10-10,general,94,https://www.instagram.com/reel/DeO-F3ttcWW,@arslankhan_official,6600,110,,3300.0,0.0,0,,2026-10-08,2,True,"In a brightly lit home interior with a spiral staircase in the background, a man in a dark button-down shirt sits facing the camera while a woman in a colorful ","In a brightly lit home interior with a spiral staircase in the background, a man in a dark button-down shirt sits facing the camera while a woman in a colorful pink and orange traditional dress stands behind him holding a smartphone. She complains in Hindi that her internet is running very slowly. The man responds with a joke, telling her to connect it 'with her tongue' (""jabaan se connect kar le""), delivering the line as a sexual innuendo. The woman reacts with exaggerated shock, confusion, and annoyance, gesturing and speaking back to him while he continues to address the camera with expressive hand movements and facial expressions. After the exchange, loud South Asian pop music begins playing over the scene. The overall tone is a lighthearted, comedic couple skit centered on the double-meaning punchline.",hook,True,weak,,duo-couple-dialogue,5,True,,False,,non-us,Hindi 对白,False
2026-10-10,general,95,https://www.instagram.com/reel/DeLPxJAuKtp,@anaalexofficial,9600,87,,3200.0,0.0,0,,2026-10-07,3,True,The video is a short comedic skit filmed from a first-person perspective. On-screen text reads 'POV you're getting robbed but your fav song is on.' A young woma,"The video is a short comedic skit filmed from a first-person perspective. On-screen text reads 'POV you're getting robbed but your fav song is on.' A young woman wearing a black sports bra, black leggings, large headphones, and a white headband walks through a modern lobby carrying a bright pink bag. A man dressed in dark clothing with a black balaclava and LA cap approaches and attempts to steal the bag. Instead of panicking, the woman resists while dancing to the music playing in her headphones, smiling and moving her body. The two engage in a playful tug-of-war over the bag, with the camera alternating between views of the woman kneeling and dancing, and the man pulling back. Midway, the man pulls down his balaclava, revealing his face, and he too begins to smile, stick his tongue out, and dance along while still holding the bag. The interaction remains lighthearted throughout, with both participants clearly performing for the camera, ending with them still playfully struggling over the pink bag as the music continues.",hook,True,weak,,pov-relatable,8,True,,False,,us-likely,英语+LA 帽,False
2026-10-10,general,96,https://www.instagram.com/reel/DeSBNAap283,@letrileylive,3100,1,,3100.0,0.0,0,,2026-10-09,1,True,"A short-form drama from Candy Shorts depicts a married couple, Anna and her husband, at their front door. Anna announces her college best friend Riley Reed will","A short-form drama from Candy Shorts depicts a married couple, Anna and her husband, at their front door. Anna announces her college best friend Riley Reed will stay for the week, surprising her husband who recognizes Riley's name. Riley arrives with luggage, wearing a green crop top and tight jeans, and is welcomed warmly by Anna. While Anna is away, Riley begins flirting with the husband: she gives him a shoulder massage while he works from home, saying they can 'keep each other company'; she appears in a black bikini by the pool, bending over provocatively; she peeks through a doorway whispering 'good boy'; and she touches his foot under a table. In the kitchen, holding an apple, she tells him, 'Anna said you both watched my stuff. It's okay, it's kind of a compliment.' The video concludes with a promotional screen reading 'LINK IN BIO' for Candy Shorts, indicating it is an advertisement for adult-themed short content.",hook,True,none,,drama-promo,1,False,需要多演员+专业制作，属短剧广告,False,,us-likely,英语+美国短剧推广,False
2026-10-10,general,97,https://www.instagram.com/reel/DeNlmN-CdL3,@jeenie.weenie,62000,110,,3000.0,0.286,2,,2026-10-07,3,True,"A single actress plays multiple roles in an airplane cabin skit. Dressed as a flight attendant in a red uniform, she delivers a pre-ordered vegetarian meal (ric","A single actress plays multiple roles in an airplane cabin skit. Dressed as a flight attendant in a red uniform, she delivers a pre-ordered vegetarian meal (rice with vegetables) to herself as a passenger wearing a brown sweater and plaid scarf. A second passenger, a blonde woman in a gray sweater, comments that meals will be out shortly. The first passenger begins eating immediately, prompting the blonde to scold her for poor etiquette, saying she should wait until the whole row is served and asking 'where are your manners?' The first passenger sarcastically agrees, says she'll make it up, and invites the blonde to follow her. She leads her to the lavatory area near an EXIT sign, gestures 'after you ma'am,' and the scene cuts to stock footage of a person in light clothing falling through the sky away from an airplane. The tone is comedic and exaggerated, using the relatable annoyance of in-flight dining order to deliver an absurd, violent punchline.",template,True,none,,multi-character-skit,2,False,需要机舱布景+空姐制服，道具不简单,False,,us-likely,英语,False
2026-10-10,general,98,https://www.instagram.com/reel/DeMvvOgBmfx,@lionfieldmusic,50000,170,,3000.0,0.286,2,,2026-10-07,3,True,"The video alternates between two scenes: a kitchen where women attempt to flip an uncooked pizza with a large peel, and a living room where three judges score e","The video alternates between two scenes: a kitchen where women attempt to flip an uncooked pizza with a large peel, and a living room where three judges score each attempt. In the kitchen, a woman in a white top first tries and fails to lift the pizza, followed by others including a woman in a striped shirt, a woman in black, and finally a chef in a green apron who is on her phone. Each attempt is met with cheering or laughter from onlookers. After each kitchen attempt, the scene cuts to the three judges — a woman in red, a man in white, and a man in a blue Italy jersey — who hold up handwritten scores. Early attempts receive low scores like 2/10 and 3/10, improving to 5/10 and 6.5/10, until the chef's successful one-handed flip earns unanimous 10/10 scores and celebratory reactions. The entire clip is set to an upbeat Italian song about a baker, creating a playful, competitive atmosphere.",challenge,True,weak,,challenge-game,3,False,需要多人+评委配置+翻披萨技巧，双人难还原,False,,unknown,意大利语歌曲+意大利球衣，无明确美国标记,False
2026-10-10,general,99,https://www.instagram.com/reel/DeSEwkTPQbb,@teairawalker,2900,150,,2900.0,0.0,0,,2026-10-09,1,True,"In a sunlit outdoor cabana with beige curtains, a shirtless man wearing a red baseball cap sits across from a woman in a white sleeveless dress and white sungla","In a sunlit outdoor cabana with beige curtains, a shirtless man wearing a red baseball cap sits across from a woman in a white sleeveless dress and white sunglasses. Both have plates of food — he holds a large plate with waffles topped with blueberries and whipped cream, she has a plate with berries, grapes, and half a grapefruit. A bowl of french fries sits on the table between them. The man speaks animatedly, gesturing toward her plate while saying he would never eat a plate like hers and calling himself a visionary, joking that if their plates were compared for 'royalty,' his would be chosen. The woman listens, smiles, laughs, and responds while holding a fork. The interaction is relaxed and playful, with natural daylight and resort-style lounge furniture in the background.",hook,True,strong,和女朋友演'我的早餐盘 vs 她的早餐盘谁更高级'，互相吐槽,duo-food-skit,8,True,,True,cluster 在近2日库中重复出现,us-likely,英语,False
2026-10-10,general,100,https://www.instagram.com/reel/DeMqTc0tnjP,@hey_this_is_abi,8100,41,,2700.0,0.0,0,,2026-10-07,3,True,"The video is a short, indoor skit labeled 'Pov:siblings for no reason 😂'. A woman in a blue traditional outfit sits in a brown leather chair while a man in a fl","The video is a short, indoor skit labeled 'Pov:siblings for no reason 😂'. A woman in a blue traditional outfit sits in a brown leather chair while a man in a floral shirt walks up behind her making a goofy face. She reacts, stands up, and playfully hits him on the head and back as he ducks and laughs. They continue the lighthearted chase around the chair, both smiling and laughing, embodying the stereotypical annoying-but-affectionate sibling interaction. The setting appears to be a modern home or salon with tiled floors and contemporary decor. The tone is purely comedic and affectionate, with no dialogue, only ambient sounds and laughter, ending with a loud sound effect as they play.",hook,True,strong,和朋友演'手足日常'——绕着椅子追打闹的无对白小品,sibling-skit,1,True,,False,,non-us,传统服饰+印度语境,False
