scan_date,niche,rank,url,author,likes,comments,likes_gained_since_last,velocity_per_day,velocity_confidence,days_tracked,first_seen_date,posted_date,recency_days,is_fresh,title,description,mechanic,replicable,niche_fit,angle_idea,format_cluster,spread_count,feasible,feasible_note,saturated,saturation_reason,geo_fit,geo_note,picked_for_tomorrow
2026-10-03,pet,1,https://www.instagram.com/reel/Dd-oOH9Tva0,@unknown,4400000,12000,0,4400000.0,0.0,0,2026-10-03,2026-10-02,1,True,"In a dimly lit dance studio illuminated by overhead spotlights, a low-angle camera captures a golden retriever puppy standing center-frame wearing a colorful blue bandana. Behind the dog, two young wo","In a dimly lit dance studio illuminated by overhead spotlights, a low-angle camera captures a golden retriever puppy standing center-frame wearing a colorful blue bandana. Behind the dog, two young women perform a synchronized, upbeat dance routine. Throughout the clip, the dog remains mostly stationary, bobbing its head, shaking its ears, and looking directly into the lens while the dancers execute coordinated moves including hair flips, arm raises, hip sways, and jumps. The audio features an energetic pop track with a female vocalist repeatedly chanting ""one two three"" and other lyrics. The ",hook,True,weak,,live-comedy-pet-cameo,1,False,需小狗配合点头看镜头，猫大概率直接走开,False,,unknown,英语创作者，无明确地域标记,False
2026-10-03,pet,2,https://www.instagram.com/reel/Dd_Lp4MN-j4,@unknown,310000,1800,0,310000.0,0.0,0,2026-10-03,2026-10-02,1,True,"A young woman with light brown hair films herself outside a closed interior door, explaining via on-screen text that she locked herself out and asked her roommate's cat to open it. She speaks to the c","A young woman with light brown hair films herself outside a closed interior door, explaining via on-screen text that she locked herself out and asked her roommate's cat to open it. She speaks to the camera with exaggerated encouragement, looking up at the silver lever handle. While she holds the phone, her other hand reaches up and repeatedly presses down on the handle, mimicking what a cat might do. She laughs, smiles broadly, and continues coaching ('just press it down,' 'keep trying'). After several attempts, the door suddenly swings open inward. The camera tilts to reveal the inside of an ",hook,True,weak,,pet-skits-human,2,False,需猫按指令推开门把手开门，配合度不可控,False,,unknown,英语创作者，无明确地域标记,False
2026-10-03,pet,3,https://www.instagram.com/reel/Dd_n1N_KczL,@unknown,270000,650,0,270000.0,0.0,0,2026-10-03,2026-10-02,1,True,"A short social media reel posted by @ringodanyan featuring their cat Ringo, a brown tabby, being cradled on its back in someone's lap. The cat stares directly at the camera with large, wide eyes throu","A short social media reel posted by @ringodanyan featuring their cat Ringo, a brown tabby, being cradled on its back in someone's lap. The cat stares directly at the camera with large, wide eyes throughout. Overlaid white text and a male voiceover deliver a comedic 'reality check': 'You are not a street cat. You wouldn't make it 5 minutes on the streets. You are a privileged cat that gets three meals a day. You drink out of water fountains and you sleep in a king size bed. You are not for the streets.' The tone is affectionate and playful, contrasting the cat's serious expression with the idea",template,True,strong,抱着猫怼脸拍，配音'你不是流浪猫，你是三顿干饭加饮水机的少爷命，装什么深沉',pet-voiceover-skit,2,True,,True,"cluster 'pet-voiceover-skit' seen on 2026-10-01,2026-10-03, 6 distinct authors cumulatively",unknown,英语创作者，无明确地域标记,False
2026-10-03,pet,4,https://www.instagram.com/reel/DeAS3gmiqh6,@unknown,270000,900,0,270000.0,0.0,0,2026-10-03,2026-10-02,1,True,The video is a first-person animated story told from the perspective of a golden retriever whose job is to protect its family. A narrator describes how one day a strange hooded figure with glowing red,"The video is a first-person animated story told from the perspective of a golden retriever whose job is to protect its family. A narrator describes how one day a strange hooded figure with glowing red eyes approaches the house. The dog notices before anyone else, its muscles lock, ears go forward, and it starts barking loudly. The stranger, revealed to be a delivery person in disguise, drops his package and walks away, scared off by the dog. The family is unaware of the danger. The next day the same figure returns, and the dog barks again, driving him off — marked on screen as 'FAMILY SAVED II",high_cost,False,none,,animated-pet-story,1,False,全片动画制作，半天剪不完,False,,unknown,英语动画号，无明确地域标记,False
2026-10-03,pet,5,https://www.instagram.com/reel/Dd_27-guEWr,@unknown,250000,1000,0,250000.0,0.0,0,2026-10-03,2026-10-02,1,True,"A creator known for wholesome dog content stages a two-part Halloween prank with his golden retriever, Teddy, in Greenville, SC. First, he carries a large, light-up golden retriever statue into a cust","A creator known for wholesome dog content stages a two-part Halloween prank with his golden retriever, Teddy, in Greenville, SC. First, he carries a large, light-up golden retriever statue into a custom stone doghouse built into the wall and places it inside. Teddy approaches cautiously, sniffs the opening, and stares in confusion at the fake dog, which has illuminated collar lights. Later, at night outside a Lowe's Home Improvement Warehouse, Teddy is shown looking at Halloween displays featuring a Pennywise the Clown animatronic. The video cuts to the clown's box at home, then to the bedroom",hook,True,weak,,pet-reaction,3,False,需宠物对道具产生戏剧化反应，猫大概率躲开；惊吓玩法对猫不友好,True,"cluster 'pet-reaction' seen on 2026-10-01,2026-10-03, 10 distinct authors cumulatively",us-likely,拍摄地美国南卡罗来纳州格林维尔,False
2026-10-03,pet,6,https://www.instagram.com/reel/DeALUdTow_V,@abhinav.nanda93,210000,2300,0,210000.0,0.0,0,2026-10-03,2026-10-02,1,True,"This is a short comedic Reel posted October 2, 2026 by creator Abhinav Nanda (@abhinav.nanda93) from Bangalore, Karnataka. The on-screen text reads 'When you forget to feed your dramatic dog 🐶🥺😳'. The","This is a short comedic Reel posted October 2, 2026 by creator Abhinav Nanda (@abhinav.nanda93) from Bangalore, Karnataka. The on-screen text reads 'When you forget to feed your dramatic dog 🐶🥺😳'. The video opens with the man in bed under a floral blanket, initially hiding his face, then sitting up with an exasperated, tired expression while making soft whining sounds. The scene cuts to his black and tan Doberman Pinscher sitting upright on a couch. The dog performs the punchline, emitting loud, prolonged, theatrical whines and howls, opening its mouth wide and rolling its eyes for effect, wit",hook,True,strong,开饭时间故意晚十分钟，抓拍猫扒碗哀嚎，配音'朕的御膳呢？本宫要饿晕了',pet-food-tease,2,True,,False,,non-us,创作者在印度班加罗尔,False
2026-10-03,pet,7,https://www.instagram.com/reel/Dd_uwmdxnPe,@unknown,190000,1100,0,190000.0,0.0,0,2026-10-03,2026-10-02,1,True,"A male host with curly hair and a beard presents his 'dogs we're good' weekly countdown, featuring five dog stories. At #5, Cobra, described as aggressive but passive, carries his metal food bowl to h","A male host with curly hair and a beard presents his 'dogs we're good' weekly countdown, featuring five dog stories. At #5, Cobra, described as aggressive but passive, carries his metal food bowl to his owner on a pink mat, prompting the caption 'Cobra just very nicely calling me a bad mom.' At #4, Loverboy, an Australian Cattle Dog mix, holds a purple leash in his mouth during rain, suggesting he wants a walk despite the weather. At #3, a golden retriever named Shark swims in water, dipping his head and spinning ('360s'), followed by a clip of a white spotted dog that appears to vocalize 'mam",personality,False,none,,funny-clip-compilation,2,False,需主持人设加多素材混剪，非单人半天可完成,False,,unknown,英语宠物盘点节目主持，描述中无明确地域标记,False
2026-10-03,pet,8,https://www.instagram.com/reel/Dd4KxZGxTm4,@unknown,670000,4500,0,167500.0,0.0,0,2026-10-03,2026-09-29,4,True,A man wearing a 'DOG DAD' shirt bathes his five dogs one by one in a modern home shower with pebble tile flooring. The video opens with him playfully wrestling a husky on the floor before moving to th,"A man wearing a 'DOG DAD' shirt bathes his five dogs one by one in a modern home shower with pebble tile flooring. The video opens with him playfully wrestling a husky on the floor before moving to the shower. First is Blue, a black-and-white husky with blue eyes, who sits stoically looking miserable while captions read '*you can see I'm suffering right?*' and '*plotting my revenge*'. Next is Maverick, a golden retriever, who lies completely relaxed on his side enjoying the wash, with captions '*this is so comfy*' and '*this is the best day ever*'. Third is Goose, another golden retriever, who",template,True,strong,给猫洗澡或吹毛全程拍，字幕配猫内心OS'你看得出我在受刑吧''复仇计划启动',pet-voiceover-skit,2,True,,True,"cluster 'pet-voiceover-skit' seen on 2026-10-01,2026-10-03, 6 distinct authors cumulatively",unknown,英语创作者，无明确地域标记,False
2026-10-03,pet,9,https://www.instagram.com/reel/Dd9fUn8vW7w,@unknown,300000,1200,0,150000.0,0.0,0,2026-10-03,2026-10-01,2,True,"A short social media reel filmed at a home in Salt Lake City, Utah, shows a person opening a black front door to reveal a black and tan Doberman Pinscher waiting inside. On-screen text introduces the ","A short social media reel filmed at a home in Salt Lake City, Utah, shows a person opening a black front door to reveal a black and tan Doberman Pinscher waiting inside. On-screen text introduces the premise: 'His love language is...' The dog proceeds to greet the camera multiple times, each time holding a different item in its mouth, with labels appearing: 'Shoes,' 'Toilet paper,' 'Toys,' 'Pair of Boots,' 'Gloves,' 'Remotes,' and 'Sunglasses.' The dog wears an orange collar and at one point an American flag bandana. The setting is a modern living room with dark floors, a light couch, and scat",template,True,weak,,me-when-meme,2,False,需宠物按指令叼多种物品，猫配合度极低,False,,us-likely,拍摄地美国犹他州盐湖城,False
2026-10-03,pet,10,https://www.instagram.com/reel/Dd_0kPxJCIc,@unknown,150000,110,0,150000.0,0.0,0,2026-10-03,2026-10-02,1,True,"This is a fast-paced, multi-clip compilation posted October 2, 2026, showcasing various dogs reacting to being scolded by their owners, framed as 'mom vs dog' humor. Clips include a brown pit bull-typ","This is a fast-paced, multi-clip compilation posted October 2, 2026, showcasing various dogs reacting to being scolded by their owners, framed as 'mom vs dog' humor. Clips include a brown pit bull-type dog cowering on a bed as a woman points and says 'You're gonna go timeout'; a black Doberman sitting attentively before jumping off a couch when addressed; a large tan mastiff named Winnie looking guilty after getting in trouble; a husky having a vocal 'argument' with a young woman on a floral couch; a golden retriever engaged in a 'barking war' with an older woman at a dining table; a small dog",template,True,weak,,funny-clip-compilation,2,False,需攒多段宠物挨骂的戏剧化反应，靠运气,False,,unknown,英语合集号，无明确地域标记,False
2026-10-03,pet,11,https://www.instagram.com/reel/Dd9wtBPJ2AD,@unknown,220000,3100,0,110000.0,0.0,0,2026-10-03,2026-10-01,2,True,"In an indoor home setting in Nashville, Tennessee, a woman in a white dress sits on the floor beside a black grand piano and performs a dramatic vocal rendition of the Titanic theme song. Next to her ","In an indoor home setting in Nashville, Tennessee, a woman in a white dress sits on the floor beside a black grand piano and performs a dramatic vocal rendition of the Titanic theme song. Next to her is her large, long-haired tricolor Australian Shepherd named Oliver, who actively participates by tilting his head back and howling in harmony with her singing. An on-screen text overlay reads, 'POV: Your dog might have been a passenger on the Titanic in a past life,' framing the interaction as a humorous throwback to the dog's social media debut. The creator's caption reinforces this, noting Oliv",hook,True,weak,,live-comedy-pet-cameo,1,False,需宠物配合嚎叫对唱，猫不可控,False,,us-likely,拍摄地美国田纳西州纳什维尔,False
2026-10-03,pet,12,https://www.instagram.com/reel/DeASCyFIhfe,@unknown,110000,930,0,110000.0,0.0,0,2026-10-03,2026-10-02,1,True,"A woman in an all-black outfit, turtleneck, blazer, trousers, and dark sunglasses walks along a sunny New York City sidewalk while holding a coffee cup. She is filming what appears to be a segment for","A woman in an all-black outfit, turtleneck, blazer, trousers, and dark sunglasses walks along a sunny New York City sidewalk while holding a coffee cup. She is filming what appears to be a segment for 'The Dogist,' as indicated by on-screen text directing viewers to youtube.com/thedogist. Throughout the clip, she enthusiastically greets multiple dogs and their owners, declaring it 'the best day of my life.' She interacts with a small black-and-white dog being held, then crouches to meet a long-haired dachshund named Suzie, telling it she would 'put her entire body in my mouth.' She continues d",personality,False,none,,street-pet-interview,1,False,需上街拦陌生犬只加主持人设，非居家单人可拍,False,,us-likely,拍摄地美国纽约市街头,False
2026-10-03,pet,13,https://www.instagram.com/reel/Dd_7FWZREXT,@unknown,110000,1700,0,110000.0,0.0,0,2026-10-03,2026-10-02,1,True,"A blonde woman films herself indoors explaining that her golden retriever believes the backyard pool belongs to him, and that her partner Corey has fallen asleep on a blue inflatable float in the pool","A blonde woman films herself indoors explaining that her golden retriever believes the backyard pool belongs to him, and that her partner Corey has fallen asleep on a blue inflatable float in the pool. She admits to instigating the situation. The camera cuts to Corey lying shirtless on the float, then to the golden retriever sitting inside by a sliding glass door, barking intensely at him. After being let out, the dog runs to the pool edge and leaps in, swimming directly to Corey and repeatedly biting and pulling at the float, creating large splashes. Corey wakes up laughing, tries to fend off",hook,True,weak,,pet-reaction,3,False,需泳池、充气浮床和伴侣配合，布景复杂,True,"cluster 'pet-reaction' seen on 2026-10-01,2026-10-03, 10 distinct authors cumulatively",unknown,英语创作者，无明确地域标记,False
2026-10-03,pet,14,https://www.instagram.com/reel/Dd1uJT6R7-a,@unknown,480000,7400,0,96000.0,0.0,0,2026-10-03,2026-09-28,5,True,"A man in a beige hoodie and cap sits on a brown leather sectional in a modern living room and tests how his five dogs react to a large black fake spider suspended from above. First, husky Blaze appear","A man in a beige hoodie and cap sits on a brown leather sectional in a modern living room and tests how his five dogs react to a large black fake spider suspended from above. First, husky Blaze appears, initially wary, sniffing and pawing at the spider before jumping up to bite it. Next, golden retriever Maverick looks nervous, backs away, and hides behind the couch while the man laughs. Then husky Titan sits stoically, appearing annoyed by the spider, with captions suggesting he wants it removed. Golden retriever Goose is curious, gently mouths the spider, and eventually claims it as a toy. F",hook,True,strong,天花板垂下假蜘蛛，拍三只猫各自反应，配音'刺客！护驾！',pet-reaction,3,True,,True,"cluster 'pet-reaction' seen on 2026-10-01,2026-10-03, 10 distinct authors cumulatively",unknown,英语创作者，无明确地域标记,False
2026-10-03,pet,15,https://www.instagram.com/reel/Dd4gurzt_VM,@hugoandursula,330000,2300,0,82500.0,0.0,0,2026-10-03,2026-09-29,4,True,"A golden retriever named Hugo is filmed in a home in the Cotswolds. The video opens with Hugo lying on a grey ottoman, calmly chewing on a large Monstera plant leaf while on-screen text reads 'found t","A golden retriever named Hugo is filmed in a home in the Cotswolds. The video opens with Hugo lying on a grey ottoman, calmly chewing on a large Monstera plant leaf while on-screen text reads 'found this in my drafts and it deserves to be seen.' The camera pans to reveal a large TV mounted above a wooden media console, playing a close-up video of bacon strips sizzling in a pan. Hugo jumps up onto the console, sits facing the screen, and becomes completely fixated on the bacon. He stares upward, licks the TV screen repeatedly, and even rises onto his hind legs with paws on the console to get cl",luck,False,strong,电视放烤肉或小鱼干特写，拍猫舔屏幕，配音'隔着屏幕都闻到香味了',pet-reaction,3,True,,True,"cluster 'pet-reaction' seen on 2026-10-01,2026-10-03, 10 distinct authors cumulatively",non-us,创作者在英国科茨沃尔德,False
2026-10-03,pet,16,https://www.instagram.com/reel/Dd_C-zEytqs,@himanshu_mudgil07,80000,240,0,80000.0,0.0,0,2026-10-03,2026-10-02,1,True,"This short social media reel, posted October 2, 2026 by creator Himanshu Mudgil (@himanshu_mudgil07), is presented as 'Ek prem kahani' (A love story). It features a brown-and-white Jack Russell-type d","This short social media reel, posted October 2, 2026 by creator Himanshu Mudgil (@himanshu_mudgil07), is presented as 'Ek prem kahani' (A love story). It features a brown-and-white Jack Russell-type dog and a white cat, both wearing white bandanas with red hearts, lying together on a plush red-and-white blanket. The video uses close-up shots of each animal's face, emphasizing their expressive eyes, and concludes with the dog holding a paper that reads 'Я ТЕБЯ ❤️!' (Russian for 'I love you'). The audio includes a playful Hindi song lyric about being bound in love. The overall tone is sweet, com",hook,True,strong,给两只猫戴同款领巾拍贴脸对视，配音'我们官宣了'，做同窝CP小剧场,pet-romance-skit,1,True,,False,,non-us,印地语歌曲，印度宠物情侣内容,False
2026-10-03,pet,17,https://www.instagram.com/reel/Dd7reAZgURP,@unknown,140000,1300,0,70000.0,0.0,0,2026-10-03,2026-10-01,2,True,"A short outdoor clip shows an orange tabby cat with white paws and a pink collar with a small bell, sitting on concrete next to a large potted green plant. For the duration of the video, the cat repea","A short outdoor clip shows an orange tabby cat with white paws and a pink collar with a small bell, sitting on concrete next to a large potted green plant. For the duration of the video, the cat repeatedly sticks its tongue out and opens its mouth in a gagging motion, looking around while maintaining the pose. The creator's caption reads 'fastest way to wake up a cat owner' with hashtags including #hairball, indicating the joke is that the cat is about to vomit a hairball — a common unpleasant experience for cat owners. Posted by 9GAG account @9gag on September 30, 2026, the video is presented",luck,False,strong,抓拍猫干呕吐毛球前摇，配音'大事不妙，3、2、1——yue',pet-reaction,3,True,,True,"cluster 'pet-reaction' seen on 2026-10-01,2026-10-03, 10 distinct authors cumulatively",unknown,9GAG英文梗图号，无明确地域标记,False
2026-10-03,pet,18,https://www.instagram.com/reel/Dd4FkmXiOPp,@unknown,170000,170,0,42500.0,0.0,0,2026-10-03,2026-09-29,4,True,"This is a fast-paced compilation of short dog clips set to playful voiceovers and on-screen captions, posted under a Tom & Jerry theme. The central gag is 'POV: Dogs understand English.' Clips show va","This is a fast-paced compilation of short dog clips set to playful voiceovers and on-screen captions, posted under a Tom & Jerry theme. The central gag is 'POV: Dogs understand English.' Clips show various breeds reacting to humans: a large fluffy dog hearing 'Your mom looks like a dog,' a corgi looking up while being walked, a husky refusing a Valentine bone with 'The SASS,' a brown-and-white dog tilting its head, a husky receiving a green treat, a black dog with wide eyes captioned about avoiding child support after impregnating nine puppies, a puppy smiling, two dogs sitting attentively the",template,True,strong,对猫说'罐头''洗澡''去医院'等关键词，抓拍耳朵和瞳孔反应，配音'你再说一遍？',obedience-pov-text,1,True,,False,,unknown,英语创作者，无明确地域标记,False
2026-10-03,pet,19,https://www.instagram.com/reel/Dd5_JnENIOc,@unknown,92000,580,0,30666.7,0.0,0,2026-10-03,2026-09-30,3,True,"In a modern Dubai apartment, a man with curly hair and a beard, wearing a white t-shirt and carrying a black backpack, opens his front door and peers inside. He discovers his large silver-tabby cat si","In a modern Dubai apartment, a man with curly hair and a beard, wearing a white t-shirt and carrying a black backpack, opens his front door and peers inside. He discovers his large silver-tabby cat sitting upright on the marble floor beside a white coffee table. On the table are two green glass bottles that look like beer and a small bowl of nuts. The cat behaves like a human, waving its paw dismissively, gesturing, looking smug, and giving two thumbs-up. The man reacts with escalating shock — rubbing his eyes, pointing, mouth agape — before sighing and backing out the door. The scene cuts bet",hook,True,strong,用零食引猫抬爪做挥手动作，配音'本喵已进化完毕，会说你好了',human-mimic-pet-bait,3,True,,False,,non-us,拍摄地迪拜公寓，创作者疑似中东,False
2026-10-03,pet,20,https://www.instagram.com/reel/DeBvhPnhDbt,@unknown,29000,740,0,29000.0,0.0,0,2026-10-03,2026-10-03,0,True,"A short, lighthearted pet video posted October 3, 2026 by @ten_offcl featuring a large brown Abyssinian cat named Leon (tagged #TEN #Leon). The cat lies on its back on a gray tile floor while a person","A short, lighthearted pet video posted October 3, 2026 by @ten_offcl featuring a large brown Abyssinian cat named Leon (tagged #TEN #Leon). The cat lies on its back on a gray tile floor while a person's hand hovers above, making repeated open-palm and finger-gun motions mimicking Spider-Man web-shooting. Leon tracks the hand with his head tilted back, occasionally lifting a front paw toward it. After several seconds of teasing, the cat settles onto its stomach, eyes half-closed, as the hand gently pats and strokes its head and face. The caption frames this as 'testing my little Spider-Man's te",hook,True,strong,手指在猫面前做蜘蛛侠发射蛛丝手势逗它，配音'你再晃，朕的忍耐是有限度的',pet-patience-test,1,True,,False,,unknown,描述带#TEN #Leon标签，英语字幕，无明确地域标记,False
2026-10-03,pet,21,https://www.instagram.com/reel/Dd6jBnwo8dz,@unknown,87000,520,0,29000.0,0.0,0,2026-10-03,2026-09-30,3,True,"This is a short, comedic home video featuring a light-colored Labrador Retriever named Lucy. The video opens with Lucy walking through a house with green walls and marble flooring. In a bedroom, a you","This is a short, comedic home video featuring a light-colored Labrador Retriever named Lucy. The video opens with Lucy walking through a house with green walls and marble flooring. In a bedroom, a young man in a light blue shirt is lying down with his head on an older woman's lap (presumably his mother), who is wearing a blue sari. Lucy approaches a second bed where a smartphone is lying, paws at the screen, and successfully taps to call a contact labeled 'MOM'. The ringing phone wakes the man, who sits up startled and confused. While he is distracted, Lucy moves over to the woman, climbs onto",hook,True,strong,手机放猫面前让它踩亮屏幕，配音'喂？110吗？有人霸占我妈的腿',pet-skits-human,2,True,,False,,non-us,印度家庭场景，纱丽、印地语语境,False
2026-10-03,pet,22,https://www.instagram.com/reel/Dd9jQN2pifp,@unknown,53000,2100,0,26500.0,0.0,0,2026-10-03,2026-10-01,2,True,"A man films himself putting on a life-sized, fluffy tan bear costume in his living room, stating he is nervous to do so to get his Dobermans' reactions. He sits on a couch then moves to the floor in t","A man films himself putting on a life-sized, fluffy tan bear costume in his living room, stating he is nervous to do so to get his Dobermans' reactions. He sits on a couch then moves to the floor in the costume. A brown Doberman enters cautiously, sniffs the bear, then begins playfully biting and pawing at its face and body, jumping on it and wrestling. The man inside laughs and interacts. Later, a black Doberman joins, becoming more aggressive, biting the bear's head and pulling it down until the costume tears open and white stuffing spills out. The man removes the bear head, revealing his sm",hook,True,weak,,pet-reaction,3,False,需全身熊服装加宠物激烈反应，猫大概率直接逃跑,True,"cluster 'pet-reaction' seen on 2026-10-01,2026-10-03, 10 distinct authors cumulatively",unknown,英语创作者，无明确地域标记,False
2026-10-03,pet,23,https://www.instagram.com/reel/DeAUXnCgnko,@unknown,25000,80,0,25000.0,0.0,0,2026-10-03,2026-10-02,1,True,"This is a short, lighthearted POV-style comedy video set in a modern home. On-screen text reads 'POV: You're dating a dog mom.' A blonde woman in casual clothes (a beige cardigan and jeans, later a pi","This is a short, lighthearted POV-style comedy video set in a modern home. On-screen text reads 'POV: You're dating a dog mom.' A blonde woman in casual clothes (a beige cardigan and jeans, later a pink hoodie) interacts with her large, fluffy golden doodle-type dog. The narrative follows the boyfriend's perspective as he arrives home and finds the dog is her top priority: she immediately hugs and kisses the dog, calls it her 'favorite boy,' reminds him it's Saturday and the dog still needs a walk, and shows him photos of the dog she sent to someone named 'Kat.' When he suggests cuddling, she ",template,True,weak,,pet-skits-human,2,True,,False,,unknown,英语创作者，无明确地域标记,False
2026-10-03,pet,24,https://www.instagram.com/reel/Dd0cuwNuwL4,@varshasolanki202,120000,980,0,24000.0,0.0,0,2026-10-03,2026-09-28,5,True,"This short social media reel alternates between two subjects. First, a black cat sits upright on a tiled floor next to a pink cat tree, its face digitally edited to show a wide, toothy human smile. Th","This short social media reel alternates between two subjects. First, a black cat sits upright on a tiled floor next to a pink cat tree, its face digitally edited to show a wide, toothy human smile. The cat moves its paws in human-like ways — waving, crossing arms, placing a paw to its mouth in a 'shh' gesture, blowing a kiss, and giving a thumbs-up. Second, a woman with voluminous curly hair lies on a bed with pink bedding, filmed from below looking up at her, with a ceiling fan visible above. She mirrors the cat's actions with expressive facial reactions — shushing with a finger to lips, blow",hook,True,strong,抓拍猫抬爪瞬间定格做'嘘'和'比耶'，配音'嘘——别告诉铲屎的'，剪成一人一猫对暗号,human-mimic-pet-bait,3,True,,False,,unknown,英语创作者，无明确地域标记,True
2026-10-03,pet,25,https://www.instagram.com/reel/Dd9UNXpyBF6,@unknown,53000,370,19000,19000.0,0.14,1,2026-10-02,2026-10-01,2,True,"A woman in black ghost-print pajamas and orange pumpkin slippers reacts with over-the-top joy when her husband takes the kids to school, as stated by the on-screen text 'POV your husband took the kids","A woman in black ghost-print pajamas and orange pumpkin slippers reacts with over-the-top joy when her husband takes the kids to school, as stated by the on-screen text 'POV your husband took the kids to school today...'. She starts by peeking out the front door, then erupts into celebratory dancing and laughter in her hallway. She moves to her bedroom, strips the messy white bedding off the large bed, and remakes it with brown sheets and pillows. She retrieves a box labeled 'FALL DECOR 2023' and decorates the room with autumn-themed items: a leaf wreath on the headboard, fall floral arrangeme",hook,True,none,,pov-lifestyle-montage,1,True,,False,,unknown,英语生活vlog，无宠物出镜，无明确地域标记,False
2026-10-03,pet,26,https://www.instagram.com/reel/Dd4WZVQJZPp,@elliegoldenlife,72000,260,0,18000.0,0.0,0,2026-10-03,2026-09-29,4,True,"In a living room in Washington D.C., creator Kevin Bubolz (@elliegoldenlife) holds his golden retriever Emma upright on a woven ottoman so she faces a large TV. On-screen text reads 'POV your dog gets","In a living room in Washington D.C., creator Kevin Bubolz (@elliegoldenlife) holds his golden retriever Emma upright on a woven ottoman so she faces a large TV. On-screen text reads 'POV your dog gets into her first fight 😬'. The TV plays a scene from a Spider-Man film featuring Tom Holland, showing a tense confrontation that escalates into a physical fight. Kevin smiles broadly and gently bounces Emma, moving her front paws up and down to mimic boxing motions as if she is engaged in the fight herself. Emma remains calm and attentive, looking at the screen. The accompanying caption, 'didn't th",hook,True,strong,抱猫看电视打斗场面，手动摆它前爪做'出拳'动作，配音'吃我一记喵喵拳',human-mimic-pet-bait,3,True,,False,,us-likely,拍摄地美国华盛顿特区,False
2026-10-03,pet,27,https://www.instagram.com/reel/Dd71YGhhZwM,@unknown,34000,180,0,17000.0,0.0,0,2026-10-03,2026-10-01,2,True,"This is an AI-generated animated short from 'The Giggles and Wag Show' set in 2026, featuring anthropomorphic dogs. A flashy Husky influencer in a white tracksuit and gold chains films himself giving ","This is an AI-generated animated short from 'The Giggles and Wag Show' set in 2026, featuring anthropomorphic dogs. A flashy Husky influencer in a white tracksuit and gold chains films himself giving a stack of cash to a ragged, one-eyed Chihuahua beggar on a dirty city street, while a Bulldog in a yellow hoodie records. After the camera stops, the Husky snatches the money back, leaving the Chihuahua devastated in the gutter. The Husky and Bulldog become viral 'local heroes' on TV news, celebrated by crowds. The Chihuahua seeks help at a police station staffed by dog officers, but is ignored. ",high_cost,False,none,,animated-pet-story,1,False,全AI动画短片制作，非实拍,False,,unknown,英语AI动画号，无明确地域标记,False
2026-10-03,pet,28,https://www.instagram.com/reel/DeCJT3tMhda,@unknown,17000,190,0,17000.0,0.0,0,2026-10-03,2026-10-03,0,True,"In a warmly lit living room with wood floors and a large rug, a woman in a black graphic t-shirt and shorts stands barefoot holding a cordless stick vacuum cleaner near a sliding glass door. Her small","In a warmly lit living room with wood floors and a large rug, a woman in a black graphic t-shirt and shorts stands barefoot holding a cordless stick vacuum cleaner near a sliding glass door. Her small black-and-white dog, wearing a pink and white striped sweater, is clearly distressed by the vacuum. On-screen text states, 'She is very upset about this vacuum.' The dog circles the vacuum head, which has bright LED lights, sniffing it cautiously, lowering its body, and backing away repeatedly. The woman speaks softly to the dog, asking 'Are you nervous?' and later calling, 'Come here, sweet girl",luck,False,strong,打开吸尘器拍猫炸毛逃窜，配音'警报！巨型怪兽入侵，全体隐蔽',pet-reaction,3,True,,True,"cluster 'pet-reaction' seen on 2026-10-01,2026-10-03, 10 distinct authors cumulatively",unknown,英语创作者，无明确地域标记,False
2026-10-03,pet,29,https://www.instagram.com/reel/DeAlUDkBtIS,@unknown,16000,460,0,16000.0,0.0,0,2026-10-03,2026-10-02,1,True,"A woman with long dark wavy hair and arm tattoos sits on a porch holding a small Yorkshire Terrier, speaking directly to the camera in an energetic, exasperated monologue. She complains that the dog, ","A woman with long dark wavy hair and arm tattoos sits on a porch holding a small Yorkshire Terrier, speaking directly to the camera in an energetic, exasperated monologue. She complains that the dog, intended for her daughter, is misbehaving—escaping the yard, dodging capture, and causing chaos while she chases it down a busy street. She describes physically tackling the dog, hurting her collarbone, and feeling embarrassed because she was in home clothes with a hole in the back of her sweatpants. She adds that the dog had feces in its mouth and dropped it on her foot. Despite the frustration, ",personality,False,weak,,pet-skits-human,2,True,,False,,unknown,英语创作者，无明确地域标记,False
2026-10-03,pet,30,https://www.instagram.com/reel/Dd9c9DuMsyS,@jarellcarter,31000,410,0,15500.0,0.0,0,2026-10-03,2026-10-01,2,True,"The video is a two-part fitness comedy posted by creator Jarell Carter (@jarellcarter) on October 1, 2026. It opens with a woman in a commercial gym labeled 'INSPIRE | EMPOWER | TRANSFORM' successfull","The video is a two-part fitness comedy posted by creator Jarell Carter (@jarellcarter) on October 1, 2026. It opens with a woman in a commercial gym labeled 'INSPIRE | EMPOWER | TRANSFORM' successfully completing a 'Stability Ball Challenge' — rolling onto a large blue stability ball into a handstand. The video then stitches to Carter in his dark home gym with turf flooring, accompanied by his gray and white pit bull-type dog named Dootie. Carter, shirtless and wearing black shorts and a cap, holds the same stability ball while telling Dootie 'this is not a toy.' He attempts the challenge mult",challenge,True,weak,,candid-blooper-pet-bomb,1,True,,False,,unknown,英语创作者，无明确地域标记,False
2026-10-03,pet,31,https://www.instagram.com/reel/Dd4KYAjD5hJ,@drennondavis,60000,970,0,15000.0,0.0,0,2026-10-03,2026-09-29,4,True,"Comedian Drennon Davis (@drennondavis) films a vlog-style outing with his orange tabby cat, Newt, titled 'Newt Goes To The Beach.' The video opens with a close-up of Newt meowing 'Yeah' as Davis remin","Comedian Drennon Davis (@drennondavis) films a vlog-style outing with his orange tabby cat, Newt, titled 'Newt Goes To The Beach.' The video opens with a close-up of Newt meowing 'Yeah' as Davis reminds him he wanted to go to the beach to 'eat a seagull and fight a crab.' Davis puts Newt, wearing a green floral Hawaiian shirt, in the car. Newt tries to exit the vehicle, claiming he'll walk, but Davis insists he stay in his safety seat/carrier. During the drive, Davis spots another driver and mutters 'douchebag,' then tells Newt not to repeat it. At the beach, Newt remains inside his mesh carri",personality,False,strong,带猫去阳台或公园，配音猫全程嘴硬'本喵才不想出门'结果看小鸟看入迷,pet-outing-vlog,1,True,,False,,unknown,英语创作者，无明确地域标记,False
2026-10-03,pet,32,https://www.instagram.com/reel/Dd4bGpevRQp,@unknown,55000,280,0,13750.0,0.0,0,2026-10-03,2026-09-29,4,True,"At night on a residential patio illuminated by string lights and a square gas fire pit, a man in a blue Under Armour shirt and khaki shorts plays a game of musical chairs with a large, fluffy golden r","At night on a residential patio illuminated by string lights and a square gas fire pit, a man in a blue Under Armour shirt and khaki shorts plays a game of musical chairs with a large, fluffy golden retriever-type dog wearing a red patterned bandana. The on-screen caption reads 'Pup has never lost a game of musical chairs' and 'Every seat is his.' The man repeatedly states he is going to sit down, but the dog anticipates him and claims each seat first — sitting upright on an outdoor chair, jumping onto a woman's lap, and then leaping onto the man's lap when he finally sits next to her. The man",hook,True,weak,,pet-skits-human,2,False,需宠物按游戏规则抢椅子，猫无法训练配合,False,,unknown,英语创作者，描述中无明确地域标记,False
2026-10-03,pet,33,https://www.instagram.com/reel/Dd7E2HohDZf,@thepawdoc,35000,270,0,11666.7,0.0,0,2026-10-03,2026-09-30,3,True,"This is Part 2 of a veterinary comedy skit posted by Dr. Laura Robinson (@thepawdoc), a small animal vet in California, titled 'different breeds reactions to nail trims.' Set in a vet clinic exam room","This is Part 2 of a veterinary comedy skit posted by Dr. Laura Robinson (@thepawdoc), a small animal vet in California, titled 'different breeds reactions to nail trims.' Set in a vet clinic exam room with wood floors and kennels, Dr. Robinson in light blue scrubs uses orange nail clippers on a male colleague who acts as the 'patient' dog/cat. The video cycles through labeled segments: 'Cats (The spicy ones, out for blood)' shows him thrashing on the table while two women restrain him; 'Poodles (Diva alert)' has him draped in leopard print looking dramatic; 'Basset Hounds/Beagles/Bloodhounds (",template,True,weak,,pet-skits-human,2,False,需多人扮演不同品种加兽医场景,False,,us-likely,创作者为加州小动物兽医,False
2026-10-03,pet,34,https://www.instagram.com/reel/DeB8lU5p2vS,@unknown,11000,130,0,11000.0,0.0,0,2026-10-03,2026-10-03,0,True,"A man presents his golden retriever, Ellie, as a potential hired performer in a humorous countdown video filmed in a modern Washington D.C. home and on a television stage. Opening with text asking 'wo","A man presents his golden retriever, Ellie, as a potential hired performer in a humorous countdown video filmed in a modern Washington D.C. home and on a television stage. Opening with text asking 'would you hire Ellie as a performer?', he lists her five talents: #5 back up dancer where she lies down and rolls on command while he claps; #4 knows magic where he balances a treat on her nose until it disappears; #3 acting professional where both sit side-by-side making expressive faces for the camera; #2 media trained showing archival footage of Ellie on a late-night show with Jimmy Fallon, calml",template,True,weak,,pet-talent-showcase,1,False,需5项训练好的才艺展示,False,,us-likely,拍摄地美国华盛顿特区,False
2026-10-03,pet,35,https://www.instagram.com/reel/Dd-nauzJQ5G,@unknown,11000,62,0,11000.0,0.0,0,2026-10-03,2026-10-02,1,True,"Filmed in a home in Delhi, India, the short-form reel opens with on-screen text 'Wait for the reaction.' A man in a white tank top and shorts and a woman in a turquoise outfit sit on the floor leaning","Filmed in a home in Delhi, India, the short-form reel opens with on-screen text 'Wait for the reaction.' A man in a white tank top and shorts and a woman in a turquoise outfit sit on the floor leaning against a sofa, watching something on a tablet. From a first-person perspective, the creator sprays them with a clear water bottle, prompting wide-eyed surprise from the man who looks up at the camera. The video then cuts to staged pet shots: a black-and-white husky peeking over a blue floral bedspread with an animated talking mouth, a fluffy white cat lying on tile with the same mouth filter, an",hook,True,strong,给猫套说话嘴滤镜，配音'铲屎的，水呢？'做一人分饰两角对话,ai-talking-pet,1,True,,False,,non-us,拍摄地印度德里,False
2026-10-03,pet,36,https://www.instagram.com/reel/DeAweu7tvuZ,@emilyjeanneferet,11000,6,0,11000.0,0.0,0,2026-10-03,2026-10-03,0,True,"In this indoor home video posted October 2, 2026 by creator Emily Feret (@emilyjeanneferet), a woman in light-colored loungewear kneels on a beige carpet next to a large, cream-colored poodle named Gi","In this indoor home video posted October 2, 2026 by creator Emily Feret (@emilyjeanneferet), a woman in light-colored loungewear kneels on a beige carpet next to a large, cream-colored poodle named Giles, identified as her brother-in-law's dog. Throughout the clip, she hugs the dog, pets its head and back, and smiles at the camera while an on-screen text overlay reads, 'I simply cannot get over how weird my brother in law's dog sits.' The humor comes from the dog's distinctive sitting position — upright with its hindquarters on the floor and both front legs stretched straight out in front, res",luck,False,strong,抓拍猫像人一样瘫坐或葛优躺，配音'累了，毁灭吧，朕要躺平',pet-reaction,3,True,,True,"cluster 'pet-reaction' seen on 2026-10-01,2026-10-03, 10 distinct authors cumulatively",unknown,英语创作者，无明确地域标记,False
2026-10-03,pet,37,https://www.instagram.com/reel/DeBN-tRObkK,@unknown,11000,210,0,11000.0,0.0,0,2026-10-03,2026-10-03,0,True,"In a home kitchen with tiled floors and dark cabinets, a woman wearing a light blue shirt and glasses interacts with a stocky black-and-white English Bulldog. She stands over the dog as it sits up on ","In a home kitchen with tiled floors and dark cabinets, a woman wearing a light blue shirt and glasses interacts with a stocky black-and-white English Bulldog. She stands over the dog as it sits up on its haunches, holding its front paws and rubbing its chest and belly while talking to it affectionately. The dog looks at the camera with a relaxed expression, occasionally opening its mouth. After several moments of petting, the woman releases the dog, which walks from the kitchen into an adjacent living room with hardwood floors and a rug. The dog picks up a large orange chew toy, trots around, ",luck,False,weak,,pov-lifestyle-montage,1,True,,False,,unknown,英语创作者，无明确地域标记,False
2026-10-03,pet,38,https://www.instagram.com/reel/DeA1LJwCjCP,@cesarsway,11000,69,0,11000.0,0.0,0,2026-10-03,2026-10-03,0,True,"This is a fast-paced, upbeat compilation of dogs having fun, posted by dog behaviorist Cesar Millan (@cesarsway) with the caption 'Dogs really can turn anything into a good time.' The montage includes","This is a fast-paced, upbeat compilation of dogs having fun, posted by dog behaviorist Cesar Millan (@cesarsway) with the caption 'Dogs really can turn anything into a good time.' The montage includes multiple clips: a small tan dog slides down a blue playground slide into an above-ground pool; a golden retriever named Daisy dramatically stretches her entire body under a glass coffee table ('Daisy is so extra sometimes'); a black-and-white pit bull steps on a paw-print water fountain pad and gets sprayed; a fluffy golden dog eagerly eats kibble poured into its bowl; a dark dog carries an overs",personality,False,none,,funny-clip-compilation,2,False,品牌混剪，需多素材和品牌人设,False,,unknown,训犬师品牌号，无明确地域标记,False
2026-10-03,pet,39,https://www.instagram.com/reel/Dd8-PFvTrEj,@unknown,21000,430,0,10500.0,0.0,0,2026-10-03,2026-10-01,2,True,"A young man with dark hair, wearing a green Adidas t-shirt and black shorts, sits cross-legged on a bed covered with a grey patterned sheet while filming himself with a phone. Beside him are a tabby-a","A young man with dark hair, wearing a green Adidas t-shirt and black shorts, sits cross-legged on a bed covered with a grey patterned sheet while filming himself with a phone. Beside him are a tabby-and-white cat and a small brown mongoose. Speaking in Hindi, he greets the camera and encourages both animals to say hello, prompting the cat to meow loudly and raise its paw, and the mongoose to stand on its hind legs and vocalize. He laughs at their antics, pets the mongoose, and asks about its sleeping position as it rolls onto its back. The background shows a simple room with a chair, hanging c",hook,True,weak,,pet-skits-human,2,False,需猫鼬出镜，动物阵容不可复制,False,,non-us,印地语对白，印度创作者,False
2026-10-03,pet,40,https://www.instagram.com/reel/Dd9IkZ8CSSG,@unknown,20000,1200,0,10000.0,0.0,0,2026-10-03,2026-10-01,2,True,"The video opens on a sunny day at a wooden pier over blue water. A young man with curly hair, tattoos on his arms, wearing a white tank top and light pants sits pensively on the edge. The scene cuts t","The video opens on a sunny day at a wooden pier over blue water. A young man with curly hair, tattoos on his arms, wearing a white tank top and light pants sits pensively on the edge. The scene cuts to a close-up of a small white chihuahua with large ears and a pink collar, positioned against the water. Through editing, the dog appears to stand on its hind legs and move its mouth as if singing along to the R&B/pop track playing. Later, the man is shown on the sand interacting with the dog, which sits on his lap looking up at him. The dog then walks toward the camera on the pier, and finally th",audio_meme,True,strong,拍猫张嘴打哈欠或叫，剪辑对上歌曲高潮，配字'深情开嗓',ai-talking-pet,1,True,,False,,unknown,英语创作者，无明确地域标记,False
2026-10-03,pet,41,https://www.instagram.com/reel/Dd8f-PGh8Yi,@tanvi__gadkari,19000,8,0,9500.0,0.0,0,2026-10-03,2026-10-01,2,True,"A short social media reel posted October 1, 2026 by creator Tanvi Gadkari (@tanvi__gadkari) in Mumbai, featuring her small reddish-brown poodle-type dog named Pogo. The video opens with Tanvi sitting ","A short social media reel posted October 1, 2026 by creator Tanvi Gadkari (@tanvi__gadkari) in Mumbai, featuring her small reddish-brown poodle-type dog named Pogo. The video opens with Tanvi sitting on a blue couch in a halter dress, laughing while holding Pogo. It then cuts to multiple clips of an older woman identified by on-screen text as 'The mom who didn't want the dog.' Despite the label, the mother is shown lying down hugging Pogo, holding him up and talking to him, carrying him in an elevator, bending to play with him on the floor, and cuddling him on the couch. The tone is warm, affe",template,True,strong,翻拍'当初反对养猫的家人真香现场'，配音妈妈'这猫跟我亲',me-when-meme,2,True,,False,,non-us,拍摄地印度孟买,False
2026-10-03,pet,42,https://www.instagram.com/reel/Dd1WwRYRcNj,@unknown,46000,440,0,9200.0,0.0,0,2026-10-03,2026-09-28,5,True,"The video is a short social media comedy clip posted with the caption 'Dog....🤣🤣'. It opens on a wide, paved outdoor pathway lined with palm trees and buildings in the background. A young man wearing ","The video is a short social media comedy clip posted with the caption 'Dog....🤣🤣'. It opens on a wide, paved outdoor pathway lined with palm trees and buildings in the background. A young man wearing a white long-sleeve shirt, black pants, and blue slides stands facing a medium-sized brown and white dog. The dog holds an orange circular object in its mouth and repeatedly opens its mouth toward the man, appearing to playfully interact or 'talk' back. The scene then cuts to a different location where a young boy in a patterned gray shirt leans against a yellow railing, laughing loudly and holdin",luck,False,weak,,pet-reaction,3,False,需抓拍到特定的趣味互动瞬间，靠运气,True,"cluster 'pet-reaction' seen on 2026-10-01,2026-10-03, 10 distinct authors cumulatively",unknown,英语创作者，无明确地域标记,False
2026-10-03,pet,43,https://www.instagram.com/reel/Dd7RCDZjb6-,@unknown,26000,130,0,8666.7,0.0,0,2026-10-03,2026-09-30,3,True,"A young male creator wearing a white cap and glasses sits at a table and introduces a series titled 'Day 1 of Trying To Like My Cat Doug,' explaining that he and his cat are not fans of each other. He","A young male creator wearing a white cap and glasses sits at a table and introduces a series titled 'Day 1 of Trying To Like My Cat Doug,' explaining that he and his cat are not fans of each other. He approaches the tabby cat, Doug, who is lying on a gray couch surrounded by plush toys including one with the creator's face. He attempts to pet the cat, which rolls onto its back. After brief interaction, the creator pulls back abruptly, looks into the camera with a frightened expression, and declares 'There will not be a day two. I'm too frightened.' The tone is lighthearted, self-deprecating co",personality,False,strong,开连载'和我家老三互相嫌弃的第1天'，配音猫'这人类能退货吗',pet-voiceover-skit,2,True,,True,"cluster 'pet-voiceover-skit' seen on 2026-10-01,2026-10-03, 6 distinct authors cumulatively",unknown,英语创作者，无明确地域标记,False
2026-10-03,pet,44,https://www.instagram.com/reel/Dd-uIEbtquk,@unknown,8300,300,0,8300.0,0.0,0,2026-10-03,2026-10-02,1,True,"A man in a white t-shirt lies on his stomach on a kitchen floor, propped on his elbows and filming himself selfie-style. A large grey cat with a red collar stands over him, repeatedly turning so its r","A man in a white t-shirt lies on his stomach on a kitchen floor, propped on his elbows and filming himself selfie-style. A large grey cat with a red collar stands over him, repeatedly turning so its rear end faces the camera and is positioned very close to the man's head. On-screen text reads 'When yh??'. The background shows a modern kitchen with cabinets, refrigerator, and green tile backsplash. The audio is a background pop song with a female vocalist singing romantic lyrics. The creator's caption identifies the author as @lutfiafansyah | Lutfi Afansyah Wijaya, includes a business inquiry p",hook,True,strong,趴拍时等猫转身用屁股怼镜头，配音'给你看个好东西——我的腚',pov-camera-gag,1,True,,False,,unknown,英语创作者，描述中无明确地域标记,False
2026-10-03,pet,45,https://www.instagram.com/reel/Dd33vZ3Tzw0,@unknown,32000,500,0,8000.0,0.0,0,2026-10-03,2026-09-29,4,True,"This is a comedy compilation video by creator @TheRxckstxr posted September 29, 2026, titled 'OMG Watch These Dogs Dodge Getting Touched!'. The video has two main segments with a comedic voiceover. Se","This is a comedy compilation video by creator @TheRxckstxr posted September 29, 2026, titled 'OMG Watch These Dogs Dodge Getting Touched!'. The video has two main segments with a comedic voiceover. Segment #1, 'Dirty Hand Dodging,' shows a toddler in pink pajamas standing next to a pink armchair where a fluffy Shetland Sheepdog is sitting. The toddler repeatedly tries to pat the dog, and the dog dramatically dodges, spins, and jumps away each time. The voiceover acts as the dog's inner monologue, complaining about 'dirty hands' and telling the 'little girl' to stop. Segment #2, 'Let's Play Tag",template,True,strong,伸手摸猫被它闪躲，配音'脏手拿开，本喵刚洗完脸',pet-voiceover-skit,2,True,,True,"cluster 'pet-voiceover-skit' seen on 2026-10-01,2026-10-03, 6 distinct authors cumulatively",unknown,英语创作者，无明确地域标记,False
2026-10-03,pet,46,https://www.instagram.com/reel/Dd33jL4NV75,@unknown,32000,240,0,8000.0,0.0,0,2026-10-03,2026-09-29,4,True,"A young woman with very long dark hair, wearing a white t-shirt and blue track pants, enters a home interior (kitchen/living area with tiled walls, wooden cabinets, and a Ganesha image on the door) ca","A young woman with very long dark hair, wearing a white t-shirt and blue track pants, enters a home interior (kitchen/living area with tiled walls, wooden cabinets, and a Ganesha image on the door) carrying a tabby cat. On-screen text reads 'Wait for sachai 😂😱'. She proceeds to playfully lift the cat high above her head, hold it out in front of her, and dance/move around the room while smiling and laughing. The clip briefly switches to black-and-white with a large laughing-crying emoji overlaid. The creator's caption in Hindi ('Ye kyaa bom diya bhaiii') reinforces the comedic intent. The overa",audio_meme,True,weak,,pet-skits-human,2,False,需猫全程配合被举着跳舞，配合度不可控,False,,non-us,印地语字幕，印度创作者,False
2026-10-03,pet,47,https://www.instagram.com/reel/Dd4zXW-vnFE,@unknown,30000,2500,0,7500.0,0.0,0,2026-10-03,2026-09-29,4,True,"The video is a split-screen social media clip posted September 29, 2026, by @iamzoie. The main footage shows a person in a blue shirt sitting on a wood floor, holding a small yellow baby chick with bo","The video is a split-screen social media clip posted September 29, 2026, by @iamzoie. The main footage shows a person in a blue shirt sitting on a wood floor, holding a small yellow baby chick with both hands and repeatedly pressing on its body. A US one-dollar bill lies nearby. In the bottom-left inset, a man wearing a black cap reacts with escalating shock, horror, and disbelief, covering his mouth and gesturing. The audio track features a young child's voice crying and pleading 'Roger,' 'Please don't,' 'I love you,' and 'Breathe,' while an adult voice urges 'Get up out of here' and 'Talk to",hook,True,none,,animal-outrage-clip,1,False,疑似虐待动物内容，不做,False,,unknown,英语创作者，无明确地域标记,False
2026-10-03,pet,48,https://www.instagram.com/reel/DeBqP6jRYJ2,@unknown,7300,110,0,7300.0,0.0,0,2026-10-03,2026-10-03,0,True,"This is a fast-paced, humorous compilation centered on a man and his two brown-and-white English bulldogs, identified as Pablo and Diego. The video opens with one bulldog stuck in a blue laundry baske","This is a fast-paced, humorous compilation centered on a man and his two brown-and-white English bulldogs, identified as Pablo and Diego. The video opens with one bulldog stuck in a blue laundry basket, prompting the owner to tell it to get out. Playful conflict follows as the dog nips the owner's hand, leading to mock scolding ('ouch that was your fault', 'stop it now'). The owner repeatedly calls the dogs 'naughty' and 'fatty', telling one it's 'too fat to jump' through a patio door. Other scenes show the owner sitting on a kitchen floor whispering a 'secret' to a dog, dressing a bulldog in ",personality,False,weak,,funny-clip-compilation,2,False,猫穿衣多半僵住或抓狂，拍不出松弛喜剧效果,False,,unknown,英语创作者，无明确地域标记,False
2026-10-03,pet,49,https://www.instagram.com/reel/DeBlOyFzYlV,@unknown,7300,1,0,7300.0,0.0,0,2026-10-03,2026-10-03,0,True,"The video is a short, looping clip focused on an extreme close-up of a white and ginger cat lying on a carpeted surface. The cat's face fills the frame as it opens its mouth wide and widens its eyes, ","The video is a short, looping clip focused on an extreme close-up of a white and ginger cat lying on a carpeted surface. The cat's face fills the frame as it opens its mouth wide and widens its eyes, creating a comically shocked or yelling expression. Superimposed over the cat's forehead is a graphic that reads 'PLAYOFFS' at the top and 'TLID SECURED' at the bottom, showing a photo of the Team Liquid Indonesia esports roster. Team Liquid branding appears in the top corners, and sponsor logos including Monster Energy, Alienware, and Samsung Galaxy run along the bottom. The audio consists of the",hook,True,strong,抓拍猫张大嘴的震惊脸，P上'双11账单''房东涨租'字幕，配音'什么？！',me-when-meme,2,True,,False,,non-us,印尼Team Liquid电竞分部官方号,False
2026-10-03,pet,50,https://www.instagram.com/reel/Dd-hvyqP9k0,@unknown,6800,84,0,6800.0,0.0,0,2026-10-03,2026-10-02,1,True,"This is a lighthearted pet-reel posted October 1, 2026, by @cutie_jenny0123 featuring two small, long-haired Shih Tzu-type dogs named Jenny and Jack. The video opens at a veterinary clinic ('Vetic') w","This is a lighthearted pet-reel posted October 1, 2026, by @cutie_jenny0123 featuring two small, long-haired Shih Tzu-type dogs named Jenny and Jack. The video opens at a veterinary clinic ('Vetic') where Jenny, with her hair tied in two blue buns, sits attentively on a tan waiting-room chair, panting happily. A brief cut shows a larger cream-colored dog at the reception desk. Back with Jenny, she looks around curiously before the scene shifts to a home interior with patterned tile flooring, where both dogs playfully tumble, chase, and wrestle near a doorway. The final extended sequence takes ",luck,False,weak,,pov-lifestyle-montage,1,True,,False,,non-us,印度宠物诊所Vetic，天台水箱场景,False
2026-10-03,pet,51,https://www.instagram.com/reel/Dd6yMentRSt,@unknown,18000,310,0,6000.0,0.0,0,2026-10-03,2026-09-30,3,True,"At night in a grassy area next to a sidewalk ('DOG TOWN'), a muscular tan American pocket bully dog interacts with a white sign on a post showing a red circle-and-slash over a dog silhouette ('No Dogs","At night in a grassy area next to a sidewalk ('DOG TOWN'), a muscular tan American pocket bully dog interacts with a white sign on a post showing a red circle-and-slash over a dog silhouette ('No Dogs Allowed'). The dog sniffs the base, then stands on its hind legs and bites the sign. With energetic background music playing, the dog pulls hard, toppling the post, grabs the sign in its mouth, and trots away across the lawn carrying it. The video is framed by the creator's caption about 'taking signs personally,' presenting the dog's behavior as a humorous, literal act of defiance against the ru",luck,False,strong,门上贴'猫不许进书房'，拍猫一巴掌拍掉纸条扬长而去，配音'王法？朕就是王法',owner-fail-pet-unbothered,1,True,,False,,unknown,英语创作者，无明确地域标记,False
2026-10-03,pet,52,https://www.instagram.com/reel/Dd4H-ezhCXM,@theevaelfie,23000,1000,5000,5000.0,0.29,2,2026-10-01,2026-09-29,4,True,"A short, lighthearted social media clip posted by creator Eva Elfie (@theevaelfie) with the caption '#cat'. The video alternates between shots of the blonde woman in a loose beige t-shirt at a wooden ","A short, lighthearted social media clip posted by creator Eva Elfie (@theevaelfie) with the caption '#cat'. The video alternates between shots of the blonde woman in a loose beige t-shirt at a wooden kitchen counter and her black cat on a light tile floor. She eats a small orange snack, looks at the camera, and makes a 'shh' gesture with her finger to her lips. The cat responds by sitting upright, looking up, and raising both front paws in a motion that resembles clapping or begging, with its mouth open showing teeth. The tone is playful and affectionate, capturing a simple, cute interaction b",hook,True,strong,吃零食时猫站起作揖，配音'大哥，赏口吃的吧'，你回'嘘——',gesture-trick-cat,2,True,,False,,unknown,英语创作者，无明确地域标记,False
2026-10-03,pet,53,https://www.instagram.com/reel/Dd9ZXLxiXk0,@unknown,9800,240,0,4900.0,0.0,0,2026-10-03,2026-10-01,2,True,A white English bulldog named Eggnog sits upright on a gray couch wearing an orange pumpkin costume with a matching hat. Next to him is a purple trick-or-treat bucket decorated with a jack-o'-lantern ,"A white English bulldog named Eggnog sits upright on a gray couch wearing an orange pumpkin costume with a matching hat. Next to him is a purple trick-or-treat bucket decorated with a jack-o'-lantern face, overflowing with Reese's Peanut Butter Cups. Posted October 1, 2026 with the caption 'Gourd vibes only.... Happy October everyone!', the clip celebrates spooky season. The dog looks around slowly, blinks, and appears drowsy and content after eating. The audio is dominated by exaggerated chewing sounds, followed by a burp and a flatulence-like noise, which serve as the comedic punchline. The ",hook,True,weak,,salon-glam-pet,1,False,猫穿道具服配合度低,False,,unknown,英语创作者，无明确地域标记,False
2026-10-03,pet,54,https://www.instagram.com/reel/Dd9XEu_EZMv,@unknown,9700,63,0,4850.0,0.0,0,2026-10-03,2026-10-01,2,True,"This is a Simon's Cat animated short titled by the creator as 'How it feels to return home to your cats...' The story follows a white cat and its owners in a cozy living room. Initially, a woman sits ","This is a Simon's Cat animated short titled by the creator as 'How it feels to return home to your cats...' The story follows a white cat and its owners in a cozy living room. Initially, a woman sits in an armchair while the cat lounges nearby, then gets down to obsessively play with a blue bell toy with a feather, batting it, biting it, and eventually destroying it. The woman interacts with the cat using the feather, and they play together on the floor amid a messy room with a shredded green armchair. The scene cuts to a man hiking outdoors who receives a video call from the woman; she shows ",high_cost,False,none,,animated-pet-story,1,False,动画短片制作，非实拍,False,,unknown,动画IP Simon's Cat，描述中无明确地域标记,False
2026-10-03,pet,55,https://www.instagram.com/reel/Dd_mH4zMbki,@unknown,4700,3,0,4700.0,0.0,0,2026-10-03,2026-10-02,1,True,"In a modern living room, creator Manjeet Kaur sits cross-legged on the floor with her large black dog beside two metal bowls and a brown liquor bottle. Speaking in Hindi, she sets up a joke about teac","In a modern living room, creator Manjeet Kaur sits cross-legged on the floor with her large black dog beside two metal bowls and a brown liquor bottle. Speaking in Hindi, she sets up a joke about teaching the dog something new. She pours liquid from the bottle into one bowl, prompting cutaway shots of a bearded man in a Gymshark shirt and another man with glasses reacting with exaggerated shock. After the fake-out, she discards the alcohol-tainted bowl and pours milk from a small cup into the clean bowl, which the dog happily drinks while she pets it and smiles at the camera. The video uses qu",hook,True,weak,,pet-food-tease,2,True,,False,,non-us,印地语对白，印度创作者,False
2026-10-03,pet,56,https://www.instagram.com/reel/Dd1S6rAzVwe,@unknown,22000,490,0,4400.0,0.0,0,2026-10-03,2026-09-28,5,True,"This is a short-form comedy reel posted by @therxckstxr featuring a small, fluffy black dog named Willow standing on a patterned rug over hardwood floors. The video uses a popular voiceover format whe","This is a short-form comedy reel posted by @therxckstxr featuring a small, fluffy black dog named Willow standing on a patterned rug over hardwood floors. The video uses a popular voiceover format where Willow is given a sassy, demanding human voice. She repeatedly asks 'Where my dinner?' and insists 'It's 4 o'clock somewhere,' despite the owner correcting her that it's not yet 4 PM. The exchange escalates into playful banter: Willow claims she's been 'pre-fussing' for half an hour, accuses the owner of stressing her out, and jokes about perimenopause and hot flashes. A second dog, a black dac",template,True,strong,饭点前拍猫蹲空碗旁，配音'几点了？四点在哪都是四点，开饭！',pet-voiceover-skit,2,True,,True,"cluster 'pet-voiceover-skit' seen on 2026-10-01,2026-10-03, 6 distinct authors cumulatively",unknown,英语创作者，无明确地域标记,False
2026-10-03,pet,57,https://www.instagram.com/reel/Dd1_0XREel8,@theasherhouse,21000,610,0,4200.0,0.0,0,2026-10-03,2026-09-28,5,True,"In a heartfelt outdoor video posted by animal rescuer Lee Asher (@theasherhouse), he reflects on his golden retriever Cali, who is nearly 15 years old. He calls her 'the apple of my eye' and explains ","In a heartfelt outdoor video posted by animal rescuer Lee Asher (@theasherhouse), he reflects on his golden retriever Cali, who is nearly 15 years old. He calls her 'the apple of my eye' and explains she was his second dog after Molly, adopted during a dark period when he was home recovering from spine surgery and not working. Over 14 years, they have grown together, traveling across the country, hiking mountains, and swimming in rivers. His favorite activity with her has always been playing fetch at the beach, though due to her age, hips, and joints, he now throws the ball only about ten yard",personality,False,weak,,pet-milestone-celebration,1,True,,False,,unknown,英语创作者，无明确地域标记,False
2026-10-03,pet,58,https://www.instagram.com/reel/Dd6o-CEKA3X,@unknown,74000,320,4000,4000.0,0.29,2,2026-10-01,2026-09-30,3,True,"This short comedy reel, posted by creator @harithpk, alternates between two subjects to create a humorous dialogue. A white and gray tabby cat is shown lying on a dark blue couch, initially yawning wi","This short comedy reel, posted by creator @harithpk, alternates between two subjects to create a humorous dialogue. A white and gray tabby cat is shown lying on a dark blue couch, initially yawning with its mouth wide open, then looking directly at the camera with alert eyes, and later opening its mouth again as if vocalizing. Intercut are shots of a young man standing barefoot in a home hallway with light green walls and tiled floor. He wears an olive and white striped polo shirt and gray jeans, and performs playful, exaggerated boxing stances, fist-pumping, and expressive reactions while loo",hook,True,strong,拍猫张嘴打哈欠，交叉剪你摆拳击姿势，配音'好小子，敢跟我叫板',human-pet-dialogue-cut,2,True,,False,,unknown,英语创作者，无明确地域标记,False
2026-10-03,pet,59,https://www.instagram.com/reel/Dd_qcrwCg4d,@unknown,3900,670,0,3900.0,0.0,0,2026-10-03,2026-10-02,1,True,"A short, warm-hearted Indian family comedy reel set in a bright living room features a black-and-white Indian indie dog named Oreo wearing a navy blue jacket. An older woman in a saree introduces Oreo","A short, warm-hearted Indian family comedy reel set in a bright living room features a black-and-white Indian indie dog named Oreo wearing a navy blue jacket. An older woman in a saree introduces Oreo to visiting guests—a younger couple and their son—who initially ask if he is a 'street dog.' She corrects them, proudly stating Oreo is not a street dog but an Indian (desi) dog, the family's youngest and most beloved member. The video showcases Oreo's intelligence through staged interactions: he responds to commands like 'go there and sit,' places his bowl aside, retrieves a sandal, and brings i",hook,True,weak,,pet-skits-human,2,False,需多位家庭成员出镜配合,False,,non-us,印度家庭场景（纱丽、Indian indie dog），无对白语言信息,False
2026-10-03,pet,60,https://www.instagram.com/reel/DeAMtd6N4-p,@unknown,3800,110,0,3800.0,0.0,0,2026-10-03,2026-10-02,1,True,"The video opens with on-screen text stating 'No... the noise isn't the washing machine,' leading the viewer into a bathroom where a large, fluffy orange cat named Pudding is the focus. The cat is inte","The video opens with on-screen text stating 'No... the noise isn't the washing machine,' leading the viewer into a bathroom where a large, fluffy orange cat named Pudding is the focus. The cat is intensely interested in a small, dark bronze swing-top trash can positioned in the corner next to the toilet. The owner, filming, repeatedly asks 'What are you doing?' and 'Pudding,' as the cat bats at the lid, sniffs inside, and tries to force his head through the opening. Despite warnings like 'You're gonna get stuck in it,' 'You're too big,' and 'You can't leave well enough alone, eh?', Pudding per",luck,False,strong,拍猫执着钻小垃圾桶或纸箱，配音'这保险箱里肯定藏了罐头',pet-reaction,3,True,,True,"cluster 'pet-reaction' seen on 2026-10-01,2026-10-03, 10 distinct authors cumulatively",unknown,英语创作者，无明确地域标记,False
2026-10-03,pet,61,https://www.instagram.com/reel/Dd3rtfnIP7K,@unknown,15000,140,0,3750.0,0.0,0,2026-10-03,2026-09-29,4,True,"In a modern living room with dark walls and tiled floor, Indian actor Kriti Kharbanda stands barefoot in a white crop top and loose pink pants playing with her husky, Drogo. She holds a small green ba","In a modern living room with dark walls and tiled floor, Indian actor Kriti Kharbanda stands barefoot in a white crop top and loose pink pants playing with her husky, Drogo. She holds a small green ball, teases the dog, then tosses it upward. On-screen text challenges viewers: 'Apparently, only 1% can pause at the right time!' The video is designed as a social media pause-trick — freezing the action at the peak of the throw makes the ball appear suspended just above her midsection, creating a cheeky, mildly sexual visual pun. The tone is playful and lighthearted, with the creator smiling throu",challenge,True,weak,,pause-trick-challenge,1,True,,False,,non-us,印度演员，印地语语境,False
2026-10-03,pet,62,https://www.instagram.com/reel/DeAjdXotuzU,@nikolasskhoury,3700,230,0,3700.0,0.0,0,2026-10-03,2026-10-02,1,True,"In a low-angle selfie video posted October 2, 2026 by creator Nikolas Khoury (@nikolasskhoury), a bearded man in a black sleeveless shirt holds an orange-and-white cat close to the camera. Speaking in","In a low-angle selfie video posted October 2, 2026 by creator Nikolas Khoury (@nikolasskhoury), a bearded man in a black sleeveless shirt holds an orange-and-white cat close to the camera. Speaking in Arabic, he playfully 'interviews' the cat, recalling how he found it in a trash container when it was starving, took it home, fed it, and 'made it human.' He repeatedly asks the cat if it remembers being hungry, then tells it that he doesn't expect anything in return except that, someday when he dies, the cat will remember him with a nice word. The cat stares at the camera with large eyes, occasi",personality,False,strong,怼脸'采访'猫：'还记得当年在垃圾桶旁的你吗？'猫面无表情，配字'恩情记下了',human-pet-dialogue-cut,2,True,,False,,non-us,阿拉伯语采访对白,False
2026-10-03,pet,63,https://www.instagram.com/reel/Dd_1HVKQTLM,@unknown,3600,400,0,3600.0,0.0,0,2026-10-03,2026-10-02,1,True,"In an empty cracked asphalt parking lot under an overcast sky, a performer dressed in a pink polka-dot strapless crop top and matching capris with bright red heels and a blonde wig exits a gray SUV ca","In an empty cracked asphalt parking lot under an overcast sky, a performer dressed in a pink polka-dot strapless crop top and matching capris with bright red heels and a blonde wig exits a gray SUV carrying a large German Shepherd dog. The video, captioned 'Quita drop offs part 15,' is a comedic skit where the performer talks to the dog as 'Bruh,' pretending to negotiate selling him for breeding. The dialogue reveals frustration over unpaid money ($350 promised, only $25 given previously), mentions the dog is seven months old and has already sired a litter, and references other people ('Lil Ma",personality,False,none,,pet-skits-human,2,False,需演员加狗加停车场布景，且为繁殖买卖梗,False,,unknown,英语创作者，无明确地域标记,False
2026-10-03,pet,64,https://www.instagram.com/reel/Dd3QWHoJ5Mk,@unknown,13000,210,0,3250.0,0.0,0,2026-10-03,2026-09-29,4,True,A short indoor video filmed in Delhi features a muscular gray-and-white American Bully with a green collar sitting on a marble floor and staring intently at the camera. An on-screen sticker reads 'Wat,"A short indoor video filmed in Delhi features a muscular gray-and-white American Bully with a green collar sitting on a marble floor and staring intently at the camera. An on-screen sticker reads 'Watch till end' with laughing emojis. An off-camera male owner speaks in Hindi, teasing the dog for not performing useful tasks like other dogs who fetch newspapers or sweep, joking that it only fights enemies and calling it 'kabadi.' He pets the dog's chin and neck, prompting the dog to turn its head away, stand up, walk across the room, and jump onto a large brown tufted sectional sofa. The dog the",hook,True,weak,,pet-skits-human,2,True,,False,,non-us,拍摄地印度德里，印地语调侃,False
2026-10-03,pet,65,https://www.instagram.com/reel/Dd9yUcEza3F,@unknown,6200,52,0,3100.0,0.0,0,2026-10-03,2026-10-01,2,True,"A short social media clip set in a bright, modern home kitchen with white cabinets, marble countertops, and a skylight. An orange tabby cat is the main focus, initially sitting on the counter next to ","A short social media clip set in a bright, modern home kitchen with white cabinets, marble countertops, and a skylight. An orange tabby cat is the main focus, initially sitting on the counter next to a container of treats and white roses, staring intently at the camera, then walking along the countertop and later down a hallway with its tail up. A brown-and-white Cavalier King Charles Spaniel is shown on the herringbone wood floor, sitting and looking up attentively at the cat/camera. The video is paired with a female voiceover performing both sides of a conversation, where the cat asserts dom",template,True,strong,拍两只猫同框，一人分饰两角配音：猫A'在这家，我说了算'，猫B'…行吧',pet-voiceover-skit,2,True,,True,"cluster 'pet-voiceover-skit' seen on 2026-10-01,2026-10-03, 6 distinct authors cumulatively",unknown,英语创作者，无明确地域标记,False
2026-10-03,pet,66,https://www.instagram.com/reel/Dd5bSKavIpA,@unknown,8900,19,0,2966.7,0.0,0,2026-10-03,2026-09-30,3,True,"This is a short, lighthearted social media reel captioned 'Every pet parent can relate to this.' It depicts a woman with her small white-and-brown Shih Tzu, identified in the author profile as Ozzu, i","This is a short, lighthearted social media reel captioned 'Every pet parent can relate to this.' It depicts a woman with her small white-and-brown Shih Tzu, identified in the author profile as Ozzu, illustrating the constant companionship of pet ownership. The video opens with the woman lying on a bed with a green headboard; the dog lies beside her then licks her face, preventing her from resting. She gets up, and the dog immediately follows her to the floor. In the kitchen, while she stands at the counter, the dog stays at her feet, looking up for attention, and she bends down to pet it. Fina",template,True,strong,跟拍猫从床跟到厨房再跟到书桌，配音'你上厕所我也要看',pov-lifestyle-montage,1,True,,False,,unknown,英语创作者，无明确地域标记,False
2026-10-03,pet,67,https://www.instagram.com/reel/Dd-2NpfR45J,@unknown,5400,89,2900,2900.0,0.14,1,2026-10-02,2026-10-02,1,True,"Filmed from a low angle on a bed under a gray blanket, the video opens with on-screen text 'POV you breathe wrong:' while a white dog with a pink beaded collar watches from beside a dark dresser. The ","Filmed from a low angle on a bed under a gray blanket, the video opens with on-screen text 'POV you breathe wrong:' while a white dog with a pink beaded collar watches from beside a dark dresser. The dog stares intently at the camera, then suddenly lunges forward, filling the frame with its face and causing the camera to shake violently. The person filming reacts with loud, exaggerated yelling and screaming as the dog playfully mouths and paws at them, creating a blurry, chaotic struggle. The audio consists of the person's distressed shouts and the dog's growls and panting. The clip captures a",template,True,strong,躺床上对猫'呼吸'，等它突然扑向镜头，配音'呼吸犯法吗？！',pov-breath-meme,1,True,,False,,unknown,英语创作者，无明确地域标记,False
2026-10-03,pet,68,https://www.instagram.com/reel/Dd-VjCFRTNk,@unknown,2800,4,0,2800.0,0.0,0,2026-10-03,2026-10-02,1,True,"This is a short, vertical-format social media video posted October 1, 2026 by @beigecardigan (credit: Larkin Grimm). Shot from a low angle looking up at the ceiling, it features an orange tabby cat na","This is a short, vertical-format social media video posted October 1, 2026 by @beigecardigan (credit: Larkin Grimm). Shot from a low angle looking up at the ceiling, it features an orange tabby cat named Scrappy standing on a person's two feet, which are raised in the air and covered in dark striped socks. The person rhythmically moves their legs up and down and side-to-side, mimicking a treadmill belt, while the cat carefully walks in place, balancing and occasionally grabbing at the socks with its paws. On-screen text reads 'My foot treadmill for our cat Scrappy.' The background shows a bedr",hook,True,strong,躺床上双脚套袜上下摆动当跑步机，猫在上面走，配音'私教课开始',human-mimic-pet-bait,3,True,,False,,unknown,英语创作者，无明确地域标记,False
2026-10-03,pet,69,https://www.instagram.com/reel/Dd9GWkiSHQJ,@unknown,5500,13,0,2750.0,0.0,0,2026-10-03,2026-10-01,2,True,"A young man with glasses and dark hair begins the video in a black Tommy Jeans t-shirt, posing for the camera indoors. He then transitions to wearing a traditional white outfit consisting of a long-sl","A young man with glasses and dark hair begins the video in a black Tommy Jeans t-shirt, posing for the camera indoors. He then transitions to wearing a traditional white outfit consisting of a long-sleeved shirt and a white dhoti with a gold border. He acts out a short skit where he hears someone at the door ('Koi door pr hai!'), opens it, and a small fluffy brown dog enters. On-screen text identifies the dog as 'Choti idli' and jokes that the 'big sir has come' and is upset because the owner is making a reel without him ('Mere bina reel bana rha hai!'). The dog playfully grabs and tugs at the",hook,True,weak,,pet-skits-human,2,True,,False,,non-us,印度传统服饰dhoti，印地语小品,False
2026-10-03,pet,70,https://www.instagram.com/reel/Dd8rdBsphZr,@unknown,5300,52,0,2650.0,0.0,0,2026-10-03,2026-10-01,2,True,"This is a short-form Telugu family comedy reel posted in 2026. A woman dressed in a vibrant red and turquoise saree with traditional jewelry sits on a brown sofa holding a small, fluffy brown-and-whit","This is a short-form Telugu family comedy reel posted in 2026. A woman dressed in a vibrant red and turquoise saree with traditional jewelry sits on a brown sofa holding a small, fluffy brown-and-white Shih Tzu puppy. She speaks directly to the camera with animated facial expressions, appearing to tell a story about the dog named Micky. The video cuts between medium shots of her and close-ups of the puppy being held upright, looking at the camera with large dark eyes. The caption implies the humor is about the dog's tendency to bite. The clip concludes with a cutaway to a man in a black polo s",personality,False,weak,,pet-skits-human,2,False,需多人出演加泰卢固语语境,False,,non-us,泰卢固语家庭喜剧，印度创作者,False
2026-10-03,pet,71,https://www.instagram.com/reel/Dd2YTdnvHCa,@unknown,13000,160,0,2600.0,0.0,0,2026-10-03,2026-09-28,5,True,"A woman with long wavy highlighted hair, wearing a dark long-sleeve top and gray sweatpants, films herself indoors in what appears to be a modern bathroom/hallway. She holds a large brown tabby cat na","A woman with long wavy highlighted hair, wearing a dark long-sleeve top and gray sweatpants, films herself indoors in what appears to be a modern bathroom/hallway. She holds a large brown tabby cat named Chase (identified in audio) and demonstrates how she pets him upside down, as requested by viewers. On-screen text reads ""Petting my cat upside down."" She cradles the cat on its back against her torso, supporting its body with both hands while stroking its belly. The cat remains mostly calm, looking at the camera with wide eyes, occasionally shifting its paws. The creator speaks directly to th",hook,True,strong,把猫翻过来抱怀里撸肚皮，配音'听说这样撸最爽？嗯……真香',gesture-trick-cat,2,True,,False,,unknown,英语创作者，无明确地域标记,False
2026-10-03,pet,72,https://www.instagram.com/reel/Dd_o_Wcg-jj,@unknown,2500,1,0,2500.0,0.0,0,2026-10-03,2026-10-02,1,True,A compilation video shows the ongoing relationship between a large orange-and-white adult cat and a small gray tabby kitten brought into the home months earlier. Set in a bright house with wooden floo,"A compilation video shows the ongoing relationship between a large orange-and-white adult cat and a small gray tabby kitten brought into the home months earlier. Set in a bright house with wooden floors, a fireplace, and furniture, the clips show the kitten persistently seeking attention: standing on hind legs to reach the adult cat on a coffee table, climbing onto a bed where the adult sits, rolling on its back for play, batting at the adult's tail, and interacting during feeding time. Other scenes include both cats on a dining table, the kitten wearing a red plastic cup on its head while the",luck,False,strong,剪三只猫的'老三欺负老大'日常：追尾巴、抢食、纸杯扣头，配音宫斗剧,pet-voiceover-skit,2,True,,True,"cluster 'pet-voiceover-skit' seen on 2026-10-01,2026-10-03, 6 distinct authors cumulatively",unknown,英语创作者，无明确地域标记,False
2026-10-03,pet,73,https://www.instagram.com/reel/Dd785iMyjPg,@unknown,4700,19,0,2350.0,0.0,0,2026-10-03,2026-10-01,2,True,"This is a short, lighthearted Indian social media reel filmed indoors in a Delhi home, featuring a large cream-colored Chow Chow dog named Chiklu wearing a green and red sweater. The video opens with ","This is a short, lighthearted Indian social media reel filmed indoors in a Delhi home, featuring a large cream-colored Chow Chow dog named Chiklu wearing a green and red sweater. The video opens with a man in a black t-shirt and beige pants cuddling the dog on a patterned sofa against geometric wallpaper. A second man with curly hair, wearing a denim jacket over a hoodie and blue Puma pants, enters and engages in a comedic Hindi dialogue with the first man. The humor revolves around the second man playfully defending the dog from being called 'kutta,' insisting he is an elder family member ('d",hook,True,weak,,pet-skits-human,2,False,需两人出演加印地语对白,False,,non-us,拍摄地印度德里，印地语小品,False
2026-10-03,pet,74,https://www.instagram.com/reel/Dd-Sj3ctSrt,@unknown,2200,140,0,2200.0,0.0,0,2026-10-03,2026-10-02,1,True,"This is a short-form reaction video posted October 1, 2026 by creator Zion Rainey (@officialzionrainey/@raineyreacts). The first half is a shaky close-up of a light-brown dog lying on a speckled floor","This is a short-form reaction video posted October 1, 2026 by creator Zion Rainey (@officialzionrainey/@raineyreacts). The first half is a shaky close-up of a light-brown dog lying on a speckled floor next to a person's bare leg, repeatedly nuzzling and licking the person's foot/ankle area between their legs. The second half cuts to the creator sitting in a car wearing a black hoodie, reacting with exaggerated laughter and disbelief. On-screen text reads 'Dogs don't eat cats 😳🤣'. He verbally states he thought the same thing others did, but insists 'y'all cannot make my mind seem dirty,' confir",hook,True,none,,suggestive-reaction-clip,1,False,擦边暗示梗，内容低俗不做,False,,unknown,英语创作者，无明确地域标记,False
2026-10-03,pet,75,https://www.instagram.com/reel/Dd9EuR5OVuY,@unknown,4200,110,0,2100.0,0.0,0,2026-10-03,2026-10-01,2,True,"A social media reel features a brindle dog named Enzo dressed as artist Bob Ross, complete with a curly brown wig and light blue collared shirt, seated at a table with paint bottles and a blank canvas","A social media reel features a brindle dog named Enzo dressed as artist Bob Ross, complete with a curly brown wig and light blue collared shirt, seated at a table with paint bottles and a blank canvas. In a voiceover imitating Bob Ross, he introduces himself as 'Dog Ross' and announces he'll paint a 'happy little picture.' He leans down and licks the wet paint on the canvas, creating abstract strokes while the audio includes playful 'thwack' sounds. A human hand then decorates the painted landscape with dried flowers, ferns, and a dried orange slice. The finished piece is revealed to have a cu",high_cost,False,weak,,salon-glam-pet,1,False,需假发服装加颜料布景，成本高,False,,unknown,英语创作者，无明确地域标记,False
2026-10-03,pet,76,https://www.instagram.com/reel/Dd4iZkMSePf,@unknown,8200,180,0,2050.0,0.0,0,2026-10-03,2026-09-29,4,True,"A short, lighthearted pet video posted by The Pet Collective in September 2026 shows a cream-colored orange cat lying on a table next to a person in a striped shirt. In front of the cat is a white pla","A short, lighthearted pet video posted by The Pet Collective in September 2026 shows a cream-colored orange cat lying on a table next to a person in a striped shirt. In front of the cat is a white plate with a slice of yellow cake. The cat keeps its eyes squeezed shut while leaning down to lick and nibble the cake, embodying the joke that closing its eyes makes it invisible. On-screen text reads, 'he thinks if he closes his eyes I won't see him.' An off-camera person repeatedly says 'no, no, Bruno' in Spanish in a playful, scolding tone, laughing as the cat continues. After several bites, the ",hook,True,strong,猫偷吃时闭眼装睡，配音'我闭眼了你就看不见我'，你用中文回'不行',pet-food-tease,2,True,,False,,unknown,西班牙语画外音，地域不明,False
2026-10-03,pet,77,https://www.instagram.com/reel/Dd9C26UKx9Y,@unknown,4100,57,0,2050.0,0.0,0,2026-10-03,2026-10-01,2,True,"A short social media reel documents a traveler discovering their cat's thoughtful gesture. Opening a black suitcase on a hotel luggage stand, the creator reveals clothes and a small black-and-white pl","A short social media reel documents a traveler discovering their cat's thoughtful gesture. Opening a black suitcase on a hotel luggage stand, the creator reveals clothes and a small black-and-white plush toy nestled inside, with on-screen text stating, 'Got on my trip and found out my cat had packed his favorite toy in my suitcase.' The video then cuts to multiple clips of the brown tabby cat, identified in the author bio as 'Ringo,' showing affectionate behavior: peeking over furniture, being cuddled, sleeping peacefully next to a person's arm, and playfully biting and holding the same plush ",luck,False,strong,收拾行李时拍猫把玩具叼进行李箱或坐进行李箱，配音'带上我，不然玩具留下',pov-lifestyle-montage,1,True,,False,,unknown,英语创作者，无明确地域标记,False
2026-10-03,pet,78,https://www.instagram.com/reel/DeCEEvHhKvX,@unknown,2000,0,0,2000.0,0.0,0,2026-10-03,2026-10-03,0,True,"A woman in a grey patterned salwar kameez performs a solo comedic skit titled 'Mom after owning a dog for 10 days.' Throughout the video she holds and interacts with a grey-and-white plush husky toy, ","A woman in a grey patterned salwar kameez performs a solo comedic skit titled 'Mom after owning a dog for 10 days.' Throughout the video she holds and interacts with a grey-and-white plush husky toy, speaking to it and about it as if it were a real puppy named Oreo. She moves through different areas of a home — a living room, kitchen, and near a bookshelf — while delivering an animated monologue in Hindi. She greets imaginary neighbors ('Namaste aunty'), boasts that the dog's training cost 30,000 rupees and that it is more well-behaved than their child, insists it doesn't bite but just licks, ",personality,False,weak,,pet-skits-human,2,True,,False,,non-us,印地语独角戏，印度创作者,False
2026-10-03,pet,79,https://www.instagram.com/reel/Dd2IqKATrKU,@unknown,9700,180,0,1940.0,0.0,0,2026-10-03,2026-09-28,5,True,"A short social media video features a medium-sized tan and white dog, likely a German Shepherd mix, sitting inside next to a wooden door with a screen door open. On-screen text reads 'WHEN IT'S FINALL","A short social media video features a medium-sized tan and white dog, likely a German Shepherd mix, sitting inside next to a wooden door with a screen door open. On-screen text reads 'WHEN IT'S FINALLY COOLING DOWN + MOM OPENS THE SCREEN DOOR.' The dog initially looks calmly out the screen toward the outside, then lifts its head upward, opens its mouth, and lets out a sustained howl or sing-like vocalization with its eyes closed, appearing to enjoy the cooler air. The audio track includes light piano music underneath the dog's howling. The tone is wholesome, humorous, and relatable pet content",luck,False,weak,,pet-reaction,3,False,需抓拍特定时刻，靠运气,True,"cluster 'pet-reaction' seen on 2026-10-01,2026-10-03, 10 distinct authors cumulatively",unknown,英语创作者，无明确地域标记,False
2026-10-03,pet,80,https://www.instagram.com/reel/Dd5zg2ITlqA,@unknown,5300,56,0,1766.7,0.0,0,2026-10-03,2026-09-30,3,True,"A man in a black t-shirt with a small orange graphic enters a room through a wooden door while wearing large black over-ear headphones and dancing to upbeat music. He stops, removes the headphones wit","A man in a black t-shirt with a small orange graphic enters a room through a wooden door while wearing large black over-ear headphones and dancing to upbeat music. He stops, removes the headphones with a confused expression, and looks around as if hearing something odd. The video cuts to an AI-generated white-and-tabby cat sitting upright on a gray couch, behaving like a person — laughing with its mouth open, moving its front paws expressively, and appearing to vocalize. The sequence alternates between the man's increasingly exasperated reactions at his desk (he puts the headphones back on, li",high_cost,False,none,,ai-talking-pet,1,False,需AI视频生成整段,False,,unknown,英语创作者，无明确地域标记,False
2026-10-03,pet,81,https://www.instagram.com/reel/Dd1WEIqqVjB,@unknown,8200,45,0,1640.0,0.0,0,2026-10-03,2026-09-28,5,True,"This is a Telugu-language comedy reel posted by @cult_boyzzz, captioned 'Chinnoda' and tagged #comedy #telugucomedy. The skit plays on the common Indian trope of mothers pampering their pets like chil","This is a Telugu-language comedy reel posted by @cult_boyzzz, captioned 'Chinnoda' and tagged #comedy #telugucomedy. The skit plays on the common Indian trope of mothers pampering their pets like children. A young man in a blue-and-white plaid shirt sits on the floor playing with a light-colored Labrador. His mother, wearing a purple patterned dress with flowers in her hair, emerges from the kitchen holding a metal plate of food and calls out 'Chinnoda.' The son eagerly responds like a dog, takes food from her hand, and she playfully scolds him before realizing her mistake. She then turns to t",hook,True,weak,,pet-skits-human,2,False,需母亲出镜配合加泰卢固语语境,False,,non-us,泰卢固语家庭小品，印度创作者,False
2026-10-03,pet,82,https://www.instagram.com/reel/Dd6bxGPzTJR,@unknown,4600,57,0,1533.3,0.0,0,2026-10-03,2026-09-30,3,True,"The video alternates between two scenes set in 2026. In the first, a young man with dark hair wearing a black tank top sits at a wooden table in a brightly lit restaurant with a wall decorated with il","The video alternates between two scenes set in 2026. In the first, a young man with dark hair wearing a black tank top sits at a wooden table in a brightly lit restaurant with a wall decorated with illuminated circular signs spelling out letters including 'B', 'U', 'R', 'G', 'E', 'R'. A white cup reading 'BEEF BOSS' sits on the table. He performs exaggerated eating motions, brings his hand to his mouth, points, and looks directly at the camera with playful expressions and a smile. The second scene cuts to a black cat on a light-tiled floor next to a pink bear-faced stool. The cat stands uprigh",hook,True,strong,吃饭时猫后腿站立讨食，配音'哥，赏一口，就一口'，你浮夸吃播回应,gesture-trick-cat,2,True,,False,,unknown,英语创作者，无明确地域标记,False
2026-10-03,pet,83,https://www.instagram.com/reel/Dd_eQGTBwwK,@unknown,1500,0,0,1500.0,0.0,0,2026-10-03,2026-10-02,1,True,"A short social media reel posted October 2, 2026 by @chaska_akita shows a man lying on his back on a light wood floor, eyes closed, appearing to sleep. He wears a black t-shirt and light-colored short","A short social media reel posted October 2, 2026 by @chaska_akita shows a man lying on his back on a light wood floor, eyes closed, appearing to sleep. He wears a black t-shirt and light-colored shorts. Cuddled against his chest and under his arm is a large black-and-white American Akita named Chaska, who also appears asleep with her head resting on his arm. The dog wears a patterned collar with a bright pink flower. On-screen text reads: 'Asked my husband to help with the chores. Apparently Chaska had other plans 😆'. The caption adds 'Bunch of bums 😆' with hashtags #americanakita #akitabear #",template,True,weak,,me-when-meme,2,True,,False,,unknown,英语创作者，无明确地域标记,False
2026-10-03,pet,84,https://www.instagram.com/reel/Dd6twrfzS0w,@unknown,4500,24,0,1500.0,0.0,0,2026-10-03,2026-09-30,3,True,"The video is a short, lighthearted social media reel set in India, posted in 2026. The first and longer segment takes place outdoors during the day in front of a colorful building with a metal gate. A","The video is a short, lighthearted social media reel set in India, posted in 2026. The first and longer segment takes place outdoors during the day in front of a colorful building with a metal gate. A young man dressed in all-white traditional clothing barefoot approaches a light-brown dog lying completely on its back asleep on a painted concrete floor. With a smile, he crouches, gently pats the dog's exposed belly, then lowers himself to lie on his side next to the dog, mirroring its pose and continuing to rub its stomach. The dog remains deeply relaxed, eventually opening its mouth in a wide",hook,True,strong,猫四仰八叉睡觉，你躺旁边摆同款姿势，配音'睡眠质量守恒',human-mimic-pet-bait,3,True,,False,,non-us,印度创作者，户外场景,False
2026-10-03,pet,85,https://www.instagram.com/reel/Dd7WmwdJees,@unknown,4400,18,0,1466.7,0.0,0,2026-10-03,2026-09-30,3,True,"This is a short comedic skit posted by creator @trashygas1 (Gio + Emmy) on September 30, 2026. The video opens with a close-up of a young man with curly hair and a beard, wearing a dark shirt, looking","This is a short comedic skit posted by creator @trashygas1 (Gio + Emmy) on September 30, 2026. The video opens with a close-up of a young man with curly hair and a beard, wearing a dark shirt, looking down anxiously with his hand near his mouth. On-screen text sets up the premise: 'When you and your sibling hide what you broke but mom finds out and gets them first.' The scene cuts to a low-angle shot of a small, light-colored chihuahua (Emmy) peeking out from behind a wooden cabinet. A human hand reaches in, grabs the dog by the head/neck area, and pulls it away. The video cuts back to the man",template,True,weak,,pet-skits-human,2,False,需摆拍'人赃并获'，猫不配合演出,False,,unknown,英语创作者，无明确地域标记,False
2026-10-03,pet,86,https://www.instagram.com/reel/Dd2QjDfujW-,@unknown,7100,74,0,1420.0,0.0,0,2026-10-03,2026-09-28,5,True,"A short indoor video features a brown tabby cat with a white chest, identified by the creator as Loki from @loki.doestricks, lying on its back against a light-colored couch cushion. The cat looks upwa","A short indoor video features a brown tabby cat with a white chest, identified by the creator as Loki from @loki.doestricks, lying on its back against a light-colored couch cushion. The cat looks upward, opens its mouth repeatedly in what appears to be meowing or yawning, showing its teeth and pink tongue, while making expressive faces. It then rolls fully onto its back, exposing its striped belly and paws, appearing relaxed and playful. The audio consists of the cat's vocalizations and a woman laughing off-camera who says, 'Everything you do is adorable.' The caption notes the creator was too",luck,False,strong,拍猫翻肚皮喵喵叫，配音'夸我，快夸我，词穷了也行',pet-voiceover-skit,2,True,,True,"cluster 'pet-voiceover-skit' seen on 2026-10-01,2026-10-03, 6 distinct authors cumulatively",unknown,英语创作者，无明确地域标记,False
2026-10-03,pet,87,https://www.instagram.com/reel/Dd1boW_urYE,@unknown,6900,200,0,1380.0,0.0,0,2026-10-03,2026-09-28,5,True,"This short social media reel features two pet dogs from the account @sookieandivy taking turns modeling an identical handmade crocheted banana costume. The first dog, a dark brindle-coated dog with a ","This short social media reel features two pet dogs from the account @sookieandivy taking turns modeling an identical handmade crocheted banana costume. The first dog, a dark brindle-coated dog with a white chest patch, sits facing the camera wearing a white crocheted peel-shaped hat and a yellow crocheted banana body with brown tip. The scene then cuts to a second dog, a tan and white pit-bull-type dog, wearing the same outfit. On-screen text throughout reads, 'we wore the same outfit so no one could tell us apart,' playing on the 'twinning' trend. The video has a gentle acoustic guitar instru",hook,True,weak,,salon-glam-pet,1,False,猫穿针织服装配合度低,False,,unknown,英语创作者，无明确地域标记,False
2026-10-03,pet,88,https://www.instagram.com/reel/Dd33wVouLDi,@unknown,5200,850,0,1300.0,0.0,0,2026-10-03,2026-09-29,4,True,"The video is a compilation of three short, lighthearted clips. The first and longest segment shows a woman with dark hair in a white shirt leaning over a fluffy tabby cat against a tiled wall. She smi","The video is a compilation of three short, lighthearted clips. The first and longest segment shows a woman with dark hair in a white shirt leaning over a fluffy tabby cat against a tiled wall. She smiles and laughs as the cat playfully grabs and kneads her hair with its paws, eventually lying on its back while holding onto her head. The second segment cuts to a close-up of a bearded man inside a car during daylight, looking at the camera with a slight smile and subtle mouth movements. The third segment is a lower-resolution clip of two men sitting indoors; one in a brown jacket leans in to whi",luck,False,weak,,funny-clip-compilation,2,True,,False,,unknown,英语创作者，无明确地域标记,False
2026-10-03,pet,89,https://www.instagram.com/reel/DeAMgRrhccA,@unknown,1300,2,0,1300.0,0.0,0,2026-10-03,2026-10-02,1,True,"The video features a gray tabby cat with white markings and a blue collar tag, shown in several indoor settings (on a couch and on carpet). On-screen text and a male voiceover deliver a short comedic ","The video features a gray tabby cat with white markings and a blue collar tag, shown in several indoor settings (on a couch and on carpet). On-screen text and a male voiceover deliver a short comedic bit: 'You send me reel, I send you reel. Do you know what that means? That means we are in REELationship.' The cat appears to be speaking, with its mouth open in some shots, creating the impression of a conversation. Heart emojis appear briefly during the punchline. The tone is affectionate and humorous, playing on the common social media practice of exchanging Instagram Reels as a sign of closene",template,True,strong,拍猫盯着你，配音'你给我发reel我也给你发，这叫REEL爱关系'，改中文谐音'咱俩是猫腻关系',pet-voiceover-skit,2,True,,True,"cluster 'pet-voiceover-skit' seen on 2026-10-01,2026-10-03, 6 distinct authors cumulatively",unknown,英语创作者，无明确地域标记,False
2026-10-03,pet,90,https://www.instagram.com/reel/Dd-V2ODT0K9,@unknown,1300,79,0,1300.0,0.0,0,2026-10-03,2026-10-02,1,True,"This is a short, lighthearted social media reel featuring a large, fluffy dark gray dog (appearing to be a Blue Bay Shepherd named Maeve) lying in tall green grass during daylight. The dog looks aroun","This is a short, lighthearted social media reel featuring a large, fluffy dark gray dog (appearing to be a Blue Bay Shepherd named Maeve) lying in tall green grass during daylight. The dog looks around, pants with its tongue visible, and moves its head slightly while blades of grass partially obscure its face. Overlaid white text delivers a self-deprecating joke from the owner's perspective: 'I don't mean to brag, but I never have to tell my dog to stop doing something twice... Maybe 50 times, but never twice.' The creator's caption reinforces this, stating 'She understands. She just chooses n",template,True,strong,拍猫无视指令的淡定脸，配字'我从不说第二遍……我说五十遍',me-when-meme,2,True,,False,,unknown,英语创作者，无明确地域标记,False
2026-10-03,pet,91,https://www.instagram.com/reel/Dd3-mwsIWNc,@unknown,5100,17,0,1275.0,0.0,0,2026-10-03,2026-09-29,4,True,"In a brightly painted home with lime-green walls, a woman in a patterned sari sits at a glass table crushing small white tablets from a blister pack. Nearby, a young man in a black splatter-print shir","In a brightly painted home with lime-green walls, a woman in a patterned sari sits at a glass table crushing small white tablets from a blister pack. Nearby, a young man in a black splatter-print shirt and track pants stands barefoot, reaching up to adjust a red decorative item on the wall. A yellow Labrador Retriever sits attentively between them, watching the interaction. The video uses comedic editing and sound effects: the man makes exaggerated facial expressions, clutches his chest, and dramatically collapses to the floor, while the woman remains mostly impassive, occasionally looking up.",hook,True,weak,,pet-skits-human,2,False,需两人配合表演slapstick,False,,non-us,纱丽等印度文化标记，无明确地域,False
2026-10-03,pet,92,https://www.instagram.com/reel/Dd7MmT0P5MU,@edbassmaster,3800,120,0,1266.7,0.0,0,2026-10-03,2026-09-30,3,True,"A short home video posted by comedian Ed Bassmaster (@edbassmaster) captioned 'Again.' shows a large gray cat eating from a metal bowl placed on a wooden stand in a kitchen. A male voiceover jokes, 'O","A short home video posted by comedian Ed Bassmaster (@edbassmaster) captioned 'Again.' shows a large gray cat eating from a metal bowl placed on a wooden stand in a kitchen. A male voiceover jokes, 'Oh you son of a bitch. Roddy Robertson here eating your food. He's in here eating all your supper,' implying the cat is stealing the dogs' meal. The scene cuts to an outdoor paved yard where a green ladder stands near a gate; the gate opens and two dogs — a tan pit bull-type and a brown boxer carrying a tennis ball — run into the house. They enter the kitchen and approach the cat, which continues e",template,True,strong,拍猫偷吃，配音'报告，又是那只惯犯'，给它起个通缉犯名字做连载,pet-voiceover-skit,2,True,,True,"cluster 'pet-voiceover-skit' seen on 2026-10-01,2026-10-03, 6 distinct authors cumulatively",unknown,英语喜剧人Ed Bassmaster,False
2026-10-03,pet,93,https://www.instagram.com/reel/Dd3qY0VKT1U,@unknown,4900,160,0,1225.0,0.0,0,2026-10-03,2026-09-29,4,True,"This short social media reel, posted in September 2026 by @dionnadph7, shows an indoor whelping setup. Inside a white wire pen on a wood floor, an adult American Bully-type dog named Bossy (white with","This short social media reel, posted in September 2026 by @dionnadph7, shows an indoor whelping setup. Inside a white wire pen on a wood floor, an adult American Bully-type dog named Bossy (white with gray patches, wearing a chain collar) is curled tightly inside a gray plastic storage bin. Two metal food/water bowls sit in front of the bin. The camera pans to reveal two very young puppies — one brindle and one light tan — sleeping together on a white blanket on the floor next to a black cloth. The creator's voiceover and caption humorously complain that Bossy has kicked her puppies out of the",luck,False,weak,,pet-reaction,3,False,需幼崽加母犬生产场景，用户无此条件,True,"cluster 'pet-reaction' seen on 2026-10-01,2026-10-03, 10 distinct authors cumulatively",unknown,英语创作者，无明确地域标记,False
2026-10-03,pet,94,https://www.instagram.com/reel/Dd9RL5cxaR3,@unknown,2200,2,0,1100.0,0.0,0,2026-10-03,2026-10-01,2,True,"The video captures a concert scene where a giant LED screen dominates the stage, displaying an AI-generated animation of a fluffy Shih Tzu named Bailey. Bailey wears a straw cowboy hat and a bright ye","The video captures a concert scene where a giant LED screen dominates the stage, displaying an AI-generated animation of a fluffy Shih Tzu named Bailey. Bailey wears a straw cowboy hat and a bright yellow t-shirt with a 'BAILEY' name tag, and performs a series of dance moves — waving paws, clapping, raising arms, and swaying — to an upbeat electronic dance track. Below, a dark crowd holds up phones to record the spectacle under purple and blue stage lights. The creator's caption states Bailey 'took the stage, sang his heart out, and had the whole crowd cheering,' framing it as a funny, viral p",high_cost,False,none,,ai-dance-skits,1,False,AI生成舞蹈整段，非实拍,False,,unknown,英语创作者，无明确地域标记,False
2026-10-03,pet,95,https://www.instagram.com/reel/Dd9BYMBzQZj,@unknown,13000,200,1000,1000.0,0.14,1,2026-10-02,2026-10-01,2,True,"A short comedy reel features a small, tan, long-haired dog standing on a black mat by an interior door. A male voiceover from creator @TheRxckstxr delivers a mock-serious 'Potty Pep Talk,' telling the","A short comedy reel features a small, tan, long-haired dog standing on a black mat by an interior door. A male voiceover from creator @TheRxckstxr delivers a mock-serious 'Potty Pep Talk,' telling the dog it will go out the door, use the bathroom in a timely manner, sit down, and not lollygag, before finding its spot to do its business. The dog looks up attentively, turns toward the glass door, and then the scene cuts to the dog outside on a patchy, snow-dusted lawn. While the voice continues to urge 'find your spot,' the dog sniffs the ground and walks around searching. The video ends with a ",template,True,strong,猫进猫砂盆前配音'找到你的位置，不要磨蹭，祝好运士兵',pet-voiceover-skit,2,True,,True,"cluster 'pet-voiceover-skit' seen on 2026-10-01,2026-10-03, 6 distinct authors cumulatively",unknown,英语创作者，无明确地域标记,False
2026-10-03,pet,96,https://www.instagram.com/reel/Dd6ETRnMQXe,@unknown,2400,54,0,800.0,0.0,0,2026-10-03,2026-09-30,3,True,"This is a short, upbeat pet reel featuring two large fluffy dogs, identified by the creator as Kai Xavier and Kimo Everest (Alaskan Malamutes), in an indoor tiled area next to metal kennels. The video","This is a short, upbeat pet reel featuring two large fluffy dogs, identified by the creator as Kai Xavier and Kimo Everest (Alaskan Malamutes), in an indoor tiled area next to metal kennels. The video documents the white dog Kai's daily pre-dinner routine. On-screen Indonesian text explains 'Rutinitas tiap makan sore' (routine every afternoon meal) and jokes 'Wajib debus dulu' (must fart first) as the dog performs dramatic stretches, lies flat, wiggles, and barks excitedly while the owner crouches nearby encouraging him. After the ritual, the text 'Makaaan!!' signals feeding time. The video th",hook,True,strong,拍猫开饭前固定仪式：转圈、蹭腿、大叫，配音'开饭祷告开始',pet-meal-ritual,1,True,,False,,non-us,印尼语字幕，印尼创作者,False
2026-10-03,pet,97,https://www.instagram.com/reel/Dd-vtm4ot5P,@unknown,650,6,0,650.0,0.0,0,2026-10-03,2026-10-02,1,True,"A short, static close-up video features Mo, a black-white-and-tan Miniature American Shepherd, lying with his head on a gray fabric couch cushion. He looks directly at the camera with large, soulful e","A short, static close-up video features Mo, a black-white-and-tan Miniature American Shepherd, lying with his head on a gray fabric couch cushion. He looks directly at the camera with large, soulful eyes, conveying a sad or pleading expression. White capitalized text overlaid on the image reads, 'WHY DID YOU STOP SENDING REELS TO ME?' The creator's caption adds context: 'You know who to send to' with eye emojis, positioning the dog as a relatable character who misses receiving shared social media Reels from friends. The tone is lighthearted, humorous, and affectionate, typical of pet-owner 're",template,True,strong,拍猫哀怨眼神特写，配字'你为什么不回我消息了'，配音'已读不回是吧',me-when-meme,2,True,,False,,unknown,英语创作者，无明确地域标记,False
2026-10-03,pet,98,https://www.instagram.com/reel/Dd_JZqnPwJT,@unknown,640,10,0,640.0,0.0,0,2026-10-03,2026-10-02,1,True,"A young woman with dark hair and bangs, wearing a white top, films herself up close with a brown spotted Bengal cat sitting on a surface indoors. Throughout the short clip, she repeatedly pats the top","A young woman with dark hair and bangs, wearing a white top, films herself up close with a brown spotted Bengal cat sitting on a surface indoors. Throughout the short clip, she repeatedly pats the top of the cat's head with her hand. Each pat triggers the cat to open its mouth wide, showing teeth and tongue, squinting its eyes, and tilting its head back as if vocalizing loudly. The woman reacts with broad smiles and laughter, leaning in to cuddle the cat near the end while holding its chin. The background includes a small lamp and colorful orange and green objects in the foreground. The creato",template,True,strong,轻拍猫头顶，抓拍它张大嘴的瞬间，配音'啊——'做'海豚音挑战',gesture-trick-cat,2,True,,False,,unknown,英语创作者，无明确地域标记,False
2026-10-03,pet,99,https://www.instagram.com/reel/Dd1mjHPMe01,@unknown,3100,71,0,620.0,0.0,0,2026-10-03,2026-09-28,5,True,"A woman identified as Refaella Twina, wearing a long patterned bohemian dress and dark sunglasses, performs in a studio with a solid orange background and a hanging vintage microphone. She dances, ges","A woman identified as Refaella Twina, wearing a long patterned bohemian dress and dark sunglasses, performs in a studio with a solid orange background and a hanging vintage microphone. She dances, gestures, and lip-syncs to an English-language hip-hop track with lyrics about money, confidence, and partying including a line about drinking a whole bottle. A brown dachshund stands on its hind legs on a yellow platform next to the mic, appearing to 'sing' along, creating a comedic duet dynamic. The interaction is lighthearted and stylized, with the woman occasionally pointing at or reacting to the",audio_meme,True,weak,,ai-talking-pet,1,False,需宠物配合'对唱'，猫不可控,False,,unknown,英语歌曲对口型表演，描述中无明确地域标记,False
2026-10-03,pet,100,https://www.instagram.com/reel/Dd-BY7HvSKy,@unknown,1200,9,0,600.0,0.0,0,2026-10-03,2026-10-01,2,True,"A short vertical video features Smush, an orange and white fluffy cat described as a 'professional bread thief,' inside a black mesh carrier or playpen. Filmed from above, the cat lies on its back, st","A short vertical video features Smush, an orange and white fluffy cat described as a 'professional bread thief,' inside a black mesh carrier or playpen. Filmed from above, the cat lies on its back, stretches its front paws upward through a circular opening, and gazes directly into the camera with wide green eyes and an alert expression. It shifts its head, blinks, and moves its paws playfully while remaining mostly on its back. The creator's caption is simply 'hmmm.' The audio is an upbeat funk/pop instrumental track with background vocals, serving as non-performed background music. The overal",hook,True,strong,拍猫躺平举爪，配字'职业面包大盗'，配音'今天也是被通缉的一天',pet-voiceover-skit,2,True,,True,"cluster 'pet-voiceover-skit' seen on 2026-10-01,2026-10-03, 6 distinct authors cumulatively",unknown,英语创作者，无明确地域标记,False
