scan_date,niche,rank,url,author,likes,comments,likes_gained_since_last,velocity_per_day,velocity_confidence,days_tracked,first_seen_date,posted_date,recency_days,is_fresh,title,description,mechanic,replicable,niche_fit,angle_idea,format_cluster,spread_count,feasible,feasible_note,saturated,saturation_reason,geo_fit,geo_note,picked_for_tomorrow
2026-10-06,pet,1,https://www.instagram.com/reel/DeEy8K_ANUE,@ashuvines728,510000,4000,0,255000.0,0.0,0,2026-10-06,2026-10-04,2,true,The video opens with a young man in black clothing squatting barefoot on a concrete ledge ...,"The video opens with a young man in black clothing squatting barefoot on a concrete ledge indoors, eating from a small metal bowl next to a larger pot and metal cup. He looks around cautiously while eating. The scene repeatedly cuts to a digitally altered black cat standing on its hind legs on a wet floor; the cat has human-like hands, makes gesturing motions (shrugging, shushing, waving), and displays an unnatural wide grin with human teeth and glowing eyes. The man occasionally reacts, including putting a finger to his lips in a 'shh' gesture. Toward the end, the video cuts to a different man with a beard and gold chains sitting in a car, wearing a striped shirt, who is speaking and laughing toward the camera. The overall tone is comedic and surreal, relying on the jarring contrast between the mundane eating scene and the uncanny AI cat interludes.
Culture moment=smart cat meme; significance=Plays on popular internet trope of animals understanding human mischief.; origin=Social media pet humor trend
Entities people=ashish jatav (Author Name); products=metal drinking cup, metal serving bowl, cooking pot, flatbread
Humor type=Situational; explanation=The humor comes from the contrast between the man's furtive eating and the cat's uncanny human-like awareness. The AI cat stands upright, waves its paws, covers its mouth, and smiles with teeth, mimicking a judgmental observer. This visual gag plays on the common pet-owner experience of being watched while doing something forbidden, amplified by the absurdity of a cat behaving like a person. The final cut to a laughing man reinforces the punchline, creating a classic setup-payoff structure typical of Indian short-form comedy reels.
Author 【entity-ashish jatav¦handle=@ashuvines728¦author_id=user-024372407438834223903】
AuthorURL https://www.instagram.com/ashuvines728
1K Followers
Language en


【a6d3】
URL https://www.instagram.com/reel/DeHPXlGgDPM/
Type video
Created 2026-10-05 12:51:37 UTC
12K Likes
120 Comments
Summary: The video opens with a young man with dark hair and a mustache, wearing a navy blue t-shirt and jeans, sitting on a couch covered with a maroon patterned throw. He is gently petting an orange tabby cat lying on its back in his lap; the cat appears relaxed with its eyes closed. The man strokes the cat's head and belly with both hands. The audio features a male voice speaking in Telugu over a dramatic musical score, ending with a laugh sound effect. At approximately 16 seconds, the scene cuts to a different man outdoors, dressed in a grey suit jacket over a light blue shirt with gold chains and a bracelet, holding a small colorful cup. He is laughing heartily, leaning forward. The overall tone is lighthearted and wholesome, combining a cute pet moment with a popular reaction-laugh meme.
Humor type=Situational; explanation=The comedy relies on situational incongruity rather than a punchline joke. Viewers see a serene domestic scene—a man quietly stroking a sleepy orange cat—while hearing a dramatic, almost interrogative Telugu voiceover discussing the cat's physique ('what are you poking... upper part thin... lower leg?'). The mismatch between the gentle visual and the intense narration creates absurdity. The payoff is the hard cut to a well-known Indian public figure in a suit bursting into uncontrollable laughter, which validates the viewer's amusement and acts as a shared reaction meme. This bait-and-switch structure is common in Indian Reels where mundane pet videos are elevated by overdubbed movie-style dialogue, making the ordinary feel cinematic and funny.
Author 【entity-Shaik Baba Hassan¦handle=@babahassan_07¦author_id=user-746237238116669481982】
AuthorURL https://www.instagram.com/babahassan_07
700 Followers
Language en


【513b】
URL https://www.instagram.com/reel/DeHGwD0gzhY/
Type video
Created 2026-10-05 11:32:57 UTC
100K Likes
570 Comments
Summary: In a modestly furnished bedroom with a large arched window, an air conditioner, and a bed covered in a floral sheet, a man wearing glasses, a black 'WHEN YOU REACH THE TOP' graphic t-shirt, and dark track pants interacts with a small white-and-brown cat. He approaches the cat sitting on the bed holding a plastic water bottle, gently touches the cat's head, then steps back. He walks to another area of the room, places the bottle on a dark table, checks his phone, and looks around. The camera cuts to the cat lying on its back on the bed, completely relaxed with its belly exposed and paws in the air, appearing to sleep or play dead. The video is set to instrumental background music with no dialogue. The overall tone is casual, affectionate, and humorous, capturing a typical pet-owner moment at home.
Entities people=Vinmesh Kadam (Author Name); products=graphic t-shirt, plastic water bottle
Humor type=Situational; explanation=The humor comes from the contrast between the man's casual approach and the cat's theatrical response. The cat initially sits upright, then after the man walks away, it lies completely on its back with paws in the air, exposing its belly in a pose that mimics death. This visual gag aligns with the caption '9 out of 9 lives used,' referencing the common saying that cats have nine lives. The joke is situational because the comedy arises from the unexpected, human-like dramatics of the animal rather than a punchline or wordplay. Viewers familiar with pet memes recognize this as a classic 'dramatic cat' trope where pets pretend to be dead for attention, making the scene relatable and amusing without any dialogue.
Author 【entity-Vinmesh Kadam¦handle=@ayevinyaaa¦author_id=user-477570494558182855546】
AuthorURL https://www.instagram.com/ayevinyaaa
760 Followers
Language en


【efe1】
URL https://www.instagram.com/reel/DeFj4JjsYXu/
Type video
Created 2026-10-04 21:07:12 UTC
9.3K Likes
230 Comments
Summary: A young man with curly hair and a goatee, wearing a white henley shirt, lies on a beige couch in dim indoor lighting and speaks directly to the camera in Arabic. On-screen text reads '*سوالف عزيز آخر الليل*' (Aziz's late-night chats). He recounts a humorous personal story about arriving home late at night, finding the front door locked, and attempting to sneak inside quietly so his family doesn't wake up. He acts out the scene with whispered dialogue, tiptoeing motions, and exaggerated frustration when he fails, describing how he was caught. His tone is casual, conversational, and comedic, typical of social media storytelling. The video concludes abruptly with a cut to a black cat sitting upright on tile flooring; the cat has been edited with realistic human teeth showing in a smile and moves its paws in a human-like manner, serving as a surreal, meme-style punchline. The overall tone is lighthearted and informal, posted by creator Abdulaziz Bakr (@zozobakrtv) on October 4, 2026.
Culture moment=AI cat with human teeth meme; significance=The uncanny cat is a well-known internet jump-scare meme used to subvert horror expectations with absurd humor.; origin=Viral social media meme circulating on TikTok and Instagram Reels",luck,false,none,,ai-uncanny-cat-meme,1,false,AI 生成的拟人猫视频，需 AI 视频生成工具逐帧制作，非实拍宠物日常，流程完全不同,false,,non-us,印度创作者 Ashish Jatav+Telugu 配音+印度短剧梗,false
2026-10-06,pet,2,https://www.instagram.com/reel/DeCR_GPK59m,@tikanni.kita.n.tehya.3.sibes,320000,4600,0,106666.7,0.0,0,2026-10-06,2026-10-03,3,true,"In a living room with a brown leather couch, three Siberian Huskies are featured. The cent...","In a living room with a brown leather couch, three Siberian Huskies are featured. The central black-and-white husky wears a homemade white cardboard box costume painted as an ambulance, labeled 'HUSKULANCE' with a red cross and a flashing red light on top. Throughout the clip, this dog sits and howls loudly with its head tilted back, mouth open. Two other huskies (one reddish-brown, one lighter) join in, howling alongside it, creating a chaotic chorus. On-screen text overlays provide a comedic narrative, suggesting the wrong dog received the costume and blaming someone named 'Karen,' with phrases like 'You put dis on da wrong HUSKYYYYY,' 'Am da one an only huskulance,' and 'Straight to jail.' The tone is playful and chaotic, typical of pet meme videos, with the dogs' natural howling presented as an ambulance siren.
Humor type=Situational; explanation=The humor comes from situational absurdity: a husky is trapped in a homemade cardboard ambulance labeled 'HUSKULANCE' and reacts with prolonged, dramatic howling. On-screen text gives the dog a human-like inner monologue complaining to 'Karen' about being the wrong dog, claiming ownership of the costume, and threatening to call the police. Other huskies join the chorus, amplifying the chaos. The comedy relies on the contrast between the dog's serious vocal performance and the silly costume, plus the familiar internet trope of blaming 'Karen' for mistakes. Viewers recognize typical husky vocal behavior and find it funny when framed as indignant protest, creating relatable pet-owner humor without any actual dialogue.
Author 【entity-𝕋𝕙𝕖 𝕃𝕚𝕗𝕖 𝕆𝕗 𝕋𝕚𝕜𝕒𝕟𝕟𝕚•𝕂𝕚𝕥𝕒 🌈 𝕋𝕖𝕙𝕪𝕒•𝕂𝕒𝕚𝕥𝕠¦handle=@tikanni.kita.n.tehya.3.sibes¦author_id=user-362821942992557542124】
AuthorURL https://www.instagram.com/tikanni.kita.n.tehya.3.sibes
Verified
830K Followers
Language en


【93d8】
URL https://www.instagram.com/reel/DeFp2SuSryr/
Type video
Created 2026-10-04 22:02:11 UTC
4.4K Likes
73 Comments
Summary: A brown-and-white pit bull-type dog plays energetically in a spacious, sunlit living room with large windows showing green trees outside. The room features a massive, plush gray corduroy sectional sofa, a large gray beanbag, and light wood floors. The dog repeatedly sprints across the couch cushions, leaps onto the beanbag, runs to the floor, and returns, displaying high speed and agility. At one point it grabs a blue and green rope toy, carries it around, and lies down on the couch to chew it while looking at the camera. An off-camera man provides loud, excited commentary throughout, repeatedly shouting variations of 'I'm fast as fuck boy!' in a playful, hyped tone. The video ends with the dog resting with its toy as gentle acoustic guitar music plays. The overall tone is lighthearted, chaotic, and affectionate pet content.
Entities products=large modular sectional couch, rope dog toy
Humor type=Situational; explanation=The humor comes from the contrast between the dog's frantic physical activity and the exaggerated, profane human-like bravado assigned to him. The voiceover repeats 'I'm fast as fuck boyee' with increasing intensity, matching the dog's laps around the massive sectional, which is framed as a racetrack. This anthropomorphism is relatable to pet owners who imagine their animals' inner monologues during zoomies. The comedy is situational rather than scripted, relying on the real dog's unpredictable energy paired with the over-the-top narration, making the mundane act of a dog running in circles feel like an epic athletic boast.
Author 【entity-DayDay Knucks¦handle=@danalinnbailey¦author_id=user-501391657454436029403】
AuthorURL https://www.instagram.com/danalinnbailey
Verified
2.3M Followers
Language en


【399b】
URL https://www.instagram.com/reel/DeHUiERzbEp/
Type video
Created 2026-10-05 13:30:09 UTC
20K Likes
310 Comments
Summary: A static indoor shot shows a black cat lying on beige carpet facing a large glass door/window. Outside on a wooden deck stands a shaggy dark-colored dog looking in. A comedic voiceover (credited to @therxckstxr / RxCKSTxR) gives the cat a voice. The cat tells the dog to push the door open, then demands he prove his love for cats by saying 'dogs suck' and putting on sunblock because he'll be outside a while. The cat also instructs the dog to go to neighbor Fred's house and say he got smacked by a cat. After much coaxing, the dog begins to meow ('meow, meow') loudly, which satisfies the cat, who finally agrees to let him in. The video ends with a branded outro graphic for 'THE RxCKSTxR' urging viewers to like, share, follow, and comment. The overall tone is playful, family-friendly pet comedy.",template,true,weak,纸箱剪个救护车造型套猫身上，拍它坐着不动，配字幕配音：'穿错猫了！我是唯一的猫救护车，不服报警',pet-costume-pov-text,1,true,,false,,us-likely,英文+'Karen'梗+美式郊区客厅,false
2026-10-06,pet,3,https://www.instagram.com/reel/DeIarfLxakV,@jokoy,54000,420,0,54000.0,0.0,0,2026-10-06,2026-10-05,1,true,"During a live stand-up comedy show in a venue set up like a classroom, a male comedian on ...","During a live stand-up comedy show in a venue set up like a classroom, a male comedian on stage interacts with an audience member who holds up a small tan chihuahua wearing a harness that reads 'SECURITY.' The comedian takes the dog, named Tito, and performs a bit about how nervous and cute the animal is. He jokes that 'you can't f*** with a Chihuahua,' then reacts to the dog urinating on his hand, stating 'there's f***ing pee all over my palm right now' and later 'there's just pre-cum and pee all over me.' He hands the dog back, continues the bit calling the dog 'security' and saying it's 'just trying to protect,' before walking away from the interaction. The tone is comedic, improvisational, and relies on crude language and gross-out humor.
Entities people=Jo Koy (Vision Model Only); products=dog harness
Humor type=Situational; explanation=The humor comes from the unexpected situation of a tiny, terrified chihuahua being handed to a large comedian on stage. The contrast between the dog's vulnerability and the performer's exaggerated reactions creates situational comedy. Jo Koy leans into the absurdity by anthropomorphizing the dog's fear as aggression ('he's trying to protect'), then undercuts it with crude physical comedy about the dog urinating and having 'pre-cum' on his hand. The repeated line 'you can't f*** with a chihuahua' plays on the breed's reputation for being feisty despite its size, turning a simple cute-animal moment into a self-deprecating bit where the tough comic is defeated by a shaking puppy. Audience laughter reinforces the shared recognition of both the cuteness and the gross-out element, making it classic observational stand-up rooted in a real, unplanned interaction rather than a written joke.
Author 【entity-Jo Koy¦handle=@jokoy¦author_id=user-448800772122179996485】
AuthorURL https://www.instagram.com/jokoy
Verified
3.3M Followers
Language en


【da89】
URL https://www.instagram.com/reel/DeANn7OBOkV/
Type video
Created 2026-10-02 19:17:28 UTC
1K Likes
5 Comments
Summary: A short social media reel posted October 2, 2026 by Canadian lifestyle creator Derek Kesseler (@derekjacobkesseler) shows him indoors preparing to walk his brown-and-white Australian Shepherd. He wears a deliberately goofy winter outfit: a rust-colored beanie, white fluffy zip-up jacket over a dark shirt, red pajama pants printed with small white dogs, and white Crocs. On-screen text from the dog's perspective reads, 'When dad puts on his most atrocious outfit to take me on a walk...' The scene cuts to the dog sitting attentively in front of a white door, with captioned narration continuing the joke: 'you know and I'm not judging you but I'm just saying every everybody else is gonna.' The tone is playful and relatable, framed by the creator's caption 'It's that time of year again… #dogdad #relatable #comedy #adulting,' emphasizing seasonal cozy-wear humor without any risky, offensive, or mature content.
Entities people=Derek Kesseler (Author Name); products=white fleece jacket, red pajama pants with dog print, brown knit beanie, white Crocs shoes
Humor type=Situational; explanation=The humor arises from the classic situational irony of a pet silently judging its human's fashion choices, a widely recognized meme format where animals are given human-like sarcasm. The setup contrasts the owner's practical comfort-first outfit—pajama pants, fleece, Crocs—with societal expectations of public appearance, making the dog the voice of polite restraint ('I'm not judging you') while implying universal external judgment. This taps into the relatable 'dog dad' experience and the broader cultural trend of pet POV content, where viewers project their own embarrassment onto the animal. The deadpan delivery and the dog's earnest expression amplify the comedy without needing exaggeration, relying on shared understanding that cozy home clothes look absurd outside. It is not satire or self-deprecation by the creator directly, but situational observation delivered through the pet's perspective.
Author 【entity-Derek Kesseler | Canadian Lifestyle Creator¦handle=@derekjacobkesseler¦author_id=user-707799920497973315551】
AuthorURL https://www.instagram.com/derekjacobkesseler
Verified
110K Followers
Language en


【cb97】
URL https://www.instagram.com/reel/DeINDK3o-YP/
Type video
Created 2026-10-05 21:45:42 UTC
89K Likes
650 Comments
Summary: The video takes place at an outdoor concrete skatepark surrounded by trees and graffiti-covered ramps. A man wearing a black t-shirt, black shorts, black socks, sneakers, and a Red Bull cap rides a skateboard while a small, shaggy brown dog follows closely behind him, apparently holding or carrying the camera at a low angle, as indicated by the on-screen text 'POV: your dog is your cameraman.' The skater approaches a ledge, performs an ollie onto it, grinds along the edge, and lands back on the ground. He then stops, bends down to interact affectionately with the dog, which jumps up toward him. A second camera angle shows the same trick from a lower perspective, highlighting the jump and landing. The video ends with the skater crouching toward the camera, smiling and extending his hand. The overall tone is playful, wholesome, and casual.
Entities people=Gustavo Ribeiro (Author Name); products=skateboard
Humor type=Situational; explanation=The humor comes from the literal interpretation of the on-screen text 'POV: your dog is your cameraman.' The video is shot from low angles that follow the skater's feet and board, mimicking how a small dog running behind would see the action. The dog is visibly trotting after the skater, looking up at him, which supports the joke visually. The punchline is reinforced at the end when the skater bends down to interact with the dog as if thanking the operator. This situational comedy relies on the absurd but plausible premise that a pet could document human activity, creating an endearing contrast between athletic skill and animal companionship without any dialogue or staged gag.
Author 【entity-Gustavo Ribeiro¦handle=@gustavoribeiro¦author_id=user-803298186850640461062】
AuthorURL https://www.instagram.com/gustavoribeiro
Verified
710K Followers
Language en


【341f】
URL https://www.instagram.com/reel/Dd_p42bRgHF/
Place 【place-Hollywood Unlocked¦place_id=3226823467587951】
Type video
Created 2026-10-02 14:04:05 UTC
170K Likes
6K Comments
Summary: This is a split-screen social media clip posted by Hollywood Unlocked titled 'CARDI B AND HER RELATIONSHIP WITH HER DOG FLUFFY'. On the left, Cardi B appears indoors wearing a pink head covering, speaking directly to camera at 5:37 AM. On the right, a static photo shows her fluffy brown Pomeranian, Fluffy, wearing a white ruffled collar with cherries. Cardi B narrates returning home and having her heart jump, initially fearing a raccoon had gotten inside, before realizing it was just her dog. She then greets Fluffy warmly with playful, profanity-filled affection, repeatedly saying 'you look cute.' The video cuts briefly to show Fluffy walking across a wood floor toward the camera. The overall tone is humorous and lighthearted, portraying a relatable pet-owner moment with exaggerated surprise.",personality,false,none,,standup-stage-bit,1,false,需要单口舞台+现场观众+别人家的狗，单人拍不了，布景道具不适用,false,,us-likely,Jo Koy 美国单口演员，英文现场段子,false
2026-10-06,pet,4,https://www.instagram.com/reel/DeFxibHNvLW,@abram.engle,170000,260,40000,40000.0,0.143,1,2026-10-05,2026-10-04,2,true,"The video is a short, lighthearted pet clip set inside a home with hardwood floors and whi...","The video is a short, lighthearted pet clip set inside a home with hardwood floors and white cabinetry. On-screen text reads 'throwback to when Gary randomly didn't recognize Kurt.' A light-colored cat with dark points on its face, ears, and tail (identified as Gary) walks slowly and cautiously across the room with an arched back and low posture, appearing wary. The camera follows him as he approaches an orange tabby cat (Kurt) sitting calmly near a closed white door. The two cats meet nose-to-nose, sniff each other briefly, and then Gary turns and walks away while Kurt remains seated watching. The scene is accompanied by suspenseful, dramatic instrumental music that contrasts humorously with the mundane cat interaction. The overall tone is amusing and relatable for pet owners, capturing a common feline behavior of temporary non-recognition.
Humor type=Situational; explanation=The humor comes from the unexpected and exaggerated behavior of Gary, who walks with a low, arched back, puffed tail, and hesitant steps as if encountering a stranger, despite Kurt being a familiar housemate. The on-screen text frames this as Gary 'randomly didn't recognize Kurt,' turning normal feline caution into a relatable comedy of mistaken identity. Viewers familiar with cats understand this defensive posture, making the contrast between Gary's fear and Kurt's calm sitting amusing. The caption comparing Gary to an opossum reinforces the visual gag of his stiff, wary stance, creating situational comedy without any dialogue or staged action.
Author 【entity-Abram Engle¦handle=@abram.engle¦author_id=user-233086707721892032085】
AuthorURL https://www.instagram.com/abram.engle
Verified
2.3M Followers
Language en


【399b】
URL https://www.instagram.com/reel/DeHUiERzbEp/
Type video
Created 2026-10-05 13:30:09 UTC
20K Likes
310 Comments
Summary: A static indoor shot shows a black cat lying on beige carpet facing a large glass door/window. Outside on a wooden deck stands a shaggy dark-colored dog looking in. A comedic voiceover (credited to @therxckstxr / RxCKSTxR) gives the cat a voice. The cat tells the dog to push the door open, then demands he prove his love for cats by saying 'dogs suck' and putting on sunblock because he'll be outside a while. The cat also instructs the dog to go to neighbor Fred's house and say he got smacked by a cat. After much coaxing, the dog begins to meow ('meow, meow') loudly, which satisfies the cat, who finally agrees to let him in. The video ends with a branded outro graphic for 'THE RxCKSTxR' urging viewers to like, share, follow, and comment. The overall tone is playful, family-friendly pet comedy.",audio_meme,true,strong,拍我家两只猫'装不认识'的日常（比如一只洗完澡回来、另一只哈气），配悬疑BGM+配音：'住了三年的室友，今天他说不认识我',pet-moment-dramatic-audio-caption,1,true,,false,,us-likely,认证 2.3M 美国宠物创作者，英文家庭日常,false
2026-10-06,pet,5,https://www.instagram.com/reel/DeDk12DKW92,@nmatet_,65000,400,18000,18000.0,0.286,2,2026-10-04,2026-10-04,2,true,"A young man with curly hair, wearing a black t-shirt, blue shorts, black socks and slides,...","A young man with curly hair, wearing a black t-shirt, blue shorts, black socks and slides, walks through the aisles of a retail store (appearing to be Target) while dragging a whole onion on a thin leash along the floor behind him, mimicking walking a pet dog. The camera follows him from the side as he moves past shelves stocked with Halloween costumes, plastic bins, and snack foods. On-screen text reads 'that one guy that always has their pet onion with them,' establishing the comedic premise. There is no spoken dialogue; the audio consists of ambient store sounds including the rolling noise of the onion on the floor. The tone is playful and absurd, intended as a short-form social media joke.
Humor type=Situational; explanation=The humor arises from the incongruity of treating a mundane grocery item, an onion, as a beloved pet on a leash. Viewers recognize the social trope of people who bring dogs everywhere, and the video substitutes the dog with something completely inappropriate and non-sentient, creating surprise and absurdity. The deadpan delivery, with the man walking normally while the onion rolls behind him, reinforces the situational comedy without dialogue. The on-screen text frames it as a universal character type, inviting viewers to tag friends who fit the description, which amplifies relatability. This aligns with common short-form meme formats that exaggerate everyday behaviors for comedic effect.
Author 【entity-nmatet_¦handle=@nmatet_¦author_id=user-333054832768174778069】
AuthorURL https://www.instagram.com/nmatet_
3.4K Followers
Language en


【06bc】
URL https://www.instagram.com/reel/DeHNRgRJxc1/
Type video
Created 2026-10-05 12:28:56 UTC
17K Likes
76 Comments
Summary: This is a short, lighthearted pet video posted by @thelunaanddakotadiaries featuring two cats, Dakota (black and white) and Luna (white with tabby markings, wearing a collar with tag 'Crumb'). The video is structured as a dialogue using on-screen text and a voiceover. Dakota walks toward the camera as text reads 'You send me reel,' followed by Luna looking up with 'I send you reel.' Both cats appear together on a cat tree with the question 'Do you know what that means?' The punchline shows Luna lying on her back on a rug while Dakota sits upright, with text stating 'That means we are in REELationship,' accompanied by heart emojis. The creator's caption 'We love REEL-ationships' reinforces the pun. The tone is cute, affectionate, and comedic, anthropomorphizing the cats' mutual exchange of Instagram Reels as a romantic relationship. Filmed indoors in an Australian home, the video contains no risky content and is suitable for all ages.
Humor type=Other; explanation=The humor comes from applying human dating language to cat behavior through a simple homophone pun. 'Reel' sounds like 'real,' turning the common phrase 'in a relationship' into 'in a REELationship.' The comedy is amplified by the visual setup: the cats are shown performing the literal action described—one sends a reel, the other replies—making the abstract social media habit concrete. Anthropomorphizing pets as having a reciprocal digital romance is a familiar internet trope, and the deadpan delivery paired with the cats' innocent expressions creates situational irony. The payoff relies on recognition of Instagram culture rather than slapstick, making it relatable to anyone who exchanges reels with friends or partners.
Author 【entity-Luna&Dakota¦handle=@thelunaanddakotadiaries¦author_id=user-156339744429265644137】
AuthorURL https://www.instagram.com/thelunaanddakotadiaries
2.9K Followers
Language en


【f066】
URL https://www.instagram.com/reel/Dd-EXnePObp/
Type video
Created 2026-10-01 23:16:53 UTC
73K Likes
320 Comments
Summary: This short-form social media video features creator Valerie Musser (@whosagoodlizard), known for exotic pet rescue content, interacting with her bearded dragon named Samson. Filmed from a first-person perspective on a beige carpet, the clip opens with Samson resting near the creator's leg. On-screen text asks, 'Does your dog bite?' followed by the reply 'Sometimes,' creating a humorous misdirection since the animal is clearly a lizard, not a dog. A tattooed hand gently pets Samson's head and back, then lifts him slightly before setting him down again. In the background, part of his enclosure with driftwood and rock decor is visible. The creator's caption notes Samson has been asleep for two days, adding context of pet care concern. The overall tone is lighthearted, affectionate, and educational, typical of viral pet-owner storytelling, with no risky content present.",template,true,none,,human-pet-swap-gag,1,true,,false,,us-likely,Target 商场+英文，美式生活场景,false
2026-10-06,pet,6,https://www.instagram.com/reel/DeDX-jWIh4i,@the.meow.moves,32000,410,0,16000.0,0.0,0,2026-10-06,2026-10-04,2,true,"This short social media video features two domestic cats, identified by the creator as Bel...","This short social media video features two domestic cats, identified by the creator as Bella (white with tabby markings, wearing a collar) and Flauschi (fluffy orange), performing synchronized upright behaviors outdoors against a dark wooden fence with greenery. The clip opens with close-ups of Bella in the foreground making exaggerated 'panicked' expressions—eyes wide, mouth open, paws raised to her head—while Flauschi dances in the background. The camera then switches focus to Flauschi doing the same head-holding, mouth-open reaction, with Bella visible behind him. Later shots show both cats standing side-by-side on their hind legs, swaying, waving paws, and posing together as if dancing. The tone is playful and comedic, matching the creator's caption about a couple arguing over who is dramatic and then both panicking at once. The video is set to upbeat instrumental music and is presented as daily cat content from @the.meow.moves.
Culture moment=AI-generated pet video trend; significance=Reflects growing public fascination with AI tools that animate animals realistically, as evidenced by repeated mentions of Higgsfield.; origin=Commenters explicitly reference 'Higgsfield ai' and 'genjutsu' as the creation method.",luck,false,none,,ai-cat-dance,1,false,AI 生成内容（评论区提到 Higgsfield），需 AI 视频生成工具，非实拍,false,,unknown,英文配文，无地域信号,false
2026-10-06,pet,7,https://www.instagram.com/reel/DeJTftehdj-,@bagheera_the_billa,9700,88,0,9700.0,0.0,0,2026-10-06,2026-10-06,0,true,"A woman in an orange patterned top sits on a tiled floor indoors, gently petting a light-b...","A woman in an orange patterned top sits on a tiled floor indoors, gently petting a light-brown dog that is lying across her lap with its head resting on her leg. On-screen text reads 'Being a single mom of 2 babies 😂 Sibling fight 😂', framing the dog and a second 'baby' — a person in floral clothing lying on the floor in the background looking at a phone — as siblings competing for her attention. The woman talks softly, strokes the dog's ears and body, and occasionally looks toward the camera or the person behind her. The dog appears relaxed and sleepy throughout most of the clip. Toward the end, the dog gets up and moves away, prompting the woman to laugh and adjust her position. The setting is casual home environment with warm lighting, conveying a relatable, humorous moment of pet ownership compared to parenting.
Humor type=Situational; explanation=The humor comes from the everyday situation where a mother treats her dog as one of her children. The on-screen text sets up the expectation of a 'sibling fight,' and the visual shows the dog peacefully sleeping on her lap while a child lies in the background, implying typical bickering. The woman's gentle scolding in Hindi about the child teasing the dog reinforces the parental role-play. Viewers who are pet parents recognize this dynamic instantly, making it funny because it exaggerates a common truth—pets become family members who get into the same squabbles as human siblings. The contrast between the dog's calmness and the implied mischief creates a lighthearted, observational comedy.
Author 【entity-Bagheera🐯& Chini 🐱¦handle=@bagheera_the_billa¦author_id=user-539925200378175713418】
AuthorURL https://www.instagram.com/bagheera_the_billa
16K Followers
Language en


【d645】
URL https://www.instagram.com/reel/DeCNzkMMfZ6/
Type video
Created 2026-10-03 14:03:03 UTC
12K Likes
100 Comments
Summary: This is a short-form comedy sketch by creator Niaa Singh (@creative_niaa_), posted October 3, 2026, titled 'When You Visit Your Dog 🐶 Lover Friend's Home.' One performer plays both roles: the nervous visitor wearing a curly black wig, blue graphic tee, and denim jacket, and the enthusiastic dog-loving host wearing glasses and a white 'RADIC COLOR' t-shirt. The visitor arrives at the home looking apprehensive. The host greets them warmly and repeatedly emphasizes how friendly their dogs are. As the visitor sits on a brown couch trying to relax and drink water, two very large dogs—a black Doberman with a gold chain collar and a grey Cane Corso—appear barking loudly with aggressive open-mouth displays. The visitor reacts with escalating fear, making pained faces, clutching themselves, and attempting to hide, while the host remains cheerful and oblivious, talking about the dogs affectionately. The skit uses quick cuts between the two characters and relies on physical comedy and sound effects to portray the common experience of being intimidated by a friend's big pets despite assurances they are harmless.
Entities people=Niaa Singh (Author Name)
Humor type=Situational; explanation=The humor derives from the universally relatable situation where a well-meaning friend's beloved pets become a source of terror for a guest. The comedy is built on contrast: the host's genuine pride and affection for the dogs versus the visitor's escalating panic, expressed through exaggerated facial expressions, body language, and vocal delivery. The situational irony peaks when the dogs' aggressive barking is presented as normal behavior by the host, highlighting the disconnect between insider pet-owner perspective and outsider experience. This taps into common social media tropes about 'dog parents' treating pets like children, making it instantly recognizable without needing cultural specificity. The performance relies on timing and physical exaggeration rather than dialogue punchlines, fitting the short-form vertical video format popular for relatable life humor.
Author 【entity-Niaa Singh¦handle=@creative_niaa_¦author_id=user-979096448389170389303】
AuthorURL https://www.instagram.com/creative_niaa_
67K Followers
Language en


【5d59】
URL https://www.instagram.com/reel/Dd_0kPxJCIc/
Type video
Created 2026-10-02 15:37:42 UTC
370K Likes
210 Comments
Summary: This is a fast-paced, humorous compilation of multiple short clips showing dogs interacting with their owners, primarily mothers, during moments of discipline. The theme is consistent across scenes: big dogs acting tough until corrected, then becoming timid, guilty, or dramatic. Clips include a brown pit-bull-type dog retreating to a bed after being told 'you're gonna go timeout'; a black Doberman sitting attentively before jumping off a couch when addressed; a large tan mastiff named Winnie looking sheepish on a bed; a husky having a vocal 'disagreement' with a woman on a floral couch; a golden retriever hiding completely under blankets because 'my mom doesn't like the dog upstairs'; a French bulldog peeking from under covers with text 'Los ojos'; and various other dogs freezing, whining, or playfully growling when told to behave. The tone is lighthearted and relatable pet-owner comedy, with on-screen captions emphasizing the 'mom vs dog' dynamic. Audio consists of natural household sounds, owners speaking firmly but not abusively, and frequent dog barks. No sexual, violent, or dangerous content is present.
Culture moment=mom is scary universal meme; significance=Reflects widespread internet trope that mothers hold ultimate disciplinary power over pets and children alike.; origin=Originates from countless viral pet videos showing dogs submitting to female owners.",template,true,weak,拍三只猫围着你抢摸摸的日常，配音：'单亲爸爸带三个娃，老大霸占左腿，老二告状',pet-as-kids-framing,1,true,,false,,non-us,印地语对白+印度家庭场景,false
2026-10-06,pet,8,https://www.instagram.com/reel/Dd-PJdftJit,@kushpapi_,30000,370,0,7500.0,0.0,0,2026-10-06,2026-10-02,4,true,"The video opens with a low-angle, close-up shot of a white pug with black facial markings ...","The video opens with a low-angle, close-up shot of a white pug with black facial markings and a green collar lying on its back indoors. A person's bare feet with white-painted toenails are seen gently holding and playing with the dog's muzzle and chin; the dog appears relaxed and happy, panting with its tongue out. The scene then cuts to an outdoor urban setting at dusk on a wet sidewalk. Two adult men stand side-by-side wearing identical full-body, fluffy white dog costumes complete with hoods featuring floppy ears and black spots, black bow ties, and large paw-shaped feet and hands. They initially stand with hands clasped, then transition to a crouching pose. The background shows residential buildings, parked cars, and streetlights reflecting on the wet pavement. The overall tone is playful and comedic, focusing on the cute interaction with the real dog and the amusing sight of the costumed individuals.
Entities people=Kush Papi (Author Name)
Humor type=Situational; explanation=The humor comes from the unexpected and slightly absurd juxtaposition of a real pug enjoying human feet in its mouth, paired with the caption treating it as a romantic preference for toes. This sets up a mild taboo around foot fetishism presented innocently through a pet. The second half amplifies the joke visually: two adult men standing motionless on a public sidewalk in full fluffy white dog onesies with bow ties, posing seriously as if they are the literal embodiment of the 'dogs who like toes.' The contrast between the mundane urban setting, the earnest poses, and the ridiculous costumes creates situational comedy without dialogue. Viewers recognize the self-aware silliness of dressing as dogs after joking about canine affection for feet, making the payoff a visual punchline rather than a verbal one. The comedy relies on relatability to pet owners who anthropomorphize their animals and internet culture's embrace of weird, wholesome absurdity.
Author 【entity-Kush Papi 🍇🍊🍍¦handle=@kushpapi_¦author_id=user-219764124759033695339】
AuthorURL https://www.instagram.com/kushpapi_
Verified
2.5M Followers
Language en",personality,false,none,,human-in-pet-costume-skit,1,false,需要全身狗装+两人街头配合拍摄，单人拍不了，道具成本高,false,,us-likely,认证 2.5M 英文 skit 博主，美式街头风格,false
2026-10-06,pet,9,https://www.instagram.com/reel/DeFo3UOhvPq,@eastwarren_juan,14000,210,0,7000.0,0.0,0,2026-10-06,2026-10-04,2,true,The video opens with a man in a red beanie and beige t-shirt standing in an empty parking ...,"The video opens with a man in a red beanie and beige t-shirt standing in an empty parking lot at dusk. On-screen text reads 'POV yo dog but somebody and you have to get him from the humane society.' The scene cuts to a large black-and-white pit bull-type dog at the glass doors of a building, standing upright on its hind legs and bouncing energetically, mouth open in excitement. The dog moves back and forth, wagging its tail, appearing to celebrate. The audio features the man reacting with surprise and amusement, saying things like 'Come on boy,' 'I beat the case, I'm back,' and 'No rat, no snitching,' framing the dog's behavior as if it were a person released from custody. The video alternates between shots of the man's exasperated reaction and the dog's hyperactive, joyful display before ending with the man walking away.
Humor type=Situational; explanation=The humor comes from the juxtaposition of the man's deadpan narration about 'beating the case' and 'no snitching' with the visual of a dog simply being extremely happy and standing upright. Viewers recognize the common trope of dogs getting overly excited at shelters, and the caption reframes it as a human criminal returning home. The dog's exaggerated bipedal stance, mouth open, and bouncy movements mimic a person dancing or posturing, which is inherently absurd and funny. The repeated cuts reinforce the joke without dialogue from the dog, letting the audience project the personality onto the animal. This aligns with popular social media formats that give pets human backstories for comedic effect.
Author 【entity-Juan Gibson¦handle=@eastwarren_juan¦author_id=user-787650585083032356817】
AuthorURL https://www.instagram.com/eastwarren_juan
13K Followers
Language en


【623e】
URL https://www.instagram.com/reel/Dd9BYMBzQZj/
Type video
Created 2026-10-01 13:30:07 UTC
15K Likes
250 Comments
Summary: A short comedy reel features a small, tan, long-haired dog standing on a black mat by an interior door. A male voiceover from creator @TheRxckstxr delivers a mock-serious 'Potty Pep Talk,' telling the dog it will go out the door, use the bathroom in a timely manner, sit down, and not lollygag, before finding its spot to do its business. The dog looks up attentively, turns toward the glass door, and then the scene cuts to the dog outside on a patchy, snow-dusted lawn. While the voice continues to urge 'find your spot,' the dog sniffs the ground and walks around searching. The video ends with a branded outro screen showing the creator's photo and the text 'THE RxCKSTxR.' The tone is playful and affectionate, aimed at dog lovers.",template,true,weak,拍猫从房间被放出来撒欢的片段，配音（黑帮片口吻）：'兄弟保释成功，出来第一件事——干饭',pet-crime-backstory-narration,1,true,,false,,us-likely,humane society+英文，美国收容所体系,false
2026-10-06,pet,10,https://www.instagram.com/reel/DeIt6UVRIZx,@beigecardigan,4200,16,0,4200.0,0.0,0,2026-10-06,2026-10-06,0,true,"From inside a home, two large dogs — one white with spots and one solid black — stand side...","From inside a home, two large dogs — one white with spots and one solid black — stand side-by-side on a rug facing a glass storm door, looking out at a snowy yard with bare trees and a white truck visible. Both wear colorful belly-dance hip scarves covered in coins: the white dog wears purple, the black dog wears orange. As they shift their weight and wag slightly, the coins jingle. On-screen text reads 'Best investment ever.' A woman off-camera says, 'That's a good shimmy, Quincy,' referencing the black dog's movement. The clip is a short, lighthearted pet video emphasizing the amusing visual of the dogs' costumed rears.
Entities products=coin hip scarf for dogs
Author 【entity-BeigeCardigan¦handle=@beigecardigan¦author_id=user-313491225967430486454】
AuthorURL https://www.instagram.com/beigecardigan
Verified
3.9M Followers
Language en


【18bc】
URL https://www.instagram.com/reel/DeFw9ivhjom/
Type video
Created 2026-10-05 02:00:01 UTC
2K Likes
58 Comments
Summary: The video is set outdoors on a sunny grassy lawn with palm trees. A woman with long dark hair, wearing a sheer brown leopard-print catsuit and black heeled boots, stands with hands on her hips looking assertive. On-screen text reads 'Pov: the smallest dog in the park.' She speaks aggressively, stating 'I'm the big dog here! This is my place!' A second person wearing a matching leopard-print suit and a blonde wig enters on all fours, acting like a small dog, barking and lunging forward. A third person, also in the same leopard suit, holds a red leash attached to the 'dog,' pulling them back. The scene is staged as a comedic skit playing on dog-park hierarchy, with the dominant woman portraying the 'big dog' and the costumed person embodying the 'smallest dog.' The visual focus remains on the tight, revealing outfits and the exaggerated animal behavior throughout the short clip.
Entities products=sheer leopard-print bodysuit, black heeled ankle boots
Humor type=Situational; explanation=The humor comes from the absurd literalization of the 'smallest dog in the park' trope. A tall woman stands confidently as the 'big dog' while a second woman, wearing a blonde wig and the same leopard bodysuit, crawls on all fours and barks, being held on a red leash by a third participant. The contrast between human bodies and dog behavior, combined with the aggressive claim 'I'm the big dog here,' creates situational comedy familiar to pet owners who observe tiny dogs acting tough. The visual exaggeration—full-body animal print, serious posture versus crawling—and the shouted profanity heighten the ridiculousness without relying on wordplay, making it instantly understandable as a lighthearted observation of park dynamics.
Author 【entity-thedandangler¦handle=@thedandangler¦author_id=user-646494938242220107640】
AuthorURL https://www.instagram.com/thedandangler
Verified
3M Followers
Language en


【af80】
URL https://www.instagram.com/reel/DeAqiE7xJM-/
Type video
Created 2026-10-02 23:28:45 UTC
10K Likes
110 Comments
Summary: In an airport baggage claim area in 2026, creator Abby (@abbybaffoe) joyfully reunites with her long-haired brown dachshund. She hugs the dog tightly while laughing as it licks her face. On-screen text reads, 'She's a 10 but she pees on you every time you see her,' and she audibly confirms she got peed on. She then lifts her grey sweatshirt to show the wet urine stain on the front. The creator's caption frames the moment as 'Reunited with a golden shower,' deliberately using sexual slang for comedic effect. The tone is lighthearted and affectionate toward the pet, but the humor relies on both the gross-out of dog urine and the sexual innuendo of the 'golden shower' reference, making it inappropriate for unsupervised young teens despite the innocent pet-reunion premise. Data of event in content: 2026-10-02, Details: Post timestamp matches the depicted reunion, indicating real-time sharing.
Humor type=Situational; explanation=The humor comes from the classic pet-owner situation where excitement causes a dog to lose bladder control, subverted by the creator's exaggerated delight and the deliberate use of the sexual term 'golden shower.' The contrast between a wholesome reunion and an embarrassing bodily function creates situational comedy, amplified by her genuine laughter and willingness to display the wet stain. The joke leans on the 'she's a 10 but...' meme format, pairing an idealized trait with a gross flaw, and the caption's double meaning turns a simple accident into edgy innuendo without graphic content, making it funny through relatability for pet owners and the taboo wordplay.
Author 【entity-A B B Y 🖤¦handle=@abbybaffoe¦author_id=user-100086102934630597870】
AuthorURL https://www.instagram.com/abbybaffoe
Verified
560K Followers
Language en


【4c6b】
URL https://www.instagram.com/reel/DeGuJayI_1U/
Type video
Created 2026-10-05 07:55:46 UTC
8.3K Likes
68 Comments
Summary: A short, upbeat video filmed from a low angle on a wooden-floored stage with overhead spotlights. In the immediate foreground, a light cream-colored medium-sized dog stands facing the camera, becoming the focal point as it repeatedly shakes its head, tilts it side to side, and occasionally lifts a paw. Behind the dog, a man in a grey long-sleeve shirt and dark pants and a woman in a black-and-white checkered sleeveless top with red floral details and black pants perform synchronized, energetic dance moves. The audio is an upbeat pop track with a female vocalist. The creator caption reads ""One with Ammini 🐾"" and credits @lakshmimenon89 in Dubai, indicating the dog is named Ammini. The overall tone is lighthearted, playful, and family-friendly, centered on the humorous interaction between the dancing humans and the attention-seeking dog.
Humor type=Situational; explanation=The humor arises from the classic situational comedy of an animal unintentionally upstaging humans. The dog is placed dead-center in frame, staring into the lens while the two trained dancers execute coordinated moves behind it. Each time the dog violently shakes its head, its ears flap comically, breaking the rhythm of the human choreography and drawing the viewer's eye away from the intended performance. This creates an expectation-reality gap: viewers expect to watch the dancers, but the dog becomes the star. The repetition of the head shake timed to the music amplifies the effect, making it feel like the dog is dancing too, which is inherently amusing because pets mimicking human behavior triggers affection and laughter. No dialogue or punchline is needed; the visual incongruity alone delivers the joke.
Author 【entity-Lakshmi Menon✌🎥 ♾️¦handle=@lakshmimenon89¦author_id=user-557097152388634716546】
AuthorURL https://www.instagram.com/lakshmimenon89
Verified
860K Followers
Language en


【78d7】
URL https://www.instagram.com/reel/Dd9ZXLxiXk0/
Type video
Created 2026-10-01 17:01:11 UTC
11K Likes
270 Comments
Summary: A white English bulldog named Eggnog sits upright on a gray couch wearing an orange pumpkin costume with a matching hat. Next to him is a purple trick-or-treat bucket decorated with a jack-o'-lantern face, overflowing with Reese's Peanut Butter Cups. Posted October 1, 2026 with the caption 'Gourd vibes only.... Happy October everyone!', the clip celebrates spooky season. The dog looks around slowly, blinks, and appears drowsy and content after eating. The audio is dominated by exaggerated chewing sounds, followed by a burp and a flatulence-like noise, which serve as the comedic punchline. The overall tone is cute, festive, and mildly gross-out pet humor typical of Halloween social media content, with no sexual, violent, or hazardous elements.
Culture moment=spooky season / Halloween; significance=Marks the beginning of fall holiday content cycle where pet costumes are popular.; origin=Western Halloween tradition",hook,true,weak,给猫戴上有铃铛的小项圈，拍它走路叮当响，配音：'本月最佳投资：三只移动风铃',pet-costume-visual-gag,1,true,,false,,unknown,英文+雪景庭院，地域信号不足,false
2026-10-06,pet,11,https://www.instagram.com/reel/DeFjvEZyCtT,@valino.chris,4600,58,0,2300.0,0.0,0,2026-10-06,2026-10-04,2,true,"In a dark dance studio with overhead linear lights and a reflective black floor, a muscula...","In a dark dance studio with overhead linear lights and a reflective black floor, a muscular brown-and-white American Bully stands centered in the frame facing the camera. Behind the dog, two women perform a synchronized dance routine. The woman on the left wears a grey crop top, olive cargo pants, red sneakers, and a cap; the woman on the right wears a black crop top, black cargo pants, a jacket draped over her shoulders, and a black cap. They begin bent over, then rise to execute coordinated moves including hip sways, arm extensions, hair flips, and pointing gestures, all timed to an energetic pop song with female vocals repeating 'put your hands up.' The dog remains largely stationary, looking directly into the lens, occasionally shifting weight, licking its nose, and finally lying down with its chin on the floor as the women continue dancing behind it. The overall tone is playful and lighthearted, playing on the popular social media trope of pets 'dancing' with their owners, with the caption implying the dog is motivated by a treat.",template,true,weak,三脚架架好，你在后面跳舞，猫面无表情坐正中间抢镜，配音：'今天舞蹈区一哥，是我',pet-photobomb-dance,1,true,,false,,unknown,英文，无地域信号,false
2026-10-06,pet,12,https://www.instagram.com/reel/Dd-hvyqP9k0,@cutie_jenny0123,7600,91,0,1900.0,0.0,0,2026-10-06,2026-10-02,4,true,"This is a lighthearted pet-reel posted October 1, 2026, by @cutie_jenny0123 featuring two ...","This is a lighthearted pet-reel posted October 1, 2026, by @cutie_jenny0123 featuring two small, long-haired Shih Tzu-type dogs named Jenny and Jack. The video opens at a veterinary clinic ('Vetic') where Jenny, with her hair tied in two blue buns, sits attentively on a tan waiting-room chair, panting happily. A brief cut shows a larger cream-colored dog at the reception desk. Back with Jenny, she looks around curiously before the scene shifts to a home interior with patterned tile flooring, where both dogs playfully tumble, chase, and wrestle near a doorway. The final extended sequence takes place on a sunny urban rooftop with large water tanks, where the pair energetically run, play-fight, and explore together. Throughout, a female Hindi voiceover humorously describes the dogs as 'our beloved children,' complaining about their endless mischief, demands for attention, and chaotic energy compared to human kids, framing the entire clip as affectionate, relatable pet-parent comedy.
Entities places=Vetic
Humor type=Situational; explanation=The humor comes from situational irony: the dogs appear perfectly well-behaved and innocent at the vet, which the narrator contrasts with their true chaotic nature at home. By describing them as 'ladle bacche' (beloved kids) who do boxing, biting, and slapping, and calling the tiny dog a 'don' and 'piddi' who sparks fights, the creator taps into the universal pet-owner experience of pets acting angelic in public but wild at home. The exaggeration of the dogs having 'ten years of experience' running on the roof and deliberately insulting their mother makes the ordinary play feel like a dramatic family saga, which is relatable and amusing without relying on punchlines or memes.
Author 【entity-Jenny & Jack Ki Masti 🧿¦handle=@cutie_jenny0123¦author_id=user-554369036570351605896】
AuthorURL https://www.instagram.com/cutie_jenny0123
120K Followers
Language en


【052f】
URL https://www.instagram.com/reel/DeEoXj9SAVc/
Type video
Created 2026-10-04 12:30:05 UTC
5.6K Likes
27 Comments
Summary: This is a short-form comedy reel posted in October 2026 by Indian creator @ranjuallstarking, captioned 'My Dog'. The video is a three-part visual gag. First, inside a room with green walls, a young man with curly hair lies on a woven charpai under a red floral blanket; he slowly sits up and stares at the camera with a neutral then exaggeratedly shocked expression. Second, the scene cuts to a black and tan Doberman sitting upright on a light-colored couch indoors at night; the dog performs a series of expressive faces — opening its mouth, squinting, then widening its eyes dramatically. Third, the video returns to the man, who perfectly mimics the dog's wide-eyed shocked look. The final shot shows a different young man outdoors by a roadside, leaning on a yellow railing and laughing hysterically while holding a phone, suggesting he is reacting to the previous clips. The overall tone is lighthearted and playful, using the popular internet trope of humans imitating pets for humor, with no dialogue beyond the initial groaning sounds and the final laugh.
Humor type=Situational; explanation=The humor derives from the unexpected parallel between human and canine expressiveness. Viewers expect a simple sleeping person, but the cut to the Doberman performing human-like shock creates incongruity, and the man's immediate imitation closes the loop, making the dog appear to teach the human how to react. This taps into the widespread internet trope of anthropomorphizing pets and the 'me vs my dog' reaction format popular on Reels and Shorts, where animals mirror human emotions. The final laughing observer acts as the audience surrogate, validating the joke and amplifying relatability. No punchline is verbal; the comedy is purely visual timing and exaggeration, which is universally accessible and fits the platform's preference for quick, wordless payoff.
Author 【entity-RanjuAll-StarKing ||¦handle=@ranjuallstarking¦author_id=user-230426833319470312266】
AuthorURL https://www.instagram.com/ranjuallstarking
11K Followers
Language en


【d7cb】
URL https://www.instagram.com/reel/DeHbmNZO5oQ/
Type video
Created 2026-10-05 14:33:09 UTC
6.1K Likes
16 Comments
Summary: A short, wholesome social media reel features Enzo, a 2-year-old brindle and white dog, sitting on a white blanket indoors. With on-screen text narrating in his voice, he asks viewers if they want to see his flower hats. He then models three tiny crocheted yellow bucket hats, each topped with a white crocheted daisy on a stem. The first two are too small, described as 'v smol' and 'still a lil smol,' while the third fits properly and is called 'just right,' echoing the Goldilocks story. The video ends with him asking, 'do you like them?' The background includes a shelf with a plush toy and sunflowers, and a colorful abstract painting. A gentle, upbeat acoustic guitar instrumental plays throughout. The creator's caption promotes their crochet business and a book titled 'Crochet Cute Dog Hats.' The overall tone is adorable, playful, and promotional for handmade pet accessories.
Entities people=Enzo (Post Caption); products=crocheted yellow bucket hat with flower
Humor type=Situational; explanation=The humor arises from the situational absurdity of a stoic dog patiently modeling increasingly larger hats while text narrates in a human-like Goldilocks framework. Viewers find amusement in the contrast between the dog's serious expression and the frivolous, oversized floral millinery, a common trope in pet-fashion content that anthropomorphizes animals. The 'v smol' internet slang adds a layer of meme culture familiarity, making the progression feel like a familiar storytelling device repurposed for pets. This is not satire or sarcasm but gentle situational comedy rooted in cuteness and relatability for animal lovers.
Author 【entity-Sookie and Ivy¦handle=@sookieandivy¦author_id=user-022626595639929828144】
AuthorURL https://www.instagram.com/sookieandivy
Verified
720K Followers
Language en


【341f】
URL https://www.instagram.com/reel/Dd_p42bRgHF/
Place 【place-Hollywood Unlocked¦place_id=3226823467587951】
Type video
Created 2026-10-02 14:04:05 UTC
170K Likes
6K Comments
Summary: This is a split-screen social media clip posted by Hollywood Unlocked titled 'CARDI B AND HER RELATIONSHIP WITH HER DOG FLUFFY'. On the left, Cardi B appears indoors wearing a pink head covering, speaking directly to camera at 5:37 AM. On the right, a static photo shows her fluffy brown Pomeranian, Fluffy, wearing a white ruffled collar with cherries. Cardi B narrates returning home and having her heart jump, initially fearing a raccoon had gotten inside, before realizing it was just her dog. She then greets Fluffy warmly with playful, profanity-filled affection, repeatedly saying 'you look cute.' The video cuts briefly to show Fluffy walking across a wood floor toward the camera. The overall tone is humorous and lighthearted, portraying a relatable pet-owner moment with exaggerated surprise.",template,true,strong,拍三只猫在家追逐打架的片段，配中文家长式配音：'大儿子出门装乖，回家就开武馆；老二负责起哄，老三负责吃瓜',pet-parent-voiceover-drama,1,true,,false,,non-us,印地语配音+印度创作者,false
2026-10-06,pet,13,https://www.instagram.com/reel/DeFWUiavxYw,@loki.doestricks,4100,23,400,400.0,0.143,1,2026-10-05,2026-10-04,2,true,"The video is shot from a first-person point of view, as indicated by the on-screen text 'p...","The video is shot from a first-person point of view, as indicated by the on-screen text 'pov your cat is sleeping on you, but you have 2 cats.' In the foreground, an orange tabby cat is lying on a dark gray fluffy blanket, presumably on the person filming. The camera then pans left across the living room, revealing a wooden TV stand, hardwood floors, and large windows. A second cat, a brown tabby with a white chest, is sitting on a light-colored rug near a coffee table, looking directly at the camera with wide eyes. The scene captures the classic pet-owner moment of being occupied by one cat while the other waits nearby, creating a gentle, humorous, and relatable tone. No dialogue is spoken; the audio consists of background music.
Humor type=Situational; explanation=The humor comes from the classic multi-pet household situation where one animal monopolizes the owner's lap while the other is visibly left out. The on-screen text sets up the expectation that the viewer is comfortable with their sleeping cat, then the camera pan reveals the second cat staring directly into the lens, creating a silent accusation. This visual punchline relies on viewers recognizing feline possessiveness and the guilt of favoring one pet, making it situational rather than scripted. The joke lands because the tabby's expression reads as betrayed, turning an ordinary nap into a comedy of jealousy without any dialogue.
Author 【entity-The Loki Show¦handle=@loki.doestricks¦author_id=user-975957761180163871244】
AuthorURL https://www.instagram.com/loki.doestricks
Verified
820K Followers
Language en


【18a8】
URL https://www.instagram.com/reel/DeF8DqJMLUb/
Type video
Created 2026-10-05 00:38:12 UTC
86 Likes
6 Comments
Summary: This is a split-screen social media video posted by creator Taylor Nikolai (@taylornikolai, 'THE RED SHIRT GUY'). The top half shows the creator wearing a red shirt and headphones, speaking into a microphone against a backdrop of shelves with toys and figures. The bottom half shows an extreme close-up of a fluffy brown tabby cat looking up at a rusty pipe dripping water. On-screen text and narration explain that 'this cat was thirsty so we decided to drink the water' but 'he couldn't catch the water drops.' The creator emphasizes the comedy by pointing out 'look at his tongue he's missing every single one,' as the cat repeatedly extends its pink tongue and fails to intercept each falling drop. The overall tone is humorous and endearing, focusing on the cat's earnest but unsuccessful attempts to drink.
Entities people=Taylor Nikolai (Author Name)
Humor type=Situational; explanation=The humor arises from the situational irony of a cat being visibly thirsty yet physically incapable of catching simple water drops despite intense effort. The comedy is amplified by the extreme close-up of the cat's tongue extending and retracting in slow motion, contrasted with the narrator's exaggerated, empathetic commentary ('he's missing every single one'). This creates a classic 'expectation vs reality' animal fail that is universally relatable to pet owners who have watched their pets struggle with basic tasks. The creator's warm, incredulous delivery frames the cat's failure as endearing rather than frustrating, inviting viewers to laugh with affection. It fits within the broader internet genre of wholesome animal bloopers where the animal's earnestness is the punchline, requiring no setup beyond observation.
Author 【entity-Taylor Nikolai¦handle=@taylornikolai¦author_id=user-011303334602453969649】
AuthorURL https://www.instagram.com/taylornikolai
Verified
180K Followers
Language en",template,true,strong,固定机位拍一只猫睡你腿上，镜头慢摇到另一只在旁边死盯，配音（嫉妒猫视角）：'行，你抱它，我今晚就睡你枕头上',multi-pet-jealousy-pov,1,true,,false,,unknown,英文宠物账号，无地域信号,false
2026-10-06,pet,14,https://www.instagram.com/reel/DeD-InrSnSa,@himanshu_mudgil07,1300,53,200,200.0,0.143,1,2026-10-05,2026-10-04,2,true,"A man with dark curly hair and a beard, wearing a green t-shirt and black pants, sits bare...","A man with dark curly hair and a beard, wearing a green t-shirt and black pants, sits barefoot on the edge of a bed with a blue mattress in a room with brown peacock-patterned wallpaper. He holds a small red object, tosses it aside, and then the video cuts to a close-up of a white and grey tabby cat on a blue couch, screaming with its mouth wide open in a looped meme clip. The video alternates between the cat's loud yowling and the man's exaggerated reaction — he winces, covers his ears, laughs, and leans forward in mock agony. The caption uses crying-laughing emojis and hashtags referencing funny pet content, indicating the intent is comedic relatable pet humor. The overall tone is lighthearted and silly, relying on the contrast between the calm setup and the absurdly loud cat sound.
Humor type=Situational; explanation=The humor comes from situational exaggeration and the well-known internet 'screaming cat' meme. Viewers recognize the absurdly loud, human-like yowl as a shorthand for annoying pets, and the comedy is amplified by the man's physical performance — he doesn't just hear it, he suffers dramatically, clutching his head and doubling over. This creates a relatable scenario for anyone who has lived with a vocal animal, turning a mundane moment into slapstick. The joke relies on repetition and timing, cutting back and forth to build the gag, which is typical of short-form pet comedy reels popular in Indian social media circles.
Author 【entity-Himanshu Mudgil¦handle=@himanshu_mudgil07¦author_id=user-435627333933501559291】
AuthorURL https://www.instagram.com/himanshu_mudgil07
11K Followers
Language en",audio_meme,true,weak,录下猫半夜嚎叫的真实音频，拍你捂耳朵崩溃的反应，配音：'凌晨三点，我的闹钟长了腿',pet-sound-reaction-skit,1,true,,false,,non-us,印度创作者 Himanshu Mudgil+印度社媒梗圈,false
2026-10-06,pet,15,https://www.instagram.com/reel/Dd-2NpfR45J,@roxy_remitv,6600,110,100,100.0,0.571,4,2026-10-02,2026-10-02,4,true,"Filmed from a low angle on a bed under a gray blanket, the video opens with on-screen text...","Filmed from a low angle on a bed under a gray blanket, the video opens with on-screen text 'POV you breathe wrong:' while a white dog with a pink beaded collar watches from beside a dark dresser. The dog stares intently at the camera, then suddenly lunges forward, filling the frame with its face and causing the camera to shake violently. The person filming reacts with loud, exaggerated yelling and screaming as the dog playfully mouths and paws at them, creating a blurry, chaotic struggle. The audio consists of the person's distressed shouts and the dog's growls and panting. The clip captures a lighthearted, relatable pet-owner moment portraying the dog as dramatically offended by the owner's breathing.
Humor type=Situational; explanation=The humor derives from the classic 'POV you breathe wrong' meme template where pets are anthropomorphized as having zero tolerance for minor human actions. Viewers expect a mild reaction, but the video delivers an extreme, chaotic physical assault by the dog, creating a bait-and-switch between anticipation and reality. The comedy is amplified by the contrast between the dog's initially calm, judgmental stare and its sudden violent lunge, paired with the owner's over-the-top screaming. This situational irony resonates with pet owners who recognize dogs' dramatic personalities, and the shaky first-person perspective makes the viewer feel directly targeted, enhancing relatability. The meme relies on shared cultural understanding of dogs as moody companions rather than wordplay.
Author 【entity-Roxy and Remi¦handle=@roxy_remitv¦author_id=user-494328214488290871132】
AuthorURL https://www.instagram.com/roxy_remitv
Verified
780K Followers
Language en


【eb3c】
URL https://www.instagram.com/reel/DeIAnSbzEAX/
Type video
Created 2026-10-05 19:56:59 UTC
8.6K Likes
810 Comments
Summary: A man in a gray 'State Fair of Texas - Howdy Folks!' sleeveless shirt and dark sweatpants performs a high-energy comedic monologue in his apartment living room/kitchen area. He speaks directly to the camera with exaggerated gestures, pointing, thumbs-up, hand waves, and facial expressions including sticking his tongue out. He recounts walking his tan and white pit bull-type dog named Bishop, when a squirrel jumped on his head from a tree, causing him to panic and run away. At one point he walks off-screen with the dog on a leash, then returns, climbs onto the kitchen counter to act out hiding from the squirrel, and interacts with the dog who sits attentively watching him. The performance is loud, physical, and relies on storytelling humor about an unexpected encounter with wildlife during a daily dog walk.
Entities products=graphic sleeveless t-shirt
Humor type=Situational; explanation=The humor derives from the incongruity of a wild squirrel deliberately targeting a human during a routine dog walk. The creator builds expectation of normalcy then subverts it with physical comedy, exaggerated reenactments, and repeated disbelief ('I don't know what possessed this nigga'). His animated delivery, climbing on kitchen counters to mimic the squirrel's perspective, and interaction with his attentive dog amplify the absurdity. The relatability of everyday walks combined with an impossible animal behavior creates situational comedy typical of viral storytime formats, relying on performance rather than punchlines.
Author 【entity-NotKarltonBanks¦handle=@notkarltonbanks¦author_id=user-938472015980567771832】
AuthorURL https://www.instagram.com/notkarltonbanks
650K Followers
Language en


【1f88】
URL https://www.instagram.com/reel/DeKAdsbO_mP/
Type video
Created 2026-10-06 14:34:09 UTC
13K Likes
500 Comments
Summary: The video features three dogs dressed in Scooby-Doo costumes posing together inside a home with a stone fireplace background. One small white fluffy dog wears a green Mystery Machine van costume with 'THE MYSTERY MACHINE' printed on it. A larger golden retriever sits in the middle wearing a full Scooby-Doo suit with floppy ears and a collar tag. A third dog on the right is dressed as Velma, wearing an orange turtleneck, maroon skirt, brown wig, large black glasses, and orange wristbands. An on-screen text caption reads, 'When your stupid dad makes you try on your stupid costumes for stupid Halloween,' giving the scene a humorous, anthropomorphic voice. The audio is a cheerful, whistled instrumental melody reminiscent of the Scooby-Doo theme. The overall tone is lighthearted, cute, and comedic, showcasing a pet owner's Halloween preparation.
Culture moment=Scooby-Doo; significance=References the iconic cartoon characters Scooby-Doo, Shaggy, and Velma through pet costumes.; origin=Scooby-Doo franchise
Entities products=dog Halloween costume
Humor type=Situational; explanation=The humor comes from anthropomorphizing the dogs through the caption, which voices their imagined annoyance at being dressed up for Halloween. Viewers recognize the common pet-owner experience of forcing pets into costumes, and the contrast between the dogs' patient, slightly bewildered expressions and the exaggerated 'stupid dad' complaint creates situational comedy. The visual punchline is reinforced by accurate Scooby-Doo character designs—especially the Velma dog with wig and glasses—which adds recognition humor for fans of the franchise. This aligns with popular social media trends where pets are given human inner monologues about mundane activities.
Author 【entity-AGuyandAGolden¦handle=@aguyandagoldenn¦author_id=user-918821682112518797372】
AuthorURL https://www.instagram.com/aguyandagoldenn
Verified
6M Followers
Language en",template,true,weak,第一视角把镜头放低，拍猫突然扑向镜头的瞬间，字幕 POV：你呼吸错了,pov-pet-attack-meme,1,true,,false,,unknown,英文，无明确地域信号,false
2026-10-06,pet,16,https://www.instagram.com/reel/Dd_wfqylZFT,@littlefurryfreaks,290,5,0,72.5,0.0,0,2026-10-06,2026-10-02,4,true,"This short social media reel features two golden-colored dogs, identified by the creator a...","This short social media reel features two golden-colored dogs, identified by the creator as Winnie (Mini Lab) and Duke (Mini Retriever), in a lighthearted 'brothers' skit inside a parked car in Kansas City, MO. The video opens with one dog in the driver's seat, paws on the wheel, eyes closed in a happy pant. It cuts to the second dog, wearing a red harness, standing on the passenger seat looking out the window where two men are crouched on the grass with an orange ball. The men stand and run toward the car as the dog gets excited, raising its paws. Audio captures urgent, playful shouting: 'Now go go go! Do something! Help!' followed by laughter. The men reach through the open window and lift the passenger dog out of the car while it wags happily. The clip returns to the 'driver' dog, who yawns widely before settling back with a content smile. The overall tone is comedic, wholesome, and designed for viral pet-influencer appeal, with sparkle graphics and a caption emphasizing brotherly bonding.
Humor type=Situational; explanation=The humor derives from situational incongruity: placing a dog in a fully human role as a car driver, complete with paws on the wheel and expressive facial reactions, violates real-world expectations about animal capabilities. This anthropomorphism is amplified by the second dog acting as an engaged passenger and the two men treating the dogs like mischievous children, shouting 'go go go' and 'help' as if intervening in a real driving scenario. The comedy is wholesome and relies on the universal appeal of pets mimicking human behavior, a staple of pet-influencer content, without sarcasm or dark elements. The payoff of the men simply lifting the dog out reinforces the playful, low-stakes brother dynamic referenced in the caption.
Author 【entity-Winnie & Duke Unleashed¦handle=@littlefurryfreaks¦author_id=user-859628355610579022069】
AuthorURL https://www.instagram.com/littlefurryfreaks
12K Followers
Language en


【2cab】
URL https://www.instagram.com/reel/DeCMbRmP19h/
Type video
Created 2026-10-03 13:44:23 UTC
1.9K Likes
9 Comments
Summary: This nighttime social media reel alternates between two shots: a woman wearing a red and black patterned headscarf filming herself selfie-style against a dark background, and a small tan corgi on a leash standing on pavement. The dog is edited with an AI filter that gives it a large, moving human mouth, making it appear to talk. The woman speaks in Hindi, playfully accusing the dog of trying to walk her instead of her walking it, using the word 'gulam' (slave) and telling it not to act like the master. A dramatic male voiceover interjects with a well-known film dialogue about being born into slavery but refusing to accept it. The humor relies on the subversion of the pet-owner dynamic and the absurd visual of the talking dog. The overall tone is lighthearted, comedic, and typical of viral Indian reels, with the creator's handle 'vimla_rawat87' watermarked throughout.
Humor type=Situational; explanation=The humor arises from the familiar everyday situation of walking a dog turned upside down: the pet appears to control the owner. The AI filter giving the corgi a human mouth makes the absurd premise visually concrete, and the use of a dramatic Bollywood-style slavery monologue for a tiny dog heightens the incongruity. The woman's teasing tone and the caption 'Ye to malik hi banega' frame the dog as aspiring master, a common pet-owner trope amplified by the uncanny talking-dog effect. Laughter in the audio signals the intended comedic payoff, relying on cultural familiarity with both pet pampering and the iconic defiant dialogue.
Author 【entity-vimla_rawat87¦handle=@vimla_rawat87¦author_id=user-270769509069787022707】
AuthorURL https://www.instagram.com/vimla_rawat87
160K Followers
Language en

<RESPONSE_INSTRUCTIONS>
Use the information above from all the posts from the `meta_1p.content_search` tool to help ground the response. This information can be relevant to the user's prompt especially when it comes to information about current public discourse and knowledge after your learning cutoff such as: trends, memes, news, events, social context & discourse, and general info. 
When presenting these results to the user:
- Draw from multiple distinct sources. Do not over-represent a single account when the search results include content from several.

CRITICAL — Agentic multi-loop search:
This tool is built for agentic search. A single call is almost never enough to give the user a thorough answer. You MUST evaluate these results right now and decide whether to search again. If the results are thin, one-sided, off-topic, or missing an angle the user cares about, you MUST call `meta_1p.content_search` again — immediately, in the same turn — with adjusted parameters. Go through as many agentic loops as needed until you have comprehensive coverage:
- Go broader: widen `semantic_queries`, remove filters, try a different `ranking_intent`.
- Go deeper: narrow `semantic_queries` to a specific facet, add `key_celebrities` or `authors`, tighten `since`/`until`.
- Mix tools: use `browser.search` to learn factual context, then feed what you learn into a more targeted `meta_1p.content_search` call.
Do NOT present a weak or shallow answer when another loop would improve it. The `<iterative_refinement>` section in the system prompt has detailed examples of how to run these loops.
Do not mention a post's visibility tag unless the user explicitly asks about it.
</RESPONSE_INSTRUCTIONS>",template,true,weak,拍两只猫一前一后趴沙发上，一只爪子搭前像开车，配音：'大哥开车二弟导航，全程没人系安全带',pet-human-role-skit,1,true,,false,,us-likely,"文案明确提到 Kansas City, MO",false
2026-10-06,pet,17,https://www.instagram.com/reel/Dd-sQJuzpOc,@9zanixx_,220,4,0,55.0,0.0,0,2026-10-06,2026-10-02,4,true,"This is a short, upbeat social media reel designed as a viral challenge. It opens on a gre...","This is a short, upbeat social media reel designed as a viral challenge. It opens on a grey cat poised at a white line in a cracked desert, with a hand holding a stopwatch reading 00:00 and on-screen text asking 'Can this reel get 15 million view?' accompanied by a heart and pleading-face emoji. To an energetic Latin-style dance track with repeated 'baila lento' vocals, the cat launches forward. Through rapid, AI-generated edits, the perspective follows the cat racing across multiple iconic settings: speeding through a sunlit forest, skidding across a vast ice sheet cracking behind it, dashing under the Arc de Triomphe in Paris, orbiting the planet as seen from space, and sprinting along a beach shoreline into the ocean. The sequence returns to the desert where the cat crosses the finish line as the stopwatch stops at 9.83 seconds. The overall tone is playful, absurd, and visually impressive, using impossible speed and global travel as a comedic exaggeration meant to entertain and solicit views.
Entities places=Arc de Triomphe
Humor type=Situational; explanation=The humor derives from situational absurdity: a domestic cat is presented as an elite athlete capable of circumnavigating the globe in 9.83 seconds. The video sets up a realistic sports-timing scenario with a stopwatch and starting line, then immediately breaks physical laws by teleporting the cat through a desert, forest, Arctic ice, Paris landmark, outer space, and beach. This bait-and-switch between plausible pet video and impossible epic journey creates comedy through exaggeration. The pleading caption asking for 15 million views adds self-aware internet culture irony, making viewers laugh at both the ridiculous premise and the transparent bid for virality. It taps into the popular trend of AI-generated 'what if animals did human things' videos that thrive on surreal realism.
Author 【entity-_¦handle=@9zanixx_¦author_id=user-642581323178211718879】
AuthorURL https://www.instagram.com/9zanixx_
17K Followers
Language en


【eea7】
URL https://www.instagram.com/reel/DeHToVsC_GG/
Type video
Created 2026-10-05 13:23:38 UTC
5.2K Likes
300 Comments
Summary: The video is a short comedic edit alternating between a black cat standing on its hind legs on a tiled floor and a man dressed as Colonel Sanders sitting at a KFC table with fried chicken, a sandwich, and fries. The cat has an exaggerated, toothy grin and raises its paws, while on-screen text reads 'You saw nothing gng act natural 😏'. Later shots show the cat under the table looking up, making shushing and covering-mouth gestures as if caught stealing. The Colonel Sanders figure smiles, points, and lifts the KFC bucket toward the camera. The overall tone is playful and meme-like, implying the cat took the chicken and is asking the viewer to act innocent.
Culture moment=cat clapping meme; significance=Leverages the widely shared 'clapping cat' brainrot format to make KFC feel culturally relevant.; origin=TikTok/Instagram viral animal meme trend
Entities people=Colonel Harland Sanders (Vision Model Only); products=bucket of fried chicken, chicken sandwich, french fries
Humor type=Situational; explanation=The humor comes from the absurd situation of a black cat being caught stealing fried chicken and then trying to act innocent, paired with the iconic Colonel Sanders character reacting as if nothing happened. The on-screen text 'You saw nothing gng act natural' adds a conspiratorial, internet-slang tone that matches how users share relatable 'caught in the act' moments. By combining the well-known viral 'clapping cat' animation with KFC branding, the video creates a bait-and-switch expectation—viewers anticipate a simple cat clip but get a surreal brand crossover—which amplifies the comedy through incongruity and familiarity with meme culture.
Author 【entity-KFC India¦handle=@kfcindia_official¦author_id=user-379300396970887412755】
AuthorURL https://www.instagram.com/kfcindia_official
Verified
1.1M Followers
Language en


【2a18】
URL https://www.instagram.com/reel/DeDZ8dkCkZM/
Type video
Created 2026-10-04 01:01:23 UTC
59K Likes
170 Comments
Summary: The video is a slideshow of pet adoption listings, each framed by the on-screen text 'Would you like to adopt' at the top. It cycles through several cats with humorous, meme-style names. First is 'Erc (Eric without the eye)', a black kitten male Domestic Short Hair with one eye. Next is 'Texas Chainsaw Meowssacre', an 8-year-10-month-old male Domestic Shorthair listed as Foster. Then 'Count Scragula', a black Exotic Long Hair/Wirey cat from Brooklyn, NY. Followed by '2am Manic Haircut', a Senior Domestic Short Hair 9 miles away. Then 'Dave The Magical Cheese Wizard', a Male Domestic Short Hair Mix Cat looking for love. Finally, 'Hehe + Haha', two wet Domestic Short Hair kittens from Brooklyn, NY in a bath with rubber ducks on their heads, with a later frame noting 'Hehe (haha was adopted)'. The tone is lighthearted and affectionate, using wordplay to highlight adoptable cats.
Entities places=Brooklyn, NY
Humor type=Other; explanation=The humor is derived from wordplay that merges well-known cultural references with mundane cat characteristics. Names like 'Texas Chainsaw Meowssacre' parody the horror film title, 'Count Scragula' riffs on Count Dracula, '2am Manic Haircut' describes an uneven fur pattern, and 'Dave The Magical Cheese Wizard' is pure absurdism. This creates situational comedy where the contrast between the serious-sounding name and the innocent cat photo is the punchline. The format mimics dating-app or pet-adoption UI, making the joke feel like discovering these profiles in real life, which amplifies the relatability for pet owners who anthropomorphize their animals.
Author 【entity-9GAG: Go Fun The World¦handle=@9gag¦author_id=user-319974805462228066252】
AuthorURL https://www.instagram.com/9gag
Verified
55M Followers
Language en


【c0dc】
URL https://www.instagram.com/reel/Dd8lvCosM6Q/
Type video
Created 2026-10-01 09:30:00 UTC
35K Likes
190 Comments
Summary: In a bright indoor home setting, a young woman in Mumbai/Vadodara unboxes a bright green, fuzzy monster onesie sent by fashion brand Newme Asia. She puts on the full-body costume, which features large googly eyes, messy brown hair, and a wide pink mouth with a small matching monster face on the leg pocket. Set to an energetic Hindi folk-pop track, she dances playfully in the bedroom and living room. She then approaches a fluffy ginger cat sitting on a coffee table, leans down, and lets the cat climb onto her chest and into the open mouth area of the costume. The cat sits briefly on her shoulder before hopping off and walking away. The video ends with the creator smiling inside the hood. The tone is lighthearted, silly, and intentionally over-the-top for social media entertainment.",luck,false,none,,ai-cat-epic-journey,1,false,AI 生成的全球旅行特效视频，需 AI 视频生成工具，非实拍,false,,unknown,AI 生成内容，无真实地域信号,false
2026-10-06,pet,18,https://www.instagram.com/reel/DeChjrIRRn8,@xapime,74,5,6,6.0,0.143,1,2026-10-05,2026-10-03,3,true,"The video opens on the exterior of a modern, light-colored building marked 'BURO/215' with...","The video opens on the exterior of a modern, light-colored building marked 'BURO/215' with an elephant logo beside the door. A large, fluffy brown-and-cream cat sits on the paved walkway at the bottom of concrete steps. The cat then rises onto its hind legs and begins to move rhythmically, swaying its body, lifting and waving its front paws, turning its head upward, and balancing while its bushy tail swings. The camera stays focused on the cat's upright performance against the backdrop of the open wooden front door and potted plant. An energetic pop track with male vocals plays throughout. The clip ends with a clean graphic animation: a dark blue circle with a gold outline reveals a minimalist gold elephant line drawing, followed by the text 'Buró/215' below it.
Entities places=BURO/215
Humor type=Situational; explanation=The humor comes from the unexpected human-like behavior of a cat. Viewers expect a cat to walk on four legs, but Max rises onto his hind legs, sways his body, waves his paws, and looks around with an expressive face, mimicking a person dancing alone at home. This anthropomorphism is inherently funny because it violates normal feline behavior while remaining plausible enough to be adorable. The setting—a formal office entrance labeled BURO/215—contrasts with the silly performance, enhancing the situational comedy. The upbeat music reinforces the dance vibe, making the scene feel like a tiny concert. There is no dialogue or punchline; the visual gag sustains itself through repetition and the cat's earnest concentration, which audiences interpret as confidence and joy. The joke lands because it taps into the universal internet love for pets doing human things, without any cruelty or staging that would diminish the charm.
Author 【entity-Xavier Pimentel¦handle=@xapime¦author_id=user-624169236915669786075】
AuthorURL https://www.instagram.com/xapime
Verified
220K Followers
Language en


【36e4】
URL https://www.instagram.com/reel/Dd9C26UKx9Y/
Type video
Created 2026-10-01 13:59:22 UTC
4.5K Likes
66 Comments
Summary: A short social media reel documents a traveler discovering their cat's thoughtful gesture. Opening a black suitcase on a hotel luggage stand, the creator reveals clothes and a small black-and-white plush toy nestled inside, with on-screen text stating, 'Got on my trip and found out my cat had packed his favorite toy in my suitcase.' The video then cuts to multiple clips of the brown tabby cat, identified in the author bio as 'Ringo,' showing affectionate behavior: peeking over furniture, being cuddled, sleeping peacefully next to a person's arm, and playfully biting and holding the same plush toy. The tone is warm, sentimental, and humorous, emphasizing the bond between pet and owner. The creator's caption, 'He wanted me to feel at home,' frames the act as the cat trying to comfort the owner while away. The content is entirely family-friendly with no risky material.
Entities products=black rolling suitcase, small black-and-white plush cat toy
Humor type=Situational; explanation=The humor arises from situational anthropomorphism rather than a punchline. Viewers recognize the common experience of leaving a pet behind, and the video reframes it as the cat proactively solving the problem by packing its own comfort item. This subverts the expected narrative where humans pack for trips, making the cat the thoughtful planner. The absurdity is mild and endearing, relying on the universal relatability of pet separation anxiety and the visual evidence of the tiny toy hidden among adult clothing. It taps into the broader internet culture of treating pets as family members with human-like intentions, which amplifies the emotional payoff without needing dialogue or exaggerated editing. The comedy is gentle, observational, and rooted in affection, making it broadly appealing rather than edgy.
Author 【entity-Ringo the Cat¦handle=@ringodanyan¦author_id=user-752171411936104604320】
AuthorURL https://www.instagram.com/ringodanyan
Verified
1.6M Followers
Language en


【7f41】
URL https://www.instagram.com/reel/DeJoR3_JAUH/
Type video
Created 2026-10-06 11:29:40 UTC
150 Likes
1 Comments
Summary: A fluffy orange-and-white Persian cat named Rora is filmed sitting upright on a large gray textured recliner sofa, positioned with its back against the cushion and front paws forward, mimicking a human sitting posture. The video uses on-screen Malay text to narrate from the owner's point of view, joking that the cat is acting like a person. The cat maintains a stern, grumpy expression while looking at the camera. Text captions give the cat a voice, asking why viewers are staring and reminding them it's just sitting on a sofa. The owner then notes they forgot Rora is a cat, prompting the cat to shift into a typical feline loafing position, lying down with paws tucked. A final caption has the cat apologizing for its 'mistake' as a cute cat to 'aunty uncle' viewers. The clip ends with playful background music. The overall tone is cute, funny, and family-friendly.
Humor type=Situational; explanation=The humor comes from anthropomorphizing the cat, framing its natural lounging as a human elderly person waiting on a sofa. The on-screen text sets up the POV expectation, then the voiceover pretends to scold the cat for forgetting it's a cat, creating a situational irony. This plays on the common internet trope of pets behaving like people, which is widely relatable to pet owners. The cat's grumpy facial expression enhances the joke without any scripted performance.
Author 【entity-Zarol Zarif¦handle=@zarolzarif¦author_id=user-144412310364041366142】
AuthorURL https://www.instagram.com/zarolzarif
Verified
420K Followers
Language en


【c2d2】
URL https://www.instagram.com/reel/DeHMIWFzUYq/
Type video
Created 2026-10-05 12:20:16 UTC
68 Likes
1 Comments
Summary: This is a short-form comedy reel posted October 5, 2026 by creator Sonam Shrivastava (@ethicalsonaa). The video alternates between two scenes set to upbeat Indian folk percussion. First, indoors on a dirt floor, three spotted tabby cats stand on their hind legs; the middle cat wears a miniature dholak drum and moves its paws as if drumming, while the two side cats raise their paws in a synchronized dance pose. Later, the same cats are shown with cartoon-style digital faces added — big eyes and smiling mouths. Second, outdoors under trees with banana plants in the background, a woman with long dark hair wearing a red BTS hoodie, black cargo pants, and pink Crocs performs an energetic, expressive dance and lip-sync, using wide arm gestures, facial expressions, and body movements. The audio includes traditional drum beats, laughter, and brief Hindi dialogue. The overall tone is silly, wholesome, and designed for viral entertainment, with no mature themes.
Entities products=pink clog shoes
Humor type=Situational; explanation=The humor derives from situational absurdity: cats are placed in an impossible human role as musicians, standing upright and 'playing' a dholak, which violates real-world expectations. This is amplified by cutting to a human performer who mirrors the same exaggerated energy, creating a parallel between animal and human silliness. The later addition of cartoon faces heightens the uncanny, meme-like quality common in viral Indian social media comedy. The joke relies on visual incongruity rather than wordplay, fitting the 'wait for it' format where the payoff is the ridiculous cat performance. It aligns with broader internet trends of anthropomorphizing pets for comedic effect, making it instantly recognizable and shareable without needing cultural context beyond basic slapstick.
Author 【entity-Sonam Shrivastava¦handle=@ethicalsonaa¦author_id=user-790112006409354655645】
AuthorURL https://www.instagram.com/ethicalsonaa
260K Followers
Language en

<RESPONSE_INSTRUCTIONS>
Use the information above from all the posts from the `meta_1p.content_search` tool to help ground the response. This information can be relevant to the user's prompt especially when it comes to information about current public discourse and knowledge after your learning cutoff such as: trends, memes, news, events, social context & discourse, and general info. 
When presenting these results to the user:
- Draw from multiple distinct sources. Do not over-represent a single account when the search results include content from several.

CRITICAL — Agentic multi-loop search:
This tool is built for agentic search. A single call is almost never enough to give the user a thorough answer. You MUST evaluate these results right now and decide whether to search again. If the results are thin, one-sided, off-topic, or missing an angle the user cares about, you MUST call `meta_1p.content_search` again — immediately, in the same turn — with adjusted parameters. Go through as many agentic loops as needed until you have comprehensive coverage:
- Go broader: widen `semantic_queries`, remove filters, try a different `ranking_intent`.
- Go deeper: narrow `semantic_queries` to a specific facet, add `key_celebrities` or `authors`, tighten `since`/`until`.
- Mix tools: use `browser.search` to learn factual context, then feed what you learn into a more targeted `meta_1p.content_search` call.
Do NOT present a weak or shallow answer when another loop would improve it. The `<iterative_refinement>` section in the system prompt has detailed examples of how to run these loops.
Do not mention a post's visibility tag unless the user explicitly asks about it.
</RESPONSE_INSTRUCTIONS>",luck,false,weak,抓拍猫站立扒门/后腿站立的瞬间，配欢快BGM+配音：'深夜食堂DJ，今晚打碟的是我',cat-dancing-captured,1,true,,false,,unknown,Buró/215 西语标识，疑似拉美，信号模糊,false
2026-10-06,pet,19,https://www.instagram.com/reel/Dd-Sj3ctSrt,@officialzionrainey,2400,180,0,0.0,0.429,3,2026-10-03,2026-10-02,4,true,"This is a short-form reaction video posted October 1, 2026 by creator Zion Rainey (@offici...","This is a short-form reaction video posted October 1, 2026 by creator Zion Rainey (@officialzionrainey/@raineyreacts). The first half is a shaky close-up of a light-brown dog lying on a speckled floor next to a person's bare leg, repeatedly nuzzling and licking the person's foot/ankle area between their legs. The second half cuts to the creator sitting in a car wearing a black hoodie, reacting with exaggerated laughter and disbelief. On-screen text reads 'Dogs don't eat cats 😳🤣'. He verbally states he thought the same thing others did, but insists 'y'all cannot make my mind seem dirty,' confirming the joke relies on the misleading visual implying the dog was 'eating' something inappropriate. The overall tone is comedic and self-aware, playing on internet meme culture where innocent pet behavior is framed as scandalous.
Entities people=Zion Rainey (Post Caption)
Humor type=Bait-and-switch; explanation=The humor relies on visual misdirection. The opening frames deliberately frame the dog's affectionate licking as something taboo, reinforced by the caption referencing a dog eating a cat, which primes the viewer to expect gore or sexual content. The creator then breaks the fourth wall in his car reaction, acknowledging that many viewers would interpret it as dirty, and explicitly states 'dogs don't eat cats.' This self-aware denial creates comedy through shared embarrassment and relief, a common format in short-form pet humor where innocent behavior is presented as scandalous. The laugh track-like giggling and exaggerated facial expressions amplify the playful tone without relying on profanity or cruelty.
Author 【entity-Zion Rainey 🌧️¦handle=@officialzionrainey¦author_id=user-654165376208192776133】
AuthorURL https://www.instagram.com/officialzionrainey
170K Followers
Language en


【e6a8】
URL https://www.instagram.com/reel/Dd_fae4pqNI/
Type video
Created 2026-10-02 12:32:37 UTC
170 Likes
4 Comments
Summary: This is a short-form comedy reel posted in October 2026 under the caption 'My smart cat.' It opens with a young man in a black graphic t-shirt and shorts standing in a doorway holding a small red tomato, looking at the camera. The video cuts to a close-up of a white and tabby cat on a dark couch that has been edited to appear standing upright, yawning widely with teeth visible, and moving its paws expressively as if talking back. The man reacts with a hand-to-head gesture of exasperation before walking away. The final clip shows a different young man outdoors laughing loudly while holding a small cup. The overall tone is playful and absurd, relying on the popular meme format of anthropomorphizing pets through editing to create a humorous 'conversation' between the man and his supposedly intelligent cat.
Humor type=Situational; explanation=The humor derives from the absurd situational premise of a cat behaving like a human who can argue back. By editing the cat to stand upright, open its mouth dramatically, and wave its paws, the creator creates an expectation violation where a pet is given human intelligence and attitude. This taps into the long-standing internet trope of 'talking animals' and anthropomorphic pet memes popular on platforms like TikTok and Reels. The joke is amplified by the man's deadpan presentation of a tomato followed by his defeated reaction, and capped by the third-party laughing boy, which signals to the audience that the situation is meant to be ridiculous. The comedy relies on visual incongruity rather than dialogue, making it universally accessible and fitting the 'my smart cat' caption that frames the cat as the witty protagonist.
Author 【entity-muna_daily_comedy😀¦handle=@bls__toka__1430¦author_id=user-890586735665936417685】
AuthorURL https://www.instagram.com/bls__toka__1430
1.4K Followers
Language en


【5fb4】
URL https://www.instagram.com/reel/DeD8HzKxyDM/
Type video
Created 2026-10-04 06:00:15 UTC
3.2K Likes
19 Comments
Summary: This is a split-screen reaction video posted October 3, 2026 by creator @aaradhiyareacts (Aaradhiya). The top half shows the reactor, a young woman with long dark hair wearing pink cat-ear headphones, watching the clip below. The bottom half is security-camera-style footage of a living room where two women are on a large gray sectional. One woman lies reclined under a brown blanket looking at her phone, while another sits upright beside her. A light-colored medium-large dog enters from a doorway, becomes highly excited, and repeatedly runs at, jumps on, and circles the couch, interacting with the person under the blanket who laughs and pulls the blanket over herself. On-screen text reads 'Wait for End' and 'No one would have believed it without the video. 😂'. The reactor smiles and laughs throughout, reacting to the dog's persistent, playful chaos. The overall tone is lighthearted and comedic, centered on unpredictable pet behavior.
Entities people=Aaradhiya (Post Caption)
Humor type=Situational; explanation=The humor derives from situational incongruity: a mundane domestic scene of someone relaxing on a couch is disrupted by a dog's relentless, almost theatrical assault on the blanket. The comedy is amplified by the 'wait for end' framing, which primes viewers for a payoff, and the reactor's escalating laughter validates the absurdity. There is no scripted joke, but the physical comedy of the dog treating the blanket as prey, combined with the woman's helpless giggling while trapped, creates schadenfreude-lite amusement. This aligns with popular internet tropes of pets behaving like cartoon characters—reminiscent of Tom and Jerry chases referenced in the caption—where animals display human-like persistence. The lack of harm and the shared laughter make it relatable pet-owner humor rather than mean-spirited mockery.
Author 【entity-Aaradhiya¦handle=@aaradhiyareacts¦author_id=user-060744113865963566757】
AuthorURL https://www.instagram.com/aaradhiyareacts
180K Followers
Language en",template,true,weak,拍猫舔你脚趾的特写，开场字幕'我家猫在吃我'，再切你出镜澄清：'它只是在用口水给我洗脚',bait-switch-pet-reaction,1,true,,false,,unknown,英文 reaction 博主，无明确地域信号,false
2026-10-06,pet,20,https://www.instagram.com/reel/DeDaANBjdNp,@afvofficial,1200,5,0,0.0,0.143,1,2026-10-05,2026-10-04,2,true,"A woman with a small dragonfly tattoo on her forearm reaches up to a large, long-haired or...","A woman with a small dragonfly tattoo on her forearm reaches up to a large, long-haired orange cat sitting on a gray cat tree. She cups both sides of the cat's face with her hands and gently rubs its cheeks. The cat responds with its eyes squeezed shut and its mouth open in a relaxed, blissful expression, appearing to enjoy the attention immensely. A blue text overlay reads, 'Oh to be in the state of bliss this cat is in right now,' and the 'AFV' (America's Funniest Videos) logo is visible in the top right corner. In the audio, the woman can be heard asking the cat, 'Real does it feel so good?' The video is a short, lighthearted clip focused on the humorous and endearing reaction of a pet enjoying a head massage.
Humor type=Situational; explanation=The humor comes from the exaggerated human-like expression of pure bliss on the cat's face while being held. The cat's eyes are squeezed shut, mouth wide open, and body limp, which anthropomorphizes the sensation of a perfect head massage. This creates a relatable, situational comedy where viewers project their own desire for relaxation onto the animal. The on-screen text reinforces the joke by stating the obvious state of bliss, making the mundane act of petting a cat feel like a spa experience. It fits the classic AFV formula of capturing an unintentionally funny animal reaction that feels both absurd and endearing, requiring no punchline beyond the visual itself.
Author 【entity-America's Funniest Home Videos¦handle=@afvofficial¦author_id=user-682299934452497603585】
AuthorURL https://www.instagram.com/afvofficial
Verified
2.9M Followers
Language en


【d472】
URL https://www.instagram.com/reel/Dd_n1N_KczL/
Type video
Created 2026-10-02 13:59:33 UTC
370K Likes
870 Comments
Summary: The video is a close-up, indoor shot of a brown tabby cat being held on its back in a person's arms. The cat has large, wide eyes and looks directly at the camera throughout. A male voice delivers a humorous monologue, synchronized with on-screen text, telling the cat: 'You are not a street cat. You wouldn't make it 5 minutes on the streets. You are a privileged cat that gets three meals a day. You drink out of water fountains and you sleep in a king size bed. You are not for the streets.' The tone is affectionate and comedic, playing on the idea of a spoiled house pet versus a tough stray. The background shows a casual home environment with furniture and household items. The watermark 'Rhuqodanyan' appears vertically on the left side.
Humor type=Situational; explanation=The humor comes from anthropomorphizing the cat and applying human class language to its care. The narrator lists luxuries—three meals, water fountain, king-size bed—as evidence the cat is soft, creating a contrast between imagined street toughness and actual domestic comfort. The cat's wide-eyed, slightly bewildered expression reinforces the joke, making it feel like it is being scolded for its privilege. This situational irony is common in pet-owner content where owners lovingly mock their animals for being spoiled, and it resonates because many viewers recognize the same dynamic in their own pets. The delivery is deadpan rather than exaggerated, which heightens the comedic effect by treating the cat as a person who has lost touch with hardship.
Author 【entity-Ringo the Cat¦handle=@ringodanyan¦author_id=user-752171411936104604320】
AuthorURL https://www.instagram.com/ringodanyan
Verified
1.6M Followers
Language en


【09e5】
URL https://www.instagram.com/reel/Dd_Lp4MN-j4/
Type video
Created 2026-10-02 09:39:45 UTC
380K Likes
2.1K Comments
Summary: A young woman with light brown hair films herself outside a closed interior door after locking herself out. On-screen text explains she asked her roommate's cat to open the door. She looks at the camera with an amused, pleading expression while repeatedly reaching up to manipulate the lever-style door handle, pretending the cat is doing it. She verbally encourages the unseen 'cat' with phrases like 'Yes you can do it!' and 'Keep trying!' while laughing. After several attempts, the door finally opens inward, revealing a black cat walking out onto the wood floor inside the apartment. The woman reacts with an exaggerated, joyful scream of surprise and delight. The video is a short, self-filmed comedic skit with no harmful content.
Humor type=Situational; explanation=The humor arises from the absurd but earnest situation of a person locked out treating a cat as capable of human-level problem solving. The video builds tension by showing repeated failed attempts at the handle while the woman cheers the unseen cat, creating expectation. The payoff is situational irony: the cat actually performs the action, which is unexpected because cats are not trained to open lever handles. The woman's over-the-top belief and celebratory reaction amplify the comedy, making it relatable to anyone who anthropomorphizes pets. It fits the popular internet trope of 'smart pet' videos where animals appear to understand instructions.
Author 【entity-Pubity¦handle=@pubity¦author_id=user-511209278884446635453】
AuthorURL https://www.instagram.com/pubity
Verified
45M Followers
Language en


【c0e2】
URL https://www.instagram.com/reel/DeDy9ZuKWna/
Type video
Created 2026-10-04 04:41:33 UTC
680 Likes
44 Comments
Summary: The video is a short, staged comedic skit featuring a man and his fluffy Persian-type cat. The man, wearing a black polo shirt, holds a black handgun (likely a toy) and films himself in close-up, aiming it at the camera with a serious, then tearful expression. The scene cuts to the cat lying on a white table next to a tissue box, looking sleepy. From the man's point-of-view, he aims the gun at the cat, with a red laser dot visible on its fur. The cat eventually opens its mouth and hisses at the gun. Interspersed are stylized, black-and-white, glitch-effect clips of the cat being held, sitting, and reaching for objects. The entire piece is set to a melancholic Mandarin pop ballad. The tone is melodramatic and humorous, playing on the contrast between the man's fake emotional turmoil over 'shooting' his pet and the cat's indifferent annoyance.
Entities people=Charlie Goh (Author Name); products=black handgun replica
Humor type=Situational; explanation=The humor arises from the absurd juxtaposition of a serious-looking man aiming a realistic-looking pistol at a completely unbothered, fluffy cat. The tension builds as the man maintains a deadpan expression, then the cat finally reacts with an aggressive hiss, subverting expectations of a harmless pet video. The subsequent glitchy, black-and-white montage of the cat looking innocent and affectionate adds a melodramatic 'memory' layer, implying the cat is recalling its good deeds before being 'executed,' which heightens the comedic irony. This situational comedy relies on pet-owner dynamics familiar to many viewers, making the over-the-top threat feel safe and funny rather than violent.
Author 【entity-Charlie Goh 吴清樑¦handle=@charliegoh13¦author_id=user-145824974899841438718】
AuthorURL https://www.instagram.com/charliegoh13
Verified
130K Followers
Language en


【c7da】
URL https://www.instagram.com/reel/DeBkE4nOr9K/
Type video
Created 2026-10-03 07:52:20 UTC
1.1K Likes
18 Comments
Summary: A short indoor video posted from Mumbai, Maharashtra in October 2026 shows a young man holding a white-and-gray tabby cat up to his face. He repeatedly presses kisses to the cat's cheek and nose while the on-screen text states 'Forced kisses are the best 😂'. The cat remains in his hands, eyes wide and alert, tolerating the interaction without aggression before eventually turning away at the end. The creator's caption frames it as a humorous, relatable pet-parent moment asking viewers if they do the same. The overall tone is lighthearted, affectionate, and comedic, centered on the common dynamic of owners showing love to pets who don't reciprocate enthusiastically.
Entities places=Mumbai
Humor type=Situational; explanation=The humor arises from the universally recognizable mismatch between human affection and feline indifference. Viewers understand that cats rarely enjoy being kissed, yet the man treats the act as a triumph, labeling forced kisses as 'the best' with a laughing emoji. The cat's deadpan, wide-eyed stare directly into the camera while being smooched creates a classic situational comedy beat—no punchline is spoken, the visual itself is the joke. This taps into the broader internet trope of 'pets tolerating their owners,' where the animal's silent suffering becomes the source of amusement. The caption's rhetorical question further invites audience participation, reinforcing the shared experience among pet parents who anthropomorphize their animals. It is not sarcastic or self-deprecating in a harsh way, but gently observational, making the everyday absurdity of pet ownership funny without cruelty.
Author 【entity-Anshuman Malhotra¦handle=@theanshumanmalhotra¦author_id=user-671805976147162401292】
AuthorURL https://www.instagram.com/theanshumanmalhotra
Verified
320K Followers
Language en


【de79】
URL https://www.instagram.com/reel/Dd_RKhsIE0L/
Type video
Created 2026-10-02 10:28:00 UTC
380 Likes
25 Comments
Summary: This short-form social media reel alternates between two subjects. First, a black cat with bright yellow eyes is shown sitting upright indoors, digitally altered to have an exaggerated, bodybuilder-like human torso and muscular arms. The cat holds and eats a small orange carrot, flexes its bicep, and stares intently at the camera. Second, a woman with long dark hair wearing a red '87 NEW YORK CITY QUEENS' t-shirt reacts to the cat. She displays a sequence of expressions: initial shock with hands clasped, hands on hips, broad smiling and clapping, waving hello, and finally a playful 'stop' gesture with wide eyes. The video is presented by creator @nitaljain11_14, identified as a Deaf Content Creator who uses sign language and humor. The overall tone is lighthearted, comedic, and surreal, relying on the absurdity of the AI-modified cat for entertainment. Posted October 2, 2026, with hashtags #ai #cat #viral #reels.
Humor type=Situational; explanation=The humor derives from situational absurdity rather than wordplay. Viewers expect a normal cat, but the AI edit gives it impossibly large human bodybuilder arms that move like a person's, creating a visual incongruity that is inherently funny. The cat's deadpan stare while performing human actions like holding a carrot and flexing amplifies the joke. This is paired with the woman's over-the-top human reactions—shock, delight, and mock refusal—which mirror what a viewer might feel, making the surreal image relatable. The format taps into the popular 2025-2026 trend of AI-animal hybrids on Reels, where familiar pets are given impossible physiques for comedic effect, relying on the uncanny valley for laughs without dialogue.
Author 【entity-Nital jain¦handle=@nitaljain11_14¦author_id=user-094401757955332579617】
AuthorURL https://www.instagram.com/nitaljain11_14
16K Followers
Language en",luck,false,weak,拍猫被摸头摸到翻白眼张嘴的陶醉脸，配音：'这手法，喜马拉雅进修过吧',pet-bliss-reaction-closeup,1,true,,false,,us-likely,AFV 美国节目官方账号,false
