scan_date,niche,rank,url,author,likes,comments,likes_gained_since_last,velocity_per_day,velocity_confidence,days_tracked,first_seen_date,posted_date,recency_days,is_fresh,title,description,mechanic,replicable,niche_fit,angle_idea,format_cluster,spread_count,feasible,feasible_note,saturated,saturation_reason,geo_fit,geo_note,picked_for_tomorrow
2026-10-09,pet,1,https://www.instagram.com/reel/DePglawRY9V,@imbluethesiberian,620000,2800,,620000.0,0.0,0,,2026-10-08,1,True,This is a lighthearted social media compilation showcasing five dogs and their nonsensical habits. It opens with all five dogs sitting on a front step. Maverick,"This is a lighthearted social media compilation showcasing five dogs and their nonsensical habits. It opens with all five dogs sitting on a front step. Maverick, a golden retriever, is shown needing 'uppies' — he cannot get into a car or onto a bed by himself and requires his owner to lift him. Blue, a husky, is obsessed with climbing on all elevated surfaces, seen perched on top of a refrigerator, standing on a TV console, sitting on a cat tree above a cat, and walking along a second-story roof ledge. Titan, another husky, 'likes horizontal water but hates vertical water' — he happily swims in a pool wearing a life vest but looks distressed during a shower bath. Goose, a golden retriever, 'yells at the TV every night'; the scene shows the owner lying on the floor watching TV surrounded by dogs sleeping in bunk beds labeled with their names. Finally, Bauer, a golden retriever, 'carries his bowl everywhere' — he is shown holding a metal food bowl in his mouth in the shower, on walks, while walking next to a horse, wearing pajamas indoors, and in an elevator. The tone is humorous and affectionate, set to upbeat music.",personality,False,weak,三只猫怪癖集锦：爬冰箱顶、蹲纸箱、追尾巴，每只配一句内心独白,pet-quirks-compilation,2,True,,False,,unknown,英文内容，无明确地域标记,False
2026-10-09,pet,2,https://www.instagram.com/reel/DePfBz_KMpM,@vibewithanish__,350000,2900,,350000.0,0.0,0,,2026-10-08,1,True,"At night on a busy Indian street, a young man films himself selfie-style while narrating a humorous story in Hindi. The on-screen caption reads 'Dekh Bhai iska ","At night on a busy Indian street, a young man films himself selfie-style while narrating a humorous story in Hindi. The on-screen caption reads 'Dekh Bhai iska Bhai kat-gya 😥' (Look brother, his brother got cut). He pans to show several stray cats lounging on the roofs of parked cars. The focus is on an orange-and-white cat lying alone on a dark car, looking dejected, and later on two cats (one grey-white, one orange-white) interacting closely on a white car roof. The narrator jokes that the orange cat is heartbroken because its 'brother' has been neutered and its love story has failed, using phrases like 'dil jala hai' (heart is burning). His friends are seen laughing nearby under streetlights near shops including 'Spa Nest' and 'Green Wines'. The video is a casual, comedic street clip treating the cats' behavior as human-like romantic drama. Culture moment=viral cat breakup meme; significance=Taps into popular Indian social media trend of anthropomorphizing street animals for relatable humor.; origin=widespread pet comedy reels on Instagram Reels",hook,True,none,,street-cat-drama-narration,1,False,需要印度街头流浪猫+印地语街头叙事，在家拍不到,False,,non-us,印度夜晚街景+印地语旁白,False
2026-10-09,pet,3,https://www.instagram.com/reel/DeMPAzyhPTU,@realxdogs,260000,160,,130000.0,0.0,0,,2026-10-07,2,True,"This is a fast-paced compilation video showcasing multiple dogs in different home settings, edited together with humorous voiceovers and text captions. It opens","This is a fast-paced compilation video showcasing multiple dogs in different home settings, edited together with humorous voiceovers and text captions. It opens with a large fluffy dog next to a man with the caption 'Your mom looks like a dog.' A golden retriever lounges on an outdoor chair looking sad as the text 'no' appears. A black-and-white husky is offered a treat with the text 'will you be my Valentine' and labeled 'The SASS'. Another husky stares intensely at the camera. An English bulldog stands indoors while being told 'you're bad you're not getting dinner.' A small brown and white puppy lies on someone's lap making faces. A woman laughs as text explains 'We can't say the w word or he'll stalk you for the rest of the day,' followed by a husky rushing into frame. A brown dog with a blue collar is told 'you're adopted.' A small schnauzer peeks from behind a bed with text 'pov: your dog can say ""hello""'. A golden retriever puppy sits in a metal bowl with 'Nooo'. A dachshund jumps up for 'Test touch' and 'Double touch hit'. A bulldog is called 'You look like a potato'. A golden retriever stares solemnly with text 'More evidence that my dog fully understands English'. A French bulldog sitting on a bed turns its head when hearing 'carrots' and 'chicken'. Other clips show a husky vocalizing, a fluffy poodle looking up, and a French bulldog barking. The overall tone is comedic and affectionate, playing on the idea that dogs understand human language.",personality,False,weak,三只猫的'作妖'合集：半夜跑酷、打翻水杯，配毒舌拟人配音,pet-quirks-compilation,2,True,,False,,unknown,英文混剪，无明确地域标记,False
2026-10-09,pet,4,https://www.instagram.com/reel/DeN8pajPf95,@liza_bk_official,79000,880,,79000.0,0.0,0,,2026-10-08,1,True,"The video is a short comedic clip alternating between two subjects. First, a black-and-tan Doberman Pinscher sits upright on a light-colored couch indoors, look","The video is a short comedic clip alternating between two subjects. First, a black-and-tan Doberman Pinscher sits upright on a light-colored couch indoors, looking directly at the camera. A woman with long dark hair, wearing a patterned green and gold top and a gold chain, speaks to the dog off-camera in Hindi, repeatedly saying she will not let it go meet a female dog ('kutiya'). The dog responds with vocal whines and highly expressive, edited-looking facial movements — closing its eyes, opening its mouth, sticking out its tongue, and at one point showing exaggerated wide eyes. The scene cuts back and forth between the woman speaking and the dog's reactions. The clip ends abruptly with a different shot of a man in a cap and hoodie laughing heartily before the video cuts away. The overall tone is playful and humorous, centered on the relatable dynamic of a pet owner scolding their dog.",personality,False,weak,假装训猫'不许见别的小猫'，猫面无表情走开+配音'你管我',owner-scolds-pet,2,True,,False,,non-us,印地语对话+印度服饰,False
2026-10-09,pet,5,https://www.instagram.com/reel/DeO9nthxPCR,@chinu_the_don,67000,190,,67000.0,0.0,0,,2026-10-08,1,True,A woman in a black patterned top and black pants stands in a bedroom with a large teal wardrobe and a bed with floral bedding. On-screen text reads 'Personal bo,"A woman in a black patterned top and black pants stands in a bedroom with a large teal wardrobe and a bed with floral bedding. On-screen text reads 'Personal bodyguard 😜💪'. She holds a flat object resembling a fly swatter and speaks animatedly in Hindi while gesturing toward the camera and around the room. A large black-and-white dog, likely an American Bully or Pit Bull type, is on the bed throughout, moving energetically, jumping, turning, and wagging its tail. The woman interacts with the dog, pointing, touching its head, and appearing to give commands or playfully scold it, positioning the dog as her 'bodyguard.' The tone is comedic and affectionate, depicting a casual pet-owner moment with no conflict, harm, or inappropriate content.",personality,False,none,,pet-as-bodyguard,1,False,依赖大型犬保镖人设，猫做不了,False,,non-us,印地语口播+印度室内场景,False
2026-10-09,pet,6,https://www.instagram.com/reel/DeOprVfSxDj,@akash_vlogzzz,59000,190,,59000.0,0.0,0,,2026-10-08,1,True,The video opens on a light-brown dog walking away down a narrow residential concrete alley next to a parked scooter. On-screen text reads 'Mummy ka Khauf ☠️'. A,"The video opens on a light-brown dog walking away down a narrow residential concrete alley next to a parked scooter. On-screen text reads 'Mummy ka Khauf ☠️'. A woman wearing a bright pink and navy-blue salwar kameez enters the frame looking angry, raising her right hand as if to strike. She begins chasing the dog while speaking in Hindi. The audio includes a male narrator saying the dog had just been taken to the hospital and is now running again, noting how scared it is of 'Mummy' and that it went straight home to hide. The dog runs further down the alley, past houses with laundry hanging, and ducks under a wooden cart/structure beside large water containers. The woman follows, looking around for it. The clip ends with the dog peeking out from its hiding spot, appearing fearful. The tone is lighthearted and comedic, portraying a common trope of a pet's fear of its owner/mother.",hook,True,none,,pet-flees-angry-owner,1,False,需要追狗巷战场景+印地语，猫不配合追逐拍摄,False,,non-us,印地语+印度小巷+踏板摩托车,False
2026-10-09,pet,7,https://www.instagram.com/reel/DePDMaLqc-D,@ringodanyan,59000,450,,56000.0,0.143,1,,2026-10-08,1,True,"A short social media video presents a brown tabby cat as a criminal, held by a person wearing pink toy handcuffs while on-screen text reads 'Crimes my cat has r","A short social media video presents a brown tabby cat as a criminal, held by a person wearing pink toy handcuffs while on-screen text reads 'Crimes my cat has recently committed.' The video then lists four humorous 'offenses': 1) 'Stalking' — the cat peeks its eyes and face from behind a white door frame; 2) 'Speeding' — the cat runs quickly down a wooden-floored hallway, passing a fluffy white cat sitting in the distance; 3) 'Assault' — the tabby approaches the white cat near a pet feeder and framed picture, then walks past it; and 4) 'Public Intoxication' — the tabby lies sprawled on its back, belly exposed, sleeping deeply on a white blanket with a decorated white Christmas tree visible in the background. The tone is lighthearted and affectionate, using legal terminology as a joke to describe ordinary feline curiosity, energy, social interaction, and napping.",template,True,strong,玩具手铐铐住猫→字幕列罪行：'凌晨三点跑酷''偷吃罐头''咬数据线'，每只猫拍三个罪证镜头,crimes-my-pet-committed,1,True,,False,,unknown,英文，无明确地域标记,False
2026-10-09,pet,8,https://www.instagram.com/reel/DePa2nuIGQu,@weratedogs,46000,270,,46000.0,0.0,0,,2026-10-08,1,True,"A golden retriever stands outside a closed glass sliding door at night, looking in at the camera person inside. On-screen text reads 'he ran into a glass door o","A golden retriever stands outside a closed glass sliding door at night, looking in at the camera person inside. On-screen text reads 'he ran into a glass door once,' providing context for the dog's behavior. A woman off-camera repeatedly encourages the dog with phrases like 'Come on,' 'You can come through,' and 'See? Come on,' trying to coax him inside. The dog appears hesitant, pacing back and forth, panting with his tongue out, and looking confused at the transparent barrier. After some encouragement and the presentation of a treat (appearing to be bacon), the dog finally steps forward, pushes through the open part of the sliding door, and enters the house. He sits inside, takes the treat, and looks up happily. The video has a warm, comedic, and endearing tone, capturing a relatable pet-owner moment.",hook,True,weak,拍猫对着玻璃门发呆→字幕'它上次撞过一次'→猫犹豫+配音'这次我长记性了',pet-scared-of-glass-door,1,True,,False,,unknown,英文，无明确地域标记,False
2026-10-09,pet,9,https://www.instagram.com/reel/DeQNvfQIC0o,@tushar_p3643,44000,340,,44000.0,0.0,0,,2026-10-09,0,True,"At night on a street, a black-and-tan dog sits upright on a parked motorcycle next to a white van. A man in an orange shirt pets the dog. The video then cuts to","At night on a street, a black-and-tan dog sits upright on a parked motorcycle next to a white van. A man in an orange shirt pets the dog. The video then cuts to the creator, a man in a white 'SKECHERS' t-shirt and chain, speaking directly to the camera in Marathi. On-screen text indicates he is referencing a video posted two days prior that received 8.5 million views. He replays footage of the dog being petted, identifies the dog and introduces its owner (a smiling man in a brown-striped polo who waves). To celebrate, the creator holds up a pink cloth, identified by subtitles as the 'viral dog,' and proceeds to tie it around the dog's head like a bandana/headscarf. The dog remains calm, panting with its tongue out, while the creator adjusts the cloth and laughs. The overall tone is informal, celebratory, and comedic, centered on the dog's internet popularity.",hook,True,none,,viral-video-followup,1,False,依赖已有爆款视频+马拉地语口播复盘,False,,non-us,马拉地语口播+印度街景,False
2026-10-09,pet,10,https://www.instagram.com/reel/DeND-bHCDae,@ladbibleireland,100000,1800,,44000.0,0.143,1,,2026-10-07,2,True,"A close-up video shows a calico cat (white, brown, and orange) lying on a bed covered with blankets. A person's hand repeatedly pets the cat on its lower back/t","A close-up video shows a calico cat (white, brown, and orange) lying on a bed covered with blankets. A person's hand repeatedly pets the cat on its lower back/tail area. On-screen text explains the joke: 'PETTING MY CAT IN THE PLACE THEY JUST CLEANED' followed by 'THEY'VE FULLY GIVEN UP.' The cat initially looks at the camera with an annoyed expression, blinks slowly, and eventually rolls onto its back and relaxes, appearing to resign to the petting. In the background, a dresser holds numerous colorful plush toys. The video is watermarked 'LAD BIBLE IRELAND x @SHK2673.' The audio consists of ambient room sound with no speech or music. The tone is lighthearted, domestic pet humor focused on the relatable gross-out moment of interrupting a cat's grooming.",hook,True,strong,撸猫刚舔过的地方→字幕'PETTING MY CAT IN THE PLACE THEY JUST CLEANED'→猫翻白眼认命+配音'算了，毁灭吧',petting-cat-wrong-spot,1,True,,False,,non-us,账号 ladbibleireland 为爱尔兰媒体号,False
2026-10-09,pet,11,https://www.instagram.com/reel/DePm73GxR-x,@roxy_remitv,39000,35,,39000.0,0.0,0,,2026-10-08,1,True,The video opens with a close-up of a white dog with black spots and a pink beaded collar standing on a concrete floor next to a person's foot in a blue Croc. On,"The video opens with a close-up of a white dog with black spots and a pink beaded collar standing on a concrete floor next to a person's foot in a blue Croc. On-screen text reads 'Dog race:'. An off-camera male voice excitedly hypes the dogs, saying names like Rox and Remy, asking 'you ready?' and counting them down 'On your mark... Set.' The camera stays tight on the dog's face as it sniffs the shoe and looks up attentively. After the cue 'Open the door Remy!', the door is opened and both dogs — one with more black patches — sprint away down a long, well-lit indoor hallway with carpeted flooring. The camera follows shakily from behind as the dogs run full speed toward double doors at the end of the hall, capturing the energetic, playful nature of the impromptu dog race.",challenge,True,none,,pet-race-countdown,1,False,猫不会按口令赛跑，配合度为零,False,,unknown,英文口播，无明确地域标记,False
2026-10-09,pet,12,https://www.instagram.com/reel/DeRB-eWveDW,@pubity,26000,180,,26000.0,0.0,0,,2026-10-09,0,True,"The video is a short, handheld clip filmed indoors on a tiled floor. On-screen text reads, 'I WAS NOT EXPECTING TO FIND THIS IN MY SON'S SCHOOL BAG...' A person","The video is a short, handheld clip filmed indoors on a tiled floor. On-screen text reads, 'I WAS NOT EXPECTING TO FIND THIS IN MY SON'S SCHOOL BAG...' A person approaches a black Jurassic World-themed backpack lying on the ground, unzips it, and reveals a gray and white tabby cat curled inside. The cat looks directly at the camera with wide eyes and meows repeatedly, mouth open. The audio features a woman speaking, saying she was just putting her son's backpack up and that it scared her, followed by her telling the cat, 'You can't go to school.' The tone is lighthearted and comedic, playing on the surprise of finding a pet hidden in a child's school bag. No other people, objects, or actions are shown.",hook,True,strong,翻书包发现猫在里面睡觉→开场字幕'我没想到在儿子书包里发现这个'→猫睁眼喵+配音'上学带我',found-cat-in-bag,1,True,,False,,unknown,英文，无明确地域标记,False
2026-10-09,pet,13,https://www.instagram.com/reel/DeJIgjvuxn5,@saran_official_03_,76000,200,,25333.3,0.0,0,,2026-10-06,3,True,"The video takes place on a sunny, tiled outdoor veranda surrounded by greenery and banana plants. A woman wearing a teal-blue sari with a purple border stands b","The video takes place on a sunny, tiled outdoor veranda surrounded by greenery and banana plants. A woman wearing a teal-blue sari with a purple border stands barefoot, holding a plastic bag of green vegetables and a phone. She repeatedly pets and talks to a light-colored Labrador-type dog, which sits up, looks at her, and later lies down on the floor. The camera occasionally pans to an elderly, shirtless man with gray hair sitting in a red plastic chair against a stone-patterned wall; he is wearing a checkered lungi and is eating food from a paper wrapper on his lap. Two short inserted clips show unrelated men laughing — one in a gray suit holding a colorful mug near a pool, and another in a dark hoodie speaking into a microphone. The woman continues to gesture and speak toward the man while the dog stays close to her. The overall tone is casual, everyday family life with light, humorous editing.",personality,False,none,,wholesome-pet-moment,1,False,纯温情日常无叙事点，无配音支点,False,,non-us,纱丽+香蕉树+印度庭院,False
2026-10-09,pet,14,https://www.instagram.com/reel/DeO9zBnpYNF,@hammyandolivia,17000,260,,17000.0,0.0,0,,2026-10-08,1,True,"This is a lighthearted, AI-enhanced comedy skit titled 'My dog's learning to drive.' A Pembroke Welsh Corgi wearing a yellow hard hat and orange safety vest sit","This is a lighthearted, AI-enhanced comedy skit titled 'My dog's learning to drive.' A Pembroke Welsh Corgi wearing a yellow hard hat and orange safety vest sits at a clipboard outdoors, acting as a driving instructor. Another fluffy corgi is positioned in the driver's seat of a white Mazda CX-5 in a wooded area. Two domestic cats, one in a blue plaid shirt with a halo graphic and another in a pink floral dress, serve as narrators commenting on the situation via on-screen text. The dialogue jokes about whether the driving is safe, noting the dog has a 'Pumpkin Pet Insurance policy' so she's covered, but 'not so much for the human's car.' The car then does a burnout, producing smoke, and drives down a tree-lined road toward a wooden ramp. The instructor corgi reacts with exaggerated barks. The video ends with a disclaimer stating all dogs remain safe and unbothered.",high_cost,False,weak,两只猫穿小衣服当'解说员'，吐槽第三只猫的日常蠢事,pets-as-tv-hosts-skit,1,False,AI增强+多宠物摆拍+服装道具，单人半天剪不完,False,,unknown,英文，无明确地域标记,False
2026-10-09,pet,15,https://www.instagram.com/reel/DeJ0EBaTS2e,@up_22_moj_100k,51000,250,,17000.0,0.0,0,,2026-10-06,3,True,"The video opens with a young man with dark hair, wearing a light blue 'DIOR Christian Dior' t-shirt and beige pants, squatting barefoot on a concrete ledge agai","The video opens with a young man with dark hair, wearing a light blue 'DIOR Christian Dior' t-shirt and beige pants, squatting barefoot on a concrete ledge against an orange wall. He eats from a metal bowl with his hands, with a small metal cup beside him. He repeatedly looks up and around, appearing alert to off-screen sounds, including loud banging and clanking noises heard in the audio. The scene cuts intermittently to a digitally altered black cat standing upright on a wet surface; the cat makes human-like gestures such as shrugging, placing a paw to its mouth in a 'shush' motion, and displaying an exaggerated human-like smile with visible teeth. The man mimics the shushing gesture himself before continuing to eat. The video concludes with a separate clip of a bearded man wearing a striped shirt and thick gold chains, sitting in a car and laughing heartily at the camera. The overall tone is comedic and meme-like, relying on the absurd juxtaposition of the ordinary eating scene with the surreal AI cat.",luck,False,none,,surreal-cat-edit-meme,1,False,需要数字改猫特效+怪异剪辑，非宠物日常,False,,non-us,账号名含UP（印度北方邦）+男子蹲地手抓饭,False
2026-10-09,pet,16,https://www.instagram.com/reel/DeM4BBOAN-t,@loki.doestricks,33000,400,,16500.0,0.0,0,,2026-10-07,2,True,"A woman films in her kitchen, showing a granite countertop where a half-eaten apple cider donut sits next to an open plastic container labeled 'HANK'S APPLE CID","A woman films in her kitchen, showing a granite countertop where a half-eaten apple cider donut sits next to an open plastic container labeled 'HANK'S APPLE CIDER DONUTS.' On-screen text reads 'so i walk into my kitchen and i see this.' She picks up the donut to show the bite mark and says she will let viewers guess who is responsible. The camera pans across the floor to a wooden kitchen island where an orange-and-white cat named Diesel is sitting. She holds the donut toward him, then a second brown tabby cat enters the frame and sniffs the donut. Text asks 'do we think it was diesel? or who do you think did it?' The video has a casual, humorous tone typical of pet-owner content, focusing on playfully blaming the cats for stealing food.",hook,True,strong,半块甜甜圈摆桌上→字幕'猜猜谁干的'→镜头摇到猫→猫舔嘴+配音'是我又怎样',who-ate-it-pet-mystery,1,True,,False,,us-likely,HANK'S APPLE CIDER DONUTS 为美国品牌+美式厨房,False
2026-10-09,pet,17,https://www.instagram.com/reel/DePlR7GybPB,@fluffy,13000,44,,13000.0,0.0,0,,2026-10-08,1,True,"In a dimly lit apartment living room with a kitchen visible in the background, a black cat stands upright on its hind legs on a gray couch, front paws held clos","In a dimly lit apartment living room with a kitchen visible in the background, a black cat stands upright on its hind legs on a gray couch, front paws held close to its chest, eyes wide and fixed upward. On-screen text reads, 'When you hear the treat bag open from three rooms away 😭😼'. The cat holds this alert, almost human-like posture for several seconds, demonstrating intense focus, before lowering itself to sit while still looking around expectantly. An off-camera woman reacts with amused disbelief, speaking the line containing profanity. The video is a short, lighthearted pet-owner meme capturing the stereotypical hyper-awareness cats have for food sounds, presented in a casual home-video style.",template,True,strong,摇零食袋→猫瞬间立起来瞪眼→字幕'三间房外听见零食袋'→配音'开饭了人类',pet-hears-treat-bag,1,True,,False,,unknown,英文，无明确地域标记,False
2026-10-09,pet,18,https://www.instagram.com/reel/DeDZ8dkCkZM,@9gag,64000,190,,12800.0,0.0,0,,2026-10-04,5,True,"The video is a slideshow set to upbeat instrumental music, displaying a series of cat adoption listings under the recurring text 'Would you like to adopt.' Each","The video is a slideshow set to upbeat instrumental music, displaying a series of cat adoption listings under the recurring text 'Would you like to adopt.' Each slide features a different cat with a humorous, pun-based name. First is 'Erc (Eric without the eye),' a black kitten missing one eye. Next is 'Texas Chainsaw Meowssacre,' an 8-year-old tabby male. Then 'Count Scragula,' a shaggy black longhair from Brooklyn, NY. Followed by '2am Manic Haircut,' a senior white-and-black domestic shorthair. Then 'Dave The Magical Cheese Wizard,' a tabby described as 'Looking for love.' Finally, 'Hehe + Haha,' two wet kittens in a bathtub with rubber ducks on their heads, followed by a solo shot of 'Hehe (haha was adopted).' The overall tone is wholesome, comedic, and aimed at promoting pet adoption.",news,False,none,,shelter-cat-adoption-slideshow,1,False,需要收容所领养猫资源+搞笑取名，无自家宠物支点,False,,us-likely,"出现 Brooklyn, NY 明确美国地名",False
2026-10-09,pet,19,https://www.instagram.com/reel/DeQA-2LSP_t,@abram.engle,11000,33,,11000.0,0.0,0,,2026-10-08,1,True,"A young man with short brown hair, wearing a gray 'IOWA' t-shirt and a silver chain, stands indoors in what appears to be a kitchen with recessed ceiling lights","A young man with short brown hair, wearing a gray 'IOWA' t-shirt and a silver chain, stands indoors in what appears to be a kitchen with recessed ceiling lights. He holds a large orange tabby cat upright against his chest, facing the camera. Throughout the clip, he uses both hands to manipulate the cat's front paws, making it appear as if the cat is dancing or waving. The man maintains a mostly neutral, deadpan facial expression while looking directly at the camera. The cat initially looks around calmly, then tilts its head back, and later begins to lick its paw while being held. The background includes dark cabinetry and a white door. A rhythmic hip-hop style instrumental track plays throughout. The overall tone is casual, humorous, and affectionate, typical of a lighthearted pet video intended for social media.",template,True,strong,抱猫对镜头→手动摆猫爪假装打碟跳舞→自己面无表情+配音'它自愿的',puppet-cat-dance,1,True,,False,,us-likely,IOWA 卫衣+美式厨房,False
2026-10-09,pet,20,https://www.instagram.com/reel/DeQZDevRqNs,@teamepikase,11000,93,,11000.0,0.0,0,,2026-10-09,0,True,The video is a short comedic comparison labeled in Korean and English as 'The Trend' versus 'The Reality.' It opens with a person holding a smartphone attached ,"The video is a short comedic comparison labeled in Korean and English as 'The Trend' versus 'The Reality.' It opens with a person holding a smartphone attached to a white paper tunnel, filming a small long-haired dachshund puppy on a mat. From the inside of the tunnel, the puppy's face fills the frame as it curiously sniffs and looks around, and a treat is dropped in. The scene then cuts to the same tunnel view, now labeled 'The Reality,' where a man's face appears instead of the dog. He peers through the opening, making a series of exaggerated, humorous expressions—wide eyes, pouting lips, squinting, and sticking his fingers into the frame—mimicking the dog's behavior for comedic effect. The overall tone is playful and relatable, poking fun at the gap between polished social media pet videos and the awkward reality of trying to recreate them. Culture moment=The Trend / The Reality meme format; significance=Uses the widely recognized expectation-vs-reality structure to subvert cute-pet content expectations.; origin=Popularized on TikTok/Reels as side-by-side comparison videos",template,True,strong,'The Trend'纸筒隧道拍猫好奇钻洞+零食 vs 'The Reality'人脸怼镜头，配双语字幕,trend-vs-reality-pet,1,True,,False,,unknown,韩英双语，无明确地域,False
2026-10-09,pet,21,https://www.instagram.com/reel/DeIJRjWoNgt,@gustavoribeiro,280000,690,,10000.0,0.143,1,,2026-10-05,4,True,"The video takes place at a sunny outdoor concrete skatepark surrounded by trees and graffiti-covered ramps. A man wearing a black t-shirt, dark shorts, black so","The video takes place at a sunny outdoor concrete skatepark surrounded by trees and graffiti-covered ramps. A man wearing a black t-shirt, dark shorts, black socks, sneakers, and a Red Bull cap is skateboarding while a small brown dog runs closely behind him. On-screen text reads 'POV: your dog is your cameraman,' indicating the camera is positioned low to the ground to simulate the dog's point of view, resulting in shaky, dynamic footage. The skater approaches a ledge, grinds along it, jumps off, and continues riding. The camera captures his movements from behind and then switches to a low front-facing angle showing him performing an ollie over the ledge. He lands smoothly, rides toward the camera, smiles, and reaches down toward the lens. The overall tone is playful, wholesome, and skill-focused, highlighting the bond between the skater and his dog.",hook,True,none,,pov-pet-cameraman,1,False,需要滑板+狗户外跟拍，猫做不到,False,,unknown,英文，无明确地域标记,False
2026-10-09,pet,22,https://www.instagram.com/reel/DeFOkwwRJcz,@imbluethesiberian,160000,2600,,10000.0,0.143,1,,2026-10-04,5,True,"A man in a white jacket, dark pants, and a white cap performs a repeated social media-style experiment at his front door, titled 'Leaving my dogs behind to get ","A man in a white jacket, dark pants, and a white cap performs a repeated social media-style experiment at his front door, titled 'Leaving my dogs behind to get their reaction.' He interacts affectionately with several dogs individually — identified by on-screen names as Blue, Titan, Maverick, Goose, and Bauer — before stepping outside and closing the door. Each dog reacts differently: the husky-type dogs (Blue/Titan) appear confused, then indignant, standing on hind legs to paw at the door and looking through the side window, with captions suggesting thoughts like 'that was rude' and 'I will break out.' The golden retrievers (Maverick, Goose, Bauer) show more dejected or anxious reactions, pacing, whining, lying down by the door with captions like 'you forgot me,' 'plz come back,' and 'need emotional support right now.' One golden retrieves a yellow duck toy for company and stands guard. The video ends with an exterior shot showing the man walking the dog on a leash along a suburban sidewalk lined with palm trees.",template,True,weak,出门假装离开→三只猫不同反应（挠门/冷漠/继续睡）+每只一句配音,leaving-pets-reaction-test,1,True,,False,,unknown,英文，无明确地域标记,False
2026-10-09,pet,23,https://www.instagram.com/reel/DeMPWMaz-Cp,@nitishkumarreddy,220000,250,,10000.0,0.143,1,,2026-10-07,2,True,"The video takes place in a spacious, modern living room with wood flooring, large glass windows overlooking a pool, and contemporary furniture including a blue ","The video takes place in a spacious, modern living room with wood flooring, large glass windows overlooking a pool, and contemporary furniture including a blue sectional sofa and colorful patterned chairs. A large, curly-haired reddish-brown dog (resembling a Goldendoodle or Labradoodle) is the central focus, running energetically around the room. A man with dark hair and a beard, wearing a white t-shirt and dark pants, plays with the dog—chasing it, bending down to engage, and encouraging its movement. A woman dressed in an orange traditional outfit sits on the blue sofa, smiling and observing while holding a phone. At one point, the dog investigates an open black bag on the floor, pulls out a small tube with a yellow label, and carries it in its mouth before dropping it for the man to retrieve, leading to more playful interaction. The dog later jumps up onto the sofa to sit beside the woman, who pets it affectionately. The atmosphere is casual, joyful, and domestic, capturing a typical playful moment between a pet and its owners at home.",personality,False,none,,dog-zoomies-play,1,False,大型犬室内疯跑，猫拍不出同款且无配音支点,False,,unknown,英文，无明确地域标记,False
2026-10-09,pet,24,https://www.instagram.com/reel/DePKyaxgkwi,@trend2d,9500,73,,9500.0,0.0,0,,2026-10-08,1,True,"The video is a short, lighthearted pet clip titled 'Dogesh Bhai day by day' with a rising chart emoji. It begins with an AI-generated animation of a woman in bl","The video is a short, lighthearted pet clip titled 'Dogesh Bhai day by day' with a rising chart emoji. It begins with an AI-generated animation of a woman in black clothes crouching on a rural road, petting a light-colored Labrador-type dog while a black-and-white dog watches jealously from behind. The animation shows the black dog approaching, sitting, and interacting with the woman and the other dog. The scene then cuts to real-life footage of the same setup: a young woman with dark hair, wearing a black crop top and jeans, crouching on a paved surface outdoors. She is affectionately hugging and being licked by the black dog, while the light-colored dog stands close behind her. The Hindi audio features playful dialogue where the woman teases the black dog ('Dogesh Bhai') for wanting attention, calling him very cute, emphasizing his special status. The overall tone is warm, humorous, and focused on the loving bond between the woman and her dogs.",high_cost,False,none,,ai-pet-story-animation,1,False,AI生成动画+实拍复刻，制作成本高,True,cluster 在近2日库中重复出现,non-us,印度乡村路+Dogesh 印度梗,False
2026-10-09,pet,25,https://www.instagram.com/reel/DeJ9rwdozIV,@sofimanassyan,50000,560,,9000.0,0.143,1,,2026-10-06,3,True,"The video alternates between two subjects in an indoor home setting. First, a digitally altered black cat with bright yellow eyes is shown; its body is replaced","The video alternates between two subjects in an indoor home setting. First, a digitally altered black cat with bright yellow eyes is shown; its body is replaced with an exaggeratedly muscular human male torso and arms. The cat sits on a counter, holds a small orange carrot in one paw, and stares intently at the camera, occasionally moving its paws. Second, a young woman with long dark hair, wearing a dark striped long-sleeve shirt and blue shorts, kneels on a wood floor. She looks up at the camera, making a series of expressive reactions — pursing her lips, opening her mouth in surprise, smiling broadly, clapping her hands together, and pointing directly at the viewer. The tone is lighthearted and surreal, relying on the absurd contrast between the realistic woman and the obviously fake, hyper-muscular cat for comedic effect. No dialogue, music lyrics, or text are audible or visible; the audio consists of ambient room sound.",high_cost,False,none,,buff-cat-edit,1,False,需要换身体数字特效，非日常拍摄,False,,unknown,英文，无明确地域标记,False
2026-10-09,pet,26,https://www.instagram.com/reel/DeIsG2lOvyX,@morales.vianka,26000,400,,8666.7,0.0,0,,2026-10-06,3,True,"A young woman with braided hair, wearing a grey 'NEW YORK' sweatshirt and striped shorts, stands barefoot in a well-lit residential hallway and engages in an en","A young woman with braided hair, wearing a grey 'NEW YORK' sweatshirt and striped shorts, stands barefoot in a well-lit residential hallway and engages in an energetic, one-sided conversation with her large black dog, which has a white chest patch and a blue collar. She uses expressive hand gestures, laughs, and appears to be scolding or negotiating with the dog about something she bought on Facebook Marketplace, mentioning a car and TJ Maxx. The dog responds by sitting attentively, looking up at her, and offering its paw. She then walks away, returns pushing a grey and yellow pet stroller, coaxes the dog into it, and pushes the stroller back and forth in the hallway while continuing to talk. She picks up a small plush toy from the floor near the end. The interaction is playful and affectionate, with no signs of aggression or distress.",personality,False,weak,'跟男朋友说话 vs 跟猫说话'语气对比，猫当对照组面无表情+配音,one-sided-pet-conversation,1,True,,False,,us-likely,NEW YORK 卫衣+Facebook Marketplace+TJ Maxx 美式消费标记,False
2026-10-09,pet,27,https://www.instagram.com/reel/DePEXJmAYMS,@_layla_the_boxer,13000,260,,8600.0,0.143,1,,2026-10-08,1,True,The video opens with text 'When Mom watches a scary movie' showing two dogs — a white Boxer and a merle Australian Shepherd — standing alert at glass doors look,"The video opens with text 'When Mom watches a scary movie' showing two dogs — a white Boxer and a merle Australian Shepherd — standing alert at glass doors looking outside. Inside, a woman in a pink 'Troublemaker's Club' hoodie sits on a couch eating popcorn while watching a horror film on TV, which shows dark scenes of a woman in doorways and stairwells. As the movie plays, the dogs watch intently, then retrieve a red plush toy. The Boxer takes a white sheet from a laundry basket, drapes it over its head to look like a ghost, and walks through the house. The Australian Shepherd follows and peeks around corners. The mom becomes increasingly tense, pulling up her hood and clutching her popcorn. The ghost-dog slowly approaches her from behind a doorway, and she turns, sees it, and lets out a loud scream. The clip ends on the black screen after the scare. The tone is lighthearted and humorous, portraying pets mimicking horror movie behavior to prank their owner.",hook,True,weak,妈妈看恐怖片→三只猫淡定睡觉+字幕'有本事冲我来'+配音,pets-react-to-scary-movie,1,True,,False,,unknown,英文，无明确地域标记,False
2026-10-09,pet,28,https://www.instagram.com/reel/DeRnuzSztQI,@therxckstxr,8600,250,,8600.0,0.0,0,,2026-10-09,0,True,"In a living room with hardwood floors, a merle-colored English bulldog emerges from a white toy-storage crate filled with colorful plush toys. On-screen text fr","In a living room with hardwood floors, a merle-colored English bulldog emerges from a white toy-storage crate filled with colorful plush toys. On-screen text from @TheRxckstxr narrates the dog's complaint: he had 41 'fluffies' and now has 40, claiming someone stole his inventory. The dog paces, barks, and stares at the camera while a man (off-camera) and a woman play along, telling him to 'check the ring camera' and insisting nothing was touched. The dog continues to protest, sitting and looking up at the person filming, who is wearing red Christmas pajama pants. The exchange is playful, with the dog being told to sit down and that 'all of that inventory is there.' The video ends with a branded outro graphic for 'THE RxCKSTxR' encouraging likes and follows. The tone is humorous and affectionate, centered on anthropomorphizing the dog's attachment to his toys.",personality,False,weak,'丢了一只玩具'盘点猫的玩具数量，猫淡定走开+配音'查监控去',pet-inventory-complaint,1,True,,False,,unknown,英文，无明确地域标记,False
2026-10-09,pet,29,https://www.instagram.com/reel/DeLDG4GMICy,@charliesangelll,92000,4700,,8000.0,0.143,1,,2026-10-07,2,True,"In a home kitchen, a large fluffy white Maine Coon cat lies on a granite countertop with one paw dangling over the edge. A person with braided hair leans in clo","In a home kitchen, a large fluffy white Maine Coon cat lies on a granite countertop with one paw dangling over the edge. A person with braided hair leans in close, face-to-face with the cat, and speaks to it in an animated, scolding tone. The audio captures the person using repeated strong profanity, including the f-word and the n-word, accusing the cat of getting into shrimp ('you all up here in the shrimps and shit') and telling it to get down because it has already eaten. The cat remains mostly still, looking at the person with a calm, unimpressed expression, occasionally turning its head. Background items include a soap dispenser, a bag labeled '4 ct' and a red container marked 'SHRIMP'. The interaction is presented as a humorous pet-owner confrontation, driven by the person's aggressive language rather than any visual action.",personality,False,weak,凑近猫脸'审问'它偷吃虾，用夸张语气但不用脏话+猫心虚舔嘴,owner-scolds-pet,2,True,,False,,unknown,英文，无明确地域标记（注：原片依赖大量脏话，翻拍需改台词）,False
2026-10-09,pet,30,https://www.instagram.com/reel/DeIcJ08tx-U,@anthony_echemendia,25000,460,,6250.0,0.0,0,,2026-10-05,4,True,"A shirtless, tattooed man in light gray cargo sweatpants interacts with his two American Bully-type dogs indoors on tiled flooring near a wooden door. He comman","A shirtless, tattooed man in light gray cargo sweatpants interacts with his two American Bully-type dogs indoors on tiled flooring near a wooden door. He commands them to 'hold on, wait, heel, sit down,' and the dogs — one solid dark gray (Ray) and one black-and-white merle (Wabby) — obediently lie down. On-screen text explains that many people have asked if the dogs actually wait and pray before eating. The man holds two green food bowls, places them on the floor, and tells the dogs they must pray first. He then kneels and prostrates himself face-down on the floor between the dogs. While in this position, he delivers a spoken Christian prayer, thanking God for choosing them, asking for grace, mercy, forgiveness, and health, and specifically thanking God for 'baby Ray, baby Wabby' and for 'mommy and daddy.' He asks to be grateful for little things and to focus on the kingdom, concluding 'In Jesus name we pray, Amen.' After the prayer, he rises, and both dogs immediately begin eating from their bowls as the video ends.",template,True,none,,pets-pray-before-meals,1,False,猫不会等口令再吃饭，配合度为零,False,,unknown,英文，无明确地域标记,False
2026-10-09,pet,31,https://www.instagram.com/reel/DePZKHruGf7,@oliviafariaa,6200,53,,6200.0,0.0,0,,2026-10-08,1,True,"A woman with her hair pulled back, wearing a black t-shirt and gold jewelry, films herself indoors in what appears to be a bedroom with a ceiling fan spinning a","A woman with her hair pulled back, wearing a black t-shirt and gold jewelry, films herself indoors in what appears to be a bedroom with a ceiling fan spinning above. On-screen text reads 'pov: you have an English Bulldog.' Throughout the clip, a brown and white English Bulldog sits beside her, repeatedly licking her arm, panting with its mouth open, and looking up at her. The woman cycles through expressive reactions — holding her hand to her face, resting her chin on her hand, and finally crossing her arms — conveying a mock-exasperated, tired owner vibe. The tone is comedic and relatable, highlighting the clingy, drooly nature of the breed without any dialogue, relying on visual performance and background music.",personality,False,none,,breed-pov-relatable,1,False,斗牛犬舔人梗，猫无此行为,False,,unknown,英文，无明确地域标记,False
2026-10-09,pet,32,https://www.instagram.com/reel/DeFhQivgOH3,@itsbiscuitworld,28000,490,,5600.0,0.0,0,,2026-10-04,5,True,"The video begins with a close-up of a small, light-colored fluffy dog lying on white bedding, looking sad and tired. White text reads 'No one is coming to save ","The video begins with a close-up of a small, light-colored fluffy dog lying on white bedding, looking sad and tired. White text reads 'No one is coming to save you...' while a female vocalist sings melancholic pop lyrics about loss. The scene then abruptly transitions into a montage of Tom Cruise performing extreme stunts from Mission: Impossible films — sprinting through streets, scaling a glass skyscraper, dangling from a rope, running shirtless from an explosion, and riding a motorcycle off a snowy cliff. Each action clip is overlaid with the text 'Dog Moms.' The edit humorously reframes the initial hopeless message by suggesting that dog mothers are the ones who will dramatically come to the rescue, using iconic action-hero imagery for comedic effect. The tone shifts from somber to empowering and playful.",audio_meme,True,none,,sad-pet-to-action-montage,1,False,需要电影混剪素材+音乐卡点,False,,unknown,英文，无明确地域标记,False
2026-10-09,pet,33,https://www.instagram.com/reel/DeOc4ZEsVSj,@arun_sunny_actor,35000,120,,5000.0,0.143,1,,2026-10-08,1,True,"In an outdoor setting at dusk on a paved ramp, a bald man in a patterned black-and-white shirt and blue shorts holds a small white and brown dog wearing a red b","In an outdoor setting at dusk on a paved ramp, a bald man in a patterned black-and-white shirt and blue shorts holds a small white and brown dog wearing a red bandana. A woman with long dark hair in a ponytail, wearing a white floral crop top and matching pants with green sneakers, stands beside him. On-screen text reads ""Mission successfull 🐶🙈"". The two interact warmly; the woman smiles, talks, and playfully touches the man's chin while he smiles back at her and the dog. Later, emoji stickers (wide-eyed face over the man, see-no-evil monkey over the woman) appear above their heads as she continues to engage with him. The overall tone is cheerful, affectionate, and focused on the successful presentation of the dog.",luck,False,none,,couple-pet-wholesome,1,False,情侣出镜+狗当道具，无宠物叙事支点,False,,non-us,印度演员账号+户外场景,False
2026-10-09,pet,34,https://www.instagram.com/reel/DeNfurXs8Tb,@suavexavier_,23000,680,,5000.0,0.143,1,,2026-10-07,2,True,"A man with a beard, wearing a gray Under Armour shirt, lies on a light-colored couch and speaks to the camera. On-screen text reads, 'The one thing I absolutely","A man with a beard, wearing a gray Under Armour shirt, lies on a light-colored couch and speaks to the camera. On-screen text reads, 'The one thing I absolutely love about my dog.' He explains that when he completely ignores his dog, this is what happens. The camera then cuts to the living room, where a brown and tan Doberman Pinscher slowly emerges from behind the couch. The dog walks forward onto a patterned rug, stops directly in front of the camera, and stares with wide, soulful eyes without moving, maintaining intense eye contact for an extended period. A blue ball sits on the floor nearby. The dog remains still, occasionally blinking and slightly shifting its head, embodying perfect, stubborn attention despite being ignored. The clip ends as the dog moves closer to the lens and lets out a loud sneeze.",hook,True,weak,假装无视猫→猫缓缓走过来死盯+配音'你礼貌吗',ignore-pet-reaction-test,1,True,,False,,unknown,英文，无明确地域标记,False
2026-10-09,pet,35,https://www.instagram.com/reel/DeKU8LiAomP,@girlandadoodle,84000,320,,5000.0,0.143,1,,2026-10-06,3,True,The video opens with on-screen text 'POV: A dog mom's love language' showing a blonde woman sleeping in bed in light purple pajamas. She wakes up as her fluffy ,"The video opens with on-screen text 'POV: A dog mom's love language' showing a blonde woman sleeping in bed in light purple pajamas. She wakes up as her fluffy apricot-colored poodle-type dog looks on. Her male partner (voice heard off-camera) tells her to stay in bed while he takes the dog out. She gets up, goes to the kitchen holding a mug, and asks where they were; he replies he took the dog to the park for an hour. When she notes the dog needs a bath, he offers to handle it, handing her a bottle and towel while she sits on the couch. He also mentions he made 'dinner reservations' for the dog at a dog-friendly restaurant. She reacts with surprise and affection, cuddling the dog on the couch and saying 'I love you.' The skit portrays the partner's caregiving for the pet as the ultimate expression of love for the dog owner.",template,True,none,,pov-love-language-skit,1,False,情侣生活流 skit，宠物只是背景,False,,us-likely,dog mom 美式文化+英语生活场景,False
2026-10-09,pet,36,https://www.instagram.com/reel/DeMxIVuR81M,@levenrambin,21000,160,,5000.0,0.143,1,,2026-10-07,2,True,"The video is a short domestic comedy skit set in a living room. A blonde woman sits on a white couch cuddling a large black dog with a pink collar, speaking to ","The video is a short domestic comedy skit set in a living room. A blonde woman sits on a white couch cuddling a large black dog with a pink collar, speaking to it in a soft, affectionate voice. On-screen text reads 'How I talk to my husband vs my dog.' The scene cuts to a man with short graying hair sitting on the same couch, who reacts to her tone. The audio reveals the joke: she notes his voice changes for the dog, he asks if she wants him to talk louder, and she responds that he's nice to the dog but 'literally the biggest bitch to us.' Later, the man is shown holding a gray cat on its back in his lap, continuing the theme of pet affection. The overall tone is lighthearted and relatable, playing on the common experience of pet owners being gentler with animals than with their partners.",template,True,weak,'跟男朋友说话 vs 跟猫说话'语气对比实拍，猫出镜当对照组,talk-to-pet-vs-partner,1,True,,False,,unknown,英文，无明确地域标记,False
2026-10-09,pet,37,https://www.instagram.com/reel/DeQQNpLgDUl,@comediangingerbilly,4100,70,,4100.0,0.0,0,,2026-10-09,0,True,A bald man with a long red beard wearing a red and black plaid hoodie speaks directly to the camera from a kitchen with dark gray cabinets. He delivers a comedi,"A bald man with a long red beard wearing a red and black plaid hoodie speaks directly to the camera from a kitchen with dark gray cabinets. He delivers a comedic monologue referencing advice he received to 'get an American bulldog' because it would be ferocious and look super tough. He then asks rhetorically, 'Does that look intimidating to you?' The video cuts to a white American Bulldog puppy sitting on a hardwood floor, looking directly at the camera with a droopy, unimpressed expression. The speaker impersonates the dog saying she looks like she's about to ask for 'some french fried taters.' The overall tone is humorous and self-deprecating, playing on the contrast between the breed's tough reputation and the individual dog's gentle, lazy demeanor.",hook,True,none,,tough-breed-expectation-vs-reality,1,False,需要单口演员人设+斗牛犬幼犬,False,,us-likely,美国喜剧演员+英语,False
2026-10-09,pet,38,https://www.instagram.com/reel/DeM5XuPxIBI,@grumpybarbara,27000,490,,4000.0,0.143,1,,2026-10-07,2,True,"The video captures a large tabby cat with wet, matted fur standing fully upright on its hind legs inside a doorway behind a white-framed screen door. The cat fa","The video captures a large tabby cat with wet, matted fur standing fully upright on its hind legs inside a doorway behind a white-framed screen door. The cat faces outward toward the camera, initially looking directly forward with wide eyes, then turns its head to the side while raising its front paws. It repeatedly lifts and taps one paw against the glass/screen, as if trying to get attention or be let in, shifting its weight and looking around alertly. The setting appears to be an exterior porch with brick walls and wooden decking visible. The audio is an upbeat, instrumental funk track with prominent brass and percussion, with no speech or lyrics. The overall tone is amusing and endearing, highlighting the cat's unusual bipedal posture and expressive behavior.",luck,False,strong,猫站门外扒门→配音'开门！朕要进去'→主人慢动作开门,cat-begs-at-door,1,True,,False,,unknown,英文，无明确地域标记,False
2026-10-09,pet,39,https://www.instagram.com/reel/DeKhDspzCzT,@yonick____029,85000,160,,4000.0,0.143,1,,2026-10-06,3,True,"The video takes place in a paved residential courtyard with a metal gate and white wall. A young woman with long dark hair, wearing a brown graphic t-shirt and ","The video takes place in a paved residential courtyard with a metal gate and white wall. A young woman with long dark hair, wearing a brown graphic t-shirt and dark shorts, enters barefoot. On-screen text reads 'Shorts me bahar jaa rahi hoon mera weapon reh gya,' setting up a joke about needing a 'weapon' for protection. She walks toward the gate, pauses, and returns inside. The scene shifts to black-and-white with a skull emoji as a large German Shepherd wearing a red bandana appears. The woman re-enters wearing flip-flops and playfully teases the dog, running back and forth, laughing, and dodging it. The dog remains calm, carrying a slipper in its mouth and following her without aggression. Text 'BTS' appears briefly, indicating behind-the-scenes footage. Later, text 'Tere se nhi ho payega' (You won't be able to do it) appears over the dog standing alone. The overall tone is lighthearted, comedic, and affectionate, showing a playful owner-pet dynamic.",hook,True,none,,pet-as-weapon-gag,1,False,需要德牧护卫犬+黑白特效，猫做不了,False,,non-us,印地语字幕+印度庭院,False
2026-10-09,pet,40,https://www.instagram.com/reel/DeO5wtQtK-Z,@angelrai07,3900,110,,3900.0,0.0,0,,2026-10-08,1,True,"The video alternates between two subjects for comedic effect. A woman with long brown hair, wearing a bright orange-to-pink gradient saree with gold embroidery ","The video alternates between two subjects for comedic effect. A woman with long brown hair, wearing a bright orange-to-pink gradient saree with gold embroidery and a matching short blouse, sits on a white couch against a wall with three floral paintings. She holds a red apple, smiles at the camera, and extends it forward. This is intercut with close-ups of a white and tabby cat sitting on a dark gray couch, repeatedly opening its mouth extremely wide in what appears to be a loud yawn or scream, with its paws raised. The woman's expressions shift from smiling to mildly annoyed, culminating in her covering her face with her hand while still holding the apple. The overall tone is playful and meme-like, relying on the absurd contrast between the poised woman and the cat's exaggerated vocalization.",hook,True,weak,拍猫打哈欠大张嘴+夸张配音'啊——'，配美食诱惑剪辑,cat-yawn-meme-cut,1,True,,False,,non-us,纱丽+印度家居,False
2026-10-09,pet,41,https://www.instagram.com/reel/DeHPXlGgDPM,@babahassan_07,15000,220,,3750.0,0.0,0,,2026-10-05,4,True,"The video is a short, lighthearted compilation. For the majority of the runtime, a young man with dark wavy hair, wearing a navy blue t-shirt and jeans, sits on","The video is a short, lighthearted compilation. For the majority of the runtime, a young man with dark wavy hair, wearing a navy blue t-shirt and jeans, sits on a couch covered with a maroon patterned throw. He gently pets an orange tabby cat lying on its back across his lap; the cat appears relaxed with eyes closed. A simple animated mouth is digitally added to the cat, moving as if it is vocalizing, synced to background audio featuring a male voice speaking in Telugu followed by laughter. The scene then cuts to a second, unrelated clip of a different man outdoors, dressed in a grey suit jacket over a light blue shirt with gold chains, holding a small colorful mug and laughing openly. The overall tone is casual, affectionate, and humorous, typical of pet-focused social media content.",personality,False,strong,给猫P上动嘴+普通话拟人配音：'铲屎的再撸重一点试试',animated-mouth-pet-voiceover,1,True,,False,,non-us,泰卢固语配音,False
2026-10-09,pet,42,https://www.instagram.com/reel/DeKe0RXRXLW,@bulldogpabs,11000,240,,3666.7,0.0,0,,2026-10-06,3,True,"A brown-and-white English bulldog named Pablo, wearing a bright orange tactical-style vest, is filmed on a muddy bank next to a small body of water with tall gr","A brown-and-white English bulldog named Pablo, wearing a bright orange tactical-style vest, is filmed on a muddy bank next to a small body of water with tall green reeds. The dog walks slowly through the dark mud, tongue hanging out, appearing unbothered despite being told to stop. An off-camera person repeatedly says ""Pablo no"" and ""no,"" which is also displayed as yellow on-screen text. The dog continues moving from the wet mud onto a drier area covered in twigs and leaves, looking up at the camera. The tone is humorous and affectionate, capturing a common pet-owner moment of a dog enjoying getting dirty against instructions.",personality,False,weak,喊猫名字猫不理继续走→字幕'Pablo no'式+配音'听不见',pet-ignores-owner,1,True,,False,,unknown,英文，无明确地域标记,False
2026-10-09,pet,43,https://www.instagram.com/reel/DeECy01JxAO,@bae_stvrr_18.2,17000,290,,3400.0,0.0,0,,2026-10-04,5,True,"The video opens with Hindi text at the top reading 'चोर बाजार से कुत्ता ले लिया'. A young woman with long dark hair, wearing a dark t-shirt with a white butterf","The video opens with Hindi text at the top reading 'चोर बाजार से कुत्ता ले लिया'. A young woman with long dark hair, wearing a dark t-shirt with a white butterfly graphic, is shown sitting indoors writing in a notebook. She looks up toward the camera with an annoyed, exasperated expression. The scene then cuts to a black and tan Doberman Pinscher sitting upright on a couch indoors. The dog is edited with a filter that exaggerates its facial expressions — its eyes bulge, its mouth opens wide, and it appears to be barking or vocalizing repeatedly in a way that mimics human speech or complaining. The background shows a window with curtains. The entire clip is presented as a short comedic skit linking the text about buying a cheap dog to the dog's loud, expressive behavior.",hook,True,none,,pet-face-filter-gag,2,False,依赖狗脸夸张滤镜+印地语剧情,False,,non-us,印地语字幕+chor bazar 印度黑市梗,False
2026-10-09,pet,44,https://www.instagram.com/reel/DeNb1tTvruv,@dukegomez7,12000,280,,3300.0,0.143,1,,2026-10-07,2,True,"The video opens with a young woman with long black hair and bangs posing indoors next to a large gray pit bull-type dog. On-screen text transcribes her saying, ","The video opens with a young woman with long black hair and bangs posing indoors next to a large gray pit bull-type dog. On-screen text transcribes her saying, 'Somebody needs to get her teeth brushed because she's been licking balls all day,' delivering a sexual innuendo about the dog. She smiles and then is shown brushing her own teeth with a purple toothbrush. The scene cuts to a shirtless young man with curly brown hair and a mustache reacting to the clip. He looks exasperated, saying the joke 'threw me in for a loop' and was unexpected, then adds, 'There's just too many fatherless daughters out there. I feel like we gotta put a stop to these...' while rubbing his forehead. The tone is comedic and edgy, relying on crude sexual wordplay and a subsequent shaming reaction.",personality,False,none,,crude-pet-innuendo-skit,1,False,低俗性暗示梗，不适合账号调性,False,,unknown,英文，无明确地域标记,False
2026-10-09,pet,45,https://www.instagram.com/reel/DeMgNAVKwJD,@ringodanyan,27000,89,,3000.0,0.143,1,,2026-10-07,2,True,"The video is shot from a first-person perspective looking at a person sitting cross-legged on a wooden floor in a home setting. The person, wearing a black t-sh","The video is shot from a first-person perspective looking at a person sitting cross-legged on a wooden floor in a home setting. The person, wearing a black t-shirt and black pants, holds a small orange treat packet. On-screen text reads 'POV: you fake throwing the treat to your cat (No Ai Version)'. A brown tabby cat sits facing the person. The person opens the packet, takes out a treat, and makes a throwing motion toward the cat while actually concealing the treat behind their back. After the fake throw, the person lifts the cat up with both hands, holding it upright facing the camera. The cat has large, wide green eyes and looks directly at the viewer with an alert, slightly bewildered expression. The clip ends with the cat being held up, emphasizing its reaction to being tricked. The overall tone is cute, comedic, and relatable for pet owners.",template,True,strong,假装扔零食藏身后→猫扑空→配音'人类你没有心'→真给一颗收尾,fake-treat-throw-test,1,True,,False,,unknown,英文，无明确地域标记,False
2026-10-09,pet,46,https://www.instagram.com/reel/DeIDtmeuE_b,@sookieandivy,30000,460,,3000.0,0.143,1,,2026-10-05,4,True,"A medium-sized brindle and white dog with large upright ears sits on a white blanket indoors, looking directly at the camera with a soulful expression. On-scree","A medium-sized brindle and white dog with large upright ears sits on a white blanket indoors, looking directly at the camera with a soulful expression. On-screen text first reads 'the good news: you got adopted.' The text then changes to 'the bad news: she crochets,' and the video proceeds to show the dog wearing a rapid succession of handmade crocheted hats. The hats include a Roman centurion helmet with red plume, a green pear, a toast slice hat, a sailor captain's hat, a frog, a lion mane, a bee, a sunflower, a lightbulb, a giraffe, a chick, a turkey drumstick, a snail, and a full turkey. Throughout, the dog remains calm and still, maintaining its melancholic look. The background includes a shelf with sunflowers and framed art. The tone is comedic and affectionate, playing on the relatable pet-owner dynamic of dressing up pets.",hook,True,weak,给猫戴钩针小帽拍'好消息/坏消息'反转：好消息领养了你，坏消息我会钩针,pet-models-crochet-hats,1,True,,False,,unknown,英文，无明确地域标记,False
2026-10-09,pet,47,https://www.instagram.com/reel/DePtj_tyQ6T,@ryan.jon,3000,0,,3000.0,0.0,0,,2026-10-08,1,True,"This is a split-screen reaction video. In the top panel, a woman with glasses and a bearded man sit with microphones watching a clip. In the bottom panel, a vid","This is a split-screen reaction video. In the top panel, a woman with glasses and a bearded man sit with microphones watching a clip. In the bottom panel, a video credited to @kaedobrien plays with the text 'FATAL LASER ERROR' and 'I got my cat to attack him ☠️😭'. A person in denim shorts and white socks stands in a living room while a small dark cat is on the rug. A red laser dot appears on the person's shorts, and the cat suddenly leaps up and strikes the person's groin area. The person immediately doubles over in reaction. The reactors respond strongly: the woman gasps and covers her mouth in shock, saying 'I DID NOT SEE THAT COMING,' while the man bursts into loud, sustained laughter, throwing his head back. The overall tone is comedic shock and amusement at the unexpected and painful-looking prank.",hook,True,weak,激光笔逗猫扑→猫上头+配音'激光必须死'（注意别照眼睛）,laser-pointer-cat-prank,1,True,,False,,unknown,英文，无明确地域标记,False
2026-10-09,pet,48,https://www.instagram.com/reel/DeNu1faqTkD,@ringodanyan,6300,110,,2800.0,0.143,1,,2026-10-08,1,True,A close-up video features a brown tabby cat with green eyes being held against a white fluffy blanket. On-screen text reads 'Guess the correct sound' throughout,"A close-up video features a brown tabby cat with green eyes being held against a white fluffy blanket. On-screen text reads 'Guess the correct sound' throughout. The cat's mouth opens repeatedly in sync with numbered labels (1 through 5), showing wide yawns with tongue and teeth visible. The accompanying audio is a series of loud, exaggerated human-like screams/yells rather than typical cat meows, creating a comedic mismatch between the visual and the sound. The tone is lighthearted and playful, intended as a simple guessing-game meme for social media.",audio_meme,True,strong,特写猫打哈欠→配夸张人类尖叫音效→字幕'猜猜哪个是原声',pet-yawn-sound-mismatch,1,True,,False,,unknown,英文，无明确地域标记,False
2026-10-09,pet,49,https://www.instagram.com/reel/DeNYVWVsf-q,@kangaroo.9674256,5500,32,,2750.0,0.0,0,,2026-10-07,2,True,"The video is a short, heavily edited clip centered on a medium-sized brown and black dog (appearing to be a pit bull type) sitting on a light-colored mat outdoo","The video is a short, heavily edited clip centered on a medium-sized brown and black dog (appearing to be a pit bull type) sitting on a light-colored mat outdoors on gravel. The dog is panting with its tongue out, looking up at the camera with an open-mouthed, happy expression throughout. The footage is presented as a dynamic meme-style edit: it opens in darkness, then reveals the dog framed within rotating, tilted panels surrounded by animated yellow lightning bolts. The edit cycles through extreme visual effects including blinding white flashes, fiery orange/yellow explosion backgrounds, dark smoke clouds, kaleidoscopic mirroring, and color grading (pink/red and orange tints). The camera angle is consistently high-angle looking down at the dog. A leash and small items lie on the mat beside the dog. The entire sequence is set to loud, high-energy electronic dance music with a distorted, repetitive vocal sample and heavy bass. The tone is energetic, playful, and designed for social media impact rather than narrative storytelling.",high_cost,False,none,,hype-edit-pet-meme,1,False,重度特效剪辑流，非宠物日常,False,,unknown,英文，无明确地域标记,False
2026-10-09,pet,50,https://www.instagram.com/reel/DeHbmNZO5oQ,@sookieandivy,11000,190,,2750.0,0.0,0,,2026-10-05,4,True,"A short, wholesome social media reel features Enzo, a 2-year-old brindle and white dog, sitting on a white blanket indoors. With on-screen text narrating in his","A short, wholesome social media reel features Enzo, a 2-year-old brindle and white dog, sitting on a white blanket indoors. With on-screen text narrating in his voice, he asks viewers if they want to see his flower hats. He then models three tiny crocheted yellow bucket hats, each topped with a white crocheted daisy on a stem. The first two are too small, described as 'v smol' and 'still a lil smol,' while the third fits properly and is called 'just right,' echoing the Goldilocks story. The video ends with him asking, 'do you like them?' The background includes a shelf with a plush toy and sunflowers, and a colorful abstract painting. A gentle, upbeat acoustic guitar instrumental plays throughout. The creator's caption promotes their crochet business and a book titled 'Crochet Cute Dog Hats.' The overall tone is adorable, playful, and promotional for handmade pet accessories.",template,True,weak,给猫试戴三顶小帽：太大/太小/刚好+配音'金发姑娘',pet-tries-on-hats,1,True,,False,,unknown,英文，无明确地域标记,False
2026-10-09,pet,51,https://www.instagram.com/reel/DeQBy_nRKAe,@mostroilcorso,2300,11,,2300.0,0.0,0,,2026-10-08,1,True,"The video is a short, outdoor selfie-style clip filmed in a parking lot on an overcast day. In the foreground, a person is shown with a realistic dog-face filte","The video is a short, outdoor selfie-style clip filmed in a parking lot on an overcast day. In the foreground, a person is shown with a realistic dog-face filter (a gray Cane Corso) applied over their head, wearing a navy blue turtleneck sweater, two thick gold chains with a bar pendant, and a watch. The filtered 'dog' speaks directly to the camera. Behind him, a second man in a matching navy sweater and white shoes laughs, smiles broadly, and makes animated gestures—putting his hands on his head, pointing, and leaning in. The audio features the speaker saying, 'Kazi's here. How you doing? If you ain't fighting your fucking brother from another mother, you're a certified jerk off. How you doing?' The tone is playful, energetic, and comedic, relying on the absurd visual filter and the profane, slang-heavy greeting for humor.",personality,False,none,,dog-filter-talking-head,1,False,真人戴狗滤镜口播，无真实宠物,False,,unknown,英文，无明确地域标记,False
2026-10-09,pet,52,https://www.instagram.com/reel/DeJ7nP0uVMK,@ringodanyan,6400,110,,2133.3,0.0,0,,2026-10-06,3,True,"The video is a static, extreme close-up shot of a brown tabby cat with prominent green-yellow eyes staring directly into the camera. The cat remains motionless ","The video is a static, extreme close-up shot of a brown tabby cat with prominent green-yellow eyes staring directly into the camera. The cat remains motionless throughout, maintaining intense eye contact. White on-screen text at the top reads, 'I have hired this cat to stare at you,' establishing the comedic premise. A watermark '@ingodnyan' is visible vertically on the left side. The audio consists of a light, playful instrumental melody played on a xylophone-like instrument. There is no speech, movement, or change in scene. The overall tone is humorous and lighthearted, leveraging the popular internet meme of cats as silent, judgmental watchers.",hook,True,strong,猫怼脸特写死盯镜头10秒→字幕'我雇这只猫来盯着你'+轻快BGM,cat-stare-prank,1,True,,False,,unknown,英文，无明确地域标记,False
2026-10-09,pet,53,https://www.instagram.com/reel/DeMcbIwiiOp,@noorin_shereef_,16000,75,,2000.0,0.143,1,,2026-10-07,2,True,"In a bright indoor space with wood flooring and blue cabinetry, two women perform an energetic, synchronized dance routine while barefoot. The woman in front we","In a bright indoor space with wood flooring and blue cabinetry, two women perform an energetic, synchronized dance routine while barefoot. The woman in front wears a blue button-down shirt and dark wide-leg jeans; the woman behind wears a striped shirt and light jeans. Both smile throughout. An augmented-reality filter adds two animated cats floating near the ceiling air vent above them, which mirror the dancers' arm movements and poses. The background music is an upbeat, instrumental track with traditional Indian instrumentation. The overall tone is joyful, playful, and comedic, centered on the interaction between the dancers and the silly digital cats. Culture moment=cat dance filter trend; significance=Participates in popular AR pet-dance meme format on short-form video platforms.; origin=Social media AR filters",audio_meme,True,none,,ar-cat-dance-filter,1,False,跳舞+AR猫滤镜，真人舞蹈为主,False,,non-us,印度双人舞+印度演员账号名,False
2026-10-09,pet,54,https://www.instagram.com/reel/DeNklFFsz6L,@b.ishopszn,6300,510,,1900.0,0.143,1,,2026-10-07,2,True,"A young Black man with braided hair, wearing a black t-shirt, holds a small light-brown fluffy dog while filming himself indoors under warm ceiling lights. On-s","A young Black man with braided hair, wearing a black t-shirt, holds a small light-brown fluffy dog while filming himself indoors under warm ceiling lights. On-screen text reads 'I TOLD MY MOM I GAVE THE DOG A HAIR CUT'. Throughout the clip, he acts distressed and tearful while explaining to his mother (heard off-camera) that he cut the dog's hair to practice for becoming a veterinarian. The mother reacts with loud disbelief and anger, repeatedly asking why he did it and saying the dog looks terrible, like someone 'hacked' its face. Both use strong, uncensored profanity during the back-and-forth. The son defends himself, points out the dog is shaking and growled at him, and jokes about cutting another dog next. The interaction is presented as a humorous, exaggerated parent-child skit centered on a botched DIY dog haircut.",hook,True,none,,pet-haircut-mom-prank,1,False,整蛊妈妈+剪狗毛，猫不适用且有争议,False,,unknown,英文，无明确地域标记,False
2026-10-09,pet,55,https://www.instagram.com/reel/DeMd89yRE1b,@jenisbelacevedo,3200,230,,1600.0,0.0,0,,2026-10-07,2,True,"A woman with long dark hair, wearing a beige belted shirt, camouflage cargo pants, and heels, performs a hip-hop song in front of a solid bright-orange studio b","A woman with long dark hair, wearing a beige belted shirt, camouflage cargo pants, and heels, performs a hip-hop song in front of a solid bright-orange studio backdrop. She sings/raps into a hanging studio microphone while interacting with a large, light-brown poodle-type dog standing on its hind legs beside her. The dog is styled as a rapper, wearing a black baseball cap and a thick gold chain necklace, and moves its paws and mouth in sync with the beat. The camera alternates between medium full-body shots, close-ups of the woman singing, and close-ups of the dog. At times the pair walk forward together toward the camera. The audio is a modern hip-hop track with male vocals containing repeated use of the word 'shit.' The overall tone is playful, comedic, and stylized like a music video skit. Culture moment=Dog rapper trend; significance=Reflects popular social media format of dressing pets in human accessories for comedic performance.; origin=TikTok/Reels pet anthropomorphism trend",audio_meme,True,none,,pet-rapper-performance,1,False,舞台表演+宠物服装，制作重,False,,unknown,英文，无明确地域标记,False
2026-10-09,pet,56,https://www.instagram.com/reel/DeNUjnbsnRE,@codyintheconcretejungle,3200,2,,1600.0,0.0,0,,2026-10-07,2,True,"This video is a sweet, sentimental montage featuring a small fluffy white and tan Shih Tzu-type dog and its female owner. Presented as a mock interview with on-","This video is a sweet, sentimental montage featuring a small fluffy white and tan Shih Tzu-type dog and its female owner. Presented as a mock interview with on-screen text, the dog is asked if it has a job and answers 'Yes — I take care of my mom.' Subsequent clips illustrate how: the dog follows her everywhere, makes her laugh (shown at the beach), and sits beside her when she's quiet. When asked if the mom knows, the text replies 'I don't think so,' followed by 'She thinks she's taking care of me.' The dog confirms this mutual care, stating 'she makes me feel safe and I make her feel loved.' Visuals include the dog sleeping on a bed, standing on hind legs, being held and kissed by the woman on a train and at home, sitting outdoors under a tent, eating ice cream, and cuddling together in bed. The overall tone is heartwarming, playful, and focused on the loving bond between pet and owner.",template,True,strong,伪采访猫：'你有工作吗'→猫舔毛+配音'有啊，负责貌美如花'+跟拍日常,mock-interview-pet-job,1,True,,False,,unknown,英文，无明确地域标记,False
2026-10-09,pet,57,https://www.instagram.com/reel/DeIYUDdhixF,@anjelahjohnson,5800,270,,1450.0,0.0,0,,2026-10-05,4,True,"A woman films herself in a car with her small, fluffy light-brown dog, Banzo, who is wearing a light blue bandana. She announces they are going to buy him a bir","A woman films herself in a car with her small, fluffy light-brown dog, Banzo, who is wearing a light blue bandana. She announces they are going to buy him a birthday treat, noting he was adopted about eight years ago. At a Target store, Banzo rides in a red shopping cart while she browses the pet aisle. He sniffs and selects several toys, including a plush 'Tuguila' tequila-bottle toy, a banana-shaped toy, and tennis balls, and briefly tests a brown dog bed. Back at home on hardwood floors, Banzo excitedly digs through colorful gift bags filled with tissue paper, pulling out the new toys and treats such as 'Cod Crispies' and air-dried jerky. The woman feeds him a treat, which he catches and eats happily. The video ends with Banzo sitting proudly wearing a large yellow sunflower costume, with on-screen text reading 'Happy Birthday Banzo!' while the woman sings 'Happy Birthday' to him.",personality,False,none,,pet-birthday-shopping-vlog,1,False,需要带宠物进商场拍摄，猫不配合,False,,us-likely,Target 购物+英语，明确美国,False
2026-10-09,pet,58,https://www.instagram.com/reel/DePvzNgkpM7,@afvofficial,1400,0,,1400.0,0.0,0,,2026-10-08,1,True,"A man in a blue tank top sits cross-legged on a carpeted floor inside a home with a large, fawn-colored Mastiff-type dog lying beside him. The dog holds a blue ","A man in a blue tank top sits cross-legged on a carpeted floor inside a home with a large, fawn-colored Mastiff-type dog lying beside him. The dog holds a blue plush toy between its paws. An on-screen caption reads, 'This dog falls for the oldest trick in the book,' and an 'AFV' logo is visible in the corner. The man gently pets the dog's back and side; the dog repeatedly turns its head, looking around with a soulful expression as if expecting something, then looks back at the man. After several moments of petting, the dog leans into the man, nuzzles his chest and neck, and licks his face, prompting the man to laugh heartily and embrace the dog. The video has a warm, humorous, and affectionate tone typical of a family-friendly pet fail clip.",luck,False,weak,对猫用'最老套的把戏'（假扔零食）→猫上当+配音'我竟然信了',oldest-trick-pet-prank,1,True,,False,,unknown,英文，无明确地域标记,False
2026-10-09,pet,59,https://www.instagram.com/reel/DeQQcHDp0Az,@morkskywalker,1200,27,,1200.0,0.0,0,,2026-10-09,0,True,"The video features a close-up of a wrinkly-faced dog, likely a French Bulldog, lying on a plush cream-colored surface and partially covered by a dark gray fleec","The video features a close-up of a wrinkly-faced dog, likely a French Bulldog, lying on a plush cream-colored surface and partially covered by a dark gray fleece blanket. On-screen text reads, 'On today's episode of lazy and jobless,' which is also spoken by a narrator in a casual tone. The dog appears sleepy and relaxed, with its head poking out from under the blanket, occasionally blinking and shifting slightly. The camera slowly zooms in on the dog's face. In the background, a small statue and a wall sign with partial text 'OF M' are visible. The overall tone is humorous and affectionate, presenting the dog's lounging behavior as a comedic 'show' about being lazy.",template,True,strong,慢推镜头拍被窝里的猫→旁白'《懒惰与无业》今日更新'→猫翻白眼+配音'要你管',lazy-pet-narration-series,1,True,,False,,unknown,英文，无明确地域标记,False
2026-10-09,pet,60,https://www.instagram.com/reel/DeGuJayI_1U,@lakshmimenon89,11000,76,,1100.0,0.143,1,,2026-10-05,4,True,"A short, upbeat video filmed from a low angle on a wooden-floored stage with overhead spotlights. In the immediate foreground, a light cream-colored medium-size","A short, upbeat video filmed from a low angle on a wooden-floored stage with overhead spotlights. In the immediate foreground, a light cream-colored medium-sized dog stands facing the camera, becoming the focal point as it repeatedly shakes its head, tilts it side to side, and occasionally lifts a paw. Behind the dog, a man in a grey long-sleeve shirt and dark pants and a woman in a black-and-white checkered sleeveless top with red floral details and black pants perform synchronized, energetic dance moves. The audio is an upbeat pop track with a female vocalist. The creator caption reads ""One with Ammini 🐾"" and credits @lakshmimenon89 in Dubai, indicating the dog is named Ammini. The overall tone is lighthearted, playful, and family-friendly, centered on the humorous interaction between the dancing humans and the attention-seeking dog.",luck,False,none,,pet-steals-the-show,1,False,舞台+双人舞场景，无法复刻,False,,non-us,印度双人舞+印度账号名,False
2026-10-09,pet,61,https://www.instagram.com/reel/DeHaG_cu6Jy,@coconutricebear,4300,190,,1075.0,0.0,0,,2026-10-05,4,True,"The video is a short, close-up clip of a fluffy white Samoyed dog indoors on a dark wood floor. The dog looks directly up at the camera, tilting its head and op","The video is a short, close-up clip of a fluffy white Samoyed dog indoors on a dark wood floor. The dog looks directly up at the camera, tilting its head and opening its mouth in a series of howls and whines. On-screen text appears sequentially to match the sounds, reading 'GOOD DAY!', then 'I HOPE', 'YOUR DAY IS', and finally 'AS GREAT AS YOU ARE!!!'. The overall tone is warm, cheerful, and affectionate, presenting the dog as if it is delivering a friendly, uplifting message to the viewer. No other people, animals, or significant background action are visible.",template,True,weak,拍猫对着镜头喵→字幕逐句'早安！祝你有美好的一天'+配音,pet-morning-greeting,1,True,,False,,unknown,英文，无明确地域标记,False
2026-10-09,pet,62,https://www.instagram.com/reel/DeFp2SuSryr,@danalinnbailey,5100,77,,1020.0,0.0,0,,2026-10-04,5,True,"A brown-and-white pit bull-type dog plays energetically in a spacious, sunlit living room with large windows showing green trees outside. The room features a ma","A brown-and-white pit bull-type dog plays energetically in a spacious, sunlit living room with large windows showing green trees outside. The room features a massive, plush gray corduroy sectional sofa, a large gray beanbag, and light wood floors. The dog repeatedly sprints across the couch cushions, leaps onto the beanbag, runs to the floor, and returns, displaying high speed and agility. At one point it grabs a blue and green rope toy, carries it around, and lies down on the couch to chew it while looking at the camera. An off-camera man provides loud, excited commentary throughout, repeatedly shouting variations of 'I'm fast as fuck boy!' in a playful, hyped tone. The video ends with the dog resting with its toy as gentle acoustic guitar music plays. The overall tone is lighthearted, chaotic, and affectionate pet content.",luck,False,none,,dog-zoomies,1,False,大型犬客厅狂奔，无配音支点,False,,unknown,英文，无明确地域标记,False
2026-10-09,pet,63,https://www.instagram.com/reel/DeLDsLeNAkC,@dontstopmeowing,13000,180,,1000.0,0.286,2,,2026-10-07,2,True,"In a bright, modern living room decorated with Halloween bat decals and ghost pillows, a person wearing a fuzzy green monster onesie with large eyes and brown h","In a bright, modern living room decorated with Halloween bat decals and ghost pillows, a person wearing a fuzzy green monster onesie with large eyes and brown hair interacts with two cats. Speaking to the camera, she explains she is pretending to eat her cat because the costume is going viral. She kneels by a white ottoman where a dark tabby cat lies, lifts it to the costume's open pink mouth, and holds it there repeatedly while a second white-and-orange cat watches from a brown blanket nearby. She stands, adjusts the costume, and gestures toward the cats before returning to cuddle and nuzzle the tabby. The tone is lighthearted and playful, with background music and laughter, emphasizing the absurdity of the viral costume trend rather than any real threat to the animals.",hook,True,strong,穿怪兽连体衣假装要吃猫→猫淡定+配音'你也就这点出息了'→万圣节标签,monster-costume-eats-pet,1,True,,False,,unknown,英文，无明确地域标记,False
2026-10-09,pet,64,https://www.instagram.com/reel/DeHNRgRJxc1,@thelunaanddakotadiaries,22000,110,,1000.0,0.143,1,,2026-10-05,4,True,"This is a short, lighthearted pet video posted by @thelunaanddakotadiaries featuring two cats, Dakota (black and white) and Luna (white with tabby markings, wea","This is a short, lighthearted pet video posted by @thelunaanddakotadiaries featuring two cats, Dakota (black and white) and Luna (white with tabby markings, wearing a collar with tag 'Crumb'). The video is structured as a dialogue using on-screen text and a voiceover. Dakota walks toward the camera as text reads 'You send me reel,' followed by Luna looking up with 'I send you reel.' Both cats appear together on a cat tree with the question 'Do you know what that means?' The punchline shows Luna lying on her back on a rug while Dakota sits upright, with text stating 'That means we are in REELationship,' accompanied by heart emojis. The creator's caption 'We love REEL-ationships' reinforces the pun. The tone is cute, affectionate, and comedic, anthropomorphizing the cats' mutual exchange of Instagram Reels as a romantic relationship. Filmed indoors in an Australian home, the video contains no risky content and is suitable for all ages.",template,True,strong,两只猫对视→字幕'你给我发reel'/'我给你发reel'→'你知道这意味着什么吗'→一起睡觉+配音'意味着今晚不睡了',you-send-me-reel-dialogue,3,True,,False,,unknown,英文，无明确地域标记,True
2026-10-09,pet,65,https://www.instagram.com/reel/DeK1iNfJajG,@yunabugs,14000,90,,1000.0,0.143,1,,2026-10-06,3,True,"The video shows a small, shaggy black-and-white dog lying on its back on a brown couch, looking up at the camera. On-screen text reads 'Mama may I have cookie?'","The video shows a small, shaggy black-and-white dog lying on its back on a brown couch, looking up at the camera. On-screen text reads 'Mama may I have cookie?' accompanied by a female voice speaking in an accented English saying the same phrase. The scene cuts to the woman, who appears to be filming herself indoors in a modern home, responding 'No Diabito, roll back to kitchen.' The final scene shows the dog on a dark wood kitchen floor next to white cabinets, rolling onto its side and back in a dejected manner, with a ':(' emoticon overlaid. The overall tone is cute, playful, and affectionate, depicting a common pet-owner dynamic of begging for treats and being told no.",personality,False,weak,问猫'要不要零食'→猫翻身+配音'拿来吧你'（多拍几条抓配合瞬间）,pet-begs-treat-voiceover,1,True,,False,,unknown,英文，无明确地域标记,False
2026-10-09,pet,66,https://www.instagram.com/reel/DeDX-jWIh4i,@the.meow.moves,35000,470,,1000.0,0.143,1,,2026-10-04,5,True,"This short social media video features two domestic cats, identified by the creator as Bella (white with tabby markings, wearing a collar) and Flauschi (fluffy ","This short social media video features two domestic cats, identified by the creator as Bella (white with tabby markings, wearing a collar) and Flauschi (fluffy orange), performing synchronized upright behaviors outdoors against a dark wooden fence with greenery. The clip opens with close-ups of Bella in the foreground making exaggerated 'panicked' expressions—eyes wide, mouth open, paws raised to her head—while Flauschi dances in the background. The camera then switches focus to Flauschi doing the same head-holding, mouth-open reaction, with Bella visible behind him. Later shots show both cats standing side-by-side on their hind legs, swaying, waving paws, and posing together as if dancing. The tone is playful and comedic, matching the creator's caption about a couple arguing over who is dramatic and then both panicking at once. The video is set to upbeat instrumental music and is presented as daily cat content from @the.meow.moves. Culture moment=AI-generated pet video trend; significance=Reflects growing public fascination with AI tools that animate animals realistically, as evidenced by repeated mentions of Higgsfield.; origin=Commenters explicitly reference 'Higgsfield ai' and 'genjutsu' as the creation method. CommentSummary: Comments are overwhelmingly affectionate and amused, with many users expressing laughter and love for the cats' expressions. A dominant thread revolves around creation method, with numerous users asking 'how do I make this,' 'what AI tool,' and requesting prompts or DMs. The creator consistently responds by directing users to their DMs, which fuels further engagement. Some users debate authenticity, noting it looks like AI, mentioning 'Higgsfield genjutsu.' Overall sentiment remains positive, with minimal negativity aside from one comment disliking AI content. The conversation centers on replication desire rather than criticism. 1. **Inquiry about AI tool used:** ""What ai tool did you use?"" 2. **Praise for cuteness and humor:** ""I love these things ….makes me smile"" 3. **Requests for tutorial or prompt:** ""Please write a prompt"" Overwhelmingly Positive Sentiment Focus Community reacts most to how the video was created and whether AI was used.",audio_meme,True,weak,抓拍猫站立瞬间+配音乐卡点（多拍几条碰运气）,cats-dance-sync,1,False,猫同步直立跳舞靠运气，配合度不可控,False,,unknown,英文，无明确地域标记,False
2026-10-09,pet,67,https://www.instagram.com/reel/DeKPPJ-Rs9V,@nala_the_needy_rottie,12000,76,,1000.0,0.143,1,,2026-10-06,3,True,"A woman with long dark hair in a ponytail, wearing a black Alo sports bra and layered gold necklaces, sits indoors next to a large black-and-tan Rottweiler with","A woman with long dark hair in a ponytail, wearing a black Alo sports bra and layered gold necklaces, sits indoors next to a large black-and-tan Rottweiler with its tongue out. In a bright, modern room, she closes her eyes and smiles, then opens them and looks to her left and right in time with an upbeat pop song whose lyrics say ""Everybody look to the left, everybody look to the right."" She gently places her hand on the dog's chest while both look around. The tone is casual, lighthearted, and affectionate, presenting a typical pet-owner selfie-style moment synchronized to music. Culture moment=look to the left look to the right trend; significance=References viral audio used for coordinated looking reactions between people and pets.; origin=Popular TikTok/Reels audio trend",audio_meme,True,weak,抱猫跟'左看右看'音频一起转头，猫不配合就只拍人+猫入镜,look-left-right-audio-trend,1,True,,False,,unknown,英文，无明确地域标记,False
2026-10-09,pet,68,https://www.instagram.com/reel/DeGZZwCi1ve,@simbabadmaash,99000,770,,1000.0,0.143,1,,2026-10-05,4,True,"This is a short, wholesome social media video featuring a fluffy golden retriever named Simba from Ludhiana, Punjab. It opens in black-and-white with the dog st","This is a short, wholesome social media video featuring a fluffy golden retriever named Simba from Ludhiana, Punjab. It opens in black-and-white with the dog standing on its hind legs on a balcony railing, head tilted back howling at the sky. The scene shifts to color, showing the same dog sitting attentively on a checkered tile floor, panting with a happy open mouth, then walking confidently toward the camera across a wood-patterned rooftop terrace, tail wagging and occasionally licking its nose. The final sequence shows the dog sitting calmly on dark stone stairs, looking off-camera with a gentle expression. Throughout, an upbeat Hindi/Punjabi folk-style song with female vocals plays. The caption 'Chalray Chalray waal' references the song. The overall tone is affectionate and lighthearted, presenting the dog as a beloved family pet with no risky, controversial, or mature content. Culture moment=Chalre Chalre trend; significance=The song is widely used on Indian social media to highlight flowing hair or fur, making it ideal for fluffy pets.; origin=Indian short-form video trend CommentSummary: The comment section is overwhelmingly adoring, with hundreds of users calling Simba the definitive winner of the 'Chalre Chalre' trend. Repeated phrases like 'trend winner,' 'handsome munda,' and 'so cute baby' dominate, alongside frequent use of the evil-eye emoji 🧿 to wish protection. Many commenters compare Simba to their own dogs, express love ('love you Simbu'), and note how perfectly the song matches his flowing fur. The community treats the post as peak wholesome pet content, with no negative or critical discourse, reinforcing the creator's role as a popular dog influencer in the Indian pet community. 1. **Trend winner praise:** ""Winner of this trend ❤️"" 2. **Affectionate cuteness comments:** ""Mera bacha hai simba 🧿🥺"" 3. **Evil eye protection wishes:** ""Nazar na lage 🧿🧿"" Overwhelmingly Positive Sentiment Focus Viewers celebrate Simba's fluffiness and perfect fit to the trending song",personality,False,none,,wholesome-dog-montage,1,False,金毛嚎叫+天台漫步，猫无此行为,False,,non-us,"Ludhiana, Punjab 明确印度",False
2026-10-09,pet,69,https://www.instagram.com/reel/DeM5Smkg3P7,@cashewtok,16000,42,,1000.0,0.143,1,,2026-10-07,2,True,"A small light-brown dog is filmed indoors wearing a full-body purple shark hoodie. The costume has a hood shaped like a shark head with embroidered red eyes, a ","A small light-brown dog is filmed indoors wearing a full-body purple shark hoodie. The costume has a hood shaped like a shark head with embroidered red eyes, a wide open mouth lined in red with white felt teeth framing the dog's face, and a small dorsal fin on the back. The dog sits and walks slowly on dark wood flooring in a hallway and living room area, frequently looking directly at the camera with large, expressive eyes that give it a sad or resigned expression. The camera captures multiple angles including front-facing close-ups, overhead shots showing the fin, and wider shots revealing a green couch and a second dog resting in the background. The video is set to upbeat background music and has a lighthearted, cute-pet tone with no dialogue.",personality,False,weak,给猫穿鲨鱼装拍'生无可恋'表情（拍10秒就脱）,pet-in-costume-sad-eyes,1,True,,False,,unknown,英文，无明确地域标记,False
2026-10-09,pet,70,https://www.instagram.com/reel/DeKZMt2xYKK,@farha_khwaja,17000,92,,1000.0,0.143,1,,2026-10-06,3,True,The video opens on a residential interior with two wooden doors. On-screen text reads 'Bought a cat from chor bazar ☠️'. A young woman in a light-colored sleeve,"The video opens on a residential interior with two wooden doors. On-screen text reads 'Bought a cat from chor bazar ☠️'. A young woman in a light-colored sleeveless dress and flip-flops emerges from a doorway, looking around with a confused and alarmed expression. The scene cuts to a fluffy white Persian-style cat sitting upright on its hind legs at a small low table in a different room with wood flooring. The cat has its front paws on the table next to a green bottle and an orange peel, and it moves its paw to its mouth in a motion mimicking drinking from the bottle. The video cuts back to the woman, who reacts with disbelief - throwing her hands up, covering her face, and gesturing in exasperation before turning and walking back through the doorway. The tone is comedic and surreal, playing on the idea that a cat purchased from a 'thieves market' acts like a human who drinks alcohol.",hook,True,weak,猫蹲桌前摆拍'人类'坐姿+配音'这猫哪来的？',cat-sits-like-human,1,True,,False,,non-us,chor bazar 印度黑市梗+印度家居,False
2026-10-09,pet,71,https://www.instagram.com/reel/DeMtRR7otzS,@korah_ff,16000,200,,1000.0,0.143,1,,2026-10-07,2,True,"In a home interior, a man with long dark hair tied back, wearing glasses and a white t-shirt, performs pull-ups on a black doorway pull-up bar installed in a ha","In a home interior, a man with long dark hair tied back, wearing glasses and a white t-shirt, performs pull-ups on a black doorway pull-up bar installed in a hallway. A large black cat with a collar stands confidently on top of the bar throughout the exercise, using it as a perch. As the man pulls himself up repeatedly, the cat watches him, shifts its position, wags its tail against the wall, and playfully reaches down with its paw to touch and bat at the man's face and head. The man appears amused, smiling and talking to the cat in Spanish while continuing his set, counting reps. The background shows a cat tree to the left and a kitchen visible through the doorway behind the bar. The watermark ""@korah_ff"" is visible on screen. The overall tone is playful, affectionate, and comedic, showcasing the common dynamic of a pet interrupting its owner's workout.",luck,False,strong,做引体向上→猫蹲单杠上拍你脸+配音'加油，你做一个我打一下',cat-interrupts-workout,1,True,,False,,unknown,英文，无明确地域标记,False
2026-10-09,pet,72,https://www.instagram.com/reel/DeFj4JjsYXu,@zozobakrtv,11000,250,,1000.0,0.143,1,,2026-10-04,5,True,"A young man with curly hair and a goatee, wearing a white henley shirt, lies on a beige couch in dim indoor lighting and speaks directly to the camera in Arabic","A young man with curly hair and a goatee, wearing a white henley shirt, lies on a beige couch in dim indoor lighting and speaks directly to the camera in Arabic. On-screen text reads '*سوالف عزيز آخر الليل*' (Aziz's late-night chats). He recounts a humorous personal story about arriving home late at night, finding the front door locked, and attempting to sneak inside quietly so his family doesn't wake up. He acts out the scene with whispered dialogue, tiptoeing motions, and exaggerated frustration when he fails, describing how he was caught. His tone is casual, conversational, and comedic, typical of social media storytelling. The video concludes abruptly with a cut to a black cat sitting upright on tile flooring; the cat has been edited with realistic human teeth showing in a smile and moves its paws in a human-like manner, serving as a surreal, meme-style punchline. The overall tone is lighthearted and informal, posted by creator Abdulaziz Bakr (@zozobakrtv) on October 4, 2026. Culture moment=AI cat with human teeth meme; significance=The uncanny cat is a well-known internet jump-scare meme used to subvert horror expectations with absurd humor.; origin=Viral social media meme circulating on TikTok and Instagram Reels CommentSummary: The comment section is dominated by laughter and relatability, with many users praising the storytime format and admitting they were fooled by the buildup before the cat appeared. Repeated phrases like 'my heart stopped' and 'I got scared' show the jump-scare worked as intended. Alongside the humor, a significant thread of nearly identical long-form comments from a self-identified Yemeni woman pleads for money for food and rent, describing war displacement and hunger; these posts are clearly copy-pasted sympathy bait and distract from the main conversation. Other users joke about the creator's beard, ask for more videos, and reference childhood memories of the cat meme, indicating a familiar audience that expects this style of content. Overall sentiment leans positive toward the creator but is interrupted by the intrusive aid solicitations. 1. **Appreciation of humor:** ""ي زين هالسوالف 😂😂😂"" 2. **Startled by cat:** ""قلبي وقف لمدة ثانية"" 3. **Sympathy aid requests:** ""انا اختكم والله ماتكلمت الا من جوع ومن ضيق الحال"" Mixed Sentiment Focus Viewers react primarily to the funny storytelling and the sudden scary cat meme, while several commenters post lengthy pleas for financial help.",personality,False,none,,late-night-storytime,1,False,纯真人口播故事，无宠物出镜,False,,non-us,阿拉伯语口播,False
2026-10-09,pet,73,https://www.instagram.com/reel/DeO4rNFBIOk,@bosco_bk_,1000,36,,1000.0,0.0,0,,2026-10-08,1,True,"The video is a short, lighthearted social media clip set at an NBA House Macau event. It features two young men eating Portuguese egg tarts (Macau-style). The f","The video is a short, lighthearted social media clip set at an NBA House Macau event. It features two young men eating Portuguese egg tarts (Macau-style). The first man, wearing a dark blue varsity jacket, sits in front of an NBA-branded backdrop, takes a bite of the tart, shows it to the camera, and makes a 'shh' gesture. The scene cuts to a second man in a maroon and white varsity jacket in a hotel hallway, who also holds up a tart, takes a bite, and then smiles while interacting with an animated black cat graphic placed next to him. On-screen text reads 'POV: 你隻貓想食澳門葡撻 🇲🇴🐱' (POV: your cat wants to eat Macau egg tart), framing the viewer as the cat being offered the treat. The tone is cute, casual, and promotional, with no dialogue, focusing on the enjoyment of the local snack.",news,False,none,,event-food-tasting,1,False,无宠物出镜，NBA澳门活动,False,,non-us,澳门NBA活动+葡式蛋挞,False
2026-10-09,pet,74,https://www.instagram.com/reel/DeI0qR4Br2o,@k_weds_b,18000,130,,1000.0,0.143,1,,2026-10-06,3,True,"The video alternates between two scenes. In a kitchen, a man in a grey t-shirt and dark blue shorts is bent over; the back of his shorts features a photorealist","The video alternates between two scenes. In a kitchen, a man in a grey t-shirt and dark blue shorts is bent over; the back of his shorts features a photorealistic print of a Border Collie's face positioned to look like it's sticking out of his rear. A real black-and-white Border Collie stands beside him, looking up intently at the print, tilting its head in confusion. The dog then sniffs and gently bites at the printed dog face on the shorts. Intercut with this, a woman in a blue and white floral dress stands in a doorway watching. She initially walks past, returns with a stern expression, then reacts with wide-eyed shock, covering her mouth with both hands, before breaking into laughter and covering her face. The clip relies on the visual illusion and the real dog's earnest interaction for its comedy, ending with the woman amused by the situation.",hook,True,weak,穿印有猫脸的短裤→拍猫闻/无视+配音'哪来的小三',pet-confused-by-print,1,True,,False,,unknown,英文，无明确地域标记,False
2026-10-09,pet,75,https://www.instagram.com/reel/DeE6XqWKnCC,@therealalfonsoribeiro,5600,120,,1000.0,0.571,4,,2026-10-04,5,True,"The video opens on a large black-and-tan Rottweiler standing on a wooden deck outside a sliding glass door, looking in. Inside, a man in a dark 'Intramural Bask","The video opens on a large black-and-tan Rottweiler standing on a wooden deck outside a sliding glass door, looking in. Inside, a man in a dark 'Intramural Basketball' t-shirt and jeans approaches. The dog darts inside, runs through the living room, then returns to the doorway. The man steps onto the deck and engages in playful wrestling with the dog, who jumps up on him. The core gag is the dog grabbing the man's jeans with its teeth and pulling them down, exposing his white-socked leg. The man laughs loudly, bends over, and tries to free himself while holding the door frame, eventually stepping back inside with the dog still attached to his pant leg. The scene is shot from inside the house, with an 'AFV!' watermark in the corner, indicating it is a home-video style comedy clip. The overall tone is humorous, affectionate, and family-friendly, showcasing energetic pet play without any harmful intent.",luck,False,none,,dog-pulls-pants-down,1,False,大型犬打闹拽裤子，猫做不到,False,,unknown,英文，无明确地域标记,False
2026-10-09,pet,76,https://www.instagram.com/reel/DeGhlNKTYHQ,@therealkayra,52000,350,,1000.0,0.143,1,,2026-10-05,4,True,"This short social media reel, posted from Alwar City, Rajasthan in October 2026, captures a humorous interaction between a woman and her golden retriever at a d","This short social media reel, posted from Alwar City, Rajasthan in October 2026, captures a humorous interaction between a woman and her golden retriever at a doorway. A red plastic ruler is held horizontally across the door frame. The dog repeatedly peeks its head out from behind the door, looking toward the camera with an eager expression, and is gently tapped back by the ruler. The on-screen text reads 'Mom is always a Mom No Matter Who are u 😂.' The audio features a woman speaking in Hindi in a playful, motherly tone, repeatedly calling the dog ('acha aa ja', 'idhar aa', 'jaldi'), mimicking how a mom would scold a child. The creator's caption 'Sabr tut gya' (patience ran out) reinforces the comedic premise of a pet owner losing patience. The tone is warm, funny, and universally relatable for pet owners, with no controversial elements. Culture moment=Mom is always a mom meme; significance=Reflects South Asian cultural trope of strict yet loving mothering applied humorously to pets.; origin=Common family humor widely shared in Indian social media CommentSummary: Comments are overwhelmingly affectionate and humorous, with dozens of users pleading 'maaf kardo' and calling the dog adorable, innocent, and a beloved family member. Many relate the scene to their own mothers, saying no one escapes a mom's scolding, whether human or dog, and joke that the dog knows it's wrong and hides. The creator actively replies, confirming the dog gets lots of freedom and love, which reinforces the positive tone. There is no criticism of animal cruelty; instead commenters interpret the ruler as gentle and playful, emphasizing the bond. The community treats the video as a relatable meme about universal mothering, generating warmth, laughter emojis, and shared pet-parent experiences. 1. **Pleading for forgiveness for the dog:** ""Iss baar maaf kardo"" 2. **Comparing to human mothers:** ""Aaj tak hmlog nhi bach paye mummy se to tu kha se bachega"" 3. **Praising cuteness:** ""Dahshat aur cuteness ek saath"" 4. **Joking about fear of mom:** ""Mataji ka khauf sabko hai bhai"" Overwhelmingly Positive Sentiment Focus Viewers react to the dog being scolded like a child and defend the pet",hook,True,none,,mom-blocks-door-with-ruler,1,False,需金毛配合探头+印地语，猫直接钻过去无笑点,False,,non-us,"Alwar, Rajasthan+印地语配音",False
2026-10-09,pet,77,https://www.instagram.com/reel/DeHptwfRwi5,@bitch,20000,45,,1000.0,0.143,1,,2026-10-05,4,True,"The video shows a medium-sized merle-coated dog, likely an Australian Shepherd, standing on a light wood floor inside a home. A large, iridescent soap bubble fl","The video shows a medium-sized merle-coated dog, likely an Australian Shepherd, standing on a light wood floor inside a home. A large, iridescent soap bubble floats down toward the dog. On-screen text at the top reads, 'When you found the bubble of extreme anger and hatred.' The dog looks up attentively, tracks the bubble, then opens its mouth and gently bites it, causing the bubble to pop and disappear. After the pop, the dog looks down briefly, then looks back up toward the camera with wide eyes. The scene is simple, domestic, and played for comedy by attributing intense human emotion to the dog's focused reaction to the bubble. No speech or music is prominent; the tone is playful and wholesome.",hook,True,weak,吹泡泡给猫→猫一掌拍爆+字幕'愤怒泡泡'+配音'就这？',pet-pops-bubble,1,True,,False,,unknown,英文，无明确地域标记,False
2026-10-09,pet,78,https://www.instagram.com/reel/DeI2cBWRA0I,@laxmisrinivasadv,14000,36,,1000.0,0.143,1,,2026-10-06,3,True,"A woman in a purple saree smiles while holding a large banana-leaf plate of South Indian food, with on-screen text stating 'I have three sons'. The video then c","A woman in a purple saree smiles while holding a large banana-leaf plate of South Indian food, with on-screen text stating 'I have three sons'. The video then cuts to a warmly lit photo of her seated between two young men in traditional white attire at a stone temple, labeled 'First two'. The remainder of the video is dedicated to her third 'son' — a small fluffy brown and white Shih Tzu dog. Multiple clips show the dog lying indoors, walking on grass outdoors wearing a harness, being petted and kissed by the woman, riding in a car, and standing on pavement. The recurring text 'And my chinna koduku' reinforces the joke that the dog is treated as her youngest child. The overall tone is affectionate, lighthearted, and celebratory of family, including pets.",hook,True,weak,'我有三个儿子'→镜头切三只猫+配音'老大老二老三报到',my-sons-are-pets-reveal,1,True,,False,,non-us,纱丽+南印度食物+泰米尔语境,False
2026-10-09,pet,79,https://www.instagram.com/reel/DeM-OnISPTp,@neeraj_chhabra21,1800,0,,900.0,0.0,0,,2026-10-07,2,True,"The video alternates between two scenes to create a comedic narrative. First, a heavily muscled, gray and tan American Bully-type dog stands on a dark tiled pat","The video alternates between two scenes to create a comedic narrative. First, a heavily muscled, gray and tan American Bully-type dog stands on a dark tiled patio, looking directly up at the camera with an intense, wrinkled face and wagging tail. Second, a man wearing a bright green plaid shirt and blue jeans is shown clinging to the trunk of a leafy tree, holding onto a branch and looking downward with wide eyes and an open mouth suggesting fear or alarm. The editing implies the man climbed the tree to get away from the dog below. The audio consists of exaggerated dog growling sounds followed by human laughter, reinforcing the lighthearted, prank-like tone. There is no dialogue, text, or depiction of actual contact or harm.",hook,True,none,,tough-dog-intimidation,1,False,恶霸犬威慑梗，猫无此气场,False,,non-us,印度庭院+印度账号名,False
2026-10-09,pet,80,https://www.instagram.com/reel/DeL_D8IIIsL,@dua_verse16,6600,57,,500.0,0.143,1,,2026-10-07,2,True,"This is a fast-paced, AI-generated comedy compilation branded 'PAWS AND LAUGH' featuring several dogs—primarily a large gray American Bully, small Chihuahuas, a","This is a fast-paced, AI-generated comedy compilation branded 'PAWS AND LAUGH' featuring several dogs—primarily a large gray American Bully, small Chihuahuas, and a Pug—dressed in human clothing performing slapstick skits indoors and outdoors. Scenes include a Chihuahua spraying powder on the Bully, a ketchup 'blood' prank in a hallway, a food fight where kibble is dumped on heads, gym sequences with a Chihuahua attempting to lift a barbell and later flexing with digitally added huge muscles while looking in a mirror, a trophy award ceremony, battle rope training, a Pug wearing a gift bow, playing with a toy truck, watching TV and grabbing a remote, a phone jump-scare, a backyard scene where a Chihuahua stands on the Bully's back to confront a Husky over a fence, shoe-related mischief, a cockroach scare, and whipped cream on a sleeping dog. The tone is lighthearted, absurd, and family-friendly slapstick, relying entirely on visual gags and exaggerated canine behavior enhanced by obvious synthetic media effects.",high_cost,False,none,,ai-pet-slapstick,1,False,AI生成假内容，非真实宠物,False,,unknown,英文，无明确地域标记,False
2026-10-09,pet,81,https://www.instagram.com/reel/DeK7MmOtyb3,@amimeparecepodcast,1400,53,,466.7,0.0,0,,2026-10-06,3,True,The video is a clip from a Spanish-language podcast set in a studio with city lights visible at night. Two main hosts sit at a table with microphones and brande,"The video is a clip from a Spanish-language podcast set in a studio with city lights visible at night. Two main hosts sit at a table with microphones and branded mugs; one wears a black shirt and necklace, the other a white t-shirt. The host in black recounts an anecdote about his small, fluffy orange Pomeranian dog, Vidu. He explains he left the dog with a friend for four days while traveling to Formentera, and received a video showing the dog's reaction — sitting atop a bag looking distressed. He describes Vidu as having a unique character, very possessive, and compares him to a 'gremlin' with a teddy-bear face. The story goes viral on TikTok, leading to unexpected opportunities. He mentions Vidu became the face of a major campaign for Dolce & Gabbana, which involved the dog traveling to Milan and earning significant income ('facturó por ahí'). Interspersed are short clips of the Pomeranian looking sad, being held, and inside a leopard-print carrier, plus a photo of the host with two large dogs outdoors. Other podcast guests react with laughter and comments about the dog's potential and personality.",personality,False,none,,podcast-pet-anecdote,1,False,播客口播故事，无宠物实拍,False,,non-us,西班牙语播客,False
2026-10-09,pet,82,https://www.instagram.com/reel/DeRZTQGNRyA,@ahmedhossam,430,7,,430.0,0.0,0,,2026-10-09,0,True,"The video opens on a dark modern front door slightly ajar. A man with curly hair and a beard, wearing a white t-shirt, dark pants, and carrying a black backpack","The video opens on a dark modern front door slightly ajar. A man with curly hair and a beard, wearing a white t-shirt, dark pants, and carrying a black backpack, peeks in and then steps inside, looking around with a smile that quickly turns to shock. The scene cuts to a living room where a large silver-and-white tabby cat is sitting upright on its hind legs at a white marble coffee table. On the table are two green beer bottles and a small bowl of what appears to be nuts. The cat performs a series of human-like gestures—raising a paw to wave, stretching, looking around, and finally giving two thumbs-up with a content expression. Intercut shots show the man reacting with wide-eyed disbelief, rubbing his eyes as if seeing things, pointing, and leaning against the doorframe in astonishment before eventually backing out and closing the door. The audio consists of solo piano music throughout, with no dialogue. The overall tone is comedic and surreal, presenting the impossible image of a cat casually 'hanging out' with drinks as if it were a person.",hook,True,weak,摆拍猫端坐桌前'开party'（用空瓶道具）+主人震惊+配音'你小子背着我开派对？',cat-caught-partying,1,True,,False,,unknown,英文，无明确地域标记,False
2026-10-09,pet,83,https://www.instagram.com/reel/DeEhIpCSnXS,@jojo_jackey17,1900,66,,380.0,0.0,0,,2026-10-04,5,True,"This is a short, humorous social media reel featuring a medium-sized black-and-tan dog with a yellow collar, presented as 'Mumma ka jasus' (Mom's spy). Througho","This is a short, humorous social media reel featuring a medium-sized black-and-tan dog with a yellow collar, presented as 'Mumma ka jasus' (Mom's spy). Throughout the video, the dog is shown sitting indoors, holding a smartphone to its ear with its paw, with its mouth animated to appear as if speaking. On-screen Hindi text reads 'Jhagda bhai behen ka' (Brother-sister fight) and 'Aaj didi ki khabar mein mirchi lagayi ja rahi hai' (Today I'm adding spice to sister's news). An AI-generated male voice narrates a comedic story where the dog reports to 'Mumma' about a fight between siblings over a school project made from paper airplanes, accusing the brother of being 'just a dog,' demanding money back for a watch given at Rakhi, and complaining about stolen ice cream. The dog gleefully offers to hide the watch and make ice cream for Mom, then asks Mom to share his name with the sister. The tone is playful and family-oriented, using the popular trope of a pet tattletale, with warm indoor lighting and casual home backgrounds including a couch and floor with paper planes.",personality,False,weak,猫蹲角落'监听'→配音'报告，铲屎的又偷吃'（普通话版'妈妈的间谍'）,pet-as-family-spy,1,True,,False,,non-us,印地语字幕+AI印地语配音,False
2026-10-09,pet,84,https://www.instagram.com/reel/DeJyxXuP_Ah,@cutie_jenny0123,9800,230,,300.0,0.143,1,,2026-10-06,3,True,"A young woman with long dark hair records a selfie-style video indoors next to a small, fluffy white-and-tan Shih Tzu-type dog lying on a green patterned bedspr","A young woman with long dark hair records a selfie-style video indoors next to a small, fluffy white-and-tan Shih Tzu-type dog lying on a green patterned bedspread. The dog has its hair tied up with small colorful clips. Speaking in Hindi, she addresses the camera and introduces the dog as her 'son' who is six months old, joking about his naughty behavior and tendency to bite angrily, saying one bite would need six injections. The dog is active throughout, looking at the camera, opening its mouth, barking softly, and licking its lips. The background shows vertically striped wall paneling. The tone is affectionate, playful, and casual, typical of a pet-owner social media clip.",personality,False,none,,meet-my-pet-intro,1,False,印地语介绍犬子，无可复制的叙事点,False,,non-us,印地语口播,False
2026-10-09,pet,85,https://www.instagram.com/reel/DeK0E4kDkJ3,@animalleague,5100,140,,300.0,0.143,1,,2026-10-06,3,True,"A medium-sized white dog with brown brindle patches and a blue collar is filmed inside a clean kennel with tiled walls and a raised blue cot. Initially, the dog","A medium-sized white dog with brown brindle patches and a blue collar is filmed inside a clean kennel with tiled walls and a raised blue cot. Initially, the dog lies completely on its back on the cot, belly exposed, paws in the air, looking directly at the camera with a relaxed expression. A yellow chew toy rests beside it. The dog then rolls onto its side and stomach, gets up, and performs a long downward-dog stretch toward the glass door, placing its front paws on the floor outside the cot. It looks up, wags its tail, shakes its head, and finally sits upright facing the camera, maintaining eye contact. The setting includes a metal water bowl mounted on the wall and a cardboard chew item on the floor. The audio is a cheerful, bouncy instrumental track with xylophone-like tones, enhancing the playful, endearing mood of the clip.",news,False,none,,shelter-dog-cute,1,False,收容所犬舍场景，非自家宠物,False,,unknown,英文，无明确地域标记,False
2026-10-09,pet,86,https://www.instagram.com/reel/DeOyVfJxfQZ,@true_utkarsh_099,250,4,,250.0,0.0,0,,2026-10-08,1,True,"A young woman with long brown hair, wearing a cream-colored short-sleeve polo dress, stands in a warmly lit living room with a brown couch and framed posters be","A young woman with long brown hair, wearing a cream-colored short-sleeve polo dress, stands in a warmly lit living room with a brown couch and framed posters behind her. She holds a small dark red object, smiles at the camera, and tosses it aside while making playful gestures. The video repeatedly cuts to a close-up of a white and tabby cat sitting on a gray surface; the cat is digitally edited to have human-like arms and an extremely wide-open mouth, appearing to laugh or yell loudly with its eyes squeezed shut. The woman returns to frame looking confused and slightly annoyed, holding the red object again, before turning away. The tone is comedic and absurd, relying on the juxtaposition of the woman's actions and the exaggerated 'laughing' cat reaction meme.",high_cost,False,none,,cat-human-arms-edit,1,False,需P上手臂+大嘴特效,False,,non-us,印度账号名+印度客厅,False
2026-10-09,pet,87,https://www.instagram.com/reel/DeEnw-rzCGQ,@sandylangdubabukalli,1100,40,,220.0,0.0,0,,2026-10-04,5,True,"This is a short-form social media reel featuring a small black fluffy dog named Sandy (per creator info), presented as a pet influencer. The video follows a pop","This is a short-form social media reel featuring a small black fluffy dog named Sandy (per creator info), presented as a pet influencer. The video follows a popular 'no vs yes' template: scenes of the dog being bathed — water poured from a bucket, soapy head rubs, standing wet — are paired with on-screen text and audio saying 'NO, NO, NO' to show dislike. In contrast, scenes of the dog being petted in a bed, enjoying a car ride with head out the window, wearing a pink hat while sniffing a drink, getting chin scratches, and eating a treat are paired with 'YES' text/audio. The tone is lighthearted, cute, and humorous, playing on common pet-owner experiences. Posted October 4, 2026 by @sandylangdubabukalli, the clip is designed for entertainment and engagement within dog-lover communities, with no harmful content beyond mild, relatable bath-time grumpiness. Culture moment=no vs yes dog meme; significance=Reflects popular anthropomorphic pet humor where owners assign human-like preferences to animals.; origin=Widespread TikTok/Reels trend using voiceover to express pet thoughts",template,True,weak,'NO vs YES'模板：洗澡=NO→晒太阳/开罐头=YES，猫版,no-vs-yes-pet-template,1,True,,False,,non-us,南印度风格账号名,False
2026-10-09,pet,88,https://www.instagram.com/reel/DeH-mk2NXWh,@bentleyandfinnn,3800,74,,200.0,0.143,1,,2026-10-05,4,True,"This is a compilation of home security camera (Furbo) clips featuring English Bulldogs, posted with the caption joking about signing them up for agility class d","This is a compilation of home security camera (Furbo) clips featuring English Bulldogs, posted with the caption joking about signing them up for agility class due to their clumsiness. In the first sequence (timestamped 2024/04/27), a white bulldog repeatedly launches itself off an ottoman toward a standing woman, overshooting and crashing into a white playpen area while a second brown-and-white bulldog watches from the couch. A wider angle shows the same dog landing awkwardly on the floor. In a bedroom scene, a brown bulldog jumps off a bed where two people are lying, flips over mid-air, and lands on its back, rolling on the floor before getting up. The final clip (dated 2024/03/18 21:59:41) shows a brown bulldog attempting to jump onto a couch where a person is sleeping under blankets; it misjudges the distance, lands on the floor, then walks over and climbs up. The overall tone is lighthearted and comedic, emphasizing the dogs' enthusiastic but uncoordinated movements. No injuries, harmful behavior, or inappropriate content is shown.",luck,False,weak,监控视角剪猫的翻车瞬间（打翻东西/滑倒）+配音'报名参加笨蛋大赛',pet-cam-blooper-compilation,1,True,,False,,unknown,英文，无明确地域标记,False
2026-10-09,pet,89,https://www.instagram.com/reel/DeLtwtpzqqk,@_becky_lab_,7500,130,,200.0,0.143,1,,2026-10-07,2,True,"The video is a short, lighthearted compilation centered on a yellow Labrador Retriever. It opens with the dog standing at the top of outdoor concrete stairs, th","The video is a short, lighthearted compilation centered on a yellow Labrador Retriever. It opens with the dog standing at the top of outdoor concrete stairs, then cuts to close-ups indoors and outdoors. The dog is shown panting happily, lying down with a stick in its mouth, wearing a towel over its head, and dressed in a blue plaid shirt. A yellow hibiscus flower is tucked behind its ear in one shot. Throughout, yellow Tamil text appears on screen, delivering a humorous monologue that treats the dog as a mischievous young man ('paiyan') who is universally loved, especially by women on Facebook and Instagram, and warns viewers to be cautious around him. The tone is affectionate and comedic, typical of pet-owner social media content celebrating their animal's personality.",personality,False,none,,pet-monologue-montage,1,False,拉布拉多生活混剪+泰米尔语独白,False,,non-us,泰米尔语字幕,False
2026-10-09,pet,90,https://www.instagram.com/reel/DeEoXj9SAVc,@ranjuallstarking,6100,50,,200.0,0.143,1,,2026-10-04,5,True,"This is a short-form comedy reel posted in October 2026 by Indian creator @ranjuallstarking, captioned 'My Dog'. The video is a three-part visual gag. First, in","This is a short-form comedy reel posted in October 2026 by Indian creator @ranjuallstarking, captioned 'My Dog'. The video is a three-part visual gag. First, inside a room with green walls, a young man with curly hair lies on a woven charpai under a red floral blanket; he slowly sits up and stares at the camera with a neutral then exaggeratedly shocked expression. Second, the scene cuts to a black and tan Doberman sitting upright on a light-colored couch indoors at night; the dog performs a series of expressive faces — opening its mouth, squinting, then widening its eyes dramatically. Third, the video returns to the man, who perfectly mimics the dog's wide-eyed shocked look. The final shot shows a different young man outdoors by a roadside, leaning on a yellow railing and laughing hysterically while holding a phone, suggesting he is reacting to the previous clips. The overall tone is lighthearted and playful, using the popular internet trope of humans imitating pets for humor, with no dialogue beyond the initial groaning sounds and the final laugh.",hook,True,none,,pet-face-filter-gag,2,False,依赖狗脸夸张滤镜,False,,non-us,印度创作者+印地语境,False
2026-10-09,pet,91,https://www.instagram.com/reel/DeKEIOsgdar,@drennondavis,6000,110,,200.0,0.143,1,,2026-10-06,3,True,"A comedic skit filmed from a first-person cat perspective shows an orange tabby cat wearing a white collar and red polka-dot tie acting as HR, confronting anoth","A comedic skit filmed from a first-person cat perspective shows an orange tabby cat wearing a white collar and red polka-dot tie acting as HR, confronting another orange cat named Newt about complaints regarding 'business kisses.' The HR cat explains clients have complained and HR is cracking down, insisting no more kisses are allowed. Despite the warning, Newt repeatedly leans in and kisses the HR cat on the mouth. The HR cat protests, saying 'You gave me a hickey' and 'I have a wife and three children,' and tries to get witnesses named Toad and Frog to confirm what happened. Other cats appear briefly as the kissing continues, with the HR cat exclaiming 'Oh my God, did you see that' and 'They just kissed me right on the lip.' The video uses on-screen text and voiceover to deliver the dialogue, set in a home office environment with photos and a sign reading 'BOYS' visible in the background.",personality,False,strong,给两只猫戴领带：HR猫约谈另一只'上班亲亲'→被亲→配音'我有老婆孩子了！',cats-office-roleplay-skit,1,True,,False,,unknown,英文，无明确地域标记,False
2026-10-09,pet,92,https://www.instagram.com/reel/DeKrpaZTP09,@your_nijar,2800,15,,200.0,0.143,1,,2026-10-06,3,True,The video takes place indoors on a tiled floor near a window with sheer white curtains. A light-colored Siamese-type cat sits facing the window while a person's,"The video takes place indoors on a tiled floor near a window with sheer white curtains. A light-colored Siamese-type cat sits facing the window while a person's hand enters the frame and pets its back. On-screen text reads 'glad he didn't overreact.' After being petted, the cat stands, turns toward the curtain, and launches itself upward, grabbing the sheer fabric with its front paws and hanging suspended for several seconds before letting go and landing back on the floor. In the background, a cat tree and a robotic vacuum are visible. The tone is casual and humorous, playing on the idea of a cat's unpredictable reaction. Culture moment=Chainsaw Man Makima; significance=References popular anime character to add context to pet video.; origin=Japanese manga/anime Chainsaw Man",luck,False,strong,摸猫背→字幕'还好它没反应过度'→猫突然起跳抓窗帘+配音'我没事我很好',pet-overreaction-gag,1,True,,False,,unknown,英文，无明确地域标记,False
2026-10-09,pet,93,https://www.instagram.com/reel/DeQm0zzoVs6,@chutki_1_2,170,0,,170.0,0.0,0,,2026-10-09,0,True,"The video is a short comedic skit that cuts between three main elements. First, a young woman in a beige striped sweater is seen looking at her phone with conce","The video is a short comedic skit that cuts between three main elements. First, a young woman in a beige striped sweater is seen looking at her phone with concern. Second, a man in a blue shirt picks up an orange tabby cat lying on a tiled floor, places it into a black trash bag, and drops the bag into a trash can. Third, the same woman reacts with shock and dismay, holding the black bag and looking upset. Interspersed throughout are close-ups of the orange-and-white cat standing on its hind legs on a couch, meowing loudly with its mouth wide open and waving its paws in an anthropomorphized, 'talking back' manner. The video ends abruptly with a low-resolution clip of a different man in a black jacket laughing hysterically at a table. The overall tone is slapstick and absurd, using the premise of animal disposal and a 'talking' cat for humor.",hook,True,none,,shock-pet-prank-skit,1,False,把猫装进垃圾袋扔垃圾桶，有虐待观感，不做,False,,non-us,印度家居+印度账号名,False
2026-10-09,pet,94,https://www.instagram.com/reel/DeP5nv0PWFs,@maplesyrupandlatte,120,0,,120.0,0.0,0,,2026-10-08,1,True,"The video is shot from a low angle looking up a narrow indoor staircase with dark painted steps and white walls. On-screen text reads, 'just checking to see if ","The video is shot from a low angle looking up a narrow indoor staircase with dark painted steps and white walls. On-screen text reads, 'just checking to see if you've watched all the reels I sent you.' A black and white domestic cat appears at the top of the stairs and walks down toward the camera. As the cat reaches the bottom landing on a wood floor, a person's hand enters the frame holding a clear jar with a black lid containing what appears to be cat treats. The cat sniffs at the jar. The tone is casual and humorous, using the cat as a visual punchline for the relatable social media behavior of sending reels to someone and following up to see if they watched them.",hook,True,strong,楼梯俯拍猫走下来→字幕'来检查你有没有看完我发的reel'→递零食罐+配音'看了就赏你',cat-checks-your-reels,1,True,,False,,unknown,英文，无明确地域标记,False
2026-10-09,pet,95,https://www.instagram.com/reel/DeP7mGiON_C,@chimpusworld,120,3,,120.0,0.0,0,,2026-10-08,1,True,"The video features a black-and-white tuxedo cat with yellow eyes and a pink collar, filmed indoors on gray carpet against a white wall. The cat sits upright loo","The video features a black-and-white tuxedo cat with yellow eyes and a pink collar, filmed indoors on gray carpet against a white wall. The cat sits upright looking at the camera while on-screen text reads 'You send me reel,' then 'I send you reel.' The cat turns its head slightly as the text changes. It then rolls onto its back, looking up at the camera, with text asking 'Do you know what that means?' The final shot shows the cat lying on its back with paws up, surrounded by animated heart emojis, as text states 'That means we are in a Reelationship.' A male voice narrates the same lines throughout. The video is a short, cute pet meme playing on modern dating culture where sharing social media reels implies mutual interest, presented in an innocent, family-friendly style.",template,True,strong,猫翻肚皮→字幕三连'你发我reel/我发你reel/你知道意味着什么吗'→配音'意味着相亲相爱',you-send-me-reel-dialogue,3,True,,False,,unknown,英文，无明确地域标记,True
2026-10-09,pet,96,https://www.instagram.com/reel/DeJ-VGQKr-W,@immatthewdavis,1400,130,,100.0,0.143,1,,2026-10-06,3,True,"A man wearing a white cap, black-rimmed glasses, and a dark polo shirt with a purple logo stands outside a house and speaks to the camera in a selfie-style vide","A man wearing a white cap, black-rimmed glasses, and a dark polo shirt with a purple logo stands outside a house and speaks to the camera in a selfie-style video. He explains that this is footage of his dog's 'out peeing dance,' and jokes that someone should take his computer away. He smiles and laughs while holding a small yellow object. The camera then pans to show a small black-and-white dog standing in mulch next to a green bush on a residential sidewalk, lifting its leg to urinate. After showing the dog, the camera returns to the man, who continues smiling at the camera. The tone is lighthearted and comedic, centered on everyday pet ownership.",personality,False,none,,pet-bathroom-quirk,1,False,狗撒尿舞蹈，猫无此行为,False,,unknown,英文，无明确地域标记,False
2026-10-09,pet,97,https://www.instagram.com/reel/DeGMy2CzNCk,@lilo.le.pom,1300,18,,100.0,0.143,1,,2026-10-05,4,True,"The video opens on a sunny backyard patio with plants, a wooden bench under a vine-covered pergola, and potted greenery. On-screen text reads, 'Show the most ex","The video opens on a sunny backyard patio with plants, a wooden bench under a vine-covered pergola, and potted greenery. On-screen text reads, 'Show the most expensive thing in your house.' The camera pans across the yard toward a sliding glass door. A fluffy cream-colored Pomeranian appears at the door, standing on its hind legs with front paws on the frame, wearing a sunflower collar and looking directly at the camera with its tongue out in a happy expression. The clip ends on a close-up of the dog's face. Set to upbeat instrumental music, the video follows a common social media format where the 'most expensive thing' is humorously revealed to be a beloved pet rather than a material object. The tone is lighthearted, wholesome, and affectionate, posted by the account @lilo.le.pom featuring Lilo the Pomeranian. Culture moment=Show the most expensive thing in your house trend; significance=Trend emphasizes emotional value over material wealth using pets as punchlines.; origin=TikTok/Reels trend popular in 2020s",challenge,True,weak,'展示家里最贵的东西'→镜头给猫+配音'吃得比我好',most-expensive-thing-challenge,1,True,,False,,unknown,英文，无明确地域标记,False
2026-10-09,pet,98,https://www.instagram.com/reel/DeGGmvfu8c9,@joeyvortrox,9400,190,,100.0,0.143,1,,2026-10-05,4,True,"Posted on October 4, 2026 by creator @joeyvortrox (who describes himself as playing Geometry Dash), the short video is a classic reaction meme. The entire clip ","Posted on October 4, 2026 by creator @joeyvortrox (who describes himself as playing Geometry Dash), the short video is a classic reaction meme. The entire clip is framed by the text 'DOGGIE ACTUALLY DID IT.' A young man with curly hair in a green shirt films himself from a low angle, initially smiling up at something off-camera. His expression rapidly escalates into shocked disbelief and then uncontrollable, loud laughter and screaming. The camera briefly whips to a TV screen showing another person (presumably a streamer) also reacting excitedly, confirming a shared live moment. The punchline is revealed when the camera cuts to a black-and-white tuxedo cat sitting on a rug next to a cat toy — the 'doggie' is actually a cat. The video's tone is energetic, goofy, and celebratory, capturing a genuine moment of amusement within gaming/streamer culture without any sexual, violent, or otherwise risky content.",template,True,none,,reaction-meme,1,False,真人反应meme，宠物仅背景,False,,unknown,英文，无明确地域标记,False
2026-10-09,pet,99,https://www.instagram.com/reel/DeQ9rdHRa9p,@fosterkittenxqueen,95,0,,95.0,0.0,0,,2026-10-09,0,True,"The video is a short, cute compilation featuring a young gray tabby kitten. It opens with the kitten lying on its back on a gray blanket, paws up, with on-scree","The video is a short, cute compilation featuring a young gray tabby kitten. It opens with the kitten lying on its back on a gray blanket, paws up, with on-screen text 'You send me reel.' The scene cuts to the kitten climbing under a white piece of furniture with text 'I send you reel.' Next, the kitten sits facing the camera with paws forward, text asks 'Do you know what that means?' Finally, the kitten bites playfully at a person's sock-covered foot on a floral blanket, with text 'That means we are in REELationship' accompanied by heart emojis. A male voice narrates the same lines throughout. The tone is playful and affectionate, using the popular social media trope that mutually sending reels signifies a close bond.",template,True,strong,小猫四连拍：发reel/回reel/什么意思/咬脚丫+配音'意思是今晚陪睡',you-send-me-reel-dialogue,3,True,,False,,unknown,英文，无明确地域标记,True
2026-10-09,pet,100,https://www.instagram.com/reel/DeMEK4Mvih-,@silvia.the.bully_,180,15,,90.0,0.0,0,,2026-10-07,2,True,"The video opens with a close-up of a brown and tan pit bull-type dog lying on a person's lap, wearing large black sunglasses. On-screen text and a male voiceove","The video opens with a close-up of a brown and tan pit bull-type dog lying on a person's lap, wearing large black sunglasses. On-screen text and a male voiceover say, 'I feel pretty sorry for the next guy who looks at me funny,' giving the dog a tough-guy persona. The scene then cuts to a red and black cordless stick vacuum cleaner standing upright against a wall. The same text appears, followed by a second voice asking, 'Hmm, what about that guy?' The camera perspective shifts to a low angle behind the vacuum as it moves forward down a bright, tiled hallway toward the dog, which is now standing in the distance. The dog looks at the approaching vacuum, then turns and walks away. The clip is a short, comedic skit playing on the dog's cool appearance and the absurd idea of it confronting a household appliance.",personality,False,weak,给猫戴墨镜装酷→吸尘器一响秒怂+配音'大哥我错了',tough-pet-vs-vacuum,1,True,,False,,unknown,英文，无明确地域标记,False
