scan_date,niche,rank,url,author,likes,comments,likes_gained_since_last,velocity_per_day,velocity_confidence,days_tracked,first_seen_date,posted_date,recency_days,is_fresh,title,description,mechanic,replicable,niche_fit,angle_idea,format_cluster,spread_count,feasible,feasible_note,saturated,saturation_reason,geo_fit,geo_note,picked_for_tomorrow
2026-10-08,pet,1,https://www.instagram.com/reel/DeNKl0tOChm,@itx_irfan_m,650000,4300,0,650000.0,0.0,0,2026-10-08,2026-10-07,1,True,An AI-generated animated short follows an anthropomorphic Chihuahua dressed as a street shoemaker working on a city sidewalk. A fluffy white Pomeranian in a pink dress brings him her broken pink high ,"An AI-generated animated short follows an anthropomorphic Chihuahua dressed as a street shoemaker working on a city sidewalk. A fluffy white Pomeranian in a pink dress brings him her broken pink high heels; he expertly repairs them and offers her a red rose. She rejects him, takes the shoes, and leaves with a muscular grey Pitbull wearing sunglasses and gold chains, who knocks over the shoemaker's stand. Heartbroken, the Chihuahua is later approached by a large Saint Bernard in a business suit who commissions custom leather shoes. After delivering the shoes, the Saint Bernard rewards him, drives him away in a Rolls-Royce, and installs him as the owner of a luxury shoe store. Now dressed in a green suit, the Chihuahua is seated at a desk when the same couple enters as customers. He calls security—two Bull Terriers in uniform—who escort the couple out and dump them on the sidewalk, leaving the Chihuahua standing triumphantly in the doorway as they sit dejected outside.
Entities products=pink patent leather high heels, brown leather oxford dress shoes, cobbler work outfit, green business suit; places=Pawsh Paws
Humor type=Situational; explanation=The humor comes from the absurd yet relatable underdog narrative played out by hyper-realistic dogs in human roles. The initial setup is funny because a tiny chihuahua dressed as a cobbler performs skilled labor, creating visual incongruity. The emotional beats—romantic rejection with a rose, exaggerated crying, and the sudden reversal ",high_cost,False,none,,ai-pet-story-animation,1,False,纯 AI 生成动画短片，单人无法拍摄、多场景角色一致性半天内做不完（Q1、Q4）,False,,unknown,无明确标记（作者名疑似南亚背景，仅为猜测）,False
2026-10-08,pet,2,https://www.instagram.com/reel/DeJwq3LuDa4,@anwar,610000,3200,0,305000.0,0.0,0,2026-10-08,2026-10-06,2,True,"In a retail space with bright blue walls featuring a large Egyptian-themed mural, a woman in a black tank top and jeans browses clothing with a man in a black t-shirt. Another man enters holding a sma","In a retail space with bright blue walls featuring a large Egyptian-themed mural, a woman in a black tank top and jeans browses clothing with a man in a black t-shirt. Another man enters holding a small white-and-tan puppy wearing a light blue vest. The woman reacts with delight, calling the dog cute and asking its name (""Canelo""). The first man misinterprets the interaction, believing the dog-holder is addressing his girlfriend, and becomes visibly agitated, saying ""that's my girl."" The situation escalates into a loud, comedic argument where the first man insists he was talking to the dog, not the woman. His frustration grows, leading to multiple other men stepping in to physically hold him back as he yells and gestures. The clip ends with the group still restraining him while the dog-holder smiles and talks to the camera, maintaining the lighthearted, skit-like tone throughout.
Entities people=Anwar Jibawi (Post Caption); products=oversized black t-shirt, baseball jersey, tie-dye t-shirt, jeans
Humor type=Situational; explanation=The humor arises from an exaggerated social situation: a man treats a friendly interaction with a dog owner as romantic competition. The setup is ordinary—woman admires puppy—but the payoff is the boyfriend's absurd possessiveness, insisting 'I'm talking to the dog,' which flips expectations. The escalation to multiple friends physically restraining him while he continues shouting at the dog amplifies the absurdity. Viewers recognize the trope of p",template,True,weak,,comedy-misunderstanding-skit,1,False,需多名演员配合演冲突戏，单人拍不了（Q1）,False,,us-likely,英语对白+美式即兴短剧风格（弱标记）,False
2026-10-08,pet,3,https://www.instagram.com/reel/DeNnDIeMEbj,@knight_thepit,220000,1400,0,220000.0,0.0,0,2026-10-08,2026-10-08,0,True,"The video features a brown and white pit bull-type dog in a home setting. Initially, a person's hands hold the dog's face as on-screen text reads, 'Hiii Do you want to see my banana costume?' The dog ","The video features a brown and white pit bull-type dog in a home setting. Initially, a person's hands hold the dog's face as on-screen text reads, 'Hiii Do you want to see my banana costume?' The dog looks at the camera with expressive eyes. The scene shifts to the dog lying down under a blanket, with text saying, 'Wait do you really?? I'll go get it!' Finally, the dog stands on a couch wearing a full yellow banana costume with a hood and stem, smiling with its mouth open. Text appears: 'Here it is! Do you like it? 🥺' The background shows a living room with a TV playing a baseball game. The video is a cute, comedic pet clip designed to showcase the dog in a funny costume.
Entities products=banana dog costume
Humor type=Situational; explanation=The humor comes from anthropomorphizing the dog with human-like dialogue and social awareness. The setup creates an expectation that the dog understands the question about a banana costume, then delivers a payoff when the dog proudly returns already dressed, looking directly at the camera with a happy expression as if seeking validation. This bait-and-switch between the dog's supposed hesitation ('Wait do you really??') and immediate eagerness ('I'll go get it!') mirrors common human social interactions, making the scenario relatable and endearing. The visual contrast of a muscular pit bull in a silly, bright yellow banana suit amplifies the comedy through incongruity, while the pleading emoji in 'Do you like it?' reinforces the playful",template,True,strong,捧着猫脸问'要不要看我的香蕉装'→切猫穿香蕉装站沙发上+字幕'怎么样🥺',pet-costume-reveal,1,False,猫不一定配合穿全身香蕉装（Q2 宠物配合度）,False,,unknown,室内场景，电视棒球为弱标记,False
2026-10-08,pet,4,https://www.instagram.com/reel/DeMPWMaz-Cp,@nitishkumarreddy,210000,250,0,210000.0,0.0,0,2026-10-08,2026-10-07,1,True,"The video takes place in a spacious, modern living room with wood flooring, large glass windows overlooking a pool, and contemporary furniture including a blue sectional sofa and colorful patterned ch","The video takes place in a spacious, modern living room with wood flooring, large glass windows overlooking a pool, and contemporary furniture including a blue sectional sofa and colorful patterned chairs. A large, curly-haired reddish-brown dog (resembling a Goldendoodle or Labradoodle) is the central focus, running energetically around the room. A man with dark hair and a beard, wearing a white t-shirt and dark pants, plays with the dog—chasing it, bending down to engage, and encouraging its movement. A woman dressed in an orange traditional outfit sits on the blue sofa, smiling and observing while holding a phone. At one point, the dog investigates an open black bag on the floor, pulls out a small tube with a yellow label, and carries it in its mouth before dropping it for the man to retrieve, leading to more playful interaction. The dog later jumps up onto the sofa to sit beside the woman, who pets it affectionately. The atmosphere is casual, joyful, and domestic, capturing a typical playful moment between a pet and its owners at home.
Entities people=Nitish Kumar Reddy (Author Name); products=sunscreen tube
Humor type=Situational; explanation=The humor comes from the relatable and exaggerated mischief of a large dog acting like a child. Zoro bursts into frame with energy, raids a gym bag, pulls out a sunscreen tube, and refuses to give it up while the owner chases him around the spacious living room. The contrast between the dog's serious determination and the owner's pl",luck,False,weak,,pet-play-zoomies,1,True,,False,,non-us,作者名 Nitish Kumar Reddy+印度传统服饰，疑似印度家庭,False
2026-10-08,pet,5,https://www.instagram.com/reel/DeCnFUjRvi9,@imbluethesiberian,790000,7000,0,158000.0,0.0,0,2026-10-08,2026-10-03,5,True,"The video opens with a woman sitting on front steps hugging a large, calm golden retriever, with on-screen text stating 'The golden retriever that made us want a second.' It then cuts to a montage lab","The video opens with a woman sitting on front steps hugging a large, calm golden retriever, with on-screen text stating 'The golden retriever that made us want a second.' It then cuts to a montage labeled 'The second,' showcasing a second, much younger and more energetic golden retriever causing various forms of household chaos. Clips show the dog knocking over a television while a man tries to hold it, jumping into a swimming pool onto people on an inflatable, toppling a decorated Christmas tree, getting completely covered in mud, pulling a man's shorts down by the pool, lying on a patio lounge chair, playfully tackling and biting a man indoors, and running away with a white pillow in its mouth across a lawn while the man chases it. The tone is lighthearted and comedic, contrasting the well-behaved first dog with the mischievous second, set to loud, profanity-filled music.
Humor type=Situational; explanation=The humor comes from the stark situational contrast between expectation and reality. The opening establishes the first golden retriever as an ideal, cuddly companion who inspires the family to get another dog. The subsequent rapid-fire montage labeled 'The second' subverts that expectation by showing the new dog engaging in classic puppy mischief: toppling furniture, leaping into a pool uninvited, demolishing a Christmas tree, rolling in mud, stealing clothing, and aggressively wrestling with the owner. This relatable pet-owner experience—where the second animal is far m",template,True,weak,,two-pet-contrast-montage,1,True,,False,,unknown,无明确地理标记,False
2026-10-08,pet,6,https://www.instagram.com/reel/DeNuBc4RjN4,@9gag,130000,530,0,130000.0,0.0,0,2026-10-08,2026-10-08,0,True,"A fluffy black cat is lying on its back, fast asleep on a dark gray cushioned surface, with its paws curled up. A woman's voice off-camera recites a list of foods one by one, each appearing as on-scre","A fluffy black cat is lying on its back, fast asleep on a dark gray cushioned surface, with its paws curled up. A woman's voice off-camera recites a list of foods one by one, each appearing as on-screen text with an emoji: 'Broccoli 🥦', 'Apples 🍎', 'Pears 🍐', 'Bananas 🍌', 'Carrots 🥕'. The cat remains completely still and uninterested throughout. When the voice says 'Chicken 🍗', the cat instantly stirs, rolls slightly, opens its bright green-yellow eyes, and looks up attentively toward the camera. The clip ends with the cat awake and alert after hearing the word chicken, delivering a simple, humorous contrast between ignoring vegetables/fruit and reacting to meat.
Humor type=Situational; explanation=The humor comes from expectation versus reality: the viewer expects the cat to ignore all words, but the cat remains asleep through vegetables and fruits, then instantly perks up at 'chicken'. This plays on the common stereotype that cats are motivated primarily by meat, creating a relatable punchline for pet owners. The deadpan delivery of the list builds anticipation, and the cat's wide-eyed reaction serves as the visual payoff. It is situational because the comedy arises from the ordinary context of naming foods rather than a joke setup, relying on audience knowledge of typical cat behavior.",template,True,strong,猫仰卧睡着→依次念'西兰花、苹果、香蕉'无反应→念'罐头'瞬间睁眼+配音'谁说罐头',food-word-reaction-test,1,True,,False,,unknown,无明确标记（9gag 搬运号）,False
2026-10-08,pet,7,https://www.instagram.com/reel/DeIWRzQPYDo,@mr.shearhod,340000,830,0,113333.3,0.0,0,2026-10-08,2026-10-05,3,True,"A heavily tattooed man with bleached spiky blonde hair, wearing a black tank top and necklaces, speaks directly to the camera from inside a home kitchen area. On-screen text reads 'You're gonna break ","A heavily tattooed man with bleached spiky blonde hair, wearing a black tank top and necklaces, speaks directly to the camera from inside a home kitchen area. On-screen text reads 'You're gonna break into my house?' as he delivers the line with an exaggerated, challenging expression, then follows with 'Good luck.' The video cuts to a tiny brown Chihuahua puppy walking across a wood floor toward the camera, with the same 'Good luck.' text remaining. The man then picks up the puppy, holds it close to show its small teeth, cradles it in his hands, and later lies back while the puppy stands on his stomach. The entire clip is a comedic setup contrasting the aggressive wording with the presentation of an extremely small dog as his supposed home defense.
Entities people=Christian Shearhod (Author Name)
Humor type=Situational; explanation=The humor comes from situational irony and expectation violation. The viewer sees a man with extensive tattoos, piercings, and an aggressive demeanor who appears physically intimidating, which sets up an expectation of a formidable guard animal. The punchline is the reveal of a very small, fragile-looking Chihuahua, a breed culturally known for being yappy rather than protective. The repeated text 'Good luck.' reinforces the sarcasm, implying any intruder would have nothing to fear from the dog, making the man's bravado absurd. This plays on common internet tropes where small dogs are ironically labeled as guard dogs, creating relatability for pet o",hook,True,weak,,tough-talk-tiny-dog,1,True,,False,,unknown,无明确标记,False
2026-10-08,pet,8,https://www.instagram.com/reel/DeCPu_6xDp0,@weratedogs,490000,990,0,98000.0,0.0,0,2026-10-08,2026-10-03,5,True,"In a brightly lit living room with a tan leather couch, a man in a white t-shirt and dark pants kneels on a light carpet facing a small, fluffy, cream-colored dog. On-screen text reads 'he sneezes lik","In a brightly lit living room with a tan leather couch, a man in a white t-shirt and dark pants kneels on a light carpet facing a small, fluffy, cream-colored dog. On-screen text reads 'he sneezes like a cartoon character.' The dog sits attentively, tilts its head back, and lets out a series of loud, sharp, cartoon-like sneezes. The man watches closely, smiling and laughing at the sound. After several sneezes, the dog shakes its head, gets up, and trots around while wagging its tail as the man rises from his knees. The tone is playful and affectionate, capturing a cute, humorous moment between owner and pet.
Humor type=Situational; explanation=The humor arises from the unexpected anthropomorphism of the dog's sneeze. Viewers expect a normal dog sneeze, but the dog produces a series of loud, drawn-out, high-pitched sneezes that sound artificially exaggerated, like classic cartoon characters such as Goofy or Donald Duck. The on-screen text primes this expectation, and the man's patient interaction—getting down to the dog's level and waiting for the 'real' sneeze—heightens the comedic timing. The dog's earnest sitting posture while making the sound creates a contrast between its small, innocent appearance and the big, silly noise, which is inherently funny without any dialogue or punchline.",luck,False,none,,pet-funny-sound,1,True,,False,,unknown,无明确标记,False
2026-10-08,pet,9,https://www.instagram.com/reel/DeIJRjWoNgt,@gustavoribeiro,270000,640,0,90000.0,0.0,0,2026-10-08,2026-10-05,3,True,"The video takes place at a sunny outdoor concrete skatepark surrounded by trees and graffiti-covered ramps. A man wearing a black t-shirt, dark shorts, black socks, sneakers, and a Red Bull cap is ska","The video takes place at a sunny outdoor concrete skatepark surrounded by trees and graffiti-covered ramps. A man wearing a black t-shirt, dark shorts, black socks, sneakers, and a Red Bull cap is skateboarding while a small brown dog runs closely behind him. On-screen text reads 'POV: your dog is your cameraman,' indicating the camera is positioned low to the ground to simulate the dog's point of view, resulting in shaky, dynamic footage. The skater approaches a ledge, grinds along it, jumps off, and continues riding. The camera captures his movements from behind and then switches to a low front-facing angle showing him performing an ollie over the ledge. He lands smoothly, rides toward the camera, smiles, and reaches down toward the lens. The overall tone is playful, wholesome, and skill-focused, highlighting the bond between the skater and his dog.
Entities people=Gustavo Ribeiro (Author Name); products=skateboard, low-top sneaker, baseball cap
Humor type=Situational; explanation=The humor comes from the situational irony of assigning a human role—cameraman—to a small dog who cannot operate a camera. The video leans into this by showing the dog trotting behind the skater, resulting in a low, bouncy, ground-level perspective that mimics a poorly held phone. Viewers recognize the familiar pet-owner dynamic where animals inadvertently participate in human activities, and the contrast between skilled skateboarding and the dog's earnest but clumsy 'filming' creates amusement. T",template,True,none,,pet-pov-camera,1,False,需滑板技能+狗配合跟拍，单人无法完成（Q1、Q2）,False,,unknown,无明确标记,False
2026-10-08,pet,10,https://www.instagram.com/reel/DeLDG4GMICy,@charliesangelll,84000,4400,0,84000.0,0.0,0,2026-10-08,2026-10-07,1,True,"In a home kitchen, a large fluffy white Maine Coon cat lies on a granite countertop with one paw dangling over the edge, looking calm and unimpressed. A person with braided hair leans in very close to","In a home kitchen, a large fluffy white Maine Coon cat lies on a granite countertop with one paw dangling over the edge, looking calm and unimpressed. A person with braided hair leans in very close to the cat's face and delivers an animated, profanity-filled scolding, accusing the cat of getting into shrimp ('you all up here in the shrimps and shit') and reminding it that it has already eaten. The speaker uses strong language including 'fuck' and 'nigga' multiple times while questioning the cat ('Huh? Leo. Huh?'). The cat maintains eye contact, occasionally blinking and turning its head slightly, showing no distress. Background items include a water dispenser, dish soap, and a red container labeled 'SHRIMP.' The overall tone is comedic confrontation between owner and pet, relying on the contrast between the person's aggressive delivery and the cat's stoic demeanor.
Entities products=frozen shrimp package
Humor type=Situational; explanation=The humor comes from the contrast between the human's intense, profanity-laden scolding and the cat's completely unbothered, regal demeanor. The cat lies sprawled on the counter with one paw dangling, maintaining eye contact without moving, which anthropomorphizes it as defiant. This is a common relatable pet-owner trope where animals ignore rules, amplified by the speaker treating the cat like a misbehaving person who 'already ate' the shrimp. The situation is funny because viewers recognize the futility of arguing with a cat, and the cat'",template,True,strong,猫蹲厨房台面偷闻食物→怼脸质问'好吃吗？你不是吃过饭了'→猫面无表情眨眼,scolding-pet-rant,1,True,,False,,unknown,无明确标记,False
2026-10-08,pet,11,https://www.instagram.com/reel/DeMOiRkMUHN,@realxdogs,60000,13,0,60000.0,0.0,0,2026-10-08,2026-10-07,1,True,This is a fast-paced compilation video showcasing multiple dogs displaying noticeably different behaviors toward their 'mom' versus 'dad' (or boyfriend). Clips include a large Alaskan Malamute relaxin,"This is a fast-paced compilation video showcasing multiple dogs displaying noticeably different behaviors toward their 'mom' versus 'dad' (or boyfriend). Clips include a large Alaskan Malamute relaxing with a woman but becoming alert with a man; a Chihuahua calmly cuddling with a woman in a car but squirming and mouthing playfully with a man labeled 'MOM vs DAD'; a German Shepherd mix wildly wagging its tail for a boyfriend's arrival but looking dejected when the owner ('spare human') comes home; a small white Chihuahua refusing pets from a man but accepting them from a woman; a pit bull-type dog roughhousing with a boyfriend but approaching the owner gently; a Golden Retriever giving a judgmental stare when told to 'go tell dad'; a Doberman happily receiving pets from a woman but turning away from a man; another Golden Retriever growling at a tattooed man's hand but accepting a woman's touch; and an English Bulldog lying still under 'Dad vs. Mom.' On-screen text reinforces the theme of parental favoritism. The overall tone is comedic and relatable for pet owners, with no harmful content.
Humor type=Situational; explanation=The humor comes from the universally recognized situation where family pets form a clear favorite, often the mother figure who provides more cuddles and treats. Each clip sets up an expectation of equal love, then subverts it by showing the dog melting into mom's arms while giving dad a flat stare, walking away, or playfully biting him. The text overlays l",template,True,weak,,mom-vs-dad-compilation,1,True,,False,,unknown,无明确标记,False
2026-10-08,pet,12,https://www.instagram.com/reel/DeND-bHCDae,@ladbibleireland,56000,970,0,56000.0,0.0,0,2026-10-08,2026-10-07,1,True,"A close-up video shows a calico cat with white, brown, and orange fur lying on a bed covered with blankets. In the background, a dresser holds numerous colorful plush toys. A person's hand enters the ","A close-up video shows a calico cat with white, brown, and orange fur lying on a bed covered with blankets. In the background, a dresser holds numerous colorful plush toys. A person's hand enters the frame and begins petting the cat on its back near its hindquarters—the area the on-screen text notes the cat ""just cleaned."" The cat initially tolerates it with half-closed eyes, then opens its eyes wide and stares directly at the camera with an annoyed, resigned expression. After continued petting, the cat fully gives up, rolling onto its side and exposing its belly while looking away. The video is branded with ""LAD BIBLE IRELAND"" and includes humorous captions emphasizing the cat's surrender. The tone is light, comedic, and relatable for pet owners, with no dialogue, only ambient room sound.
Humor type=Situational; explanation=The humor comes from the universal pet-owner experience of touching a cat in an awkward spot right after it has groomed itself. The on-screen text sets up the premise ('petting my cat in the place they just cleaned'), and the cat's escalating facial expressions—from tolerant to wide-eyed annoyance to fully giving up and flopping over—deliver the payoff. Viewers recognize the cat's silent protest as relatable, turning a mundane interaction into comedy through anthropomorphism and timing rather than dialogue or slapstick.",luck,False,weak,,annoyed-cat-reaction,1,True,,False,,non-us,LADbible Ireland 品牌,False
2026-10-08,pet,13,https://www.instagram.com/reel/DeC07QGyJAU,@alo_torres94,220000,610,0,44000.0,0.0,0,2026-10-08,2026-10-03,5,True,"In a dimly lit living room, a woman lies on a brown sectional couch covered by a white fluffy blanket, smiling and laughing. On-screen Spanish text sets up a joke about people saying her dog is just a","In a dimly lit living room, a woman lies on a brown sectional couch covered by a white fluffy blanket, smiling and laughing. On-screen Spanish text sets up a joke about people saying her dog is just a 'perra' (female dog) and not her 'bebé' (baby), and she offers 'evidence.' A younger girl in a blue shirt approaches the couch, lifts the blanket, and reveals a large gray pit bull-type dog underneath. The girl then plays with the dog, lifting it slightly while the woman continues to laugh from the couch. The background audio is a Spanish-language romantic ballad sung by a male vocalist. The overall tone is warm, humorous, and affectionate, centered on the bond between owner and pet.
Humor type=Situational; explanation=The humor comes from the expectation-reversal setup. Viewers are primed by the text to think about a human baby, reinforced by the woman lying down covered like a pregnant person. The child's action of pulling the blanket creates anticipation, and the reveal of a large gray dog instead of an infant delivers the punchline. It taps into the widely recognized 'dog mom' culture where owners refer to pets as their babies, making the joke instantly relatable to pet parents. The woman's genuine laughter and the dog's calm emergence add warmth, turning a simple domestic scene into a shared cultural in-joke about overprotective pet parenting.",template,True,weak,,fake-baby-reveal,1,True,,False,,non-us,西班牙语旁白+浪漫巴拉德（拉美背景）,False
2026-10-08,pet,14,https://www.instagram.com/reel/DeKWKcAxVtL,@ronniesunami,84000,600,0,42000.0,0.0,0,2026-10-08,2026-10-06,2,True,A single creator performs a two-character comedy sketch titled 'Dogs when you sell their puppies:' set in a living room. He alternates between playing a casual seller sitting on a couch in a white t-s,"A single creator performs a two-character comedy sketch titled 'Dogs when you sell their puppies:' set in a living room. He alternates between playing a casual seller sitting on a couch in a white t-shirt and light pants, counting cash and wearing round glasses, and playing the aggrieved 'dog' standing up in a purple hoodie with brown dog-ear headband. The dog discovers his puppies were sold to a stranger for money and reacts with disbelief, hurt, and escalating anger, comparing the act to selling human children. The seller tries to justify it as normal and offers to buy treats with the money, which further enrages the dog, who threatens to bite him and demands his puppies back. The performance relies on rapid cuts, exaggerated facial expressions, wide eyes, shouting, and physical comedy to portray the dog's parental outrage over the commercial sale of his offspring.
Entities products=US dollar bills, round eyeglasses, dog ear headband
Humor type=Situational; explanation=The humor comes from placing a human social transaction—selling children for cash—into a dog's perspective, which is absurd because dogs cannot speak or conduct sales. The creator heightens this by playing both sides: the oblivious buyer treating it as a joke, and the dog mother shifting from confusion to outrage, mirroring how pet owners project parental emotions onto animals. The repeated line 'why people sell puppies all the time?' followed by 'what if I sold your kids?' creates a bait-and-switch where the",template,True,none,,two-character-pet-skit,1,True,,False,,unknown,无明确标记,False
2026-10-08,pet,15,https://www.instagram.com/reel/DeKhDspzCzT,@yonick____029,81000,140,0,40500.0,0.0,0,2026-10-08,2026-10-06,2,True,"The video takes place in a paved residential courtyard with a metal gate and white wall. A young woman with long dark hair, wearing a brown graphic t-shirt and dark shorts, enters barefoot. On-screen ","The video takes place in a paved residential courtyard with a metal gate and white wall. A young woman with long dark hair, wearing a brown graphic t-shirt and dark shorts, enters barefoot. On-screen text reads 'Shorts me bahar jaa rahi hoon mera weapon reh gya,' setting up a joke about needing a 'weapon' for protection. She walks toward the gate, pauses, and returns inside. The scene shifts to black-and-white with a skull emoji as a large German Shepherd wearing a red bandana appears. The woman re-enters wearing flip-flops and playfully teases the dog, running back and forth, laughing, and dodging it. The dog remains calm, carrying a slipper in its mouth and following her without aggression. Text 'BTS' appears briefly, indicating behind-the-scenes footage. Later, text 'Tere se nhi ho payega' (You won't be able to do it) appears over the dog standing alone. The overall tone is lighthearted, comedic, and affectionate, showing a playful owner-pet dynamic.
Entities people=nikita vaishnav (Author Name); products=brown graphic t-shirt, black shorts, flip-flops
Humor type=Situational; explanation=The humor comes from the setup-expectation mismatch. The on-screen text frames the dog as a dangerous 'weapon' she needs when leaving the house in shorts, implying vulnerability. The video then shows the opposite: the large German Shepherd is not aggressive but playful, and she is the one fleeing in mock fear. The repeated running, exaggerated reactions, and the 'BTS' label reveal it as st",personality,False,none,,guard-dog-weapon-gag,1,True,,False,,non-us,印地语字幕+印度庭院,False
2026-10-08,pet,16,https://www.instagram.com/reel/DeKU8LiAomP,@girlandadoodle,79000,270,0,39500.0,0.0,0,2026-10-08,2026-10-06,2,True,The video opens with on-screen text 'POV: A dog mom's love language' showing a blonde woman sleeping in bed in light purple pajamas. She wakes up as her fluffy apricot-colored poodle-type dog looks on,"The video opens with on-screen text 'POV: A dog mom's love language' showing a blonde woman sleeping in bed in light purple pajamas. She wakes up as her fluffy apricot-colored poodle-type dog looks on. Her male partner (voice heard off-camera) tells her to stay in bed while he takes the dog out. She gets up, goes to the kitchen holding a mug, and asks where they were; he replies he took the dog to the park for an hour. When she notes the dog needs a bath, he offers to handle it, handing her a bottle and towel while she sits on the couch. He also mentions he made 'dinner reservations' for the dog at a dog-friendly restaurant. She reacts with surprise and affection, cuddling the dog on the couch and saying 'I love you.' The skit portrays the partner's caregiving for the pet as the ultimate expression of love for the dog owner.
Entities products=ceramic mug with cherry pattern, oversized hoodie, pajama set, TV remote control
Humor type=Situational; explanation=The comedy arises from the expectation-reversal of a romantic relationship: the woman wakes up expecting care for herself, but lights up only when her partner cares for the dog. Each act of service—letting the dog out, offering a bath, making dinner reservations—is directed at the pet named Oliver, not her, and she responds with increasing delight ('that is so sweet,' 'I love you'). This situational irony plays on the common social-media trope of 'dog mom' identity, where pets are treated like children, making the partner'",template,True,none,,pet-love-language-skit,1,True,,False,,us-likely,英语+狗友好餐厅文化（弱标记）,False
2026-10-08,pet,17,https://www.instagram.com/reel/DeFOkwwRJcz,@imbluethesiberian,150000,2600,0,37500.0,0.0,0,2026-10-08,2026-10-04,4,True,"A man in a white jacket, dark pants, and a white cap performs a repeated social media-style experiment at his front door, titled 'Leaving my dogs behind to get their reaction.' He interacts affectiona","A man in a white jacket, dark pants, and a white cap performs a repeated social media-style experiment at his front door, titled 'Leaving my dogs behind to get their reaction.' He interacts affectionately with several dogs individually — identified by on-screen names as Blue, Titan, Maverick, Goose, and Bauer — before stepping outside and closing the door. Each dog reacts differently: the husky-type dogs (Blue/Titan) appear confused, then indignant, standing on hind legs to paw at the door and looking through the side window, with captions suggesting thoughts like 'that was rude' and 'I will break out.' The golden retrievers (Maverick, Goose, Bauer) show more dejected or anxious reactions, pacing, whining, lying down by the door with captions like 'you forgot me,' 'plz come back,' and 'need emotional support right now.' One golden retrieves a yellow duck toy for company and stands guard. The video ends with an exterior shot showing the man walking the dog on a leash along a suburban sidewalk lined with palm trees.
Entities people=Corey Moriarty (Author Name); products=dog leash, plush duck toy
Humor type=Situational; explanation=The humor comes from situational irony and anthropomorphism rather than punchlines. Viewers expect dogs to be sad, but each displays a distinct personality: Blue the husky acts indignant and tries to open the door himself, labeled 'stoopid human'; Titan is confused and demanding; Maverick is resigned and patiently waits; Goose seeks emotional support ",template,True,strong,对三只猫逐个说'我走了'→关门→猫扒门/瘫着不动+配音内心独白'开门''没了我谁开罐头',fake-leaving-reaction-test,1,True,,False,,unknown,无明确标记,False
2026-10-08,pet,18,https://www.instagram.com/reel/DeMiu0XulM9,@aguyandagoldenn,35000,860,0,35000.0,0.0,0,2026-10-08,2026-10-07,1,True,"The video depicts a staged, comedic 'command center' built for two dogs. A golden retriever sits at a desk with a laptop and headset under a sign reading 'SQUIRREL COMMAND TRACKING CENTER,' while a sm","The video depicts a staged, comedic 'command center' built for two dogs. A golden retriever sits at a desk with a laptop and headset under a sign reading 'SQUIRREL COMMAND TRACKING CENTER,' while a smaller scruffy dog also wears a headset below. Multiple monitors show backyard security cameras. On-screen text establishes the location and time as '19:30 HOURS.' The dogs are searching for a missing dog named 'Ruby,' whose photo appears on screens labeled 'STILL MISSING' and 'PRIME SUSPECT.' An alarm triggers when cameras detect a person in a Michael Myers mask in the yard. The dogs react with alert expressions and barks. The intruder is seen approaching the house, appearing on a doorbell cam inside, and finally entering through a dog door, where his mask falls off onto the floor. The golden retriever looks directly at the camera at the end. The tone is playful and cinematic, mimicking a military surveillance operation with pets.",high_cost,False,none,,pet-command-center-cinema,1,False,需布置指挥中心布景+入侵者演员，单人拍不了（Q1、Q3）,False,,unknown,无明确标记,False
2026-10-08,pet,19,https://www.instagram.com/reel/DeHnGByxNPw,@weratedogs,100000,610,0,33333.3,0.0,0,2026-10-08,2026-10-05,3,True,"A man with curly hair and a beard, dressed in a black judge's robe and holding a gavel, presides over 'Puppy Court.' He reviews video evidence of several dogs' alleged offenses. First, Fudge is shown ","A man with curly hair and a beard, dressed in a black judge's robe and holding a gavel, presides over 'Puppy Court.' He reviews video evidence of several dogs' alleged offenses. First, Fudge is shown howling loudly outdoors and is found guilty of violating a noise ordinance. Next, Buddy is seen walking down carpeted stairs; the judge rules the behavior is concerning but not illegal. Then, Moose, a golden retriever, is caught on Ring doorbell footage repeatedly pressing the doorbell at various times of day — 'ding dong ditching' — and is found guilty. The fourth case involves Roki, who peed on the bride's dress during a rooftop wedding with a city skyline; despite initial guilt, the judge declares him innocent because it was his first offense. Fifth, Sparky is filmed jumping over a baby gate at the top of stairs and is found guilty of breaching containment. Finally, Jango and his brother Lloyd are shown on a couch disputing over a green toy; the judge wishes them patience and peace rather than issuing a ruling. The tone throughout is playful and satirical, treating everyday dog behavior as courtroom drama.",template,True,strong,扮法官敲杯子→回放猫打翻水杯的监控→判'破坏财物罪成立，罚没收罐头',pet-court-trial,1,True,,False,,unknown,无明确标记,False
2026-10-08,pet,20,https://www.instagram.com/reel/DeGZZwCi1ve,@simbabadmaash,98000,750,0,32666.7,0.0,0,2026-10-08,2026-10-05,3,True,"This is a short, wholesome social media video featuring a fluffy golden retriever named Simba from Ludhiana, Punjab. It opens in black-and-white with the dog standing on its hind legs on a balcony rai","This is a short, wholesome social media video featuring a fluffy golden retriever named Simba from Ludhiana, Punjab. It opens in black-and-white with the dog standing on its hind legs on a balcony railing, head tilted back howling at the sky. The scene shifts to color, showing the same dog sitting attentively on a checkered tile floor, panting with a happy open mouth, then walking confidently toward the camera across a wood-patterned rooftop terrace, tail wagging and occasionally licking its nose. The final sequence shows the dog sitting calmly on dark stone stairs, looking off-camera with a gentle expression. Throughout, an upbeat Hindi/Punjabi folk-style song with female vocals plays. The caption 'Chalray Chalray waal' references the song. The overall tone is affectionate and lighthearted, presenting the dog as a beloved family pet with no risky, controversial, or mature content.",personality,False,none,,pet-portrait-montage,1,True,,False,,non-us,印度旁遮普 Ludhiana+印地语民歌,False
2026-10-08,pet,21,https://www.instagram.com/reel/DeOc4ZEsVSj,@arun_sunny_actor,30000,64,0,30000.0,0.0,0,2026-10-08,2026-10-08,0,True,"In an outdoor setting at dusk on a paved ramp, a bald man in a patterned black-and-white shirt and blue shorts holds a small white and brown dog wearing a red bandana. A woman with long dark hair in a","In an outdoor setting at dusk on a paved ramp, a bald man in a patterned black-and-white shirt and blue shorts holds a small white and brown dog wearing a red bandana. A woman with long dark hair in a ponytail, wearing a white floral crop top and matching pants with green sneakers, stands beside him. On-screen text reads ""Mission successfull 🐶🙈"". The two interact warmly; the woman smiles, talks, and playfully touches the man's chin while he smiles back at her and the dog. Later, emoji stickers (wide-eyed face over the man, see-no-evil monkey over the woman) appear above their heads as she continues to engage with him. The overall tone is cheerful, affectionate, and focused on the successful presentation of the dog.
Entities people=Arun Sunny (Author Name); products=small dog with red bandana, patterned short-sleeve shirt, denim shorts, floral two-piece set, green and white sneakers
Humor type=Situational; explanation=The humor comes from the absurd setup implied by 'Mission successful' paired with a man earnestly holding a dog in a tiny red hat, and the woman's exaggerated reaction of touching his face as if surprised. The contrast between the serious caption and the silly visual creates a relatable, low-stakes comedy moment typical of friend-based social media skits. There is no punchline dialogue; the joke relies on visual incongruity and shared understanding that dressing pets is a common playful activity.",personality,False,none,,couple-pet-vlog,1,True,,False,,non-us,作者名 Arun Sunny（南亚背景，弱标记）,False
2026-10-08,pet,22,https://www.instagram.com/reel/DeMgNAVKwJD,@ringodanyan,24000,67,0,24000.0,0.0,0,2026-10-08,2026-10-07,1,True,"The video is shot from a first-person perspective looking at a person sitting cross-legged on a wooden floor in a home setting. The person, wearing a black t-shirt and black pants, holds a small orang","The video is shot from a first-person perspective looking at a person sitting cross-legged on a wooden floor in a home setting. The person, wearing a black t-shirt and black pants, holds a small orange treat packet. On-screen text reads 'POV: you fake throwing the treat to your cat (No Ai Version)'. A brown tabby cat sits facing the person. The person opens the packet, takes out a treat, and makes a throwing motion toward the cat while actually concealing the treat behind their back. After the fake throw, the person lifts the cat up with both hands, holding it upright facing the camera. The cat has large, wide green eyes and looks directly at the viewer with an alert, slightly bewildered expression. The clip ends with the cat being held up, emphasizing its reaction to being tricked. The overall tone is cute, comedic, and relatable for pet owners.
Entities products=cat treat packet
Humor type=Situational; explanation=The humor comes from the relatable pet-owner dynamic where humans playfully deceive animals. The text establishes expectation ('you fake throwing'), the visual shows the motion without release, and the payoff is the cat being lifted into frame with exaggeratedly large, unblinking eyes staring directly at camera. This anthropomorphizes the cat as feeling betrayed, which is a common internet trope. The caption 'Nice try. Now give me the treat' reinforces the cat's imagined internal monologue, turning a simple action into a mini-narrative of trickster vs. victim. No ",template,True,strong,假装扔零食→猫扑空→抱起猫怼脸+配音'你骗我？信任的小船说翻就翻',fake-treat-throw,1,True,,False,,unknown,无明确标记,False
2026-10-08,pet,23,https://www.instagram.com/reel/DeM5XuPxIBI,@grumpybarbara,23000,380,0,23000.0,0.0,0,2026-10-08,2026-10-07,1,True,"The video captures a large tabby cat with wet, matted fur standing fully upright on its hind legs inside a doorway behind a white-framed screen door. The cat faces outward toward the camera, initially","The video captures a large tabby cat with wet, matted fur standing fully upright on its hind legs inside a doorway behind a white-framed screen door. The cat faces outward toward the camera, initially looking directly forward with wide eyes, then turns its head to the side while raising its front paws. It repeatedly lifts and taps one paw against the glass/screen, as if trying to get attention or be let in, shifting its weight and looking around alertly. The setting appears to be an exterior porch with brick walls and wooden decking visible. The audio is an upbeat, instrumental funk track with prominent brass and percussion, with no speech or lyrics. The overall tone is amusing and endearing, highlighting the cat's unusual bipedal posture and expressive behavior.
Humor type=Situational; explanation=The humor comes from the unexpected anthropomorphism: a large tabby cat balances fully upright on its hind legs behind a screen door and rhythmically lifts its front paws as if performing a dance routine. Viewers recognize typical cat behavior as quadrupedal, so seeing Barbara hold herself vertically, stare intently, and make repeated pawing motions creates a situational incongruity that feels both impressive and silly. The caption reinforces this by calling her an 'amazing dancer,' framing the mundane scratching-at-the-door action as intentional performance art. The upbeat funk music further supports the comedic reading by providing a soundtrack that matches the timing of her move",luck,False,weak,,bipedal-cat-capture,1,True,,False,,unknown,无明确标记,False
2026-10-08,pet,24,https://www.instagram.com/reel/DeJ9rwdozIV,@sofimanassyan,41000,410,0,20500.0,0.0,0,2026-10-08,2026-10-06,2,True,"The video alternates between two subjects in an indoor setting. First, a close-up of a black cat that has been digitally edited to have an extremely muscular, human-like upper body with large arms and","The video alternates between two subjects in an indoor setting. First, a close-up of a black cat that has been digitally edited to have an extremely muscular, human-like upper body with large arms and chest; it holds a small orange carrot and stares directly at the camera with yellow eyes. Second, a young woman with long dark hair, wearing a dark striped long-sleeve shirt and blue shorts, kneels on a wood floor. She makes a series of expressive faces — puckering lips, smiling broadly, clapping her hands together, and pointing toward the camera. The tone is comedic and absurd, relying on the visual gag of the impossibly buff cat contrasted with the woman's animated, pleading reactions.
Humor type=Situational; explanation=The humor derives from the incongruity of a domestic black cat possessing an exaggerated human bodybuilder physique, presented with deadpan seriousness. The woman's escalating reactions—from pleading to offering her hand—treat the impossible creature as real, heightening the absurdity. This plays on the current cultural fascination with AI's ability to render photorealistic impossibilities, making the joke both visual and meta-commentary on technology. The lack of dialogue forces the comedy to rely entirely on visual contrast and timing, a common format in viral AI-demo videos.",template,True,weak,,buff-cat-filter,1,True,,False,,unknown,无明确标记,False
2026-10-08,pet,25,https://www.instagram.com/reel/DeAweu7tvuZ,@emilyjeanneferet,100000,190,0,20000.0,0.0,0,2026-10-08,2026-10-03,5,True,"In this indoor home video posted October 2, 2026 by creator Emily Feret (@emilyjeanneferet), a woman in light-colored loungewear kneels on a beige carpet next to a large, cream-colored poodle named Gi","In this indoor home video posted October 2, 2026 by creator Emily Feret (@emilyjeanneferet), a woman in light-colored loungewear kneels on a beige carpet next to a large, cream-colored poodle named Giles, identified as her brother-in-law's dog. Throughout the clip, she hugs the dog, pets its head and back, and smiles at the camera while an on-screen text overlay reads, 'I simply cannot get over how weird my brother in law's dog sits.' The humor comes from the dog's distinctive sitting position — upright with its hindquarters on the floor and both front legs stretched straight out in front, resembling a human sitting. The creator leans in, laughs, and at one point says, 'Jack, I want you to draw me like one of your French girls,' referencing the famous Titanic scene to emphasize the pose. The setting is a cozy living room with wood paneling, windows showing nighttime outside, and a green couch with an orange pillow in the background. The tone is affectionate, amused, and casual, presenting a relatable pet-owner moment with no risky or controversial content.",luck,False,weak,,weird-pet-posture,1,True,,False,,unknown,无明确标记,False
2026-10-08,pet,26,https://www.instagram.com/reel/DeNfurXs8Tb,@suavexavier_,18000,570,0,18000.0,0.0,0,2026-10-08,2026-10-07,1,True,"A man with a beard, wearing a gray Under Armour shirt, lies on a light-colored couch and speaks to the camera. On-screen text reads, 'The one thing I absolutely love about my dog.' He explains that wh","A man with a beard, wearing a gray Under Armour shirt, lies on a light-colored couch and speaks to the camera. On-screen text reads, 'The one thing I absolutely love about my dog.' He explains that when he completely ignores his dog, this is what happens. The camera then cuts to the living room, where a brown and tan Doberman Pinscher slowly emerges from behind the couch. The dog walks forward onto a patterned rug, stops directly in front of the camera, and stares with wide, soulful eyes without moving, maintaining intense eye contact for an extended period. A blue ball sits on the floor nearby. The dog remains still, occasionally blinking and slightly shifting its head, embodying perfect, stubborn attention despite being ignored. The clip ends as the dog moves closer to the lens and lets out a loud sneeze.
Entities products=light gray fabric sofa, table lamp, blue rubber dog ball
Humor type=Situational; explanation=The humor comes from expectation versus reality. The text primes viewers for something heartwarming, but the payoff is the dog's absurdly serious, slow-motion stalk. The Doberman moves with exaggerated stealth, locking eyes with the camera as if truly invisible, which contrasts with its large size and obvious presence. This deadpan animal performance is inherently funny because dogs often do this, and owners recognize the behavior. The final loud sneeze breaks the tension and confirms the dog was there all along, reinforcing the joke that his 'invisibility' failed",template,True,strong,假装刷手机不理猫→猫走到镜头前死盯+配音'看我。看我。现在。立刻。',ignore-pet-stare,1,True,,False,,unknown,无明确标记,False
2026-10-08,pet,27,https://www.instagram.com/reel/DeGhlNKTYHQ,@therealkayra,51000,350,0,17000.0,0.0,0,2026-10-08,2026-10-05,3,True,"This short social media reel, posted from Alwar City, Rajasthan in October 2026, captures a humorous interaction between a woman and her golden retriever at a doorway. A red plastic ruler is held hori","This short social media reel, posted from Alwar City, Rajasthan in October 2026, captures a humorous interaction between a woman and her golden retriever at a doorway. A red plastic ruler is held horizontally across the door frame. The dog repeatedly peeks its head out from behind the door, looking toward the camera with an eager expression, and is gently tapped back by the ruler. The on-screen text reads 'Mom is always a Mom No Matter Who are u 😂.' The audio features a woman speaking in Hindi in a playful, motherly tone, repeatedly calling the dog ('acha aa ja', 'idhar aa', 'jaldi'), mimicking how a mom would scold a child. The creator's caption 'Sabr tut gya' (patience ran out) reinforces the comedic premise of a pet owner losing patience. The tone is warm, funny, and universally relatable for pet owners, with no controversial elements.",template,True,weak,,mom-scolding-pet,1,True,,False,,non-us,印度拉贾斯坦 Alwar+印地语,False
2026-10-08,pet,28,https://www.instagram.com/reel/DeMxIVuR81M,@levenrambin,16000,110,0,16000.0,0.0,0,2026-10-08,2026-10-07,1,True,"The video is a short domestic comedy skit set in a living room. A blonde woman sits on a white couch cuddling a large black dog with a pink collar, speaking to it in a soft, affectionate voice. On-scr","The video is a short domestic comedy skit set in a living room. A blonde woman sits on a white couch cuddling a large black dog with a pink collar, speaking to it in a soft, affectionate voice. On-screen text reads 'How I talk to my husband vs my dog.' The scene cuts to a man with short graying hair sitting on the same couch, who reacts to her tone. The audio reveals the joke: she notes his voice changes for the dog, he asks if she wants him to talk louder, and she responds that he's nice to the dog but 'literally the biggest bitch to us.' Later, the man is shown holding a gray cat on its back in his lap, continuing the theme of pet affection. The overall tone is lighthearted and relatable, playing on the common experience of pet owners being gentler with animals than with their partners.
Entities people=Leven Rambin Smith (Author Name)
Humor type=Situational; explanation=The humor comes from the universally recognized situation where pet owners use exaggeratedly sweet, high-pitched voices for animals while being direct or critical with partners. The contrast is amplified by the visual switch from tender cuddling to deadpan address, and the punchline calling the husband 'the biggest bitch' subverts expectation of sweetness. It relies on self-deprecating marital observation rather than slapstick, making it relatable to dog parents and couples.",template,True,weak,,partner-vs-pet-tone,1,True,,False,,unknown,英语对白，无地理标记,False
2026-10-08,pet,29,https://www.instagram.com/reel/DeMtRR7otzS,@korah_ff,15000,190,0,15000.0,0.0,0,2026-10-08,2026-10-07,1,True,"A man with long dark hair tied back, wearing glasses and a white t-shirt, performs pull-ups on a doorway-mounted exercise bar inside a home. A large black cat with a collar stands directly on top of t","A man with long dark hair tied back, wearing glasses and a white t-shirt, performs pull-ups on a doorway-mounted exercise bar inside a home. A large black cat with a collar stands directly on top of the bar, balancing above his hands throughout the set. As the man pulls himself up repeatedly, the cat watches him, shifts its position, swishes its tail against the wall, and repeatedly leans down to bat at his face and head with its paw. The man smiles and laughs, looking up at the cat and speaking in energetic Spanish, counting reps and playfully encouraging the cat. The background shows a residential interior with a cat tree to the left and a kitchen visible through the doorway behind the bar. The watermark '@korah_ff' is overlaid on the video. The overall tone is humorous, affectionate, and wholesome, capturing a typical pet-owner workout interruption.
Entities products=doorway pull-up bar
Humor type=Situational; explanation=The humor comes from the absurd contrast of a serious workout interrupted by a cat treating the pull-up bar as its perch. The cat's calm dominance over the struggling human, repeatedly leaning down to bat at his face while he counts reps, creates situational comedy without dialogue needing to explain it. Viewers recognize the common pet-owner dynamic where animals insert themselves into human activities, amplifying relatability. The man's good-natured persistence despite the feline interference turns an ordinary exercise clip into a shared laugh about pet",luck,False,weak,,pet-workout-interrupt,1,True,,False,,non-us,西班牙语计数（拉美背景）,False
2026-10-08,pet,30,https://www.instagram.com/reel/DeM5Smkg3P7,@cashewtok,15000,42,0,15000.0,0.0,0,2026-10-08,2026-10-07,1,True,"A small light-brown dog is filmed indoors wearing a full-body purple shark hoodie. The costume has a hood shaped like a shark head with embroidered red eyes, a wide open mouth lined in red with white ","A small light-brown dog is filmed indoors wearing a full-body purple shark hoodie. The costume has a hood shaped like a shark head with embroidered red eyes, a wide open mouth lined in red with white felt teeth framing the dog's face, and a small dorsal fin on the back. The dog sits and walks slowly on dark wood flooring in a hallway and living room area, frequently looking directly at the camera with large, expressive eyes that give it a sad or resigned expression. The camera captures multiple angles including front-facing close-ups, overhead shots showing the fin, and wider shots revealing a green couch and a second dog resting in the background. The video is set to upbeat background music and has a lighthearted, cute-pet tone with no dialogue.
Entities products=purple shark dog hoodie costume
Humor type=Situational; explanation=The humor comes from the visual incongruity of a small, gentle-looking dog dressed as a fierce purple shark with sharp teeth. The dog's wide-eyed, slightly concerned expression contrasts with the aggressive shark design, creating a classic 'tough costume, soft animal' comedy trope common in pet content. This situational irony is amplified by the dog's calm demeanor while wearing the costume, making the viewer perceive the dog as reluctantly playing along. The setup relies on audience expectations of both sharks as predators and dogs as cute companions, and the juxtaposition delivers a lighthearted, wholesome laugh without any dialogue or action.",template,True,weak,,pet-costume-showcase,1,False,猫不一定配合穿全身鲨鱼装（Q2 宠物配合度）,False,,unknown,无明确标记,False
2026-10-08,pet,31,https://www.instagram.com/reel/DeMcbIwiiOp,@noorin_shereef_,14000,75,0,14000.0,0.0,0,2026-10-08,2026-10-07,1,True,"In a bright indoor space with wood flooring and blue cabinetry, two women perform an energetic, synchronized dance routine while barefoot. The woman in front wears a blue button-down shirt and dark wi","In a bright indoor space with wood flooring and blue cabinetry, two women perform an energetic, synchronized dance routine while barefoot. The woman in front wears a blue button-down shirt and dark wide-leg jeans; the woman behind wears a striped shirt and light jeans. Both smile throughout. An augmented-reality filter adds two animated cats floating near the ceiling air vent above them, which mirror the dancers' arm movements and poses. The background music is an upbeat, instrumental track with traditional Indian instrumentation. The overall tone is joyful, playful, and comedic, centered on the interaction between the dancers and the silly digital cats.",template,True,none,,ar-filter-pet-dance,1,True,,False,,non-us,印度传统乐器配乐（弱标记）,False
2026-10-08,pet,32,https://www.instagram.com/reel/DeMMTeTJM5b,@sarsh_jaiswal,14000,230,0,14000.0,0.0,0,2026-10-08,2026-10-07,1,True,"A young man performs an energetic, expressive dance routine on a sunlit street covered by a blue tarpaulin structure. He wears a dark long-sleeve shirt, black cargo pants, and a bright yellow and red ","A young man performs an energetic, expressive dance routine on a sunlit street covered by a blue tarpaulin structure. He wears a dark long-sleeve shirt, black cargo pants, and a bright yellow and red sash tied at his waist. Beside him, a brown dog is digitally enhanced with an AI filter to stand on its hind legs and mirror his movements, also wearing a matching orange-red cloth around its waist. The pair execute synchronized hand gestures, poses, and steps to a Hindi vocal track with traditional instrumentation. In the background, pedestrians, cyclists, and motorized rickshaws pass by, indicating a public outdoor setting during daytime. The overall tone is playful and performative, centered on the novelty of the dancing dog effect.
Entities people=Sarsh Jaiswal (Author Name)
Humor type=Situational; explanation=The humor comes from the incongruity of a real dog behaving like a trained human dancer. The creator uses AI editing to make the dog stand upright, wear a sash, and perfectly mimic complex hand gestures, spins, and kneeling poses. This visual gag subverts expectations because viewers anticipate a normal pet video, but instead get a surreal duet where the dog appears to have human rhythm and expression. The exaggerated facial expressions of the man and the dog's deadpan stare amplify the comedy, making it feel like a playful competition rather than a trick, which aligns with popular short-form trends of anthropomorphizing animals for entertainment.",template,True,none,,ai-dance-pet-filter,1,True,,False,,non-us,印地语歌曲+印度街景（人力车）,False
2026-10-08,pet,33,https://www.instagram.com/reel/DeJCHdpTcQt,@gurpreetsajjan52,22000,140,0,11000.0,0.0,0,2026-10-08,2026-10-06,2,True,"A young man wearing a blue polo shirt, camouflage pants, glasses, and a black turban argues with an older woman in a white and grey patterned salwar kameez inside a modern home with tiled walls and st","A young man wearing a blue polo shirt, camouflage pants, glasses, and a black turban argues with an older woman in a white and grey patterned salwar kameez inside a modern home with tiled walls and stairs. After their initial confrontation, the man walks to a bedroom where a small fluffy white dog is on a bed with a colorful floral sheet. The dog paws at a smartphone, which displays a contacts list and then initiates a call to 'Mom' showing a photo of a couple. The mother re-enters, looks surprised at the dog, and interacts with it. The man is later seen sitting cross-legged on a different bed with a pink patterned cover, talking on the phone and smiling. The mother approaches him there, and they continue their animated discussion while seated on the bed, gesturing at each other. The video ends with a close-up of the white dog barking with its mouth open. The overall tone is lighthearted and comedic, portraying a typical family squabble.
Entities products=smartphone
Humor type=Situational; explanation=The humor comes from an everyday situation escalated absurdly: a mother leaves strict instructions about phone use, the son obeys by giving the phone to the dog, and the dog inadvertently calls her back, forcing her return. The comedy builds through repetition of the mother's exasperation, the son's deadpan excuses blaming the dog, and the visual gag of the dog interacting with the smartphone. Cultural familiarity with overprotective South Asian mothers and tech-savvy pets makes",template,True,weak,,pet-family-drama-skit,1,True,,False,,non-us,锡克家庭（头巾+纱丽服饰）+印地语对白,False
2026-10-08,pet,34,https://www.instagram.com/reel/DeMY6wxjokW,@simonscatofficial,15000,180,10400,10400.0,0.143,1,2026-10-07,2026-10-07,1,True,"This is an animated 'Simon's Cat' short set in a simple bathroom with teal walls, a shower curtain, sink, toilet, and window. The white cat enters and begins exploring. It first investigates the toile","This is an animated 'Simon's Cat' short set in a simple bathroom with teal walls, a shower curtain, sink, toilet, and window. The white cat enters and begins exploring. It first investigates the toilet, then pulls down the entire roll of toilet paper, creating a large pile on the floor. After sitting amidst the mess, the cat jumps onto the toilet tank, then leaps to the windowsill above the sink. From there, it bats at bottles and a small bowl on the sill, eventually knocking the bowl to the floor. The cat then moves to the sink, turns on the faucet, and plays with the running water, splashing around. Finally, the shower curtain is pulled open to reveal a person with pink hair wrapped in a towel who slips and falls onto the bathroom floor. The cat sits nearby watching as water continues to run from the shower. The animation is silent except for expressive cat vocalizations and sound effects, maintaining the series' signature wordless, physical comedy style.
Entities products=toilet, toilet paper roll, bathroom sink, small green bowl
Humor type=Situational; explanation=The humor arises from the cat's familiar, mischievous behavior in a human space—unrolling toilet paper into a pile, climbing onto the toilet and sink, batting at bottles, and finally causing Simon to slip on the wet floor. This situational comedy relies on audience recognition of real cat tendencies amplified for effect, with no dialogue needed. The payoff is visual and physical, typical of Simon's Cat's silent ",high_cost,False,none,,animated-cat-short,1,False,专业动画制作，单人无法拍摄制作（Q1）,False,,unknown,动画短片，无地理标记,False
2026-10-08,pet,35,https://www.instagram.com/reel/DeFxibHNvLW,@abram.engle,180000,270,10000,10000.0,0.429,3,2026-10-05,2026-10-04,4,True,"The video is a short, lighthearted pet clip set inside a home with hardwood floors and white cabinetry. On-screen text reads 'throwback to when Gary randomly didn't recognize Kurt.' A light-colored ca","The video is a short, lighthearted pet clip set inside a home with hardwood floors and white cabinetry. On-screen text reads 'throwback to when Gary randomly didn't recognize Kurt.' A light-colored cat with dark points on its face, ears, and tail (identified as Gary) walks slowly and cautiously across the room with an arched back and low posture, appearing wary. The camera follows him as he approaches an orange tabby cat (Kurt) sitting calmly near a closed white door. The two cats meet nose-to-nose, sniff each other briefly, and then Gary turns and walks away while Kurt remains seated watching. The scene is accompanied by suspenseful, dramatic instrumental music that contrasts humorously with the mundane cat interaction. The overall tone is amusing and relatable for pet owners, capturing a common feline behavior of temporary non-recognition.
Humor type=Situational; explanation=The humor comes from the unexpected and exaggerated behavior of Gary, who walks with a low, arched back, puffed tail, and hesitant steps as if encountering a stranger, despite Kurt being a familiar housemate. The on-screen text frames this as Gary 'randomly didn't recognize Kurt,' turning normal feline caution into a relatable comedy of mistaken identity. Viewers familiar with cats understand this defensive posture, making the contrast between Gary's fear and Kurt's calm sitting amusing. The caption comparing Gary to an opossum reinforces the visual gag of his stiff, wary stance, creating situational co",luck,False,strong,一只猫弓背低姿态靠近另一只+悬疑配乐+配音'站住！你是谁？把面具摘下来',cat-nonrecognition-drama,1,True,,False,,unknown,无明确标记,False
2026-10-08,pet,36,https://www.instagram.com/reel/DeIvmgih0_d,@laviaaa_22,19000,58,0,9500.0,0.0,0,2026-10-08,2026-10-06,2,True,"The video uses a split-screen format. In the foreground, a young woman with dark hair wearing a red shirt sits indoors, resting her head on her hand while looking at a screen. In the inset video she i","The video uses a split-screen format. In the foreground, a young woman with dark hair wearing a red shirt sits indoors, resting her head on her hand while looking at a screen. In the inset video she is watching, three small kittens stand upright on a wooden floor in a home living room. From left to right: a fluffy calico kitten, an orange tabby kitten wearing tiny sunglasses, and a white kitten wearing a pink patterned diaper. All three sway side-to-side in unison to an energetic South Asian pop track with male vocals repeating 'Jim Jim Tara.' The on-screen text reads 'Insta antha okate musicuu Jim Jim Tara vibe 😂🔥,' indicating the clip is referencing a viral Instagram music trend. After facing forward, the kittens turn around together and walk away from the camera. The overall tone is cute, comedic, and playful, designed to share a trending animal meme.",audio_meme,True,weak,,audio-meme-kitten-dance,1,False,需三只猫配合站立摇摆（Q2 宠物配合度）,False,,non-us,南亚流行音乐 Jim Jim Tara+泰卢固语线索,False
2026-10-08,pet,37,https://www.instagram.com/reel/DeIDtmeuE_b,@sookieandivy,27000,410,0,9000.0,0.0,0,2026-10-08,2026-10-05,3,True,"A medium-sized brindle and white dog with large upright ears sits on a white blanket indoors, looking directly at the camera with a soulful expression. On-screen text first reads 'the good news: you g","A medium-sized brindle and white dog with large upright ears sits on a white blanket indoors, looking directly at the camera with a soulful expression. On-screen text first reads 'the good news: you got adopted.' The text then changes to 'the bad news: she crochets,' and the video proceeds to show the dog wearing a rapid succession of handmade crocheted hats. The hats include a Roman centurion helmet with red plume, a green pear, a toast slice hat, a sailor captain's hat, a frog, a lion mane, a bee, a sunflower, a lightbulb, a giraffe, a chick, a turkey drumstick, a snail, and a full turkey. Throughout, the dog remains calm and still, maintaining its melancholic look. The background includes a shelf with sunflowers and framed art. The tone is comedic and affectionate, playing on the relatable pet-owner dynamic of dressing up pets.
Entities products=handmade crocheted dog hat
Humor type=Situational; explanation=The humor comes from the classic 'good news/bad news' structure applied to pet adoption. The expectation of joy is subverted by the reveal that the owner crochets, leading to a montage where the stoic dog endures increasingly ridiculous headwear—from a Roman helmet to a pear, bread slices, a sailor cap, frog, lion, bee, sunflower, lightbulb, giraffe, chick, turkey legs, snail, and full turkey. The comedy is amplified by the dog's consistently sad, resigned facial expression and the dramatic orchestral music, which treats the silly situation with mock gravitas. This crea",template,True,weak,,pet-hat-tryon,1,False,需钩织帽子道具收藏+宠物配合戴帽（Q2、Q3）,False,,unknown,无明确标记,False
2026-10-08,pet,38,https://www.instagram.com/reel/DeNb1tTvruv,@dukegomez7,8700,200,0,8700.0,0.0,0,2026-10-08,2026-10-07,1,True,"The video opens with a young woman with long black hair and bangs posing indoors next to a large gray pit bull-type dog. On-screen text transcribes her saying, 'Somebody needs to get her teeth brushed","The video opens with a young woman with long black hair and bangs posing indoors next to a large gray pit bull-type dog. On-screen text transcribes her saying, 'Somebody needs to get her teeth brushed because she's been licking balls all day,' delivering a sexual innuendo about the dog. She smiles and then is shown brushing her own teeth with a purple toothbrush. The scene cuts to a shirtless young man with curly brown hair and a mustache reacting to the clip. He looks exasperated, saying the joke 'threw me in for a loop' and was unexpected, then adds, 'There's just too many fatherless daughters out there. I feel like we gotta put a stop to these...' while rubbing his forehead. The tone is comedic and edgy, relying on crude sexual wordplay and a subsequent shaming reaction.
Humor type=Situational; explanation=The humor relies on the unexpected sexual double meaning applied to a mundane pet behavior. The setup presents a cute woman cuddling her dog, leading viewers to expect wholesome content, then subverts expectations with the phrase 'licking balls all day.' The incongruity between innocent pet ownership and crude genital reference creates the laugh. The second speaker amplifies it by treating the joke as a serious social problem ('too many fatherless daughters'), adopting a mock-moral panic tone that contrasts with the silliness of the premise. This bait-and-switch structure — wholesome visual followed by vulgar punchline — is common in TikTok/Reels pet comedy, where creato",hook,True,none,,innuendo-pet-joke,1,True,,False,,unknown,无明确标记,False
2026-10-08,pet,39,https://www.instagram.com/reel/DeDX-jWIh4i,@the.meow.moves,34000,450,0,8500.0,0.0,0,2026-10-08,2026-10-04,4,True,"This short social media video features two domestic cats, identified by the creator as Bella (white with tabby markings, wearing a collar) and Flauschi (fluffy orange), performing synchronized upright","This short social media video features two domestic cats, identified by the creator as Bella (white with tabby markings, wearing a collar) and Flauschi (fluffy orange), performing synchronized upright behaviors outdoors against a dark wooden fence with greenery. The clip opens with close-ups of Bella in the foreground making exaggerated 'panicked' expressions—eyes wide, mouth open, paws raised to her head—while Flauschi dances in the background. The camera then switches focus to Flauschi doing the same head-holding, mouth-open reaction, with Bella visible behind him. Later shots show both cats standing side-by-side on their hind legs, swaying, waving paws, and posing together as if dancing. The tone is playful and comedic, matching the creator's caption about a couple arguing over who is dramatic and then both panicking at once. The video is set to upbeat instrumental music and is presented as daily cat content from @the.meow.moves.",luck,False,weak,,synchronized-cat-duo,1,False,需猫双足站立挥舞配合（Q2 宠物配合度）,False,,unknown,无明确标记,False
2026-10-08,pet,40,https://www.instagram.com/reel/DeI0qR4Br2o,@k_weds_b,17000,120,0,8500.0,0.0,0,2026-10-08,2026-10-06,2,True,"The video alternates between two scenes. In a kitchen, a man in a grey t-shirt and dark blue shorts is bent over; the back of his shorts features a photorealistic print of a Border Collie's face posit","The video alternates between two scenes. In a kitchen, a man in a grey t-shirt and dark blue shorts is bent over; the back of his shorts features a photorealistic print of a Border Collie's face positioned to look like it's sticking out of his rear. A real black-and-white Border Collie stands beside him, looking up intently at the print, tilting its head in confusion. The dog then sniffs and gently bites at the printed dog face on the shorts. Intercut with this, a woman in a blue and white floral dress stands in a doorway watching. She initially walks past, returns with a stern expression, then reacts with wide-eyed shock, covering her mouth with both hands, before breaking into laughter and covering her face. The clip relies on the visual illusion and the real dog's earnest interaction for its comedy, ending with the woman amused by the situation.
Entities products=dark blue shorts with dog face print
Humor type=Situational; explanation=The humor derives from the dog's genuine confusion when confronted with a realistic image of itself on a human's backside. The visual incongruity—treating a flat print as a living animal—creates an expectation violation that is resolved through the dog's earnest sniffing and licking. The woman's escalating reaction, from curious observation to shocked hand-over-mouth to uncontrollable laughter, mirrors the viewer's own surprise and amplifies the comedic payoff. This aligns with classic 'pet doesn't understand' tropes popular in short-form vid",hook,True,none,,printed-shorts-illusion,1,True,,False,,unknown,无明确标记,False
2026-10-08,pet,41,https://www.instagram.com/reel/DeHUiERzbEp,@therxckstxr,24000,390,0,8000.0,0.0,0,2026-10-08,2026-10-05,3,True,A static indoor shot shows a black cat lying on beige carpet facing a large glass door/window. Outside on a wooden deck stands a shaggy dark-colored dog looking in. A comedic voiceover (credited to @t,"A static indoor shot shows a black cat lying on beige carpet facing a large glass door/window. Outside on a wooden deck stands a shaggy dark-colored dog looking in. A comedic voiceover (credited to @therxckstxr / RxCKSTxR) gives the cat a voice. The cat tells the dog to push the door open, then demands he prove his love for cats by saying 'dogs suck' and putting on sunblock because he'll be outside a while. The cat also instructs the dog to go to neighbor Fred's house and say he got smacked by a cat. After much coaxing, the dog begins to meow ('meow, meow') loudly, which satisfies the cat, who finally agrees to let him in. The video ends with a branded outro graphic for 'THE RxCKSTxR' urging viewers to like, share, follow, and comment. The overall tone is playful, family-friendly pet comedy.
CommentSummary: Comments show unanimous amusement with dozens of laughing emojis and praise for creativity. Users quote exact lines, indicating strong recall of the cat's demands. The 'meow meow' laugh is repeatedly highlighted as the funniest element, described as diabolical and evil. Many compare it to classic cat-dog rivalry tropes and call it genius-level comedy. Sentiment is overwhelmingly positive with no criticism, suggesting the post successfully delivered its intended humor and resonated with pet owners. 1. **Favorite line 'full of kitty litter':** """"You full of kitty litter"" took me out 😂"" 2. **Sunblock joke:** """"Put on some sunblock""😂😂😂"" 3. **Meow laugh reaction:** ""The meow la",template,True,strong,两只猫隔着玻璃门对视+配音互呛'开门''先说三遍猫万岁',pet-voiceover-dialogue,2,True,,False,,unknown,无明确标记,False
2026-10-08,pet,42,https://www.instagram.com/reel/DeKZMt2xYKK,@farha_khwaja,16000,92,0,8000.0,0.0,0,2026-10-08,2026-10-06,2,True,The video opens on a residential interior with two wooden doors. On-screen text reads 'Bought a cat from chor bazar ☠️'. A young woman in a light-colored sleeveless dress and flip-flops emerges from a,"The video opens on a residential interior with two wooden doors. On-screen text reads 'Bought a cat from chor bazar ☠️'. A young woman in a light-colored sleeveless dress and flip-flops emerges from a doorway, looking around with a confused and alarmed expression. The scene cuts to a fluffy white Persian-style cat sitting upright on its hind legs at a small low table in a different room with wood flooring. The cat has its front paws on the table next to a green bottle and an orange peel, and it moves its paw to its mouth in a motion mimicking drinking from the bottle. The video cuts back to the woman, who reacts with disbelief - throwing her hands up, covering her face, and gesturing in exasperation before turning and walking back through the doorway. The tone is comedic and surreal, playing on the idea that a cat purchased from a 'thieves market' acts like a human who drinks alcohol.
Entities people=Farha Khwaja (Author Name)
Humor type=Situational; explanation=The humor derives from situational irony and anthropomorphism. The setup text primes viewers to expect a mischievous 'stolen' cat, and the payoff shows the cat sitting upright at a small table, placing its paws on a surface next to a green bottle resembling beer, mimicking human drinking behavior. The woman's theatrical reactions—arms outstretched, covering her face, looking exasperated—amplify the absurdity without dialogue. This fits common social media tropes where pets are portrayed as having human vices, creating",luck,False,weak,,suspicious-cat-behavior,1,True,,False,,non-us,'chor bazar'印度语境,False
2026-10-08,pet,43,https://www.instagram.com/reel/DeEzKAbziRT,@therxckstxr,31000,690,0,7750.0,0.0,0,2026-10-08,2026-10-04,4,True,"In a home kitchen, a woman wearing a blue plaid robe, white socks, and a head covering stands holding a plate of food while a large gray pit-bull-type dog sits attentively on a rug. A comedic male voi","In a home kitchen, a woman wearing a blue plaid robe, white socks, and a head covering stands holding a plate of food while a large gray pit-bull-type dog sits attentively on a rug. A comedic male voiceover (credited to @TheRxckstxr) narrates the interaction as if voicing both the woman and the dog. She repeatedly commands 'stay,' tries to get the dog to lie down, and teases him with food, counting to 'fifty-eleven times.' The dog alternates between sitting, lying down, and looking up expectantly, occasionally standing on hind legs. The woman bends down to place small pieces on the floor for the dog after he obeys. The tone is light, humorous, and affectionate, portraying a relatable struggle between an owner's training attempt and her own desire to eat. The video ends with a branded outro screen for 'THE RxCKSTxR.'
CommentSummary: Commenters overwhelmingly praise the video as hilarious and relatable, repeatedly quoting lines like 'fifty eleven times,' 'laying is staying,' and 'I'm helping you out.' Many express laughter emojis and note the dog's patience, calling it torture but cute. Several mention watching multiple times, requesting longer versions, and appreciating the creator's voiceover skill. A minority voice concern about teasing the dog, but most defend it as harmless discipline. The Luka Doncic reference sparks recognition and jokes. Overall sentiment is joyful, with community bonding over shared pet-owner experiences. 1. **Repetition of 'fifty-eleven times':** ""For",template,True,strong,举零食对猫喊'坐下！待着！数到五百一十一了'→猫转身走开+配音'训练失败',pet-voiceover-training,1,True,,False,,unknown,无明确标记,False
2026-10-08,pet,44,https://www.instagram.com/reel/DeMP5wtOp4A,@sookieandivy,7600,160,0,7600.0,0.0,0,2026-10-08,2026-10-07,1,True,"A brindle and white dog sits upright on a white blanket indoors while text asks, 'which one of these yellow hats looks best on me?' The dog then models five separate yellow crocheted hats one by one: ","A brindle and white dog sits upright on a white blanket indoors while text asks, 'which one of these yellow hats looks best on me?' The dog then models five separate yellow crocheted hats one by one: 1) a small bowler-style hat with a white flower on top labeled 'Flower hat'; 2) a headband with a crocheted lightbulb labeled 'Lightbulb'; 3) a full-head chick costume with wings and feet labeled 'Chick'; 4) a large sunflower ring around its face labeled 'Sunflower'; and 5) a giraffe hood with ossicones labeled 'Giraffe'. The dog remains patient and still throughout each try-on. The video ends with the hatless dog offering a paw to an off-screen hand as the text 'thank u' appears. The background includes a colorful abstract painting and shelves with sunflowers. The audio is instrumental music with no speech.
Entities products=yellow crochet dog hat
Humor type=Situational; explanation=The humor comes from the contrast between the dog's serious, almost stoic facial expression and the absurdly cute, oversized yellow crocheted hats placed on his head. Each hat — a tiny flower-topped bowler, a lightbulb, a full chick hood with wings and feet, a giant sunflower halo, and a giraffe with ossicones — is visually ridiculous, yet Enzo maintains a patient, deadpan stare directly into the camera. This juxtaposition of dignified animal demeanor versus silly human craft project is a classic pet-comedy trope that relies on situational irony rather than dialogue. The on-screen numbering and polit",template,True,weak,,pet-hat-tryon,1,False,需钩织帽子道具+宠物配合戴帽（Q2、Q3）,False,,unknown,无明确标记,False
2026-10-08,pet,45,https://www.instagram.com/reel/DeLtwtpzqqk,@_becky_lab_,7300,130,0,7300.0,0.0,0,2026-10-08,2026-10-07,1,True,"This is a short, lighthearted pet video featuring a yellow Labrador Retriever. The dog is shown in multiple settings around a home: standing at the top of outdoor concrete stairs, lying indoors lookin","This is a short, lighthearted pet video featuring a yellow Labrador Retriever. The dog is shown in multiple settings around a home: standing at the top of outdoor concrete stairs, lying indoors looking up at the camera, panting happily with tongue out, sitting on a mosaic-tiled floor with a yellow hibiscus flower tucked behind its ear, chewing on a stick, wrapped in a green towel, and wearing a blue plaid hooded shirt. Throughout the clip, yellow Tamil text overlays appear, narrating a humorous story that warns viewers about 'this boy' — referring to the dog — saying he is so charming that anyone who sees him will know, and that he has fooled many girls on Facebook, social media, and Instagram, urging caution. The overall tone is affectionate, playful, and comedic, presenting the dog as a lovable, mischievous character.
Humor type=Situational; explanation=The humor comes from treating a friendly Labrador as if he were a human man who deliberately flirts with and deceives women on Facebook and Instagram. The contrast between the dog's innocent expressions—panting, holding a stick, wearing a towel—and the serious-sounding warning creates situational irony. The Tamil captions build a mock-serious public service announcement, which is a common regional meme format for pets. Viewers familiar with Labrador personalities recognize the breed's affectionate nature, making the exaggeration funnier. The joke relies on cultural familiarity with social-media dating tropes rather than slap",personality,False,weak,,pet-character-narration,1,True,,False,,non-us,泰米尔语字幕,False
2026-10-08,pet,46,https://www.instagram.com/reel/DeHNRgRJxc1,@thelunaanddakotadiaries,21000,110,0,7000.0,0.0,0,2026-10-08,2026-10-05,3,True,"This is a short, lighthearted pet video posted by @thelunaanddakotadiaries featuring two cats, Dakota (black and white) and Luna (white with tabby markings, wearing a collar with tag 'Crumb'). The vid","This is a short, lighthearted pet video posted by @thelunaanddakotadiaries featuring two cats, Dakota (black and white) and Luna (white with tabby markings, wearing a collar with tag 'Crumb'). The video is structured as a dialogue using on-screen text and a voiceover. Dakota walks toward the camera as text reads 'You send me reel,' followed by Luna looking up with 'I send you reel.' Both cats appear together on a cat tree with the question 'Do you know what that means?' The punchline shows Luna lying on her back on a rug while Dakota sits upright, with text stating 'That means we are in REELationship,' accompanied by heart emojis. The creator's caption 'We love REEL-ationships' reinforces the pun. The tone is cute, affectionate, and comedic, anthropomorphizing the cats' mutual exchange of Instagram Reels as a romantic relationship. Filmed indoors in an Australian home, the video contains no risky content and is suitable for all ages.
Humor type=Other; explanation=The humor comes from applying human dating language to cat behavior through a simple homophone pun. 'Reel' sounds like 'real,' turning the common phrase 'in a relationship' into 'in a REELationship.' The comedy is amplified by the visual setup: the cats are shown performing the literal action described—one sends a reel, the other replies—making the abstract social media habit concrete. Anthropomorphizing pets as having a reciprocal digital romance is a familiar internet trope, and the deadpan delivery paired with the",template,True,strong,两只猫先后入镜+配音对白'你给我发了条reel''我也回你一条''那咱俩就是 reelationship',pet-voiceover-dialogue,2,True,,False,,non-us,简介写澳大利亚家中拍摄,False
2026-10-08,pet,47,https://www.instagram.com/reel/DeK1iNfJajG,@yunabugs,13000,82,0,6500.0,0.0,0,2026-10-08,2026-10-06,2,True,"The video shows a small, shaggy black-and-white dog lying on its back on a brown couch, looking up at the camera. On-screen text reads 'Mama may I have cookie?' accompanied by a female voice speaking ","The video shows a small, shaggy black-and-white dog lying on its back on a brown couch, looking up at the camera. On-screen text reads 'Mama may I have cookie?' accompanied by a female voice speaking in an accented English saying the same phrase. The scene cuts to the woman, who appears to be filming herself indoors in a modern home, responding 'No Diabito, roll back to kitchen.' The final scene shows the dog on a dark wood kitchen floor next to white cabinets, rolling onto its side and back in a dejected manner, with a ':(' emoticon overlaid. The overall tone is cute, playful, and affectionate, depicting a common pet-owner dynamic of begging for treats and being told no.
Humor type=Situational; explanation=The humor comes from anthropomorphizing the dog with human speech and expectations. The setup presents the dog in a vulnerable, belly-up position asking politely for a cookie, creating an expectation of indulgence. The owner's deadpan refusal subverts that expectation, and the punchline is the dog's theatrical compliance—rolling across the kitchen floor with a sad emoticon overlay. This exaggerated physical comedy mirrors how pets often act dramatic when denied treats, making it relatable to pet owners. The contrast between the cute begging pose and the melodramatic sulk creates situational irony without sarcasm or satire, relying purely on the familiar dynamic of owner versus persistent pet.",template,True,strong,猫四脚朝天躺着+配音'妈妈我能吃罐头吗'→'不行'→猫翻身叹气+字幕':(',pet-voiceover-begging,1,True,,False,,unknown,带口音英语，无明确地理标记,False
2026-10-08,pet,48,https://www.instagram.com/reel/DeI2cBWRA0I,@laxmisrinivasadv,13000,36,0,6500.0,0.0,0,2026-10-08,2026-10-06,2,True,"A woman in a purple saree smiles while holding a large banana-leaf plate of South Indian food, with on-screen text stating 'I have three sons'. The video then cuts to a warmly lit photo of her seated ","A woman in a purple saree smiles while holding a large banana-leaf plate of South Indian food, with on-screen text stating 'I have three sons'. The video then cuts to a warmly lit photo of her seated between two young men in traditional white attire at a stone temple, labeled 'First two'. The remainder of the video is dedicated to her third 'son' — a small fluffy brown and white Shih Tzu dog. Multiple clips show the dog lying indoors, walking on grass outdoors wearing a harness, being petted and kissed by the woman, riding in a car, and standing on pavement. The recurring text 'And my chinna koduku' reinforces the joke that the dog is treated as her youngest child. The overall tone is affectionate, lighthearted, and celebratory of family, including pets.
Humor type=Situational; explanation=The humor comes from the expectation set by 'I have three sons' followed by the reveal that the third son is a fluffy Shih Tzu. The cultural phrase 'chinna koduku' (little son) is used affectionately for pets in South Indian families, making the twist relatable. The contrast between the serious Gladiator audio and the sweet domestic visuals heightens the comedic effect, playing on the common social media trope of pet parents equating animals with children. Viewers familiar with Telugu family dynamics recognize the warmth behind calling a dog a son, turning an ordinary pet video into a shared cultural joke about unconditional maternal love.",hook,True,weak,,family-reveal-hook,1,True,,False,,non-us,印度纱丽+南印度语境,False
2026-10-08,pet,49,https://www.instagram.com/reel/DeHptwfRwi5,@bitch,19000,43,0,6333.3,0.0,0,2026-10-08,2026-10-05,3,True,"The video shows a medium-sized merle-coated dog, likely an Australian Shepherd, standing on a light wood floor inside a home. A large, iridescent soap bubble floats down toward the dog. On-screen text","The video shows a medium-sized merle-coated dog, likely an Australian Shepherd, standing on a light wood floor inside a home. A large, iridescent soap bubble floats down toward the dog. On-screen text at the top reads, 'When you found the bubble of extreme anger and hatred.' The dog looks up attentively, tracks the bubble, then opens its mouth and gently bites it, causing the bubble to pop and disappear. After the pop, the dog looks down briefly, then looks back up toward the camera with wide eyes. The scene is simple, domestic, and played for comedy by attributing intense human emotion to the dog's focused reaction to the bubble. No speech or music is prominent; the tone is playful and wholesome.
Humor type=Situational; explanation=The humor comes from the mismatch between the dramatic caption about 'extreme anger and hatred' and the mundane reality of a dog encountering a soap bubble. Viewers project human emotions onto the dog's intense, focused stare, interpreting its natural curiosity and prey drive as righteous fury. The payoff is the dog's decisive bite that instantly destroys the bubble, fulfilling the implied violent intent in an absurdly disproportionate way. This fits the popular 'me when...' and POV meme format where animals are given exaggerated inner monologues, a staple of pet TikTok and Instagram Reels culture. The comedy is situational rather than verbal, relying on visual timing and the universal relatability of pets fixating on small moving objects.",hook,True,weak,,dramatic-caption-pet,1,True,,False,,unknown,无明确标记,False
2026-10-08,pet,50,https://www.instagram.com/reel/DeMBsXNt3i6,@soniasimionov,6100,180,0,6100.0,0.0,0,2026-10-08,2026-10-07,1,True,"Filmed from an elevated security camera, the video shows a modern home's sliding metal gate opening onto a gravel street. On-screen Romanian text explains the owner put a GPS tracker collar on their b","Filmed from an elevated security camera, the video shows a modern home's sliding metal gate opening onto a gravel street. On-screen Romanian text explains the owner put a GPS tracker collar on their black cat and opened the gate to see how far it would go. A red arrow and circle highlight the cat sitting just outside the gate on the gravel, where the text notes it stayed for two hours, having gone 'very far.' Later, the owner opens the gate remotely from inside the house without calling the cat or going outside. The cat then walks through the open gate into the paved courtyard and sits down near the wall. The final text jokes that it's not as fun when the cat has permission to leave. The clip is accompanied by upbeat instrumental music and is presented as a humorous pet anecdote.
Humor type=Situational; explanation=The humor comes from subverted expectations. The owner sets up what seems like a classic 'let the cat out' scenario, implying the cat will finally enjoy freedom after being confined by polycarbonate fencing. Instead, the cat does almost nothing — it lies down just meters from the gate for two hours, then walks straight back in when the gate is opened remotely. The comedy is situational and observational, relying on the universal pet-owner experience of anthropomorphizing animals' desires. The owner's commentary, 'it's not as fun when you have permission,' adds a self-deprecating, ironic layer, framing the cat as ungrateful or overly cautious. This resonates with au",hook,True,weak,,gps-cat-experiment,1,False,需室外环境+GPS项圈，家猫不出门（Q2、Q3）,False,,non-us,罗马尼亚语字幕,False
2026-10-08,pet,51,https://www.instagram.com/reel/DeL_D8IIIsL,@dua_verse16,6100,57,0,6100.0,0.0,0,2026-10-08,2026-10-07,1,True,"This is a fast-paced, AI-generated comedy compilation branded 'PAWS AND LAUGH' featuring several dogs—primarily a large gray American Bully, small Chihuahuas, and a Pug—dressed in human clothing perfo","This is a fast-paced, AI-generated comedy compilation branded 'PAWS AND LAUGH' featuring several dogs—primarily a large gray American Bully, small Chihuahuas, and a Pug—dressed in human clothing performing slapstick skits indoors and outdoors. Scenes include a Chihuahua spraying powder on the Bully, a ketchup 'blood' prank in a hallway, a food fight where kibble is dumped on heads, gym sequences with a Chihuahua attempting to lift a barbell and later flexing with digitally added huge muscles while looking in a mirror, a trophy award ceremony, battle rope training, a Pug wearing a gift bow, playing with a toy truck, watching TV and grabbing a remote, a phone jump-scare, a backyard scene where a Chihuahua stands on the Bully's back to confront a Husky over a fence, shoe-related mischief, a cockroach scare, and whipped cream on a sleeping dog. The tone is lighthearted, absurd, and family-friendly slapstick, relying entirely on visual gags and exaggerated canine behavior enhanced by obvious synthetic media effects.
Entities products=dog t-shirt, spray can, ketchup bottle, barbell, inflatable muscle suit, gold trophy, battle ropes, pink bow, remote control toy truck, TV remote control, smartphone, athletic shoes, whipped cream can
Humor type=Situational; explanation=The humor derives from anthropomorphized dogs performing human-like activities and pranks that subvert expectations of normal dog behavior. A tiny Chihuahua consistently outsmarts much larger American Bullies through c",luck,False,none,,ai-animated-pet,3,False,需 AI 生成拟人动物动画，非真实拍摄,False,,unknown,无明确标记,False
2026-10-08,pet,52,https://www.instagram.com/reel/DeB8lU5p2vS,@elliegoldenlife,29000,280,0,5800.0,0.0,0,2026-10-08,2026-10-03,5,True,"A man named Kevin presents his golden retriever, Ellie, as a job candidate in a lighthearted social media video filmed in their Washington D.C. home. Opening with on-screen text 'would you hire Ellie ","A man named Kevin presents his golden retriever, Ellie, as a job candidate in a lighthearted social media video filmed in their Washington D.C. home. Opening with on-screen text 'would you hire Ellie as a performer?', he counts down her top five performance skills. Number 5, 'back up dancer,' shows Ellie rolling on the rug while he claps. Number 4, 'knows magic,' shows him balancing a treat on her nose until it disappears. Number 3, 'acting professional,' features them sitting together as he prompts her to smile on cue. Number 2, 'media trained,' cuts to archival footage of Ellie on a stage with red curtains alongside host Jimmy Fallon, where she gently takes a piece of cheese from a woman. Number 1, 'plays piano,' returns to the living room where Ellie paws at a small toy piano next to a red 'Tips' cup while Kevin cheers her on. The video is set to upbeat music, has a playful and affectionate tone, and is posted by the account @elliegoldenlife.
CommentSummary: The comment section is uniformly positive and affectionate, with dozens of users expressing love for Ellie using heart emojis and exclamation marks. Commenters repeatedly state they would hire her immediately, call her a star deserving awards, and compare her to a human actor. Many reference her specific tricks—especially the piano and the 'serious face'—and thank the creator for joyful content. Replies from the author acknowledge fans warmly, reinforcing a community built around wholesome pet entertainment. No negativ",template,True,strong,给猫拍求职面试：猫窝沙发上+配音'应聘岗位职业监工，技能一准时催饭，技能二踩键盘',cat-voiceover-skit,7,True,,False,,us-likely,Washington D.C. 家中拍摄,True
2026-10-08,pet,53,https://www.instagram.com/reel/DeKPPJ-Rs9V,@nala_the_needy_rottie,11000,68,0,5500.0,0.0,0,2026-10-08,2026-10-06,2,True,"A woman with long dark hair in a ponytail, wearing a black Alo sports bra and layered gold necklaces, sits indoors next to a large black-and-tan Rottweiler with its tongue out. In a bright, modern roo","A woman with long dark hair in a ponytail, wearing a black Alo sports bra and layered gold necklaces, sits indoors next to a large black-and-tan Rottweiler with its tongue out. In a bright, modern room, she closes her eyes and smiles, then opens them and looks to her left and right in time with an upbeat pop song whose lyrics say ""Everybody look to the left, everybody look to the right."" She gently places her hand on the dog's chest while both look around. The tone is casual, lighthearted, and affectionate, presenting a typical pet-owner selfie-style moment synchronized to music.",audio_meme,True,weak,,pet-audio-meme,2,True,,False,,unknown,无明确标记,False
2026-10-08,pet,54,https://www.instagram.com/reel/DeFgKlRN9kK,@life_withsparky,20000,68,0,5000.0,0.0,0,2026-10-08,2026-10-04,4,True,"This is a short, lighthearted social media reel posted in October 2026 featuring Sparky, a black-and-white Border collie mix in Canada. Filmed from a low angle against a clear blue sky, the dog stares","This is a short, lighthearted social media reel posted in October 2026 featuring Sparky, a black-and-white Border collie mix in Canada. Filmed from a low angle against a clear blue sky, the dog stares directly into the camera while on-screen text reads, 'I have nothing to say. I just want this song to get stuck in your head.' The audio is a fast-paced electronic dance track built around a looping, nonsensical vocal hook ('ting tang walla walla bing bang'), clearly intended as a viral earworm. The creator's caption with a laughing emoji reinforces the playful, relatable intent common to pet content. There is no dialogue, no human presence, no sexual, violent, or risky material, and the tone remains purely comedic and wholesome throughout.",audio_meme,True,weak,,pet-audio-meme,2,True,,False,,non-us,加拿大拍摄,False
2026-10-08,pet,55,https://www.instagram.com/reel/DeF-sPDzIlH,@scarlet_gruber,15000,480,0,5000.0,0.0,0,2026-10-08,2026-10-05,3,True,"The video opens with an exterior shot of a large red brick Victorian house surrounded by trees, overlaid with the title 'Scarlet y la Manada EPISODIO 01 - HUELES A PERRO' in yellow retro lettering. In","The video opens with an exterior shot of a large red brick Victorian house surrounded by trees, overlaid with the title 'Scarlet y la Manada EPISODIO 01 - HUELES A PERRO' in yellow retro lettering. Inside, a cozy living room features a red couch where two large dogs are lounging: a fluffy white Great Pyrenees wearing a pink sleep mask with a small gold crown, and a black-and-white Great Dane eating popcorn from a bowl. A woman, identified by the caption as Scarlet Gruber, enters through the front door carrying a bag. She greets them affectionately, 'Hola mi amor,' before reacting with mock disgust, saying 'Hueles a perro.' The scene plays out as a sitcom dialogue where the dogs appear to respond verbally, denying they smell and engaging in playful banter about petting and dignity. The woman interacts physically with both dogs, petting them while standing between them. The overall tone is light, humorous, and family-friendly, presenting a fictional scenario where a woman lives with her 'pack' of highly human-like dogs.",template,True,strong,女友下班开门回家+配音猫'你闻起来像加班'，三只猫轮流配音顶嘴,cat-voiceover-skit,7,True,,False,,non-us,西班牙语对白，疑拉美,False
2026-10-08,pet,56,https://www.instagram.com/reel/DeBD91PxYZI,@tanamongeau,24000,130,0,4800.0,0.0,0,2026-10-08,2026-10-03,5,True,"On October 2, 2026, creator Tana Mongeau sits on the floor in pajamas holding her small brown-and-white dog, Buster, while a man in a black hoodie watches from a couch behind her. She announces they a","On October 2, 2026, creator Tana Mongeau sits on the floor in pajamas holding her small brown-and-white dog, Buster, while a man in a black hoodie watches from a couch behind her. She announces they are starting 'Buster Ween,' dressing the dog every day in October, showing an orange plush pumpkin costume with a jack-o'-lantern face. She references the previous day's toast costume and jokes about her own past 'fat Tinkerbell' outfit. After removing the tag, she puts the pumpkin costume on the reluctant Buster, who stands still with a sad, wide-eyed expression. Both people laugh, pet him, and call him cute and handsome. The dog then walks through the house in the costume, poses on a bed and rug, and receives a treat. The tone is lighthearted, domestic, and focused on Halloween pet dressing.",template,True,strong,十月每天给三只猫轮流穿万圣节装+配音'今日受害者登场',pet-halloween-costume,1,True,,False,,us-likely,美国网红 Tana Mongeau,False
2026-10-08,pet,57,https://www.instagram.com/reel/DeJyxXuP_Ah,@cutie_jenny0123,9500,230,0,4750.0,0.0,0,2026-10-08,2026-10-06,2,True,"A young woman with long dark hair records a selfie-style video indoors next to a small, fluffy white-and-tan Shih Tzu-type dog lying on a green patterned bedspread. The dog has its hair tied up with s","A young woman with long dark hair records a selfie-style video indoors next to a small, fluffy white-and-tan Shih Tzu-type dog lying on a green patterned bedspread. The dog has its hair tied up with small colorful clips. Speaking in Hindi, she addresses the camera and introduces the dog as her 'son' who is six months old, joking about his naughty behavior and tendency to bite angrily, saying one bite would need six injections. The dog is active throughout, looking at the camera, opening its mouth, barking softly, and licking its lips. The background shows vertically striped wall paneling. The tone is affectionate, playful, and casual, typical of a pet-owner social media clip.
Entities people=Jenny & Jack Ki Masti (Author Name)
Humor type=Situational; explanation=The humor comes from the incongruity of treating a tiny, fluffy Shih Tzu as a tough human son. The creator builds expectation by asking viewers to look behind her, then reveals the dog with colorful hair ties, calling it her 6-month-old boy who is short but ferocious. The punchline about needing six injections after one bite exaggerates the dog's aggression for comic effect, playing on common pet-owner tropes where small dogs act big. Her deadpan delivery contrasted with the dog's happy panting makes the scenario absurd and endearing, fitting typical Indian social-media pet comedy where pets are family members.",personality,False,weak,,pet-owner-persona-comedy,1,True,,False,,non-us,印地语+印度,False
2026-10-08,pet,58,https://www.instagram.com/reel/DeE5uXCBz2D,@tatianna_wilson,18000,240,0,4500.0,0.0,0,2026-10-08,2026-10-04,4,True,"This is a short-form comedic skit posted by creator Tatianna Wilson (@tatianna_wilson) dated October 4, 2026. The video follows a 'mom and daughter day' gone wrong, where the daughter feels replaced b","This is a short-form comedic skit posted by creator Tatianna Wilson (@tatianna_wilson) dated October 4, 2026. The video follows a 'mom and daughter day' gone wrong, where the daughter feels replaced by her mother's new dog. It opens in a pet supply store aisle with text overlay explaining the premise. The daughter, wearing a cream cardigan and leggings, performs an exaggerated sad reaction while her mother holds a dog carrier. The scene shifts to a sunny parking lot where the daughter dramatically runs toward the mother's white Chrysler minivan, throws herself onto the hood, and collapses onto the pavement reaching out as the car pulls away. Inside the car, she lies upside-down in the passenger footwell before sitting up to sulk while her mother drives. Back in the store, she mimes spraying cleaner with exaggerated despair, then is shown curled up asleep on a store shelf among dog beds, while her mother walks past pushing the cart with the dog. The tone is lighthearted, relatable family humor about pet-parent jealousy, with no dialogue audible over the background music.
CommentSummary: The comment section is overwhelmingly positive and filled with laughter emojis, indicating strong amusement. Viewers repeatedly call the skit hilarious, love the dramatics, and share personal stories of feeling replaced by a new sibling or pet. Many reference specific moments like the parking lot fall, the car footwell, and the cleaning-spray scene as highlights. The creator actively replies, r",template,True,weak,,pet-jealousy-skit,1,False,Q1 需母女两人出镜,False,,us-likely,Chrysler minivan+美国连锁宠物店场景,False
2026-10-08,pet,59,https://www.instagram.com/reel/DePEXJmAYMS,@_layla_the_boxer,4400,130,0,4400.0,0.0,0,2026-10-08,2026-10-08,0,True,"The video opens with text 'When Mom watches a scary movie' showing two dogs—a white Boxer and a merle Australian Shepherd—standing alert at glass doors. Inside, a woman in a pink hoodie sits on a couc","The video opens with text 'When Mom watches a scary movie' showing two dogs—a white Boxer and a merle Australian Shepherd—standing alert at glass doors. Inside, a woman in a pink hoodie sits on a couch with a large bowl of popcorn, watching a horror movie on TV. The movie shows dark, suspenseful scenes. While she is focused and tense, the dogs retrieve a red plush toy, then go to a laundry basket, pull out a white sheet, and take turns putting it over their heads to look like ghosts. The Boxer walks around draped in the sheet, followed by the Aussie peeking from doorways. The mom pulls her hood up, clutching her popcorn nervously. In the final sequence, the sheet-covered Boxer silently approaches from behind her on the couch. As the movie reaches a scary moment, the dog reveals itself, startling the mom who screams and drops her popcorn. The tone is playful and humorous, contrasting the mom's fear of the movie with the dogs' innocent prank.
Entities products=popcorn bowl, red plush dog toy, white laundry basket, white bed sheet, television, pink hoodie
Humor type=Situational; explanation=The humor comes from the role reversal where the dogs, instead of being comforted or comforting, become the source of the scare. The video sets up a familiar scenario—owner watching a scary movie—and subverts expectations by having the dogs learn from the film and replicate its tropes. The white Boxer retrieving a sheet from the laundry basket and draping it over itself to become a classic gh",template,True,strong,猫从沙发后探头+配音'吓吓铲屎的'，白床单盖猫头装鬼,pet-ghost-prank,1,True,,False,,us-likely,英语，典型美国郊区家庭场景,False
2026-10-08,pet,60,https://www.instagram.com/reel/DeNklFFsz6L,@b.ishopszn,4400,420,0,4400.0,0.0,0,2026-10-08,2026-10-07,1,True,"A young Black man with braided hair, wearing a black t-shirt, holds a small light-brown fluffy dog while filming himself indoors under warm ceiling lights. On-screen text reads 'I TOLD MY MOM I GAVE T","A young Black man with braided hair, wearing a black t-shirt, holds a small light-brown fluffy dog while filming himself indoors under warm ceiling lights. On-screen text reads 'I TOLD MY MOM I GAVE THE DOG A HAIR CUT'. Throughout the clip, he acts distressed and tearful while explaining to his mother (heard off-camera) that he cut the dog's hair to practice for becoming a veterinarian. The mother reacts with loud disbelief and anger, repeatedly asking why he did it and saying the dog looks terrible, like someone 'hacked' its face. Both use strong, uncensored profanity during the back-and-forth. The son defends himself, points out the dog is shaking and growled at him, and jokes about cutting another dog next. The interaction is presented as a humorous, exaggerated parent-child skit centered on a botched DIY dog haircut.
Humor type=Situational; explanation=The humor comes from the relatable scenario of a child attempting a task beyond their skill and a parent's over-the-top reaction. The creator plays both victim and defender of the dog, using exaggerated crying faces while the off-screen mom delivers rapid-fire insults about the dog looking crazy. The contrast between the cute, fluffy dog held gently and the harsh language creates situational irony. The repetition of 'you making him feel bad' while the dog licks his face heightens the absurdity, typical of family-sketch comedy popular on TikTok/Reels where mundane domestic conflicts are amplified for laughs.",personality,False,none,,family-prank-skit,1,False,Q1 需妈妈出镜配合；Q2 需真给狗剪坏毛,False,,us-likely,美式家庭吵架梗，英语,False
2026-10-08,pet,61,https://www.instagram.com/reel/DeMK4XJSE-z,@its_aishwarya_142,4100,17,0,4100.0,0.0,0,2026-10-08,2026-10-07,1,True,"The video opens with on-screen text: 'When my neighbour's cat Invites me for party.' A young woman with long dark hair, wearing a black sleeveless outfit, opens her door smiling and reacting playfully","The video opens with on-screen text: 'When my neighbour's cat Invites me for party.' A young woman with long dark hair, wearing a black sleeveless outfit, opens her door smiling and reacting playfully. The scene cuts to a fluffy white Persian cat sitting at a small low table in a room, with a green bottle and snacks on it, pawing at the table as if hosting. The woman reacts from her doorway with surprise and amusement. She then reappears holding both the white cat and a second fluffy orange cat, while also holding an empty wine glass, smiling at the camera as if she accepted the invitation. The video concludes with an unrelated clip of a young man outdoors laughing while holding a small cup. The tone is comedic and whimsical, using anthropomorphism for humor.
Humor type=Situational; explanation=The humor is situational and relies on the absurd premise set by the on-screen text that a neighbor's cat is hosting a party. The joke builds expectation: first the woman reacts as if invited, then the cut reveals a fluffy white cat sitting upright at a tiny table with a green bottle resembling beer and snacks, pawing at the food like a human guest. The payoff is the woman returning holding both the white cat and an orange cat plus a wine glass, pretending she accepted the invitation. The final unrelated clip of a young man laughing hysterically serves as a reaction meme, reinforcing the absurdity. The comedy comes from anthropomorphism, the deadpan cat behavior, and the contrast betwe",template,True,strong,摆迷你桌+小酒瓶，猫爪搭桌沿+配音'隔壁老王请我喝两杯',cat-voiceover-skit,7,True,,False,,unknown,无明确标记,False
2026-10-08,pet,62,https://www.instagram.com/reel/DeFjvEZyCtT,@valino.chris,8700,120,4100,4100.0,0.143,1,2026-10-07,2026-10-04,4,True,"In a dark dance studio with overhead linear lights and a reflective black floor, a muscular brown-and-white American Bully stands centered in the frame facing the camera. Behind the dog, two women per","In a dark dance studio with overhead linear lights and a reflective black floor, a muscular brown-and-white American Bully stands centered in the frame facing the camera. Behind the dog, two women perform a synchronized dance routine. The woman on the left wears a grey crop top, olive cargo pants, red sneakers, and a cap; the woman on the right wears a black crop top, black cargo pants, a jacket draped over her shoulders, and a black cap. They begin bent over, then rise to execute coordinated moves including hip sways, arm extensions, hair flips, and pointing gestures, all timed to an energetic pop song with female vocals repeating 'put your hands up.' The dog remains largely stationary, looking directly into the lens, occasionally shifting weight, licking its nose, and finally lying down with its chin on the floor as the women continue dancing behind it. The overall tone is playful and lighthearted, playing on the popular social media trope of pets 'dancing' with their owners, with the caption implying the dog is motivated by a treat.
CommentSummary: With only one supplied comment, which is the author's own reposting of the caption, there is minimal community discourse to analyze. The comment reinforces the video's central joke without adding new interpretation, indicating the intended humor landed as expected. No debate, criticism, or extended conversation is present, suggesting either low engagement volume or that the provided sample is limited to the creator's self-commen",luck,False,weak,,pet-dance-moment,3,False,Q1 需两名舞者+舞蹈室场地,False,,unknown,无明确标记,False
2026-10-08,pet,63,https://www.instagram.com/reel/DeBqP6jRYJ2,@bulldogpabs,20000,230,0,4000.0,0.0,0,2026-10-08,2026-10-03,5,True,"This is a fast-paced, humorous compilation of a man interacting with his two English bulldogs, primarily one named Pablo (and another called Diego). The video opens with a brown-and-white bulldog stuc","This is a fast-paced, humorous compilation of a man interacting with his two English bulldogs, primarily one named Pablo (and another called Diego). The video opens with a brown-and-white bulldog stuck in a blue laundry basket, being told to get out. The owner playfully scolds the dog after it nips his hand, saying 'ouch that was your fault' and 'stop it now.' Later, he sits on a kitchen floor whispering 'I need to tell you a secret' before laughing as the dog appears to pass gas, captioned 'that's out of order.' Outside, he teases the dogs at a glass door with a pink '#1' foam finger, telling Diego 'you're too fat to jump' and 'this is between me my finger and Diego,' leading to the dog grabbing the finger. Another clip shows a bulldog in a colorful floral shirt looking through the door as the owner calls him 'fatty.' In a backyard scene, the owner wears a martial arts belt with the dogs nearby. The final segment has the owner on a couch explaining 'my dog acts like he's just worked a late shift overnight, supports a family, pays bills, pays mortgage,' while the dog sleeps on its back on the sofa wearing a blue shirt, belly exposed. The tone is affectionate, comedic, and self-deprecating, portraying the dogs as lazy, mischievous family members.
Entities products=blue plastic laundry basket, pink foam finger, dog floral shirt, dog blue tie-dye shirt
Humor type=Situational; explanation=The comedy arises from situational incongruity: a large, stubborn bulldog gets physically st",personality,False,weak,,pet-owner-bantery-compilation,1,True,,False,,us-likely,英语，美式家居场景,False
2026-10-08,pet,64,https://www.instagram.com/reel/DeKJ2LmTRji,@_cheekopunjabi,7900,96,0,3950.0,0.0,0,2026-10-08,2026-10-06,2,True,"The video follows a small, fluffy white and light-brown Shih Tzu dog wearing a flowing black scarf. Initially, the dog walks directly toward the camera on a paved outdoor surface, its ears and scarf b","The video follows a small, fluffy white and light-brown Shih Tzu dog wearing a flowing black scarf. Initially, the dog walks directly toward the camera on a paved outdoor surface, its ears and scarf blowing in the wind, with a serious, soulful expression. Close-up shots emphasize its large dark eyes and windswept fur. At one point, the dog lifts its front paw, revealing it is holding a folded white tissue or paper. The scene transitions to a scenic hilltop at golden hour, with mountains and sky in the background. The dog stands proudly in the same pose, scarf billowing dramatically, continuing to hold the tissue. The tone is cinematic, sentimental, and cute, set to a gentle melodic soundtrack, presenting the dog as a charming, anthropomorphized character.",template,True,weak,,cinematic-pet-walk,1,True,,False,,unknown,无明确标记,False
2026-10-08,pet,65,https://www.instagram.com/reel/DeF_79aqLRL,@ringodanyan,11000,54,0,3666.7,0.0,0,2026-10-08,2026-10-05,3,True,"This is a short, lighthearted social media reel featuring Ringo the Cat (@ringodanyan), a brown tabby cat born 08/14/2016. The video cycles through several clips of the cat looking wide-eyed at the ca","This is a short, lighthearted social media reel featuring Ringo the Cat (@ringodanyan), a brown tabby cat born 08/14/2016. The video cycles through several clips of the cat looking wide-eyed at the camera, peeking from behind furniture, lounging on its back on a cat tree, sitting on a couch, and curled up sleeping. White on-screen text delivers a first-person monologue from the cat's perspective: 'I'm a cat. I have no job. I pay no rent. I contribute nothing. And yet... I'm exhausted.' The creator's caption reads 'Being cute is a full-time job 🐾'. The tone is cute, comedic, and relatable, playing on the popular meme that pets are tired from the effort of being adorable while doing no work. The audio features a simple, playful children's-style song with a female vocalist singing the same lines as the text.",template,True,strong,猫瘫在猫爬架上+配音'我没工作不交租，但我好累',cat-voiceover-skit,7,True,,False,,unknown,无明确标记,False
2026-10-08,pet,66,https://www.instagram.com/reel/DeA1LJwCjCP,@cesarsway,18000,150,0,3600.0,0.0,0,2026-10-08,2026-10-03,5,True,"This is a fast-paced, upbeat compilation of dogs having fun, posted by dog behaviorist Cesar Millan (@cesarsway) with the caption 'Dogs really can turn anything into a good time.' The montage includes","This is a fast-paced, upbeat compilation of dogs having fun, posted by dog behaviorist Cesar Millan (@cesarsway) with the caption 'Dogs really can turn anything into a good time.' The montage includes multiple clips: a small tan dog slides down a blue playground slide into an above-ground pool; a golden retriever named Daisy dramatically stretches her entire body under a glass coffee table ('Daisy is so extra sometimes'); a black-and-white pit bull steps on a paw-print water fountain pad and gets sprayed; a fluffy golden dog eagerly eats kibble poured into its bowl; a dark dog carries an oversized stick along a foggy waterfront path; a golden retriever runs joyfully across an empty indoor basketball court; two dogs leap together into a backyard swimming pool; a small white dog with brown ears climbs into a pool filter housing containing a rubber duck before hopping out; a golden retriever lies on tile next to a portable speaker, tail thumping; a white dog in a blue coat relaxes in an old outdoor bathtub filled with murky water; another dog splashes energetically at the shallow edge of a screened-in pool; and finally, a small kiddie pool with stars is being filled with a garden hose. The overall tone is cheerful, comedic, and affectionate, celebrating dogs' playful nature without any risky or mature content.
Humor type=Situational; explanation=The humor arises from situational incongruity between normal dog expectations and the dogs' overly dramatic choices: a tiny dog treatin",luck,False,none,,pet-wholesome-compilation,1,False,需多只狗+多个场地（滑梯泳池球场）,False,,us-likely,Cesar Millan 美国训犬师,False
2026-10-08,pet,67,https://www.instagram.com/reel/DeNu1faqTkD,@ringodanyan,3500,41,0,3500.0,0.0,0,2026-10-08,2026-10-08,0,True,A close-up video features a brown tabby cat with green eyes being held against a white fluffy blanket. On-screen text reads 'Guess the correct sound' throughout. The cat's mouth opens repeatedly in sy,"A close-up video features a brown tabby cat with green eyes being held against a white fluffy blanket. On-screen text reads 'Guess the correct sound' throughout. The cat's mouth opens repeatedly in sync with numbered labels (1 through 5), showing wide yawns with tongue and teeth visible. The accompanying audio is a series of loud, exaggerated human-like screams/yells rather than typical cat meows, creating a comedic mismatch between the visual and the sound. The tone is lighthearted and playful, intended as a simple guessing-game meme for social media.
Humor type=Situational; explanation=The humor comes from the mismatch between the cat's serious, sleepy stare and its exaggerated wide-open mouth paired with an unexpected loud sound, creating a classic bait-and-switch expectation. Viewers anticipate a cute meow but are presented with a human-like scream, making the numbered guessing format funny because the visual cue is deliberately misleading. The repetition across five attempts builds anticipation, and the cat's deadpan expression after each yawn enhances the comedic contrast. This taps into popular internet pet humor where animals are anthropomorphized for relatable jokes, and the simple 'guess the sound' framing invites participation without requiring dialogue, fitting the short-form viral cat video trend.",template,True,strong,拍猫打哈欠特写+配音'猜猜这声是谁的——是我老板的咆哮',cat-sound-meme,1,True,,False,,unknown,无明确标记,False
2026-10-08,pet,68,https://www.instagram.com/reel/DeGuJayI_1U,@lakshmimenon89,9900,73,0,3300.0,0.0,0,2026-10-08,2026-10-05,3,True,"A short, upbeat video filmed from a low angle on a wooden-floored stage with overhead spotlights. In the immediate foreground, a light cream-colored medium-sized dog stands facing the camera, becoming","A short, upbeat video filmed from a low angle on a wooden-floored stage with overhead spotlights. In the immediate foreground, a light cream-colored medium-sized dog stands facing the camera, becoming the focal point as it repeatedly shakes its head, tilts it side to side, and occasionally lifts a paw. Behind the dog, a man in a grey long-sleeve shirt and dark pants and a woman in a black-and-white checkered sleeveless top with red floral details and black pants perform synchronized, energetic dance moves. The audio is an upbeat pop track with a female vocalist. The creator caption reads ""One with Ammini 🐾"" and credits @lakshmimenon89 in Dubai, indicating the dog is named Ammini. The overall tone is lighthearted, playful, and family-friendly, centered on the humorous interaction between the dancing humans and the attention-seeking dog.
Humor type=Situational; explanation=The humor arises from the classic situational comedy of an animal unintentionally upstaging humans. The dog is placed dead-center in frame, staring into the lens while the two trained dancers execute coordinated moves behind it. Each time the dog violently shakes its head, its ears flap comically, breaking the rhythm of the human choreography and drawing the viewer's eye away from the intended performance. This creates an expectation-reality gap: viewers expect to watch the dancers, but the dog becomes the star. The repetition of the head shake timed to the music amplifies the effect, making it feel like the ",luck,False,weak,,pet-dance-moment,3,False,Q1 需舞者+舞台,False,,non-us,迪拜创作者,False
2026-10-08,pet,69,https://www.instagram.com/reel/DeGGmvfu8c9,@joeyvortrox,9300,180,0,3100.0,0.0,0,2026-10-08,2026-10-05,3,True,"Posted on October 4, 2026 by creator @joeyvortrox (who describes himself as playing Geometry Dash), the short video is a classic reaction meme. The entire clip is framed by the text 'DOGGIE ACTUALLY D","Posted on October 4, 2026 by creator @joeyvortrox (who describes himself as playing Geometry Dash), the short video is a classic reaction meme. The entire clip is framed by the text 'DOGGIE ACTUALLY DID IT.' A young man with curly hair in a green shirt films himself from a low angle, initially smiling up at something off-camera. His expression rapidly escalates into shocked disbelief and then uncontrollable, loud laughter and screaming. The camera briefly whips to a TV screen showing another person (presumably a streamer) also reacting excitedly, confirming a shared live moment. The punchline is revealed when the camera cuts to a black-and-white tuxedo cat sitting on a rug next to a cat toy — the 'doggie' is actually a cat. The video's tone is energetic, goofy, and celebratory, capturing a genuine moment of amusement within gaming/streamer culture without any sexual, violent, or otherwise risky content.
Humor type=Bait-and-switch; explanation=The humor relies on a classic bait-and-switch structure where the text primes viewers to expect a dog achievement, then delivers a cat instead. The comedy is amplified by the creator's disproportionate, theatrical reaction—escalating from mild amusement to full-body screaming laughter—which signals to the audience that the event is treated as monumental despite being mundane. This mismatch between setup and payoff, combined with the relatable pet-owner tendency to anthropomorphize animals, creates situational irony. The format mirrors po",hook,True,weak,,pet-reaction-bait,1,True,,False,,unknown,无明确标记,False
2026-10-08,pet,70,https://www.instagram.com/reel/DeN3VYpy9Uw,@fluffy,3100,8,0,3100.0,0.0,0,2026-10-08,2026-10-08,0,True,"Filmed at dusk from a residential front porch, the video shows a black cat hiding behind a white support pillar before darting out to ambush a passing tortoiseshell cat. On-screen text reads ""Bro said","Filmed at dusk from a residential front porch, the video shows a black cat hiding behind a white support pillar before darting out to ambush a passing tortoiseshell cat. On-screen text reads ""Bro said 'surprise!'"" with laughing and fire emojis, framing the action as a joke. The black cat chases and then confronts the tortoiseshell cat near a flower bed; both cats stop, face each other with arched backs and raised tails, and exchange vocalizations including a loud, high-pitched yowl heard on the audio track. The interaction remains non-injurious and typical of territorial cat behavior, ending with the two animals still facing off on the concrete porch. The setting is a suburban yard with grass, rocks, and neighboring houses visible in the dimming light.
Humor type=Situational; explanation=The humor comes from classic expectation versus reality. The on-screen text primes viewers for a 'surprise,' and the black cat's slow, deliberate stalk builds tension. When it finally launches, the brown cat's exaggerated front-flip reaction is disproportionate and physically comical, resembling an accidental Olympic tumble. Viewers anthropomorphize the cats—one as the mischievous planner, the other as the innocent victim—which amplifies the schadenfreude. The lack of injury and the immediate reset to staring makes it feel like play rather than aggression, keeping the tone safe and funny. This aligns with popular pet-video tropes where animals display human-like scheming and clumsiness, deliv",luck,False,strong,黑猫躲柱子后扑另一只+配音'Surprise——罐头钱结一下',cat-ambush-prank,1,True,,False,,unknown,无明确标记,False
2026-10-08,pet,71,https://www.instagram.com/reel/DeLIQXAgQ0K,@marc_illy,3000,4,0,3000.0,0.0,0,2026-10-08,2026-10-07,1,True,"A man sits at a light wood table in a modern apartment with large windows, working on a silver MacBook laptop while his small fluffy white-and-tan Pomeranian-type dog sits beside him. On-screen text r","A man sits at a light wood table in a modern apartment with large windows, working on a silver MacBook laptop while his small fluffy white-and-tan Pomeranian-type dog sits beside him. On-screen text reads 'showing my dog jobs she could get.' He speaks to the camera, listing three fictional jobs for the dog: number one, security; number two, airport sniffer dog; and number three, CEO of his company, adding 'you would report to me.' After the third job, the dog makes a clear 'no' vocalization. The dog is shown yawning widely, drinking from a white mug, and looking attentively at the camera and the man. The tone is playful and affectionate, presenting a simple comedic skit about a pet's imagined career.
Entities people=Marc illy (Author Name); products=laptop computer, ceramic mug, indoor plant
Humor type=Situational; explanation=The humor arises from treating a small fluffy dog as an employee capable of serious roles like security and CEO. The man delivers the list deadpan, building expectation, while the dog provides nonverbal reactions—a stare, a yawn, drinking from a mug—that mimic human workplace boredom. The final rejection 'No' subverts the power dynamic, making the dog the boss who refuses to report to the owner. This situational irony is amplified by the visual contrast between the professional setup (laptop, coffee) and the absurd subject (a Pomeranian), which is a common social-media trope of pet humanization that audiences find endearing and funny.",template,True,strong,猫坐桌边+配音'给你找了三份工作：保安、试吃员、老板，你选哪个'，猫打哈欠,cat-voiceover-skit,7,True,,False,,unknown,无明确标记,False
2026-10-08,pet,72,https://www.instagram.com/reel/DeFFhWCxdBj,@handsome.zeus,12000,440,0,3000.0,0.0,0,2026-10-08,2026-10-04,4,True,"The video shows a gray and white pit bull-type dog named Zeus standing on a sunny sidewalk outdoors. He is wearing bright orange pajamas covered in Halloween-themed prints like ghosts and pumpkins, an","The video shows a gray and white pit bull-type dog named Zeus standing on a sunny sidewalk outdoors. He is wearing bright orange pajamas covered in Halloween-themed prints like ghosts and pumpkins, and is on a leash. The camera stays close on his face as he looks directly at the lens with wide, expressive eyes and a slightly sad expression. Overlaid text reads: 'Please stop unfollowing Zeus, he didn't know he would go from 1M followers to 128K followers all because I put him in cute pajamas.' The tone is lighthearted and comedic, playing on social media culture by pretending the dog is aware of and upset about losing followers due to his outfit. There is no spoken dialogue, only ambient outdoor sound. The overall content is wholesome, family-friendly pet footage intended to be cute and funny.
Entities products=Halloween dog pajamas
Humor type=Situational; explanation=The humor comes from attributing human social-media anxiety to a dog who cannot understand follower counts. The setup contrasts the seriousness of dropping from 1 million to 128 thousand followers with the trivial cause—wearing cute Halloween pajamas. The dog's earnest, slightly mournful facial expression reinforces the joke, making it seem as if Zeus himself is guilty or confused. This plays on common pet-owner tropes where owners dress animals in human clothes and then project narratives onto them, and on broader internet culture where follower numbers are treated as identity. The incongruity between the dramat",hook,True,strong,猫穿万圣节睡衣直视镜头+配音'听说你们要取关我？就因为这身睡衣？',pet-costume-text-meme,1,True,,False,,unknown,无明确标记,False
2026-10-08,pet,73,https://www.instagram.com/reel/DePDMaLqc-D,@ringodanyan,3000,54,0,3000.0,0.0,0,2026-10-08,2026-10-08,0,True,"The video is a short, comedic social media clip featuring a brown tabby cat being held by a person while wearing small pink toy handcuffs. On-screen text reads 'Crimes my cat has recently committed.' ","The video is a short, comedic social media clip featuring a brown tabby cat being held by a person while wearing small pink toy handcuffs. On-screen text reads 'Crimes my cat has recently committed.' The video then cycles through four labeled 'crimes': 1) 'Stalking' shows the cat peeking its eyes around a door frame; 2) 'Speeding' shows the cat running quickly down a hallway past a white cat; 3) 'Assault' shows the tabby approaching and bumping into the white fluffy cat near a pet water fountain; and 4) 'Public Intoxication' shows the tabby lying on its back, deeply asleep on a blanket with a decorated Christmas tree in the background. The tone is playful and affectionate, using legal terminology as a joke to describe typical feline behavior. The watermark 'Ringodanyan' is visible throughout.
Entities products=pink toy handcuffs, automatic pet feeder
Humor type=Situational; explanation=The humor comes from applying serious legal language to ordinary feline behavior. The opening image of a wide-eyed tabby held in pink toy handcuffs immediately sets an absurd premise. Each subsequent clip is labeled as a crime: peeking around a door becomes 'Stalking,' running down a hallway becomes 'Speeding,' playfully batting another cat becomes 'Assault,' and sprawling asleep on a blanket near a Christmas tree becomes 'Public Intoxication.' The comedy relies on the contrast between the formal accusation and the innocent, relatable actions cats actually do. Viewers familiar with pet ownershi",template,True,strong,猫戴玩具手铐+配音'罪名一：跟踪——整天跟我进厕所'，切猫探头镜头,cat-voiceover-skit,7,True,,False,,unknown,无明确标记,False
2026-10-08,pet,74,https://www.instagram.com/reel/DeKEIOsgdar,@drennondavis,5800,110,0,2900.0,0.0,0,2026-10-08,2026-10-06,2,True,"A comedic skit filmed from a first-person cat perspective shows an orange tabby cat wearing a white collar and red polka-dot tie acting as HR, confronting another orange cat named Newt about complaint","A comedic skit filmed from a first-person cat perspective shows an orange tabby cat wearing a white collar and red polka-dot tie acting as HR, confronting another orange cat named Newt about complaints regarding 'business kisses.' The HR cat explains clients have complained and HR is cracking down, insisting no more kisses are allowed. Despite the warning, Newt repeatedly leans in and kisses the HR cat on the mouth. The HR cat protests, saying 'You gave me a hickey' and 'I have a wife and three children,' and tries to get witnesses named Toad and Frog to confirm what happened. Other cats appear briefly as the kissing continues, with the HR cat exclaiming 'Oh my God, did you see that' and 'They just kissed me right on the lip.' The video uses on-screen text and voiceover to deliver the dialogue, set in a home office environment with photos and a sign reading 'BOYS' visible in the background.
Humor type=Situational; explanation=The humor arises from applying formal corporate HR language to cats, treating licking/kissing as a fireable offense. The HR cat delivers deadpan warnings about 'business kisses' and client complaints, while the accused cat, Newt, weaponizes the rule by demanding witnesses and then aggressively kissing the HR cat on the mouth, claiming 'you gave me a hickey' and invoking a fictional wife and three children. The escalation—repeated close-up kisses with sound effects—subverts expectations of punishment into role-reversal revenge, making the mundane office p",template,True,strong,猫戴领带坐桌前+配音'我是HR，投诉你半夜跑酷'，另一只猫凑近亲它,cat-voiceover-skit,7,True,,False,,unknown,无明确标记,False
2026-10-08,pet,75,https://www.instagram.com/reel/DeFj4JjsYXu,@zozobakrtv,10000,240,0,2500.0,0.0,0,2026-10-08,2026-10-04,4,True,"A young man with curly hair and a goatee, wearing a white henley shirt, lies on a beige couch in dim indoor lighting and speaks directly to the camera in Arabic. On-screen text reads '*سوالف عزيز آخر ","A young man with curly hair and a goatee, wearing a white henley shirt, lies on a beige couch in dim indoor lighting and speaks directly to the camera in Arabic. On-screen text reads '*سوالف عزيز آخر الليل*' (Aziz's late-night chats). He recounts a humorous personal story about arriving home late at night, finding the front door locked, and attempting to sneak inside quietly so his family doesn't wake up. He acts out the scene with whispered dialogue, tiptoeing motions, and exaggerated frustration when he fails, describing how he was caught. His tone is casual, conversational, and comedic, typical of social media storytelling. The video concludes abruptly with a cut to a black cat sitting upright on tile flooring; the cat has been edited with realistic human teeth showing in a smile and moves its paws in a human-like manner, serving as a surreal, meme-style punchline. The overall tone is lighthearted and informal, posted by creator Abdulaziz Bakr (@zozobakrtv) on October 4, 2026.",personality,False,weak,,meme-cat-edit,2,True,,False,,non-us,阿拉伯语对白,False
2026-10-08,pet,76,https://www.instagram.com/reel/DeHf85ByYDM,@orangecatproblems,7500,38,0,2500.0,0.0,0,2026-10-08,2026-10-05,3,True,"In a sunlit park pathway lined with trees, two domestic cats — a fluffy orange tabby and a white cat wearing a pink floral headscarf and round sunglasses — walk toward the camera together. The video t","In a sunlit park pathway lined with trees, two domestic cats — a fluffy orange tabby and a white cat wearing a pink floral headscarf and round sunglasses — walk toward the camera together. The video then cuts to them standing upright on their hind legs, performing a choreographed dance routine to fast-paced electronic music with repetitive vocal chants. The orange cat frequently takes a foreground pose with arms crossed and mouth open as if singing, while the white cat dances energetically in the background, raising its paws. They face each other nose-to-nose, walk away showing their backsides and tails, and perform individual dance moves including balancing on one leg. The clip ends with both cats sitting side-by-side facing the camera. The tone is lighthearted, playful, and clearly digitally manipulated to create an anthropomorphic, meme-style performance.
Humor type=Situational; explanation=The humor comes from the absurd anthropomorphism of two cats behaving like humans in a park. The white cat wears sunglasses and a pink floral headscarf, striking confident dance poses while the orange cat stands with arms crossed, mouth open in an exaggerated grumpy expression, creating a classic straight-man versus performer dynamic. Their bipedal walking, synchronized tail swaying, nose-to-nose interaction, and rear-view walkaway mimic human couple tropes, making the scene relatable and silly. The contrast between the cool, fashionable white cat and the perpetually annoyed orange cat ",high_cost,False,none,,ai-animated-pet,3,False,需 AI/特效把猫做成跳舞动画，非真实拍摄,False,,unknown,无明确标记,False
2026-10-08,pet,77,https://www.instagram.com/reel/DeCfT4_vfA2,@cutie_jenny0123,12000,180,0,2400.0,0.0,0,2026-10-08,2026-10-03,5,True,"This is a short, lighthearted social media reel featuring two small, long-haired dogs, likely Shih Tzus, filmed indoors on a tiled floor. The main dog, identified by the creator as Jenny (the 'Boss'),","This is a short, lighthearted social media reel featuring two small, long-haired dogs, likely Shih Tzus, filmed indoors on a tiled floor. The main dog, identified by the creator as Jenny (the 'Boss'), has white and tan fur with two small topknots tied with blue bands, and spends much of the video lying down with its front paws on clear plastic containers, looking directly at the camera with an open-mouthed, smiling expression. A second similar dog enters and playfully interacts, climbing over the first. Later, the main dog stands on its hind legs with paws on a patterned sofa, panting happily. The Hindi voiceover provides a comedic narrative, calling the dog 'Chhote Don' and describing its daily mischief—stealing pillows, creating chaos, and acting innocent afterward—while the owner expresses exasperated affection. The tone is cute, playful, and intended to entertain, matching the caption about making people smile.
Humor type=Situational; explanation=The humor arises from situational irony: a tiny, fluffy dog with innocent big eyes is narrated as a hardened 'don' who orchestrates household chaos. The narrator exaggerates the dog's intelligence and criminal mastermind status, contrasting its sweet appearance with descriptions of stealing pillows and deafening the family. This anthropomorphism creates comedy without slapstick, relying on relatable pet-owner frustration turned affectionate. No external meme template is used; the joke is built purely on the mismatch between visua",template,True,strong,猫偷枕头搞破坏+配音'江湖人称枕头大盗，作案后装无辜',cat-voiceover-skit,7,True,,False,,non-us,印地语+印度,False
2026-10-08,pet,78,https://www.instagram.com/reel/DeK0E4kDkJ3,@animalleague,4800,130,0,2400.0,0.0,0,2026-10-08,2026-10-06,2,True,"A medium-sized white dog with brown brindle patches and a blue collar is filmed inside a clean kennel with tiled walls and a raised blue cot. Initially, the dog lies completely on its back on the cot,","A medium-sized white dog with brown brindle patches and a blue collar is filmed inside a clean kennel with tiled walls and a raised blue cot. Initially, the dog lies completely on its back on the cot, belly exposed, paws in the air, looking directly at the camera with a relaxed expression. A yellow chew toy rests beside it. The dog then rolls onto its side and stomach, gets up, and performs a long downward-dog stretch toward the glass door, placing its front paws on the floor outside the cot. It looks up, wags its tail, shakes its head, and finally sits upright facing the camera, maintaining eye contact. The setting includes a metal water bowl mounted on the wall and a cardboard chew item on the floor. The audio is a cheerful, bouncy instrumental track with xylophone-like tones, enhancing the playful, endearing mood of the clip.
Entities places=North Shore Animal League America
Humor type=Situational; explanation=The humor comes from the dog's exaggerated, human-like antics presented as 'breaking news.' He flops completely on his back with paws in the air, performs an overly dramatic full-body stretch toward the camera, and then sits with an intense stare as if delivering important information. This anthropomorphizing of normal dog comfort behaviors into a comedic performance creates situational comedy without dialogue. The caption frames each action as exhibits A, B, and C, reinforcing the mock-serious news report tone that contrasts with the simple, silly reality of a happy",template,True,weak,,pet-mock-news,1,True,,False,,us-likely,North Shore Animal League America,False
2026-10-08,pet,79,https://www.instagram.com/reel/DeD4wA2yGcq,@rameezroy_333,9500,140,0,2375.0,0.0,0,2026-10-08,2026-10-04,4,True,"This is a short Hindi comedy reel posted by creator @rameezroy_333 from Kerakat, Jaunpur, India. The main sequence takes place indoors in a home hallway with a wooden door and pink-walled room visible","This is a short Hindi comedy reel posted by creator @rameezroy_333 from Kerakat, Jaunpur, India. The main sequence takes place indoors in a home hallway with a wooden door and pink-walled room visible behind. A young man in a black t-shirt and grey pants acts out extreme fear, entering the frame, crossing his arms, screaming with his mouth wide open, and pressing his hands against the wall as if hiding. These shots are repeatedly intercut with close-ups of a white-and-grey tabby cat lying on a dark surface, meowing loudly with its mouth open. The audio features loud cartoon-like music, the man's theatrical screams, and the cat's yowls. The video ends with an abrupt cut to a different outdoor scene showing a smiling young man in a patterned shirt holding a small cup and laughing. The overall tone is lighthearted, absurd, and intended for viral entertainment, playing on the common meme of people being comically scared of cats.
Humor type=Situational; explanation=The humor derives from situational exaggeration: a grown man reacts as if facing mortal danger to a small domestic cat, which is inherently disproportionate. The comedy is amplified by the rapid intercutting between his theatrical screaming, clutching, and wall-pressing and the cat's mundane, loud meowing, creating a classic bait-and-switch where the threat is revealed to be trivial. This taps into a widespread internet trope of humans being comically afraid of cats, relying on physical performance rather than dialogue.",personality,False,none,,human-scared-of-pet,1,True,,False,,non-us,印地语+印度 Jaunpur,False
2026-10-08,pet,80,https://www.instagram.com/reel/DeLDsLeNAkC,@dontstopmeowing,12000,170,2300,2300.0,0.143,1,2026-10-07,2026-10-07,1,True,"In a bright, modern living room decorated with Halloween bat decals and ghost pillows, a person wearing a fuzzy green monster onesie with large eyes and brown hair interacts with two cats. Speaking to","In a bright, modern living room decorated with Halloween bat decals and ghost pillows, a person wearing a fuzzy green monster onesie with large eyes and brown hair interacts with two cats. Speaking to the camera, she explains she is pretending to eat her cat because the costume is going viral. She kneels by a white ottoman where a dark tabby cat lies, lifts it to the costume's open pink mouth, and holds it there repeatedly while a second white-and-orange cat watches from a brown blanket nearby. She stands, adjusts the costume, and gestures toward the cats before returning to cuddle and nuzzle the tabby. The tone is lighthearted and playful, with background music and laughter, emphasizing the absurdity of the viral costume trend rather than any real threat to the animals.
Entities products=green monster costume onesie
Humor type=Situational; explanation=The humor arises from the absurd visual contrast between a friendly-looking monster costume and the act of pretending to eat a calm cat, combined with the second cat's deadpan observation. The speaker explicitly frames it as a viral trend attempt, which adds self-aware relatability. No punchline relies on wordplay; instead, the comedy is physical and situational, typical of pet-owner skits where animals are unwitting participants. The cats' nonchalant behavior heightens the incongruity, making the staged 'danger' clearly safe and therefore funny rather than distressing.",challenge,True,weak,,pet-costume-trend,1,True,,False,,unknown,无明确标记,False
2026-10-08,pet,81,https://www.instagram.com/reel/DeE0XY5oXhc,@mikikalafe,9000,81,0,2250.0,0.0,0,2026-10-08,2026-10-04,4,True,"The video is a short comedic skit set in a modern home. A man in a black sleeveless hoodie and shorts opens a white interior door and stands in the doorway, looking increasingly confused and disturbed","The video is a short comedic skit set in a modern home. A man in a black sleeveless hoodie and shorts opens a white interior door and stands in the doorway, looking increasingly confused and disturbed at something off-camera. The video cuts away to show AI-generated footage: four gray mice on a white coffee table performing synchronized, upright martial-arts-style kicking; a black cat sitting upright on a small black stool, clapping its paws, then raising a middle finger and grinning with an exaggerated, unnatural set of teeth; and a single mouse wearing a red bandana standing on a marble floor. The man reacts with wide eyes, head tilts, and gestures of disbelief before finally closing the door. Throughout, a loud, fast-paced Hindi/Punjabi rap song plays. The overall tone is absurd, surreal internet humor relying on AI-generated animal animations and the man's over-the-top reactions.
Humor type=Situational; explanation=The humor comes from the juxtaposition of a normal domestic setting with impossible animal behavior. The man opens a door expecting reality, but the video cuts to four rats standing upright and dancing in sync on a coffee table, followed by a black cat sitting human-like on a stool clapping its paws and smiling with teeth. A single rat wearing a red bandana struts confidently. The man's repeated confused, shocked, and resigned facial expressions act as the straight-man reaction, amplifying the absurdity. This bait-and-switch structure — real person then fake an",high_cost,False,none,,ai-animated-pet,3,False,需 AI 生成老鼠/猫动画,False,,unknown,无明确标记,False
2026-10-08,pet,82,https://www.instagram.com/reel/DeHToVsC_GG,@kfcindia_official,6100,310,0,2033.3,0.0,0,2026-10-08,2026-10-05,3,True,"The video is a short comedic edit alternating between a black cat standing on its hind legs on a tiled floor and a man dressed as Colonel Sanders sitting at a KFC table with fried chicken, a sandwich,","The video is a short comedic edit alternating between a black cat standing on its hind legs on a tiled floor and a man dressed as Colonel Sanders sitting at a KFC table with fried chicken, a sandwich, and fries. The cat has an exaggerated, toothy grin and raises its paws, while on-screen text reads 'You saw nothing gng act natural 😏'. Later shots show the cat under the table looking up, making shushing and covering-mouth gestures as if caught stealing. The Colonel Sanders figure smiles, points, and lifts the KFC bucket toward the camera. The overall tone is playful and meme-like, implying the cat took the chicken and is asking the viewer to act innocent.",hook,True,none,,meme-cat-edit,2,False,品牌广告式剪辑+特效猫，非真实拍摄,False,,non-us,KFC India 官方账号,False
2026-10-08,pet,83,https://www.instagram.com/reel/DeLMX4dTO4e,@sachin_normal_boi,1800,18,0,1800.0,0.0,0,2026-10-08,2026-10-07,1,True,"This is a split-screen reaction video. The top panel shows a young man with dark curly hair, wearing a black shirt and a silver watch, watching and reacting to the clip below. He starts with a thought","This is a split-screen reaction video. The top panel shows a young man with dark curly hair, wearing a black shirt and a silver watch, watching and reacting to the clip below. He starts with a thoughtful pose, then smiles and laughs heartily throughout. The bottom panel shows a real-world street scene where a Siberian Husky is sitting upright on the back of a red scooter driven by a person in a pink helmet. An AI filter gives the dog a moving, human-like mouth as if it is talking. A small crowd of young women gathers around the scooter to film the dog. On-screen Hindi text reads ""ये Reel कहा थी अब तक"" (Where was this reel until now?) with laughing emojis. The Hindi audio narration jokes about the dog being popular with girls, warning that it's not a romance but could lead to teasing. The overall tone is humorous and wholesome, centered on the viral appeal of the talking dog.",template,True,weak,,talking-pet-filter,1,True,,False,,non-us,印地语,False
2026-10-08,pet,84,https://www.instagram.com/reel/DeKpt5bsAkw,@texaspatti,3400,110,0,1700.0,0.0,0,2026-10-08,2026-10-06,2,True,"Four women are gathered indoors in front of an exposed brick wall. Three women are initially posed together - one in a red top sitting on a green cabinet, one in green sitting beside her, and one in b","Four women are gathered indoors in front of an exposed brick wall. Three women are initially posed together - one in a red top sitting on a green cabinet, one in green sitting beside her, and one in blue standing. All wear matching-style revealing tie-front crop tops and black mini skirts, displaying prominent cleavage. A fourth woman enters holding a fluffy orange Persian cat named Ollie. The group reacts with excitement ('Oh my god'), introduces the cat, and takes turns petting it while commenting 'Your kitty's so cute,' 'He's the cutest.' The interaction is lighthearted and friendly, with laughter and physical affection toward the animal, set in a casual home environment with natural light from a window.",personality,False,none,,thirst-trap-with-pet,1,False,Q1 需四人出镜,False,,us-likely,账号名含 Texas，英语,False
2026-10-08,pet,85,https://www.instagram.com/reel/DeEoXj9SAVc,@ranjuallstarking,5900,49,0,1475.0,0.0,0,2026-10-08,2026-10-04,4,True,"This is a short-form comedy reel posted in October 2026 by Indian creator @ranjuallstarking, captioned 'My Dog'. The video is a three-part visual gag. First, inside a room with green walls, a young ma","This is a short-form comedy reel posted in October 2026 by Indian creator @ranjuallstarking, captioned 'My Dog'. The video is a three-part visual gag. First, inside a room with green walls, a young man with curly hair lies on a woven charpai under a red floral blanket; he slowly sits up and stares at the camera with a neutral then exaggeratedly shocked expression. Second, the scene cuts to a black and tan Doberman sitting upright on a light-colored couch indoors at night; the dog performs a series of expressive faces — opening its mouth, squinting, then widening its eyes dramatically. Third, the video returns to the man, who perfectly mimics the dog's wide-eyed shocked look. The final shot shows a different young man outdoors by a roadside, leaning on a yellow railing and laughing hysterically while holding a phone, suggesting he is reacting to the previous clips. The overall tone is lighthearted and playful, using the popular internet trope of humans imitating pets for humor, with no dialogue beyond the initial groaning sounds and the final laugh.
Humor type=Situational; explanation=The humor derives from the unexpected parallel between human and canine expressiveness. Viewers expect a simple sleeping person, but the cut to the Doberman performing human-like shock creates incongruity, and the man's immediate imitation closes the loop, making the dog appear to teach the human how to react. This taps into the widespread internet trope of anthropomorphizing pets and the 'me vs ",template,True,weak,,human-imitates-pet,1,True,,False,,non-us,印度创作者,False
2026-10-08,pet,86,https://www.instagram.com/reel/DeFQkHGpJ-X,@madara_dusal,5900,47,0,1475.0,0.0,0,2026-10-08,2026-10-04,4,True,"This short-form video, posted October 4, 2026 by TikTok creator @madara_dusal (Madara Dusal), is a comedic skit about irresponsible exotic pet ownership. The video alternates between two scenes: a nig","This short-form video, posted October 4, 2026 by TikTok creator @madara_dusal (Madara Dusal), is a comedic skit about irresponsible exotic pet ownership. The video alternates between two scenes: a nighttime close-up of a person's arm being licked and gently mouthed by a large, spotted leopard lying on straw, and a man with dreadlocks and a black-and-white beanie peeking from behind a wooden post indoors. On-screen text reads 'Pets owner be like:' throughout. The man delivers the punchline in a cheerful tone: 'Yes, he's so nice, he doesn't bite' followed by 'And he's vegan,' highlighting the absurdity of claiming a carnivorous wild cat is harmless. The overall tone is humorous and ironic, using the dangerous reality of a leopard as a pet to satirize owners who downplay risks. The creator's caption also promotes his new song.
Humor type=Irony; explanation=The humor derives from dramatic irony: viewers recognize a leopard is inherently dangerous, while the on-screen owner character insists it is harmless and even vegan. This subverts the common 'my pet is friendly' trope by applying it to an apex predator, creating absurdity. The deadpan delivery paired with the visual of the animal licking a hand amplifies the disconnect. It taps into the widespread internet meme format 'X owner be like,' which satirizes owners who anthropomorphize or minimize risks of their pets. The joke works because the audience understands big cats cannot be domesticated, making the owner's reassurance bot",template,True,none,,exotic-pet-satire,1,False,需 exotic 动物（豹），无法复刻,False,,unknown,无明确标记,False
2026-10-08,pet,87,https://www.instagram.com/reel/DeHPFzSRQW3,@bigdaddy1037,4100,110,0,1366.7,0.0,0,2026-10-08,2026-10-05,3,True,This is a comedic social media compilation posted by creator Leonardo Cepero (@bigdaddy1037) captioned 'Happy Monday 🤣' about the realities of pet sitting. The video alternates between shots of extens,"This is a comedic social media compilation posted by creator Leonardo Cepero (@bigdaddy1037) captioned 'Happy Monday 🤣' about the realities of pet sitting. The video alternates between shots of extensive household messes and the creator's selfie-style reactions. It opens on a hardwood floor and stairs covered in white stuffing from a destroyed dog bed, labeled 'Pet sitting.' The culprit, a tan dog named 'Danny Disaster,' is shown amidst the feathers. Next, a white and ginger cat named 'Messy Molly' rolls in scattered hay and soil on a wooden floor. Then, a tabby cat named 'Peek-a-boo Paul' pokes its head through a hole it tore in a blue couch. Finally, a husky named 'Tunneling Tony' is shown with its head stuck through an open floor vent. Throughout, the creator, wearing a black Spider-Man graphic tee, films himself with wide eyes and an open mouth, conveying mock horror and disbelief. An upbeat pop song plays over the entire clip. The tone is humorous and relatable, framing pet ownership as chaotic and destructive.
Humor type=Situational; explanation=The humor derives from the classic situational irony of pet sitting: the expectation of caring for calm animals versus the reality of total household destruction. Each segment builds the joke by introducing a new named offender—Danny Disaster, Messy Molly, Peek-a-boo Paul, Tunneling Tony—turning ordinary pet mischief into a roster of villains. The creator's performance amplifies the comedy; his deadpan-to-wide-eyed progression m",personality,False,weak,,pet-disaster-compilation,1,False,Q2 需真实拆家场面，无法摆拍,False,,unknown,无明确标记,False
2026-10-08,pet,88,https://www.instagram.com/reel/DeKrpaZTP09,@your_nijar,2600,15,0,1300.0,0.0,0,2026-10-08,2026-10-06,2,True,The video takes place indoors on a tiled floor near a window with sheer white curtains. A light-colored Siamese-type cat sits facing the window while a person's hand enters the frame and pets its back,"The video takes place indoors on a tiled floor near a window with sheer white curtains. A light-colored Siamese-type cat sits facing the window while a person's hand enters the frame and pets its back. On-screen text reads 'glad he didn't overreact.' After being petted, the cat stands, turns toward the curtain, and launches itself upward, grabbing the sheer fabric with its front paws and hanging suspended for several seconds before letting go and landing back on the floor. In the background, a cat tree and a robotic vacuum are visible. The tone is casual and humorous, playing on the idea of a cat's unpredictable reaction.",luck,False,weak,,cat-overreaction-moment,1,False,Q2 纯抓拍瞬间，无法复刻,False,,unknown,无明确标记,False
2026-10-08,pet,89,https://www.instagram.com/reel/DeH-mk2NXWh,@bentleyandfinnn,3600,74,0,1200.0,0.0,0,2026-10-08,2026-10-05,3,True,"This is a compilation of home security camera (Furbo) clips featuring English Bulldogs, posted with the caption joking about signing them up for agility class due to their clumsiness. In the first seq","This is a compilation of home security camera (Furbo) clips featuring English Bulldogs, posted with the caption joking about signing them up for agility class due to their clumsiness. In the first sequence (timestamped 2024/04/27), a white bulldog repeatedly launches itself off an ottoman toward a standing woman, overshooting and crashing into a white playpen area while a second brown-and-white bulldog watches from the couch. A wider angle shows the same dog landing awkwardly on the floor. In a bedroom scene, a brown bulldog jumps off a bed where two people are lying, flips over mid-air, and lands on its back, rolling on the floor before getting up. The final clip (dated 2024/03/18 21:59:41) shows a brown bulldog attempting to jump onto a couch where a person is sleeping under blankets; it misjudges the distance, lands on the floor, then walks over and climbs up. The overall tone is lighthearted and comedic, emphasizing the dogs' enthusiastic but uncoordinated movements. No injuries, harmful behavior, or inappropriate content is shown.
Humor type=Situational; explanation=The humor derives from situational irony: bulldogs are stereotyped as sturdy and determined, yet the video shows them repeatedly misjudging simple jumps, leading to undignified flops and rolls. The contrast between their confident launch and the awkward landing creates classic slapstick. The creator amplifies this by labeling it 'agility class,' a sport requiring precision, which directly opposes the dogs' la",luck,False,none,,pet-fail-compilation,1,False,Q2 需多段真实抓拍摔倒镜头，无法摆拍,False,,unknown,无明确标记,False
2026-10-08,pet,90,https://www.instagram.com/reel/DeIt6UVRIZx,@beigecardigan,9500,80,1200,1200.0,0.143,1,2026-10-07,2026-10-06,2,True,"From inside a home, two large dogs — one white with spots and one solid black — stand side-by-side on a rug facing a glass storm door, looking out at a snowy yard with bare trees and a white truck vis","From inside a home, two large dogs — one white with spots and one solid black — stand side-by-side on a rug facing a glass storm door, looking out at a snowy yard with bare trees and a white truck visible. Both wear colorful belly-dance hip scarves covered in coins: the white dog wears purple, the black dog wears orange. As they shift their weight and wag slightly, the coins jingle. On-screen text reads 'Best investment ever.' A woman off-camera says, 'That's a good shimmy, Quincy,' referencing the black dog's movement. The clip is a short, lighthearted pet video emphasizing the amusing visual of the dogs' costumed rears.
Entities products=coin hip scarf for dogs",luck,False,weak,,pet-costume-moment,1,True,,False,,unknown,无明确标记,False
2026-10-08,pet,91,https://www.instagram.com/reel/DeG2ua_txTw,@mr__suneo__72_,2900,50,0,966.7,0.0,0,2026-10-08,2026-10-05,3,True,"The video is a short comedic compilation centered on a pet owner's guilt. It opens with a young man lying on a light-blue couch, hugging a floral pillow and performing exaggerated, whimpering cries as","The video is a short comedic compilation centered on a pet owner's guilt. It opens with a young man lying on a light-blue couch, hugging a floral pillow and performing exaggerated, whimpering cries as if upset. On-screen Hindi text reads, 'Dog ko ghumne nahi le gaya tha aur abhi Drama kar raha hai' (Didn't take the dog for a walk and now he's doing drama), accompanied by laughing emojis. The scene cuts to a large black and tan Doberman Pinscher sitting upright on a beige couch, looking directly at the camera and making loud, open-mouthed vocalizations with expressive, wide eyes, appearing to 'talk back' or complain. The video concludes with a brief clip of a different man in a black jacket at a table with a microphone, laughing uncontrollably with his hand over his mouth. The overall tone is humorous and relatable, playing on the common trope of dogs being dramatic when neglected.
Humor type=Situational; explanation=The humor comes from situational irony: the owner is blamed for not walking the dog, yet he is the one performing an over-the-top dramatic sulk while the dog sits stoically and then makes human-like expressive faces. The on-screen Hindi text frames it as the dog doing drama, flipping expectations. The final cut to a man laughing hysterically acts as a punchline reinforcement, a common meme template used to signal that something is extremely funny. This structure relies on relatable pet-owner guilt and anthropomorphism rather than wordplay, making it broadly access",template,True,weak,,pet-guilt-skit,1,True,,False,,non-us,印地语,False
2026-10-08,pet,92,https://www.instagram.com/reel/DeIXh15j0RT,@patricio_razo,2900,12,0,966.7,0.0,0,2026-10-08,2026-10-05,3,True,A young man in a red Adidas hoodie and purple shorts films himself indoors testing a viral claim about cat communication. After showing a screen recording of another video asking 'Using cat language t,"A young man in a red Adidas hoodie and purple shorts films himself indoors testing a viral claim about cat communication. After showing a screen recording of another video asking 'Using cat language to say MA-AH (come here) — is it true?', he attempts the sound himself. He calls out 'ma-ah' and two cats — a light-colored Siamese-type cat and a black cat — walk down a hallway toward him. He reacts with wide-eyed surprise and excitement, holding each cat while continuing to explain the test. On-screen Spanish text like 'apareció,' 'realmente,' 'significa,' 'funciona,' and 'GATOS' punctuates his narration. The tone is energetic, playful, and comedic, ending with him encouraging viewers to subscribe while holding the cats.
Entities people=Patricio Razo (Post Caption); products=red hooded sweatshirt, green slide sandals, purple athletic shorts
Humor type=Situational; explanation=The humor comes from the creator's exaggerated skepticism turning into genuine amazement as the cats actually walk down the hallway after he says 'ma-ah.' His over-the-top facial expressions, the suspenseful build-up, and the simple domestic setting make the ordinary moment feel like a magic trick. The joke relies on expectation versus reality common in pet-trick videos, amplified by his repeated disbelief ('realmente funciona') and the visual payoff of both cats arriving on cue.",challenge,True,strong,对着走廊喊'ma-ah'，三只猫走过来+配音'猫语教学第一课：过来',cat-language-test,1,True,,False,,unknown,西班牙语字幕，无地域标记,False
2026-10-08,pet,93,https://www.instagram.com/reel/DeE141ipH-5,@thisis.silky,3300,69,0,825.0,0.0,0,2026-10-08,2026-10-04,4,True,"This is a lighthearted, indoor comedy reel posted by creator @thisis.silky featuring herself and her pet dog, Silky. The video opens on a closed wooden door, which slowly opens to reveal the woman pee","This is a lighthearted, indoor comedy reel posted by creator @thisis.silky featuring herself and her pet dog, Silky. The video opens on a closed wooden door, which slowly opens to reveal the woman peeking out with a shocked, fearful expression. She wears a light-colored patterned top and has long dark curly hair. After looking around nervously, she retrieves clear-framed glasses, puts them on, and continues to peer out while speaking animatedly in Telugu. Her performance shifts between fear, suspicion, scolding, and laughter as she interacts off-camera. The punchline is revealed when a fluffy cream-colored dog appears beside her, wearing a black fabric eye-mask like a cartoon burglar, panting happily with its tongue out. The woman gestures toward the dog, points, whispers, and laughs, treating the masked dog as her mischievous partner in crime. The tone is playful and family-friendly, with dim indoor lighting and casual home setting. The caption references 'Silky | Gone wrong' and promotes a longer YouTube video, indicating this is part of ongoing pet-comedy content.
Humor type=Situational; explanation=The humor arises from situational absurdity rather than wordplay. The setup mimics a thriller—dark lighting, cautious peeking, fearful face—leading the viewer to expect danger. The payoff subverts this by revealing the 'criminal' is a happy, panting pet dog in a cheap burglar mask. The contrast between the woman's dramatic, serious investigation and the dog's oblivious joy crea",personality,False,weak,,pet-crime-partner-skit,1,True,,False,,non-us,泰卢固语,False
2026-10-08,pet,94,https://www.instagram.com/reel/DeFw9ivhjom,@thedandangler,2400,73,0,800.0,0.0,0,2026-10-08,2026-10-05,3,True,"The video is set outdoors on a sunny grassy lawn with palm trees. A woman with long dark hair, wearing a sheer brown leopard-print catsuit and black heeled boots, stands with hands on her hips looking","The video is set outdoors on a sunny grassy lawn with palm trees. A woman with long dark hair, wearing a sheer brown leopard-print catsuit and black heeled boots, stands with hands on her hips looking assertive. On-screen text reads 'Pov: the smallest dog in the park.' She speaks aggressively, stating 'I'm the big dog here! This is my place!' A second person wearing a matching leopard-print suit and a blonde wig enters on all fours, acting like a small dog, barking and lunging forward. A third person, also in the same leopard suit, holds a red leash attached to the 'dog,' pulling them back. The scene is staged as a comedic skit playing on dog-park hierarchy, with the dominant woman portraying the 'big dog' and the costumed person embodying the 'smallest dog.' The visual focus remains on the tight, revealing outfits and the exaggerated animal behavior throughout the short clip.
Entities products=sheer leopard-print bodysuit, black heeled ankle boots
Humor type=Situational; explanation=The humor comes from the absurd literalization of the 'smallest dog in the park' trope. A tall woman stands confidently as the 'big dog' while a second woman, wearing a blonde wig and the same leopard bodysuit, crawls on all fours and barks, being held on a red leash by a third participant. The contrast between human bodies and dog behavior, combined with the aggressive claim 'I'm the big dog here,' creates situational comedy familiar to pet owners who observe tiny dogs acting tough. The visual e",personality,False,none,,human-as-pet-skit,1,False,Q1 需三人出镜+特殊服装,False,,unknown,无明确标记,False
2026-10-08,pet,95,https://www.instagram.com/reel/DeJ0VD7tFrh,@manuiakennels,1500,24,0,750.0,0.0,0,2026-10-08,2026-10-06,2,True,"The video opens on a front door with a pet flap, where a large brown and white pitbull-type dog pokes its head through. On-screen text states, 'There's 2 different type of reactions when people see my","The video opens on a front door with a pet flap, where a large brown and white pitbull-type dog pokes its head through. On-screen text states, 'There's 2 different type of reactions when people see my boy.' The dog then pushes through the flap and steps onto the porch mat. The scene cuts to security-camera footage from above. A man in a dark shirt and cap bends down and affectionately pets the dog while the text '*turn on high pitch baby voice*' appears, illustrating the loving reaction. The video then cuts to a second interaction with the same dog on the porch. This time, a man reacts with fear, exclaiming 'F*ck' and 'F*ck that!' (shown as on-screen text with a laughing emoji). He backs away from the dog, turns, opens the gate, and leaves the porch area while the dog remains standing there watching him go. The tone is lighthearted and humorous, playing on the common dichotomy of people either adoring or being intimidated by large, muscular dogs.
Humor type=Situational; explanation=The humor comes from the universally recognizable split in how strangers react to imposing-looking dogs like an American Bully XL. One group anthropomorphizes the dog with exaggerated high-pitched affection, while the other reacts with immediate fear and profanity. The video sets this up with text, then visually delivers both extremes using real security footage, creating a punchline without needing dialogue. It relies on shared cultural knowledge about breed stigma and the absurdity of treating a ",template,True,none,,pet-reaction-duo,1,False,Q1 需路人配合+大型犬,False,,unknown,无明确标记,False
2026-10-08,pet,96,https://www.instagram.com/reel/DeJ-VGQKr-W,@immatthewdavis,1300,120,0,650.0,0.0,0,2026-10-08,2026-10-06,2,True,"A man wearing a white cap, black-rimmed glasses, and a dark polo shirt with a purple logo stands outside a house and speaks to the camera in a selfie-style video. He explains that this is footage of h","A man wearing a white cap, black-rimmed glasses, and a dark polo shirt with a purple logo stands outside a house and speaks to the camera in a selfie-style video. He explains that this is footage of his dog's 'out peeing dance,' and jokes that someone should take his computer away. He smiles and laughs while holding a small yellow object. The camera then pans to show a small black-and-white dog standing in mulch next to a green bush on a residential sidewalk, lifting its leg to urinate. After showing the dog, the camera returns to the man, who continues smiling at the camera. The tone is lighthearted and comedic, centered on everyday pet ownership.
Entities people=Matthew Davis (Author Name); products=dark polo shirt
Humor type=Situational; explanation=The humor comes from reframing an utterly mundane and slightly embarrassing dog behavior—urinating on a bush—as if it were a choreographed 'dance video.' The man presents this trivial act with mock seriousness, calling it his dog's performance, which creates incongruity between the ordinary reality and the elevated framing. His follow-up line, asking someone to take his computer away, adds self-deprecation, suggesting he recognizes how silly it is to film such a moment. The comedy is amplified by his warm delivery and genuine smile, inviting viewers to laugh at the universal experience of pet owners documenting every little thing their animals do. It is not a punchline joke but observational, situational humor rooted in everyda",luck,False,none,,pet-mundane-reframe,1,True,,False,,unknown,无明确标记,False
2026-10-08,pet,97,https://www.instagram.com/reel/DeHRHnZhuGg,@sanjar.madi,1900,91,0,633.3,0.0,0,2026-10-08,2026-10-05,3,True,"The video is a short comedy skit filmed inside a modern car with tan leather seats, identified by hashtags as a Lexus, in Copenhagen. Two men wearing sunglasses sit in the front seats; the driver wear","The video is a short comedy skit filmed inside a modern car with tan leather seats, identified by hashtags as a Lexus, in Copenhagen. Two men wearing sunglasses sit in the front seats; the driver wears a beige jacket, cap, and white pants while holding a phone, and the passenger wears a blue jacket. After looking at the phone, they both place it down, dramatically reach for their seatbelts, and buckle up with exaggerated motions. The scene then cuts to a different vehicle interior where an orange tabby cat stands on the driver's seat with its front paws on the steering wheel, and a small dog sits in the passenger area looking forward, creating the visual gag that the cat and dog are driving. The overall tone is playful and humorous, intended as a lighthearted meme about pets taking over.
Humor type=Bait-and-switch; explanation=The humor works through classic bait-and-switch structure common in short-form pet videos. Viewers are led to expect a typical human driving scenario with two stylish men in a luxury car, complete with sunglasses and seatbelt ritual. The abrupt cut to a cat earnestly gripping the steering wheel while a dog rides shotgun subverts that expectation completely. The comedy derives from anthropomorphism—assigning human driving responsibility to animals—and the visual incongruity of a cat's serious expression while performing a human task. This aligns with the popular internet trope of 'if pets could drive' and leverages the universal appeal of cats and dogs b",hook,True,weak,,pet-driving-gag,1,True,,False,,non-us,哥本哈根,False
2026-10-08,pet,98,https://www.instagram.com/reel/DeHE_fLAt2v,@luccyxam,1900,200,0,633.3,0.0,0,2026-10-08,2026-10-05,3,True,"In a cozy living room, a small fluffy white Pomeranian dressed in a pink hooded tracksuit and a pink baseball cap worn backwards stands on its hind legs and performs a simple dance routine. A second f","In a cozy living room, a small fluffy white Pomeranian dressed in a pink hooded tracksuit and a pink baseball cap worn backwards stands on its hind legs and performs a simple dance routine. A second fluffy brown Pomeranian, wearing a black hoodie, holds up a smartphone to record the performance, with the recording interface visible on screen. Animated musical notes and sound-wave graphics float around the dancing dog. A female voice speaks in Persian, with on-screen text translating to 'My dad said I dance ugly,' followed by 'Is he right? Can you tell?' and 'Do I dance pretty?' The video has a playful, cute, and humorous tone, presenting the dog as seeking validation for its dancing.
Entities products=pink tracksuit set, black hoodie with paw prints, pink baseball cap
Humor type=Situational; explanation=The humor comes from the incongruity of dressing a small dog in full human streetwear and having it perform a human-like dance routine while being filmed by another dog. The Persian voiceover adds a self-conscious, childlike insecurity ('dad says I dance ugly') which contrasts with the earnest, clumsy movements, creating an endearing situational comedy typical of pet anthropomorphism trends on social media. Viewers recognize the absurdity of the setup and respond to the dog's apparent desire for approval, making the scene funny through relatability rather than punchlines.",personality,False,weak,,pet-dance-moment,3,False,Q2 猫不会后腿站立跳舞,False,,non-us,波斯语配音,False
2026-10-08,pet,99,https://www.instagram.com/reel/DeJCXdORgCG,@ykbapeboy,1200,22,0,600.0,0.0,0,2026-10-08,2026-10-06,2,True,"A shirtless young man with dreadlocks and tattoos stands outdoors on a paved path, holding a white rope leash attached to a small blue-and-white checkered bag. Taped to the bag is a piece of paper wit","A shirtless young man with dreadlocks and tattoos stands outdoors on a paved path, holding a white rope leash attached to a small blue-and-white checkered bag. Taped to the bag is a piece of paper with a crude drawing of a snarling dog with sharp teeth. On-screen text reads, ""How [dog emoji]s be overly trying to make they dog look vicious."" He performs exaggeratedly, speaking directly to the camera about controlling his ""dog,"" which he names Ruffles, claiming it's a ""Mediterranean English pug"" that is ""metropolitan"" and feeds on prey. He gestures dramatically, points at the drawing, and walks away pulling the bag like a real dog. The tone is comedic and satirical, mocking people who try to make harmless pets seem intimidating. The video contains strong language including repeated use of the f-word and the n-word.
Entities products=blue checkered tote bag, Nike slide sandals
Humor type=Satire; explanation=The humor comes from situational irony and satire of dog-owner culture. The creator treats an obviously inanimate blue tote bag with a childlike drawing of a snarling creature as a deadly exotic breed, giving it a fancy name 'Ruffles' and claiming it hunts raccoons and deer. This exaggeration mocks real social media trends where owners film tiny or gentle dogs with aggressive music, chains, and tough captions to appear intimidating. The contrast between the mundane prop and the dramatic narration creates absurdity, while the performer's serious delivery and physical acting of",personality,False,none,,pet-culture-satire,1,True,,False,,unknown,无明确标记,False
2026-10-08,pet,100,https://www.instagram.com/reel/DeB7yGwRE_E,@namitaology,2700,6,0,540.0,0.0,0,2026-10-08,2026-10-03,5,True,"This is 'Mini Vlog With Namitaology Day 97,' a casual home video documenting a Sunday off. The creator, a woman in athletic wear, interacts throughout with her pets — a white American Bully/Pitbull-ty","This is 'Mini Vlog With Namitaology Day 97,' a casual home video documenting a Sunday off. The creator, a woman in athletic wear, interacts throughout with her pets — a white American Bully/Pitbull-type dog named Doggo (wearing a red collar) and a German Shepherd. Early scenes show her petting Doggo on a rooftop/gym area while a man stands nearby; later she cuddles and lies with Doggo on a brown leather sofa indoors. A young boy in a neon shirt gently pets the German Shepherd while holding a small pink fan. Outdoor footage shows a man walking Doggo on a leash, followed by two large Rottweilers barking at a gate. Back at the gym, the woman works out with personal trainer Rahul, who assists a man performing an incline dumbbell press on a bench. The narrator speaks in Hindi, explaining that today is a holiday, she skipped the gym morning cardio, did some stretching with Rahul, and discusses Doggo's suspected pregnancy and care. The video concludes in a dark movie theater where a film is playing on screen — a man in a red suit dancing before a crowd, with English subtitles including the phrase 'she doesn't give a fuck about impulse.' The overall tone is warm, domestic, and pet-focused, blending everyday life, fitness, and family moments.
Entities people=Namita Dua (Author Name); products=Under Armour t-shirt, handheld mini fan, weight plate, adjustable weight bench, water dispenser bottle
Humor type=Situational; explanation=The humor comes from the contrast between expected serio",personality,False,none,,pet-lifestyle-vlog,1,True,,False,,non-us,印地语,False
